  0
SECTION
  2
HEADER
  9
$ACADVER
  1
AC1024
  9
$ACADMAINTVER
 70
   226
  9
$DWGCODEPAGE
  3
ANSI_1252
  9
$LASTSAVEDBY
  1
OH
  9
$INSBASE
 10
0.0
 20
0.0
 30
0.0
  9
$EXTMIN
 10
2524.817716107821
 20
796.0417013545265
 30
-893.0000020365515
  9
$EXTMAX
 10
4678.821137281157
 20
3579.192962246547
 30
1293.73061956939
  9
$LIMMIN
 10
0.0
 20
0.0
  9
$LIMMAX
 10
12.0
 20
9.0
  9
$ORTHOMODE
 70
     0
  9
$REGENMODE
 70
     1
  9
$FILLMODE
 70
     1
  9
$QTEXTMODE
 70
     0
  9
$MIRRTEXT
 70
     0
  9
$LTSCALE
 40
1.0
  9
$ATTMODE
 70
     1
  9
$TEXTSIZE
 40
0.2
  9
$TRACEWID
 40
0.05
  9
$TEXTSTYLE
  7
Standard
  9
$CLAYER
  8
BOTTOM - 400_1
  9
$CELTYPE
  6
ByLayer
  9
$CECOLOR
 62
   256
  9
$CELTSCALE
 40
1.0
  9
$DISPSILH
 70
     0
  9
$DIMSCALE
 40
1.0
  9
$DIMASZ
 40
0.18
  9
$DIMEXO
 40
0.0625
  9
$DIMDLI
 40
0.38
  9
$DIMRND
 40
0.0
  9
$DIMDLE
 40
0.0
  9
$DIMEXE
 40
0.18
  9
$DIMTP
 40
0.0
  9
$DIMTM
 40
0.0
  9
$DIMTXT
 40
0.18
  9
$DIMCEN
 40
0.09
  9
$DIMTSZ
 40
0.0
  9
$DIMTOL
 70
     0
  9
$DIMLIM
 70
     0
  9
$DIMTIH
 70
     1
  9
$DIMTOH
 70
     1
  9
$DIMSE1
 70
     0
  9
$DIMSE2
 70
     0
  9
$DIMTAD
 70
     0
  9
$DIMZIN
 70
     0
  9
$DIMBLK
  1

  9
$DIMASO
 70
     1
  9
$DIMSHO
 70
     1
  9
$DIMPOST
  1

  9
$DIMAPOST
  1

  9
$DIMALT
 70
     0
  9
$DIMALTD
 70
     2
  9
$DIMALTF
 40
25.4
  9
$DIMLFAC
 40
1.0
  9
$DIMTOFL
 70
     0
  9
$DIMTVP
 40
0.0
  9
$DIMTIX
 70
     0
  9
$DIMSOXD
 70
     0
  9
$DIMSAH
 70
     0
  9
$DIMBLK1
  1

  9
$DIMBLK2
  1

  9
$DIMSTYLE
  2
Standard
  9
$DIMCLRD
 70
     0
  9
$DIMCLRE
 70
     0
  9
$DIMCLRT
 70
     0
  9
$DIMTFAC
 40
1.0
  9
$DIMGAP
 40
0.09
  9
$DIMJUST
 70
     0
  9
$DIMSD1
 70
     0
  9
$DIMSD2
 70
     0
  9
$DIMTOLJ
 70
     1
  9
$DIMTZIN
 70
     0
  9
$DIMALTZ
 70
     0
  9
$DIMALTTZ
 70
     0
  9
$DIMUPT
 70
     0
  9
$DIMDEC
 70
     4
  9
$DIMTDEC
 70
     4
  9
$DIMALTU
 70
     2
  9
$DIMALTTD
 70
     2
  9
$DIMTXSTY
  7
Standard
  9
$DIMAUNIT
 70
     0
  9
$DIMADEC
 70
     0
  9
$DIMALTRND
 40
0.0
  9
$DIMAZIN
 70
     0
  9
$DIMDSEP
 70
    46
  9
$DIMATFIT
 70
     3
  9
$DIMFRAC
 70
     0
  9
$DIMLDRBLK
  1

  9
$DIMLUNIT
 70
     2
  9
$DIMLWD
 70
    -2
  9
$DIMLWE
 70
    -2
  9
$DIMTMOVE
 70
     0
  9
$DIMFXL
 40
1.0
  9
$DIMFXLON
 70
     0
  9
$DIMJOGANG
 40
0.7853981633974483
  9
$DIMTFILL
 70
     0
  9
$DIMTFILLCLR
 70
     0
  9
$DIMARCSYM
 70
     0
  9
$DIMLTYPE
  6

  9
$DIMLTEX1
  6

  9
$DIMLTEX2
  6

  9
$DIMTXTDIRECTION
 70
     0
  9
$LUNITS
 70
     2
  9
$LUPREC
 70
     4
  9
$SKETCHINC
 40
0.1
  9
$FILLETRAD
 40
0.0
  9
$AUNITS
 70
     0
  9
$AUPREC
 70
     0
  9
$MENU
  1
.
  9
$ELEVATION
 40
0.0
  9
$PELEVATION
 40
0.0
  9
$THICKNESS
 40
0.0
  9
$LIMCHECK
 70
     0
  9
$CHAMFERA
 40
0.0
  9
$CHAMFERB
 40
0.0
  9
$CHAMFERC
 40
0.0
  9
$CHAMFERD
 40
0.0
  9
$SKPOLY
 70
     0
  9
$TDCREATE
 40
2461196.458715278
  9
$TDUCREATE
 40
2461196.375381944
  9
$TDUPDATE
 40
2461203.370451389
  9
$TDUUPDATE
 40
2461203.287118055
  9
$TDINDWG
 40
0.2509259259
  9
$TDUSRTIMER
 40
0.2509259259
  9
$USRTIMER
 70
     1
  9
$ANGBASE
 50
0.0
  9
$ANGDIR
 70
     0
  9
$PDMODE
 70
     0
  9
$PDSIZE
 40
0.0
  9
$PLINEWID
 40
0.0
  9
$SPLFRAME
 70
     0
  9
$SPLINETYPE
 70
     6
  9
$SPLINESEGS
 70
     8
  9
$HANDSEED
  5
2174
  9
$SURFTAB1
 70
     6
  9
$SURFTAB2
 70
     6
  9
$SURFTYPE
 70
     6
  9
$SURFU
 70
     6
  9
$SURFV
 70
     6
  9
$UCSBASE
  2

  9
$UCSNAME
  2

  9
$UCSORG
 10
0.0
 20
0.0
 30
0.0
  9
$UCSXDIR
 10
1.0
 20
0.0
 30
0.0
  9
$UCSYDIR
 10
0.0
 20
1.0
 30
0.0
  9
$UCSORTHOREF
  2

  9
$UCSORTHOVIEW
 70
     0
  9
$UCSORGTOP
 10
0.0
 20
0.0
 30
0.0
  9
$UCSORGBOTTOM
 10
0.0
 20
0.0
 30
0.0
  9
$UCSORGLEFT
 10
0.0
 20
0.0
 30
0.0
  9
$UCSORGRIGHT
 10
0.0
 20
0.0
 30
0.0
  9
$UCSORGFRONT
 10
0.0
 20
0.0
 30
0.0
  9
$UCSORGBACK
 10
0.0
 20
0.0
 30
0.0
  9
$PUCSBASE
  2

  9
$PUCSNAME
  2

  9
$PUCSORG
 10
0.0
 20
0.0
 30
0.0
  9
$PUCSXDIR
 10
1.0
 20
0.0
 30
0.0
  9
$PUCSYDIR
 10
0.0
 20
1.0
 30
0.0
  9
$PUCSORTHOREF
  2

  9
$PUCSORTHOVIEW
 70
     0
  9
$PUCSORGTOP
 10
0.0
 20
0.0
 30
0.0
  9
$PUCSORGBOTTOM
 10
0.0
 20
0.0
 30
0.0
  9
$PUCSORGLEFT
 10
0.0
 20
0.0
 30
0.0
  9
$PUCSORGRIGHT
 10
0.0
 20
0.0
 30
0.0
  9
$PUCSORGFRONT
 10
0.0
 20
0.0
 30
0.0
  9
$PUCSORGBACK
 10
0.0
 20
0.0
 30
0.0
  9
$USERI1
 70
     0
  9
$USERI2
 70
     0
  9
$USERI3
 70
     0
  9
$USERI4
 70
     0
  9
$USERI5
 70
     0
  9
$USERR1
 40
0.0
  9
$USERR2
 40
0.0
  9
$USERR3
 40
0.0
  9
$USERR4
 40
0.0
  9
$USERR5
 40
0.0
  9
$WORLDVIEW
 70
     1
  9
$SHADEDGE
 70
     3
  9
$SHADEDIF
 70
    70
  9
$TILEMODE
 70
     1
  9
$MAXACTVP
 70
    64
  9
$PINSBASE
 10
0.0
 20
0.0
 30
0.0
  9
$PLIMCHECK
 70
     0
  9
$PEXTMIN
 10
0.0
 20
0.0
 30
0.0
  9
$PEXTMAX
 10
0.0
 20
0.0
 30
0.0
  9
$PLIMMIN
 10
0.0
 20
0.0
  9
$PLIMMAX
 10
12.0
 20
9.0
  9
$UNITMODE
 70
     0
  9
$VISRETAIN
 70
     1
  9
$PLINEGEN
 70
     0
  9
$PSLTSCALE
 70
     1
  9
$TREEDEPTH
 70
  3020
  9
$CMLSTYLE
  2
Standard
  9
$CMLJUST
 70
     0
  9
$CMLSCALE
 40
1.0
  9
$PROXYGRAPHICS
 70
     1
  9
$MEASUREMENT
 70
     0
  9
$CELWEIGHT
370
    -1
  9
$ENDCAPS
280
     0
  9
$JOINSTYLE
280
     0
  9
$LWDISPLAY
290
     0
  9
$INSUNITS
 70
     4
  9
$HYPERLINKBASE
  1

  9
$STYLESHEET
  1

  9
$XEDIT
290
     1
  9
$CEPSNTYPE
380
     0
  9
$PSTYLEMODE
290
     1
  9
$FINGERPRINTGUID
  2
{95F6C143-F67C-3B4C-A184-A9C16247DBD9}
  9
$VERSIONGUID
  2
{B0E13A53-CCBD-1A48-8E52-3F64B1E4D031}
  9
$EXTNAMES
290
     1
  9
$PSVPSCALE
 40
0.0
  9
$OLESTARTUP
290
     0
  9
$SORTENTS
280
   127
  9
$INDEXCTL
280
     0
  9
$HIDETEXT
280
     1
  9
$XCLIPFRAME
280
     2
  9
$HALOGAP
280
     0
  9
$OBSCOLOR
 70
   257
  9
$OBSLTYPE
280
     0
  9
$INTERSECTIONDISPLAY
280
     0
  9
$INTERSECTIONCOLOR
 70
   257
  9
$DIMASSOC
280
     2
  9
$PROJECTNAME
  1

  9
$CAMERADISPLAY
290
     0
  9
$LENSLENGTH
 40
50.0
  9
$CAMERAHEIGHT
 40
0.0
  9
$STEPSPERSEC
 40
2.0
  9
$STEPSIZE
 40
6.0
  9
$3DDWFPREC
 40
2.0
  9
$PSOLWIDTH
 40
0.25
  9
$PSOLHEIGHT
 40
4.0
  9
$LOFTANG1
 40
1.570796326794896
  9
$LOFTANG2
 40
1.570796326794896
  9
$LOFTMAG1
 40
0.0
  9
$LOFTMAG2
 40
0.0
  9
$LOFTPARAM
 70
     7
  9
$LOFTNORMALS
280
     1
  9
$LATITUDE
 40
37.795
  9
$LONGITUDE
 40
-122.394
  9
$NORTHDIRECTION
 40
0.0
  9
$TIMEZONE
 70
 -8000
  9
$LIGHTGLYPHDISPLAY
280
     1
  9
$TILEMODELIGHTSYNCH
280
     1
  9
$CMATERIAL
347
96
  9
$SOLIDHIST
280
     0
  9
$SHOWHIST
280
     1
  9
$DWFFRAME
280
     2
  9
$DGNFRAME
280
     0
  9
$REALWORLDSCALE
290
     1
  9
$INTERFERECOLOR
 62
     1
  9
$INTERFEREOBJVS
345
A3
  9
$INTERFEREVPVS
346
A0
  9
$CSHADOW
280
     0
  9
$SHADOWPLANELOCATION
 40
0.0
  0
ENDSEC
  0
SECTION
  2
CLASSES
  0
CLASS
  1
ACDBDICTIONARYWDFLT
  2
AcDbDictionaryWithDefault
  3
ObjectDBX Classes
 90
        0
 91
        1
280
     0
281
     0
  0
CLASS
  1
DICTIONARYVAR
  2
AcDbDictionaryVar
  3
ObjectDBX Classes
 90
        0
 91
        9
280
     0
281
     0
  0
CLASS
  1
TABLESTYLE
  2
AcDbTableStyle
  3
ObjectDBX Classes
 90
     4095
 91
        1
280
     0
281
     0
  0
CLASS
  1
MATERIAL
  2
AcDbMaterial
  3
ObjectDBX Classes
 90
     1153
 91
        3
280
     0
281
     0
  0
CLASS
  1
VISUALSTYLE
  2
AcDbVisualStyle
  3
ObjectDBX Classes
 90
     4095
 91
       24
280
     0
281
     0
  0
CLASS
  1
SCALE
  2
AcDbScale
  3
ObjectDBX Classes
 90
     1153
 91
       33
280
     0
281
     0
  0
CLASS
  1
MLEADERSTYLE
  2
AcDbMLeaderStyle
  3
ACDB_MLEADERSTYLE_CLASS
 90
     4095
 91
        2
280
     0
281
     0
  0
CLASS
  1
CELLSTYLEMAP
  2
AcDbCellStyleMap
  3
ObjectDBX Classes
 90
     1152
 91
        3
280
     0
281
     0
  0
CLASS
  1
EXACXREFPANELOBJECT
  2
ExAcXREFPanelObject
  3
EXAC_ESW
 90
     1025
 91
        0
280
     0
281
     0
  0
CLASS
  1
NPOCOLLECTION
  2
AcDbImpNonPersistentObjectsCollection
  3
ObjectDBX Classes
 90
     1153
 91
        0
280
     0
281
     0
  0
CLASS
  1
LAYER_INDEX
  2
AcDbLayerIndex
  3
ObjectDBX Classes
 90
        0
 91
        0
280
     0
281
     0
  0
CLASS
  1
SPATIAL_INDEX
  2
AcDbSpatialIndex
  3
ObjectDBX Classes
 90
        0
 91
        0
280
     0
281
     0
  0
CLASS
  1
IDBUFFER
  2
AcDbIdBuffer
  3
ObjectDBX Classes
 90
        0
 91
        0
280
     0
281
     0
  0
CLASS
  1
ACDBSECTIONVIEWSTYLE
  2
AcDbSectionViewStyle
  3
ObjectDBX Classes
 90
     1025
 91
        1
280
     0
281
     0
  0
CLASS
  1
ACDBDETAILVIEWSTYLE
  2
AcDbDetailViewStyle
  3
ObjectDBX Classes
 90
     1025
 91
        1
280
     0
281
     0
  0
CLASS
  1
RAPIDRTRENDERSETTINGS
  2
AcDbRapidRTRenderSettings
  3
ObjectDBX Classes
 90
     1024
 91
        7
280
     0
281
     0
  0
CLASS
  1
SOLID_BACKGROUND
  2
AcDbSolidBackground
  3
SCENEOE
 90
     4095
 91
        0
280
     0
281
     0
  0
CLASS
  1
ACDBASSOCPERSSUBENTMANAGER
  2
AcDbAssocPersSubentManager
  3
ObjectDBX Classes
 90
     1024
 91
        1
280
     0
281
     0
  0
CLASS
  1
EXTRUDEDSURFACE
  2
AcDbExtrudedSurface
  3
ObjectDBX Classes
 90
        0
 91
        0
280
     0
281
     1
  0
CLASS
  1
ACDBPERSSUBENTMANAGER
  2
AcDbPersSubentManager
  3
AcDbPersSubentManager
 90
     1024
 91
        1
280
     0
281
     0
  0
CLASS
  1
ACSH_EXTRUSION_CLASS
  2
AcDbShExtrusion
  3
ObjectDBX Classes
 90
     1153
 91
        0
280
     0
281
     0
  0
CLASS
  1
ACAD_EVALUATION_GRAPH
  2
AcDbEvalGraph
  3
ObjectDBX Classes
 90
     1153
 91
        0
280
     0
281
     0
  0
CLASS
  1
ACSH_HISTORY_CLASS
  2
AcDbShHistory
  3
ObjectDBX Classes
 90
     1153
 91
        0
280
     0
281
     0
  0
CLASS
  1
SORTENTSTABLE
  2
AcDbSortentsTable
  3
ObjectDBX Classes
 90
        0
 91
        1
280
     0
281
     0
  0
CLASS
  1
SURFACE
  2
AcDbSurface
  3
ObjectDBX Classes
 90
     4095
 91
        0
280
     0
281
     1
  0
CLASS
  1
ACDBASSOCNETWORK
  2
AcDbAssocNetwork
  3
ObjectDBX Classes
 90
     1025
 91
        0
280
     0
281
     0
  0
CLASS
  1
ACDBASSOCACTION
  2
AcDbAssocAction
  3
ObjectDBX Classes
 90
     1025
 91
        0
280
     0
281
     0
  0
CLASS
  1
ACDBASSOCROTATEDDIMACTIONBODY
  2
AcDbAssocRotatedDimActionBody
  3
ObjectDBX Classes
 90
     1025
 91
        0
280
     0
281
     0
  0
CLASS
  1
ACDBASSOCOSNAPPOINTREFACTIONPARAM
  2
AcDbAssocOsnapPointRefActionParam
  3
ObjectDBX Classes
 90
     1025
 91
        0
280
     0
281
     0
  0
CLASS
  1
ACDBASSOCVERTEXACTIONPARAM
  2
AcDbAssocVertexActionParam
  3
ObjectDBX Classes
 90
     1025
 91
        0
280
     0
281
     0
  0
CLASS
  1
ACDBASSOCGEOMDEPENDENCY
  2
AcDbAssocGeomDependency
  3
ObjectDBX Classes
 90
     1025
 91
        0
280
     0
281
     0
  0
CLASS
  1
ACDBASSOCDEPENDENCY
  2
AcDbAssocDependency
  3
ObjectDBX Classes
 90
     1025
 91
        0
280
     0
281
     0
  0
CLASS
  1
ACDBASSOCEDGEACTIONPARAM
  2
AcDbAssocEdgeActionParam
  3
ObjectDBX Classes
 90
     1025
 91
        0
280
     0
281
     0
  0
CLASS
  1
ACAECUSTOBJ
  2
AcAeEditorObj
  3
AcAeEditorObj
 90
     1024
 91
        0
280
     0
281
     0
  0
CLASS
  1
DIMASSOC
  2
AcDbDimAssoc
  3
"AcDbDimAssoc|Product Desc:     AcDim ARX App For Dimension|Company:          Autodesk, Inc.|WEB Address:      www.autodesk.com"
 90
        0
 91
        0
280
     0
281
     0
  0
CLASS
  1
ACDB_DYNAMICBLOCKPURGEPREVENTER_VERSION
  2
AcDbDynamicBlockPurgePreventer
  3
ObjectDBX Classes
 90
     1153
 91
        0
280
     0
281
     0
  0
CLASS
  1
MENTALRAYRENDERSETTINGS
  2
AcDbMentalRayRenderSettings
  3
SCENEOE
 90
     1024
 91
        3
280
     0
281
     0
  0
ENDSEC
  0
SECTION
  2
TABLES
  0
TABLE
  2
VPORT
  5
8
330
0
100
AcDbSymbolTable
 70
     1
  0
VPORT
  5
94
330
8
100
AcDbSymbolTableRecord
100
AcDbViewportTableRecord
  2
*Active
 70
     0
 10
0.0
 20
0.0
 11
1.0
 21
1.0
 12
0.0000300242745652
 22
0.0000308461355871
 13
0.0
 23
0.0
 14
0.5
 24
0.5
 15
0.5
 25
0.5
 16
8044.367746611264
 26
-4644.417883966363
 36
3380.859730514751
 17
3601.819458007812
 27
2187.617279052735
 37
200.3652954101562
 40
3192.728888780954
 41
1.779596977329974
 42
50.0
 43
0.0
 44
0.0
 50
0.0
 51
0.0
 71
     0
 72
  1000
 73
     1
 74
     3
 75
     0
 76
     1
 77
     0
 78
     0
281
     0
 65
     1
110
0.0
120
0.0
130
0.0
111
1.0
121
0.0
131
0.0
112
0.0
122
1.0
132
0.0
 79
     0
146
0.0
348
9F
 60
     3
 61
     5
292
     1
282
     1
141
0.0
142
0.0
 63
   250
421
  3355443
1001
ACAD_NAV_VCDISPLAY
1070
     3
  0
ENDTAB
  0
TABLE
  2
LTYPE
  5
5
330
0
100
AcDbSymbolTable
 70
     1
  0
LTYPE
  5
14
330
5
100
AcDbSymbolTableRecord
100
AcDbLinetypeTableRecord
  2
ByBlock
 70
     0
  3

 72
    65
 73
     0
 40
0.0
  0
LTYPE
  5
15
330
5
100
AcDbSymbolTableRecord
100
AcDbLinetypeTableRecord
  2
ByLayer
 70
     0
  3

 72
    65
 73
     0
 40
0.0
  0
LTYPE
  5
16
330
5
100
AcDbSymbolTableRecord
100
AcDbLinetypeTableRecord
  2
Continuous
 70
     0
  3
Solid line
 72
    65
 73
     0
 40
0.0
  0
ENDTAB
  0
TABLE
  2
LAYER
  5
2
102
{ACAD_XDICTIONARY
360
18E
102
}
330
0
100
AcDbSymbolTable
 70
    12
  0
LAYER
  5
10
102
{ACAD_XDICTIONARY
360
E6
102
}
330
2
100
AcDbSymbolTableRecord
100
AcDbLayerTableRecord
  2
0
 70
     0
 62
     7
  6
Continuous
370
    -3
390
F
347
98
  0
LAYER
  5
6C5
330
2
100
AcDbSymbolTableRecord
100
AcDbLayerTableRecord
  2
TOP - 600_1
 70
     0
 62
     7
  6
Continuous
370
    -3
390
F
347
98
1001
AcAecLayerStandard
1000

1000

1001
AcCmTransparency
1071
        0
  0
LAYER
  5
6C6
330
2
100
AcDbSymbolTableRecord
100
AcDbLayerTableRecord
  2
BASE
 70
     0
 62
     7
  6
Continuous
370
    -3
390
F
347
98
1001
AcAecLayerStandard
1000

1000

1001
AcCmTransparency
1071
        0
  0
LAYER
  5
8D0
330
2
100
AcDbSymbolTableRecord
100
AcDbLayerTableRecord
  2
BOTTOM - 400_1
 70
     0
 62
     7
  6
Continuous
370
    -3
390
F
347
98
1001
AcAecLayerStandard
1000

1000

1001
AcCmTransparency
1071
        0
  0
LAYER
  5
B03
330
2
100
AcDbSymbolTableRecord
100
AcDbLayerTableRecord
  2
Defpoints
 70
     0
 62
     7
  6
Continuous
290
     0
370
    -3
390
F
347
98
  0
LAYER
  5
B1E
330
2
100
AcDbSymbolTableRecord
100
AcDbLayerTableRecord
  2
BOTTOM - 500_1
 70
     0
 62
     7
  6
Continuous
370
    -3
390
F
347
98
1001
AcAecLayerStandard
1000

1000

1001
AcCmTransparency
1071
        0
  0
LAYER
  5
E7E
330
2
100
AcDbSymbolTableRecord
100
AcDbLayerTableRecord
  2
DISHWASHER
 70
     0
 62
     7
  6
Continuous
370
    -3
390
F
347
98
1001
AcAecLayerStandard
1000

1000

1001
AcCmTransparency
1071
        0
  0
LAYER
  5
EE8
330
2
100
AcDbSymbolTableRecord
100
AcDbLayerTableRecord
  2
BOTTOM - 300
 70
     0
 62
     7
  6
Continuous
370
    -3
390
F
347
98
1001
AcAecLayerStandard
1000

1000

1001
AcCmTransparency
1071
        0
  0
LAYER
  5
16B6
330
2
100
AcDbSymbolTableRecord
100
AcDbLayerTableRecord
  2
TOP - 400_1
 70
     0
 62
     7
  6
Continuous
370
    -3
390
F
347
98
1001
AcAecLayerStandard
1000

1000

1001
AcCmTransparency
1071
        0
  0
LAYER
  5
173A
330
2
100
AcDbSymbolTableRecord
100
AcDbLayerTableRecord
  2
ASPIRATOR
 70
     0
 62
     7
  6
Continuous
370
    -3
390
F
347
98
1001
AcAecLayerStandard
1000

1000

1001
AcCmTransparency
1071
        0
  0
LAYER
  5
188E
330
2
100
AcDbSymbolTableRecord
100
AcDbLayerTableRecord
  2
TOP - 500_1
 70
     0
 62
     7
  6
Continuous
370
    -3
390
F
347
98
1001
AcAecLayerStandard
1000

1000

1001
AcCmTransparency
1071
        0
  0
LAYER
  5
1FE4
330
2
100
AcDbSymbolTableRecord
100
AcDbLayerTableRecord
  2
REFRIGERATOR
 70
     0
 62
     7
  6
Continuous
370
    -3
390
F
347
98
1001
AcAecLayerStandard
1000

1000

1001
AcCmTransparency
1071
        0
  0
ENDTAB
  0
TABLE
  2
STYLE
  5
3
330
0
100
AcDbSymbolTable
 70
     2
  0
STYLE
  5
11
330
3
100
AcDbSymbolTableRecord
100
AcDbTextStyleTableRecord
  2
Standard
 70
     0
 40
0.0
 41
1.0
 50
0.0
 71
     0
 42
0.2
  3
arial.ttf
  4

1001
ACAD
1000
Arial
1071
       34
  0
STYLE
  5
DC
330
3
100
AcDbSymbolTableRecord
100
AcDbTextStyleTableRecord
  2
Annotative
 70
     0
 40
0.0
 41
1.0
 50
0.0
 71
     0
 42
0.2
  3
arial.ttf
  4

1001
AcadAnnotative
1000
AnnotativeData
1002
{
1070
     1
1070
     1
1002
}
1001
ACAD
1000
Arial
1071
       34
  0
ENDTAB
  0
TABLE
  2
VIEW
  5
6
330
0
100
AcDbSymbolTable
 70
     1
  0
ENDTAB
  0
TABLE
  2
UCS
  5
7
330
0
100
AcDbSymbolTable
 70
     0
  0
ENDTAB
  0
TABLE
  2
APPID
  5
9
330
0
100
AcDbSymbolTable
 70
    18
  0
APPID
  5
12
330
9
100
AcDbSymbolTableRecord
100
AcDbRegAppTableRecord
  2
ACAD
 70
     0
  0
APPID
  5
DD
330
9
100
AcDbSymbolTableRecord
100
AcDbRegAppTableRecord
  2
AcadAnnoPO
 70
     0
  0
APPID
  5
DE
330
9
100
AcDbSymbolTableRecord
100
AcDbRegAppTableRecord
  2
AcadAnnotative
 70
     0
  0
APPID
  5
DF
330
9
100
AcDbSymbolTableRecord
100
AcDbRegAppTableRecord
  2
ACAD_DSTYLE_DIMJAG
 70
     0
  0
APPID
  5
E0
330
9
100
AcDbSymbolTableRecord
100
AcDbRegAppTableRecord
  2
ACAD_DSTYLE_DIMTALN
 70
     0
  0
APPID
  5
107
330
9
100
AcDbSymbolTableRecord
100
AcDbRegAppTableRecord
  2
ACAD_MLEADERVER
 70
     0
  0
APPID
  5
1A6
330
9
100
AcDbSymbolTableRecord
100
AcDbRegAppTableRecord
  2
ACAD_NAV_VCDISPLAY
 70
     0
  0
APPID
  5
265
330
9
100
AcDbSymbolTableRecord
100
AcDbRegAppTableRecord
  2
ACAD_EXEMPT_FROM_CAD_STANDARDS
 70
     0
  0
APPID
  5
280
330
9
100
AcDbSymbolTableRecord
100
AcDbRegAppTableRecord
  2
ACAD_STEPID
 70
     0
  0
APPID
  5
6C7
330
9
100
AcDbSymbolTableRecord
100
AcDbRegAppTableRecord
  2
AcAecLayerStandard
 70
     0
  0
APPID
  5
6C8
330
9
100
AcDbSymbolTableRecord
100
AcDbRegAppTableRecord
  2
AcCmTransparency
 70
     0
  0
APPID
  5
AFF
330
9
100
AcDbSymbolTableRecord
100
AcDbRegAppTableRecord
  2
ACAD_DSTYLE_DIMRADIAL_EXTENSION
 70
     0
  0
APPID
  5
B00
330
9
100
AcDbSymbolTableRecord
100
AcDbRegAppTableRecord
  2
Acad_TC
 70
     0
  0
APPID
  5
E7F
330
9
100
AcDbSymbolTableRecord
100
AcDbRegAppTableRecord
  2
AcDbDynamicBlockGUID
 70
     0
  0
APPID
  5
16AE
330
9
100
AcDbSymbolTableRecord
100
AcDbRegAppTableRecord
  2
ACAUTHENVIRON
 70
     0
  0
APPID
  5
1FE2
330
9
100
AcDbSymbolTableRecord
100
AcDbRegAppTableRecord
  2
AcDbDynamicBlockTrueName
 70
     0
  0
APPID
  5
1FE5
330
9
100
AcDbSymbolTableRecord
100
AcDbRegAppTableRecord
  2
PE_URL
 70
     0
  0
APPID
  5
2173
330
9
100
AcDbSymbolTableRecord
100
AcDbRegAppTableRecord
  2
ACAD_OBJECT_CHANGE_GUID
 70
     0
  0
ENDTAB
  0
TABLE
  2
DIMSTYLE
  5
A
330
0
100
AcDbSymbolTable
 70
     2
100
AcDbDimStyleTable
 71
     2
340
27
340
E1
  0
DIMSTYLE
105
27
330
A
100
AcDbSymbolTableRecord
100
AcDbDimStyleTableRecord
  2
Standard
 70
     0
340
11
  0
DIMSTYLE
105
E1
330
A
100
AcDbSymbolTableRecord
100
AcDbDimStyleTableRecord
  2
Annotative
 70
     0
 40
0.0
340
11
1001
AcadAnnotative
1000
AnnotativeData
1002
{
1070
     1
1070
     1
1002
}
1001
ACAD_DSTYLE_DIMJAG
1070
   388
1040
1.5
1001
ACAD_DSTYLE_DIMTALN
1070
   392
1070
     0
  0
ENDTAB
  0
TABLE
  2
BLOCK_RECORD
  5
1
330
0
100
AcDbSymbolTable
 70
     4
  0
BLOCK_RECORD
  5
1F
102
{ACAD_XDICTIONARY
360
15D
102
}
330
1
100
AcDbSymbolTableRecord
100
AcDbBlockTableRecord
  2
*Model_Space
340
22
 70
     0
280
     1
281
     0
  0
BLOCK_RECORD
  5
58
330
1
100
AcDbSymbolTableRecord
100
AcDbBlockTableRecord
  2
*Paper_Space
340
59
 70
     0
280
     1
281
     0
  0
BLOCK_RECORD
  5
5D
330
1
100
AcDbSymbolTableRecord
100
AcDbBlockTableRecord
  2
*Paper_Space0
340
5E
 70
     0
280
     1
281
     0
  0
BLOCK_RECORD
  5
B31
102
{ACAD_XDICTIONARY
360
1FDF
102
}
330
1
100
AcDbSymbolTableRecord
100
AcDbBlockTableRecord
  2
1
340
0
310
28000000200000002000000001002000000000000010000001000000010000000000000000000000302821FF302821FF302821FF302821FF302821FF302821FF302821FF302821FF302821FF302821FF302821FF302821FF302821FF302821FF302821FF302821FF302821FF302821FF302821FF302821FF302821FF302821
310
FF302821FF302821FF302821FF302821FF302821FF302821FF302821FF302821FF302821FF302821FF302821FF302821FF302821FF302821FF302821FF302821FF302821FF302821FF302821FF302821FF302821FF302821FF302821FF302821FF302821FF302821FF302821FF302821FF302821FF302821FF302821FF3028
310
21FF302821FF302821FF302821FF302821FF302821FF302821FF302821FF302821FF302821FF302821FF302821FF808080FF808080FF808080FF808080FF808080FF808080FF808080FF808080FF808080FF808080FF808080FF808080FF808080FF808080FF808080FF808080FF808080FF808080FF808080FF808080FF80
310
8080FF808080FF808080FF808080FF808080FF808080FF808080FF808080FF808080FF808080FF302821FF302821FF808080FF808080FF808080FF808080FF808080FF808080FF808080FF808080FF808080FF808080FF808080FF808080FF808080FF808080FF808080FF808080FF808080FF808080FF808080FF808080FF
310
808080FF808080FF808080FF808080FF808080FF808080FF808080FF808080FF808080FF808080FF302821FF302821FF302821FF808080FF808080FF808080FF808080FF808080FF808080FF808080FF808080FF808080FF808080FF808080FF808080FF808080FF808080FF808080FF808080FF808080FF808080FF808080
310
FF808080FF808080FF808080FF808080FF808080FF808080FF808080FF808080FF808080FF302821FF302821FF302821FF302821FF808080FF302821FF302821FF302821FF302821FF302821FF302821FF302821FF302821FF302821FF302821FF302821FF302821FF302821FF302821FF302821FF302821FF302821FF3028
310
21FF302821FF302821FF302821FF302821FF302821FF302821FF302821FF302821FF808080FF302821FF302821FF302821FF302821FF808080FF302821FF302821FF302821FF302821FF302821FF302821FF302821FF302821FF302821FF302821FF302821FF302821FF302821FF302821FF302821FF302821FF302821FF30
310
2821FF302821FF302821FF302821FF302821FF302821FF302821FF302821FF302821FF808080FF302821FF302821FF302821FF302821FF808080FF302821FF302821FF302821FF302821FF302821FF302821FF302821FF302821FF302821FF302821FF302821FF302821FF302821FF302821FF302821FF302821FF302821FF
310
302821FF302821FF302821FF302821FF302821FF302821FF302821FF302821FF302821FF808080FF302821FF302821FF302821FF302821FF808080FF302821FF302821FF302821FF808080FF808080FF808080FF808080FF808080FF808080FF808080FF808080FF808080FF808080FF808080FF808080FF808080FF808080
310
FF808080FF808080FF808080FF808080FF808080FF302821FF302821FF302821FF302821FF808080FF302821FF302821FF302821FF302821FF808080FF302821FF302821FF808080FF808080FF808080FF808080FF808080FF808080FF808080FF808080FF808080FF808080FF808080FF808080FF808080FF808080FF8080
310
80FF808080FF808080FF808080FF808080FF808080FF808080FF808080FF302821FF302821FF808080FF302821FF302821FF302821FF302821FF808080FF302821FF302821FF808080FF808080FF808080FF808080FF808080FF808080FF808080FF808080FF808080FF808080FF808080FF808080FF808080FF808080FF80
310
8080FF808080FF808080FF808080FF808080FF808080FF808080FF808080FF302821FF302821FF808080FF302821FF302821FF302821FF302821FF808080FF302821FF302821FF808080FF808080FF302821FF808080FF808080FF808080FF808080FF302821FF808080FF302821FF808080FF808080FF302821FF808080FF
310
808080FF808080FF808080FF302821FF808080FF808080FF808080FF808080FF302821FF302821FF808080FF302821FF302821FF302821FF302821FF808080FF302821FF302821FF808080FF808080FF808080FF302821FF808080FF302821FF808080FF302821FF808080FF302821FF808080FF808080FF302821FF808080
310
FF302821FF808080FF302821FF808080FF808080FF808080FF808080FF808080FF302821FF302821FF808080FF302821FF302821FF302821FF302821FF808080FF302821FF808080FF808080FF808080FF808080FF808080FF808080FF808080FF302821FF808080FF302821FF808080FF808080FF302821FF808080FF8080
310
80FF808080FF808080FF302821FF808080FF302821FF808080FF302821FF808080FF808080FF302821FF808080FF302821FF302821FF302821FF302821FF808080FF302821FF808080FF808080FF808080FF808080FF808080FF808080FF808080FF302821FF808080FF302821FF808080FF808080FF302821FF808080FF30
310
2821FF808080FF808080FF808080FF808080FF302821FF808080FF302821FF808080FF808080FF302821FF808080FF302821FF302821FF302821FF302821FF808080FF302821FF808080FF808080FF808080FF302821FF808080FF302821FF808080FF302821FF808080FF302821FF808080FF808080FF302821FF808080FF
310
302821FF808080FF302821FF808080FF302821FF808080FF808080FF302821FF808080FF808080FF302821FF808080FF302821FF302821FF302821FF302821FF808080FF808080FF808080FF808080FF808080FF808080FF808080FF808080FF808080FF808080FF808080FF808080FF808080FF808080FF808080FF808080
310
FF808080FF808080FF808080FF808080FF808080FF808080FF808080FF808080FF808080FF808080FF808080FF808080FF302821FF302821FF302821FF302821FF808080FF808080FF808080FF808080FF808080FF808080FF808080FF808080FF808080FF808080FF808080FF808080FF808080FF808080FF808080FF8080
310
80FF808080FF808080FF808080FF808080FF808080FF808080FF808080FF808080FF808080FF808080FF808080FF808080FF302821FF302821FF302821FF302821FF808080FF808080FF808080FF808080FF808080FF808080FF808080FF808080FF808080FF808080FF808080FF808080FF808080FF808080FF808080FF80
310
8080FF808080FF808080FF808080FF808080FF808080FF808080FF808080FF808080FF808080FF808080FF808080FF808080FF302821FF302821FF302821FF302821FF808080FF808080FF302821FF302821FF302821FF302821FF302821FF302821FF302821FF302821FF302821FF302821FF302821FF302821FF302821FF
310
302821FF302821FF302821FF302821FF302821FF302821FF302821FF302821FF302821FF302821FF302821FF808080FF808080FF302821FF302821FF302821FF302821FF302821FF808080FF808080FF808080FF808080FF808080FF808080FF808080FF808080FF808080FF808080FF808080FF808080FF808080FF808080
310
FF808080FF808080FF808080FF808080FF808080FF808080FF808080FF808080FF808080FF808080FF808080FF808080FF302821FF302821FF302821FF302821FF808080FF808080FF808080FF808080FF808080FF808080FF808080FF808080FF808080FF808080FF808080FF808080FF808080FF808080FF808080FF8080
310
80FF808080FF808080FF808080FF808080FF808080FF808080FF808080FF808080FF808080FF808080FF808080FF808080FF808080FF808080FF302821FF302821FF302821FF302821FF302821FF302821FF302821FF302821FF302821FF302821FF302821FF302821FF302821FF302821FF302821FF302821FF302821FF30
310
2821FF302821FF302821FF302821FF302821FF302821FF302821FF302821FF302821FF302821FF302821FF302821FF302821FF302821FF302821FF302821FF302821FF302821FF302821FF302821FF302821FF302821FF302821FF302821FF302821FF302821FF302821FF302821FF302821FF302821FF302821FF302821FF
310
302821FF302821FF302821FF302821FF302821FF302821FF302821FF302821FF302821FF302821FF302821FF302821FF302821FF302821FF302821FF302821FF302821FF302821FF302821FF302821FF302821FF808080FF808080FF808080FF808080FF808080FF302821FF302821FF302821FF302821FF302821FF302821
310
FF302821FF302821FF302821FF302821FF302821FF302821FF302821FF808080FF808080FF808080FF808080FF808080FF302821FF302821FF302821FF302821FF302821FF302821FF302821FF302821FF302821FF808080FF808080FF808080FF808080FF808080FF302821FF302821FF302821FF302821FF302821FF3028
310
21FF302821FF302821FF302821FF302821FF302821FF302821FF302821FF808080FF808080FF808080FF808080FF808080FF302821FF302821FF302821FF302821FF302821FF302821FF302821FF302821FF302821FF808080FF808080FF808080FF808080FF808080FF302821FF302821FF302821FF302821FF302821FF30
310
2821FF302821FF302821FF302821FF302821FF302821FF302821FF302821FF808080FF808080FF808080FF808080FF808080FF302821FF302821FF302821FF302821FF302821FF302821FF302821FF302821FF302821FF808080FF808080FF808080FF808080FF808080FF808080FF808080FF808080FF808080FF808080FF
310
808080FF808080FF808080FF808080FF808080FF808080FF808080FF808080FF808080FF808080FF808080FF808080FF808080FF302821FF302821FF302821FF302821FF302821FF808080FF808080FF808080FF808080FF808080FF808080FF808080FF808080FF808080FF808080FF808080FF808080FF808080FF808080
310
FF808080FF808080FF808080FF808080FF808080FF808080FF808080FF808080FF808080FF808080FF808080FF808080FF808080FF808080FF808080FF808080FF302821FF302821FF808080FF808080FF808080FF808080FF808080FF808080FF808080FF808080FF808080FF808080FF808080FF808080FF808080FF8080
310
80FF808080FF808080FF808080FF808080FF808080FF808080FF808080FF808080FF808080FF808080FF808080FF808080FF808080FF808080FF808080FF808080FF302821FF302821FF302821FF302821FF302821FF302821FF302821FF302821FF302821FF302821FF302821FF302821FF302821FF302821FF302821FF30
310
2821FF302821FF302821FF302821FF302821FF302821FF302821FF302821FF302821FF302821FF302821FF302821FF302821FF302821FF302821FF302821FF302821FF302821FF302821FF302821FF302821FF302821FF302821FF302821FF302821FF302821FF302821FF302821FF302821FF302821FF302821FF302821FF
310
302821FF302821FF302821FF302821FF302821FF302821FF302821FF302821FF302821FF302821FF302821FF302821FF302821FF302821FF302821FF302821FF302821FF302821FF
102
{BLKREFS
331
EA1
102
}
 70
     4
280
     1
281
     0
1001
AcDbDynamicBlockGUID
1000
{95636755-E169-2D4E-B960-185DAF721723}
  0
BLOCK_RECORD
  5
1FE6
102
{ACAD_XDICTIONARY
360
1FF6
102
}
330
1
100
AcDbSymbolTableRecord
100
AcDbBlockTableRecord
  2
A$C25877339
340
0
 70
     4
280
     1
281
     0
  0
ENDTAB
  0
ENDSEC
  0
SECTION
  2
BLOCKS
  0
BLOCK
  5
20
330
1F
100
AcDbEntity
  8
0
100
AcDbBlockBegin
  2
*Model_Space
 70
     0
 10
0.0
 20
0.0
 30
0.0
  3
*Model_Space
  1

  0
ENDBLK
  5
21
330
1F
100
AcDbEntity
  8
0
100
AcDbBlockEnd
  0
BLOCK
  5
5A
330
58
100
AcDbEntity
 67
     1
  8
0
100
AcDbBlockBegin
  2
*Paper_Space
 70
     0
 10
0.0
 20
0.0
 30
0.0
  3
*Paper_Space
  1

  0
ENDBLK
  5
5B
330
58
100
AcDbEntity
 67
     1
  8
0
100
AcDbBlockEnd
  0
BLOCK
  5
5F
330
5D
100
AcDbEntity
 67
     1
  8
0
100
AcDbBlockBegin
  2
*Paper_Space0
 70
     0
 10
0.0
 20
0.0
 30
0.0
  3
*Paper_Space0
  1

  0
ENDBLK
  5
60
330
5D
100
AcDbEntity
 67
     1
  8
0
100
AcDbBlockEnd
  0
BLOCK
  5
B33
330
B31
100
AcDbEntity
  8
0
 62
     1
100
AcDbBlockBegin
  2
1
 70
     0
 10
0.0
 20
0.0
 30
0.0
  3
1
  1

  0
LINE
  5
1CAE
330
B31
100
AcDbEntity
  8
0
 62
     7
420
 15790320
370
     0
100
AcDbLine
 10
568.0502783998572
 20
340.3266963161777
 30
0.0
 11
568.0502783998572
 21
340.3950915241751
 31
0.0
  0
LINE
  5
1CAF
330
B31
100
AcDbEntity
  8
0
 62
     7
420
 15790320
370
     0
100
AcDbLine
 10
568.0502783998572
 20
336.380601924176
 30
0.0
 11
568.0502783998572
 21
336.4489971321734
 31
0.0
  0
LINE
  5
1CB0
330
B31
100
AcDbEntity
  8
0
 62
     7
420
 15790320
370
     0
100
AcDbLine
 10
568.0502783998572
 20
340.3950915241751
 30
0.0
 11
568.0073477560626
 21
340.3950915241751
 31
0.0
  0
LINE
  5
1CB1
330
B31
100
AcDbEntity
  8
0
 62
     7
420
 15790320
370
     0
100
AcDbLine
 10
567.8792903798685
 20
340.3950915241751
 30
0.0
 11
567.6682973685173
 21
340.3950915241751
 31
0.0
  0
LINE
  5
1CB2
330
B31
100
AcDbEntity
  8
0
 62
     7
420
 15790320
370
     0
100
AcDbLine
 10
555.3851682312024
 20
340.3950915241751
 30
0.0
 11
555.174175219855
 21
340.3950915241751
 31
0.0
  0
LINE
  5
1CB3
330
B31
100
AcDbEntity
  8
0
 62
     7
420
 15790320
370
     0
100
AcDbLine
 10
568.0502783998572
 20
336.380601924176
 30
0.0
 11
568.0073477560626
 21
336.380601924176
 31
0.0
  0
LINE
  5
1CB4
330
B31
100
AcDbEntity
  8
0
 62
     7
420
 15790320
370
     0
100
AcDbLine
 10
567.8792903798685
 20
336.380601924176
 30
0.0
 11
567.6682973685173
 21
336.380601924176
 31
0.0
  0
LINE
  5
1CB5
330
B31
100
AcDbEntity
  8
0
 62
     7
420
 15790320
370
     0
100
AcDbLine
 10
555.3851682312024
 20
336.380601924176
 30
0.0
 11
555.174175219855
 21
336.380601924176
 31
0.0
  0
LINE
  5
1CB6
330
B31
100
AcDbEntity
  8
0
 62
     7
420
 15790320
370
     0
100
AcDbLine
 10
558.7225162438053
 20
351.2639499041766
 30
0.0
 11
558.1009508756988
 21
351.0529568928185
 31
0.0
  0
LINE
  5
1CB7
330
B31
100
AcDbEntity
  8
0
 62
     7
420
 15790320
370
     0
100
AcDbLine
 10
555.0461178436608
 20
329.7038724726842
 30
0.0
 11
555.0031871998481
 21
330.3588675241829
 31
0.0
  0
LINE
  5
1CB8
330
B31
100
AcDbEntity
  8
0
 62
     7
420
 15790320
370
     0
100
AcDbLine
 10
555.6754867288336
 20
348.9258819241704
 30
0.0
 11
555.3851682312024
 21
348.3371742483253
 31
0.0
  0
LINE
  5
1CB9
330
B31
100
AcDbEntity
  8
0
 62
     7
420
 15790320
370
     0
100
AcDbLine
 10
555.0031871998481
 20
340.3950915241751
 30
0.0
 11
555.0031871998481
 21
340.4658994538636
 31
0.0
  0
LINE
  5
1CBA
330
B31
100
AcDbEntity
  8
0
 62
     7
420
 15790320
370
     0
100
AcDbLine
 10
555.3851682312024
 20
348.3371742483253
 30
0.0
 11
555.174175219855
 21
347.715608880228
 31
0.0
  0
LINE
  5
1CBB
330
B31
100
AcDbEntity
  8
0
 62
     7
420
 15790320
370
     0
100
AcDbLine
 10
555.0031871998481
 20
336.380601924176
 30
0.0
 11
555.0461178436608
 21
336.380601924176
 31
0.0
  0
LINE
  5
1CBC
330
B31
100
AcDbEntity
  8
0
 62
     7
420
 15790320
370
     0
100
AcDbLine
 10
557.5122431998688
 20
350.7626383952061
 30
0.0
 11
556.9664661678116
 21
350.3979618413252
 31
0.0
  0
LINE
  5
1CBD
330
B31
100
AcDbEntity
  8
0
 62
     7
420
 15790320
370
     0
100
AcDbLine
 10
555.174175219855
 20
347.715608880228
 30
0.0
 11
555.0461178436608
 21
347.0718209756615
 31
0.0
  0
LINE
  5
1CBE
330
B31
100
AcDbEntity
  8
0
 62
     7
420
 15790320
370
     0
100
AcDbLine
 10
556.4729581759065
 20
349.9651669481222
 30
0.0
 11
556.040163282706
 21
349.4716589562159
 31
0.0
  0
LINE
  5
1CBF
330
B31
100
AcDbEntity
  8
0
 62
     7
420
 15790320
370
     0
100
AcDbLine
 10
556.040163282706
 20
349.4716589562159
 30
0.0
 11
555.6754867288336
 21
348.9258819241704
 31
0.0
  0
LINE
  5
1CC0
330
B31
100
AcDbEntity
  8
0
 62
     7
420
 15790320
370
     0
100
AcDbLine
 10
555.0031871998481
 20
346.4168259241683
 30
0.0
 11
555.0461178436608
 21
346.4168259241683
 31
0.0
  0
LINE
  5
1CC1
330
B31
100
AcDbEntity
  8
0
 62
     7
420
 15790320
370
     0
100
AcDbLine
 10
555.174175219855
 20
346.4168259241683
 30
0.0
 11
555.3851682312024
 21
346.4168259241683
 31
0.0
  0
LINE
  5
1CC2
330
B31
100
AcDbEntity
  8
0
 62
     7
420
 15790320
370
     0
100
AcDbLine
 10
555.3851682312024
 20
328.4385192000257
 30
0.0
 11
555.174175219855
 21
329.0600845681231
 31
0.0
  0
LINE
  5
1CC3
330
B31
100
AcDbEntity
  8
0
 62
     7
420
 15790320
370
     0
100
AcDbLine
 10
555.0031871998481
 20
330.3588675241829
 30
0.0
 11
555.0461178436608
 21
330.3588675241829
 31
0.0
  0
LINE
  5
1CC4
330
B31
100
AcDbEntity
  8
0
 62
     7
420
 15790320
370
     0
100
AcDbLine
 10
555.174175219855
 20
330.3588675241829
 30
0.0
 11
555.3851682312024
 21
330.3588675241829
 31
0.0
  0
LINE
  5
1CC5
330
B31
100
AcDbEntity
  8
0
 62
     7
420
 15790320
370
     0
100
AcDbLine
 10
555.0461178436608
 20
347.0718209756615
 30
0.0
 11
555.0031871998481
 21
346.4168259241683
 31
0.0
  0
LINE
  5
1CC6
330
B31
100
AcDbEntity
  8
0
 62
     7
420
 15790320
370
     0
100
AcDbLine
 10
558.1009508756988
 20
351.0529568928185
 30
0.0
 11
557.5122431998688
 21
350.7626383952061
 31
0.0
  0
LINE
  5
1CC7
330
B31
100
AcDbEntity
  8
0
 62
     7
420
 15790320
370
     0
100
AcDbLine
 10
556.9664661678116
 20
350.3979618413252
 30
0.0
 11
556.4729581759065
 21
349.9651669481222
 31
0.0
  0
LINE
  5
1CC8
330
B31
100
AcDbEntity
  8
0
 62
     7
420
 15790320
370
     0
100
AcDbLine
 10
559.3663041483641
 20
351.3920072803671
 30
0.0
 11
558.7225162438053
 21
351.2639499041766
 31
0.0
  0
LINE
  5
1CC9
330
B31
100
AcDbEntity
  8
0
 62
     7
420
 15790320
370
     0
100
AcDbLine
 10
560.0212991998496
 20
351.4349379241726
 30
0.0
 11
559.3663041483641
 21
351.3920072803671
 31
0.0
  0
LINE
  5
1CCA
330
B31
100
AcDbEntity
  8
0
 62
     7
420
 15790320
370
     0
100
AcDbLine
 10
564.3309493559181
 20
325.5117435441694
 30
0.0
 11
564.9525147240028
 21
325.722736555527
 31
0.0
  0
LINE
  5
1CCB
330
B31
100
AcDbEntity
  8
0
 62
     7
420
 15790320
370
     0
100
AcDbLine
 10
567.6682973685173
 20
328.4385192000257
 30
0.0
 11
567.8792903798685
 21
329.0600845681231
 31
0.0
  0
LINE
  5
1CCC
330
B31
100
AcDbEntity
  8
0
 62
     7
420
 15790320
370
     0
100
AcDbLine
 10
567.6682973685173
 20
348.3371742483253
 30
0.0
 11
567.8792903798685
 21
347.715608880228
 31
0.0
  0
LINE
  5
1CCD
330
B31
100
AcDbEntity
  8
0
 62
     7
420
 15790320
370
     0
100
AcDbLine
 10
568.0073477560626
 20
347.0718209756615
 30
0.0
 11
568.0502783998572
 21
346.4168259241683
 31
0.0
  0
LINE
  5
1CCE
330
B31
100
AcDbEntity
  8
0
 62
     7
420
 15790320
370
     0
100
AcDbLine
 10
568.0502783998572
 20
330.6324483561668
 30
0.0
 11
568.0502783998572
 21
330.3588675241829
 31
0.0
  0
LINE
  5
1CCF
330
B31
100
AcDbEntity
  8
0
 62
     7
420
 15790320
370
     0
100
AcDbLine
 10
564.9525147240028
 20
325.722736555527
 30
0.0
 11
565.5412223998546
 21
326.0130550531449
 31
0.0
  0
LINE
  5
1CD0
330
B31
100
AcDbEntity
  8
0
 62
     7
420
 15790320
370
     0
100
AcDbLine
 10
567.3779788709079
 20
327.849811524175
 30
0.0
 11
567.6682973685173
 21
328.4385192000257
 31
0.0
  0
LINE
  5
1CD1
330
B31
100
AcDbEntity
  8
0
 62
     7
420
 15790320
370
     0
100
AcDbLine
 10
568.0502783998572
 20
340.4658994538636
 30
0.0
 11
568.0502783998572
 21
340.3950915241751
 31
0.0
  0
LINE
  5
1CD2
330
B31
100
AcDbEntity
  8
0
 62
     7
420
 15790320
370
     0
100
AcDbLine
 10
568.0502783998572
 20
336.380601924176
 30
0.0
 11
568.0502783998572
 21
336.3097939944878
 31
0.0
  0
LINE
  5
1CD3
330
B31
100
AcDbEntity
  8
0
 62
     7
420
 15790320
370
     0
100
AcDbLine
 10
566.0869994319118
 20
326.3777316070204
 30
0.0
 11
566.5805074238169
 21
326.8105265002232
 31
0.0
  0
LINE
  5
1CD4
330
B31
100
AcDbEntity
  8
0
 62
     7
420
 15790320
370
     0
100
AcDbLine
 10
567.8792903798685
 20
329.0600845681231
 30
0.0
 11
568.0073477560626
 21
329.7038724726842
 31
0.0
  0
LINE
  5
1CD5
330
B31
100
AcDbEntity
  8
0
 62
     7
420
 15790320
370
     0
100
AcDbLine
 10
568.0073477560626
 20
329.7038724726842
 30
0.0
 11
568.0502783998572
 21
330.3588675241829
 31
0.0
  0
LINE
  5
1CD6
330
B31
100
AcDbEntity
  8
0
 62
     7
420
 15790320
370
     0
100
AcDbLine
 10
565.5412223998546
 20
326.0130550531449
 30
0.0
 11
566.0869994319118
 21
326.3777316070204
 31
0.0
  0
LINE
  5
1CD7
330
B31
100
AcDbEntity
  8
0
 62
     7
420
 15790320
370
     0
100
AcDbLine
 10
563.6871614513556
 20
325.383686167984
 30
0.0
 11
564.3309493559181
 21
325.5117435441694
 31
0.0
  0
LINE
  5
1CD8
330
B31
100
AcDbEntity
  8
0
 62
     7
420
 15790320
370
     0
100
AcDbLine
 10
568.0502783998572
 20
330.3588675241829
 30
0.0
 11
568.0073477560626
 21
330.3588675241829
 31
0.0
  0
LINE
  5
1CD9
330
B31
100
AcDbEntity
  8
0
 62
     7
420
 15790320
370
     0
100
AcDbLine
 10
567.8792903798685
 20
330.3588675241829
 30
0.0
 11
567.6682973685173
 21
330.3588675241829
 31
0.0
  0
LINE
  5
1CDA
330
B31
100
AcDbEntity
  8
0
 62
     7
420
 15790320
370
     0
100
AcDbLine
 10
568.0502783998572
 20
346.4168259241683
 30
0.0
 11
568.0073477560626
 21
346.4168259241683
 31
0.0
  0
LINE
  5
1CDB
330
B31
100
AcDbEntity
  8
0
 62
     7
420
 15790320
370
     0
100
AcDbLine
 10
567.8792903798685
 20
346.4168259241683
 30
0.0
 11
567.6682973685173
 21
346.4168259241683
 31
0.0
  0
LINE
  5
1CDC
330
B31
100
AcDbEntity
  8
0
 62
     7
420
 15790320
370
     0
100
AcDbLine
 10
563.0321663998593
 20
325.3407555241783
 30
0.0
 11
563.6871614513556
 21
325.383686167984
 31
0.0
  0
LINE
  5
1CDD
330
B31
100
AcDbEntity
  8
0
 62
     7
420
 15790320
370
     0
100
AcDbLine
 10
567.0133023170137
 20
327.3040344921353
 30
0.0
 11
567.3779788709079
 21
327.849811524175
 31
0.0
  0
LINE
  5
1CDE
330
B31
100
AcDbEntity
  8
0
 62
     7
420
 15790320
370
     0
100
AcDbLine
 10
566.5805074238169
 20
326.8105265002232
 30
0.0
 11
567.0133023170137
 21
327.3040344921353
 31
0.0
  0
LINE
  5
1CDF
330
B31
100
AcDbEntity
  8
0
 62
     7
420
 15790320
370
     0
100
AcDbLine
 10
568.0502783998572
 20
305.3367027321858
 30
0.0
 11
568.0502783998572
 21
305.2683075241939
 31
0.0
  0
LINE
  5
1CE0
330
B31
100
AcDbEntity
  8
0
 62
     7
420
 15790320
370
     0
100
AcDbLine
 10
568.0502783998572
 20
309.2827971241931
 30
0.0
 11
568.0073477560626
 21
309.2827971241931
 31
0.0
  0
LINE
  5
1CE1
330
B31
100
AcDbEntity
  8
0
 62
     7
420
 15790320
370
     0
100
AcDbLine
 10
567.8792903798685
 20
309.2827971241931
 30
0.0
 11
567.6682973685173
 21
309.2827971241931
 31
0.0
  0
LINE
  5
1CE2
330
B31
100
AcDbEntity
  8
0
 62
     7
420
 15790320
370
     0
100
AcDbLine
 10
555.3851682312024
 20
309.2827971241931
 30
0.0
 11
555.174175219855
 21
309.2827971241931
 31
0.0
  0
LINE
  5
1CE3
330
B31
100
AcDbEntity
  8
0
 62
     7
420
 15790320
370
     0
100
AcDbLine
 10
568.0502783998572
 20
305.2683075241939
 30
0.0
 11
568.0073477560626
 21
305.2683075241939
 31
0.0
  0
LINE
  5
1CE4
330
B31
100
AcDbEntity
  8
0
 62
     7
420
 15790320
370
     0
100
AcDbLine
 10
567.8792903798685
 20
305.2683075241939
 30
0.0
 11
567.6682973685173
 21
305.2683075241939
 31
0.0
  0
LINE
  5
1CE5
330
B31
100
AcDbEntity
  8
0
 62
     7
420
 15790320
370
     0
100
AcDbLine
 10
555.3851682312024
 20
305.2683075241939
 30
0.0
 11
555.174175219855
 21
305.2683075241939
 31
0.0
  0
LINE
  5
1CE6
330
B31
100
AcDbEntity
  8
0
 62
     7
420
 15790320
370
     0
100
AcDbLine
 10
36.96304078000503
 20
309.2827971241875
 30
0.0
 11
36.75204776865939
 21
309.2827971241875
 31
0.0
  0
LINE
  5
1CE7
330
B31
100
AcDbEntity
  8
0
 62
     7
420
 15790320
370
     0
100
AcDbLine
 10
24.46891863135898
 20
309.2827971241875
 30
0.0
 11
24.25792561999515
 21
309.2827971241875
 31
0.0
  0
LINE
  5
1CE8
330
B31
100
AcDbEntity
  8
0
 62
     7
420
 15790320
370
     0
100
AcDbLine
 10
24.12986824380096
 20
309.2827971241875
 30
0.0
 11
24.0869376000046
 21
309.2827971241875
 31
0.0
  0
LINE
  5
1CE9
330
B31
100
AcDbEntity
  8
0
 62
     7
420
 15790320
370
     0
100
AcDbLine
 10
539.8293518708278
 20
310.2706871390569
 30
0.0
 11
539.9488511998688
 21
310.2864195241873
 31
0.0
  0
LINE
  5
1CEA
330
B31
100
AcDbEntity
  8
0
 62
     7
420
 15790320
370
     0
100
AcDbLine
 10
542.8571255878678
 20
308.0548220978217
 30
0.0
 11
542.9597183998566
 21
307.2755523241824
 31
0.0
  0
LINE
  5
1CEB
330
B31
100
AcDbEntity
  8
0
 62
     7
420
 15790320
370
     0
100
AcDbLine
 10
540.7281209734801
 20
310.1838267121939
 30
0.0
 11
541.4542847998718
 21
309.883039806803
 31
0.0
  0
LINE
  5
1CEC
330
B31
100
AcDbEntity
  8
0
 62
     7
420
 15790320
370
     0
100
AcDbLine
 10
51.40909502636532
 20
310.1838267121884
 30
0.0
 11
50.68293119998998
 21
309.883039806803
 31
0.0
  0
LINE
  5
1CED
330
B31
100
AcDbEntity
  8
0
 62
     7
420
 15790320
370
     0
100
AcDbLine
 10
50.0593601856217
 20
309.4045569385548
 30
0.0
 11
49.96593059400765
 21
309.2827971241875
 31
0.0
  0
LINE
  5
1CEE
330
B31
100
AcDbEntity
  8
0
 62
     7
420
 15790320
370
     0
100
AcDbLine
 10
52.18836479997662
 20
310.2864195241816
 30
0.0
 11
51.40909502636532
 21
310.1838267121884
 31
0.0
  0
LINE
  5
1CEF
330
B31
100
AcDbEntity
  8
0
 62
     7
420
 15790320
370
     0
100
AcDbLine
 10
539.9488511998688
 20
310.2864195241873
 30
0.0
 11
540.7281209734801
 21
310.1838267121939
 31
0.0
  0
LINE
  5
1CF0
330
B31
100
AcDbEntity
  8
0
 62
     7
420
 15790320
370
     0
100
AcDbLine
 10
542.5563386824806
 20
308.7809859241847
 30
0.0
 11
542.8571255878678
 21
308.0548220978217
 31
0.0
  0
LINE
  5
1CF1
330
B31
100
AcDbEntity
  8
0
 62
     7
420
 15790320
370
     0
100
AcDbLine
 10
49.58087731738487
 20
308.7809859241793
 30
0.0
 11
49.28009041199402
 21
308.0548220978162
 31
0.0
  0
LINE
  5
1CF2
330
B31
100
AcDbEntity
  8
0
 62
     7
420
 15790320
370
     0
100
AcDbLine
 10
49.28009041199402
 20
308.0548220978162
 30
0.0
 11
49.17749759998696
 21
307.2755523241824
 31
0.0
  0
LINE
  5
1CF3
330
B31
100
AcDbEntity
  8
0
 62
     7
420
 15790320
370
     0
100
AcDbLine
 10
52.30786412901761
 20
310.2706871390569
 30
0.0
 11
52.18836479997662
 21
310.2864195241816
 31
0.0
  0
LINE
  5
1CF4
330
B31
100
AcDbEntity
  8
0
 62
     7
420
 15790320
370
     0
100
AcDbLine
 10
53.11794030738565
 20
310.2864195241816
 30
0.0
 11
52.42659533735786
 21
310.2864195241816
 31
0.0
  0
LINE
  5
1CF5
330
B31
100
AcDbEntity
  8
0
 62
     7
420
 15790320
370
     0
100
AcDbLine
 10
146.0776198074709
 20
304.2646851241832
 30
0.0
 11
184.1836470836497
 21
304.2646851241832
 31
0.0
  0
LINE
  5
1CF6
330
B31
100
AcDbEntity
  8
0
 62
     7
420
 15790320
370
     0
100
AcDbLine
 10
186.2225158074743
 20
304.2646851241832
 30
0.0
 11
224.3285430836531
 21
304.2646851241832
 31
0.0
  0
LINE
  5
1CF7
330
B31
100
AcDbEntity
  8
0
 62
     7
420
 15790320
370
     0
100
AcDbLine
 10
226.3674118074541
 20
304.2646851241832
 30
0.0
 11
264.4734390836529
 21
304.2646851241832
 31
0.0
  0
LINE
  5
1CF8
330
B31
100
AcDbEntity
  8
0
 62
     7
420
 15790320
370
     0
100
AcDbLine
 10
298.0758527999224
 20
304.2646851241832
 30
0.0
 11
327.6321529924317
 21
304.2646851241832
 31
0.0
  0
LINE
  5
1CF9
330
B31
100
AcDbEntity
  8
0
 62
     7
420
 15790320
370
     0
100
AcDbLine
 10
329.6710217162581
 20
304.2646851241832
 30
0.0
 11
367.7770489924342
 21
304.2646851241832
 31
0.0
  0
LINE
  5
1CFA
330
B31
100
AcDbEntity
  8
0
 62
     7
420
 15790320
370
     0
100
AcDbLine
 10
369.815917716257
 20
304.2646851241832
 30
0.0
 11
407.9219449924321
 21
304.2646851241832
 31
0.0
  0
LINE
  5
1CFB
330
B31
100
AcDbEntity
  8
0
 62
     7
420
 15790320
370
     0
100
AcDbLine
 10
409.9608137162549
 20
304.2646851241832
 30
0.0
 11
448.0668409924337
 21
304.2646851241832
 31
0.0
  0
LINE
  5
1CFC
330
B31
100
AcDbEntity
  8
0
 62
     7
420
 15790320
370
     0
100
AcDbLine
 10
49.58087731738487
 20
305.7701187241855
 30
0.0
 11
49.28009041199402
 21
306.4962825505488
 31
0.0
  0
LINE
  5
1CFD
330
B31
100
AcDbEntity
  8
0
 62
     7
420
 15790320
370
     0
100
AcDbLine
 10
49.28009041199402
 20
306.4962825505488
 30
0.0
 11
49.17749759998696
 21
307.2755523241824
 31
0.0
  0
LINE
  5
1CFE
330
B31
100
AcDbEntity
  8
0
 62
     7
420
 15790320
370
     0
100
AcDbLine
 10
541.5339374588702
 20
304.7291844764795
 30
0.0
 11
542.0778558142346
 21
305.1465477098102
 31
0.0
  0
LINE
  5
1CFF
330
B31
100
AcDbEntity
  8
0
 62
     7
420
 15790320
370
     0
100
AcDbLine
 10
540.7281209734801
 20
304.3672779361764
 30
0.0
 11
541.4542847998718
 21
304.668064841562
 31
0.0
  0
LINE
  5
1D00
330
B31
100
AcDbEntity
  8
0
 62
     7
420
 15790320
370
     0
100
AcDbLine
 10
539.9488511998688
 20
304.2646851241832
 30
0.0
 11
540.7281209734801
 21
304.3672779361764
 31
0.0
  0
LINE
  5
1D01
330
B31
100
AcDbEntity
  8
0
 62
     7
420
 15790320
370
     0
100
AcDbLine
 10
51.40909502636532
 20
304.3672779361821
 30
0.0
 11
50.68293119998998
 21
304.668064841562
 31
0.0
  0
LINE
  5
1D02
330
B31
100
AcDbEntity
  8
0
 62
     7
420
 15790320
370
     0
100
AcDbLine
 10
52.18836479997662
 20
304.2646851241832
 30
0.0
 11
51.40909502636532
 21
304.3672779361821
 31
0.0
  0
LINE
  5
1D03
330
B31
100
AcDbEntity
  8
0
 62
     7
420
 15790320
370
     0
100
AcDbLine
 10
542.5563386824806
 20
305.7701187241855
 30
0.0
 11
542.8571255878678
 21
306.4962825505488
 31
0.0
  0
LINE
  5
1D04
330
B31
100
AcDbEntity
  8
0
 62
     7
420
 15790320
370
     0
100
AcDbLine
 10
542.0778558142346
 20
305.1465477098102
 30
0.0
 11
542.1712854058723
 21
305.2683075241939
 31
0.0
  0
LINE
  5
1D05
330
B31
100
AcDbEntity
  8
0
 62
     7
420
 15790320
370
     0
100
AcDbLine
 10
542.8571255878678
 20
306.4962825505488
 30
0.0
 11
542.9597183998566
 21
307.2755523241824
 31
0.0
  0
LINE
  5
1D06
330
B31
100
AcDbEntity
  8
0
 62
     7
420
 15790320
370
     0
100
AcDbLine
 10
487.8127707528046
 20
135.9250417357582
 30
0.0
 11
487.3286615352198
 21
135.7245171321679
 31
0.0
  0
LINE
  5
1D07
330
B31
100
AcDbEntity
  8
0
 62
     7
420
 15790320
370
     0
100
AcDbLine
 10
486.8091483527905
 20
135.6561219241762
 30
0.0
 11
486.2896351703757
 21
135.7245171321624
 31
0.0
  0
LINE
  5
1D08
330
B31
100
AcDbEntity
  8
0
 62
     7
420
 15790320
370
     0
100
AcDbLine
 10
484.8019035527804
 20
335.3769795241872
 30
0.0
 11
484.8019035527804
 21
310.2864195241873
 31
0.0
  0
LINE
  5
1D09
330
B31
100
AcDbEntity
  8
0
 62
     7
420
 15790320
370
     0
100
AcDbLine
 10
484.8019035527804
 20
304.2646851241832
 30
0.0
 11
484.8019035527804
 21
285.1306486399092
 31
0.0
  0
LINE
  5
1D0A
330
B31
100
AcDbEntity
  8
0
 62
     7
420
 15790320
370
     0
100
AcDbLine
 10
484.8019035527804
 20
273.6896826107854
 30
0.0
 11
484.801903552795
 21
159.536035101918
 31
0.0
  0
LINE
  5
1D0B
330
B31
100
AcDbEntity
  8
0
 62
     7
420
 15790320
370
     0
100
AcDbLine
 10
488.816393152786
 20
335.3769795241872
 30
0.0
 11
488.816393152786
 21
310.2864195241873
 31
0.0
  0
LINE
  5
1D0C
330
B31
100
AcDbEntity
  8
0
 62
     7
420
 15790320
370
     0
100
AcDbLine
 10
488.816393152786
 20
296.2167038953801
 30
0.0
 11
488.8163931528006
 21
159.536035101918
 31
0.0
  0
LINE
  5
1D0D
330
B31
100
AcDbEntity
  8
0
 62
     7
420
 15790320
370
     0
100
AcDbLine
 10
488.7479979447971
 20
137.1438535417551
 30
0.0
 11
488.5474733412129
 21
136.6597443241758
 31
0.0
  0
LINE
  5
1D0E
330
B31
100
AcDbEntity
  8
0
 62
     7
420
 15790320
370
     0
100
AcDbLine
 10
488.8163931528006
 20
137.6633667241756
 30
0.0
 11
488.7479979447971
 21
137.1438535417551
 31
0.0
  0
LINE
  5
1D0F
330
B31
100
AcDbEntity
  8
0
 62
     7
420
 15790320
370
     0
100
AcDbLine
 10
488.5474733412129
 20
136.6597443241758
 30
0.0
 11
488.2284847623641
 21
136.244030314594
 31
0.0
  0
LINE
  5
1D10
330
B31
100
AcDbEntity
  8
0
 62
     7
420
 15790320
370
     0
100
AcDbLine
 10
485.8055259527946
 20
135.9250417357582
 30
0.0
 11
485.3898119432133
 21
136.2440303145997
 31
0.0
  0
LINE
  5
1D11
330
B31
100
AcDbEntity
  8
0
 62
     7
420
 15790320
370
     0
100
AcDbLine
 10
485.3898119432133
 20
136.2440303145997
 30
0.0
 11
485.0708233643826
 21
136.6597443241758
 31
0.0
  0
LINE
  5
1D12
330
B31
100
AcDbEntity
  8
0
 62
     7
420
 15790320
370
     0
100
AcDbLine
 10
485.0708233643826
 20
136.6597443241758
 30
0.0
 11
484.8702987607985
 21
137.1438535417496
 31
0.0
  0
LINE
  5
1D13
330
B31
100
AcDbEntity
  8
0
 62
     7
420
 15790320
370
     0
100
AcDbLine
 10
486.2896351703757
 20
135.7245171321624
 30
0.0
 11
485.8055259527946
 21
135.9250417357582
 31
0.0
  0
LINE
  5
1D14
330
B31
100
AcDbEntity
  8
0
 62
     7
420
 15790320
370
     0
100
AcDbLine
 10
484.8702987607985
 20
137.1438535417496
 30
0.0
 11
484.801903552795
 21
137.6633667241756
 31
0.0
  0
LINE
  5
1D15
330
B31
100
AcDbEntity
  8
0
 62
     7
420
 15790320
370
     0
100
AcDbLine
 10
484.801903552795
 20
137.6633667241756
 30
0.0
 11
484.8702987607985
 21
138.1828799065963
 31
0.0
  0
LINE
  5
1D16
330
B31
100
AcDbEntity
  8
0
 62
     7
420
 15790320
370
     0
100
AcDbLine
 10
488.7479979447971
 20
138.1828799066018
 30
0.0
 11
488.8163931528006
 21
137.6633667241756
 31
0.0
  0
LINE
  5
1D17
330
B31
100
AcDbEntity
  8
0
 62
     7
420
 15790320
370
     0
100
AcDbLine
 10
488.2284847623641
 20
136.244030314594
 30
0.0
 11
487.8127707528046
 21
135.9250417357582
 31
0.0
  0
LINE
  5
1D18
330
B31
100
AcDbEntity
  8
0
 62
     7
420
 15790320
370
     0
100
AcDbLine
 10
36.96304078000503
 20
340.3950915241808
 30
0.0
 11
36.75204776865939
 21
340.3950915241808
 31
0.0
  0
LINE
  5
1D19
330
B31
100
AcDbEntity
  8
0
 62
     7
420
 15790320
370
     0
100
AcDbLine
 10
24.46891863135898
 20
340.3950915241808
 30
0.0
 11
24.25792561999515
 21
340.3950915241808
 31
0.0
  0
LINE
  5
1D1A
330
B31
100
AcDbEntity
  8
0
 62
     7
420
 15790320
370
     0
100
AcDbLine
 10
24.12986824380096
 20
340.3950915241808
 30
0.0
 11
24.0869376000046
 21
340.3950915241808
 31
0.0
  0
LINE
  5
1D1B
330
B31
100
AcDbEntity
  8
0
 62
     7
420
 15790320
370
     0
100
AcDbLine
 10
24.0869376000046
 20
340.3950915241808
 30
0.0
 11
24.0869376000046
 21
340.3266963161832
 31
0.0
  0
LINE
  5
1D1C
330
B31
100
AcDbEntity
  8
0
 62
     7
420
 15790320
370
     0
100
AcDbLine
 10
36.96304078000503
 20
336.380601924176
 30
0.0
 11
36.75204776865939
 21
336.380601924176
 31
0.0
  0
LINE
  5
1D1D
330
B31
100
AcDbEntity
  8
0
 62
     7
420
 15790320
370
     0
100
AcDbLine
 10
24.46891863135898
 20
336.380601924176
 30
0.0
 11
24.25792561999515
 21
336.380601924176
 31
0.0
  0
LINE
  5
1D1E
330
B31
100
AcDbEntity
  8
0
 62
     7
420
 15790320
370
     0
100
AcDbLine
 10
24.12986824380096
 20
336.380601924176
 30
0.0
 11
24.0869376000046
 21
336.380601924176
 31
0.0
  0
LINE
  5
1D1F
330
B31
100
AcDbEntity
  8
0
 62
     7
420
 15790320
370
     0
100
AcDbLine
 10
36.96304078000503
 20
305.2683075241885
 30
0.0
 11
36.75204776865939
 21
305.2683075241885
 31
0.0
  0
LINE
  5
1D20
330
B31
100
AcDbEntity
  8
0
 62
     7
420
 15790320
370
     0
100
AcDbLine
 10
24.46891863135898
 20
305.2683075241885
 30
0.0
 11
24.25792561999515
 21
305.2683075241885
 31
0.0
  0
LINE
  5
1D21
330
B31
100
AcDbEntity
  8
0
 62
     7
420
 15790320
370
     0
100
AcDbLine
 10
24.12986824380096
 20
305.2683075241885
 30
0.0
 11
24.0869376000046
 21
305.2683075241885
 31
0.0
  0
LINE
  5
1D22
330
B31
100
AcDbEntity
  8
0
 62
     7
420
 15790320
370
     0
100
AcDbLine
 10
297.0722303999264
 20
135.9250417357636
 30
0.0
 11
296.5881211823671
 21
135.7245171321733
 31
0.0
  0
LINE
  5
1D23
330
B31
100
AcDbEntity
  8
0
 62
     7
420
 15790320
370
     0
100
AcDbLine
 10
296.0686079999287
 20
135.6561219241814
 30
0.0
 11
295.5490948175157
 21
135.7245171321733
 31
0.0
  0
LINE
  5
1D24
330
B31
100
AcDbEntity
  8
0
 62
     7
420
 15790320
370
     0
100
AcDbLine
 10
297.8069329883565
 20
138.6669891241808
 30
0.0
 11
298.007457591937
 21
138.1828799066018
 31
0.0
  0
LINE
  5
1D25
330
B31
100
AcDbEntity
  8
0
 62
     7
420
 15790320
370
     0
100
AcDbLine
 10
294.0613631999168
 20
335.3769795241872
 30
0.0
 11
294.0613631999168
 21
310.2864195241816
 31
0.0
  0
LINE
  5
1D26
330
B31
100
AcDbEntity
  8
0
 62
     7
420
 15790320
370
     0
100
AcDbLine
 10
294.0613631999168
 20
304.2646851241832
 30
0.0
 11
294.0613631999422
 21
159.536035101918
 31
0.0
  0
LINE
  5
1D27
330
B31
100
AcDbEntity
  8
0
 62
     7
420
 15790320
370
     0
100
AcDbLine
 10
296.5881211823671
 20
135.7245171321733
 30
0.0
 11
296.0686079999287
 21
135.6561219241814
 31
0.0
  0
LINE
  5
1D28
330
B31
100
AcDbEntity
  8
0
 62
     7
420
 15790320
370
     0
100
AcDbLine
 10
298.007457591937
 20
137.1438535417551
 30
0.0
 11
297.8069329883565
 21
136.6597443241758
 31
0.0
  0
LINE
  5
1D29
330
B31
100
AcDbEntity
  8
0
 62
     7
420
 15790320
370
     0
100
AcDbLine
 10
298.0758527999224
 20
137.663366724181
 30
0.0
 11
298.007457591937
 21
137.1438535417551
 31
0.0
  0
LINE
  5
1D2A
330
B31
100
AcDbEntity
  8
0
 62
     7
420
 15790320
370
     0
100
AcDbLine
 10
297.8069329883565
 20
136.6597443241758
 30
0.0
 11
297.4879444095204
 21
136.2440303145997
 31
0.0
  0
LINE
  5
1D2B
330
B31
100
AcDbEntity
  8
0
 62
     7
420
 15790320
370
     0
100
AcDbLine
 10
295.0649855999345
 20
135.9250417357636
 30
0.0
 11
294.6492715903569
 21
136.2440303145997
 31
0.0
  0
LINE
  5
1D2C
330
B31
100
AcDbEntity
  8
0
 62
     7
420
 15790320
370
     0
100
AcDbLine
 10
294.6492715903569
 20
136.2440303145997
 30
0.0
 11
294.3302830115208
 21
136.6597443241758
 31
0.0
  0
LINE
  5
1D2D
330
B31
100
AcDbEntity
  8
0
 62
     7
420
 15790320
370
     0
100
AcDbLine
 10
294.3302830115208
 20
136.6597443241758
 30
0.0
 11
294.1297584079202
 21
137.1438535417551
 31
0.0
  0
LINE
  5
1D2E
330
B31
100
AcDbEntity
  8
0
 62
     7
420
 15790320
370
     0
100
AcDbLine
 10
295.5490948175157
 20
135.7245171321733
 30
0.0
 11
295.0649855999345
 21
135.9250417357636
 31
0.0
  0
LINE
  5
1D2F
330
B31
100
AcDbEntity
  8
0
 62
     7
420
 15790320
370
     0
100
AcDbLine
 10
298.0758527999224
 20
335.3769795241872
 30
0.0
 11
298.0758527999224
 21
310.2864195241816
 31
0.0
  0
LINE
  5
1D30
330
B31
100
AcDbEntity
  8
0
 62
     7
420
 15790320
370
     0
100
AcDbLine
 10
294.1297584079202
 20
137.1438535417551
 30
0.0
 11
294.0613631999422
 21
137.663366724181
 31
0.0
  0
LINE
  5
1D31
330
B31
100
AcDbEntity
  8
0
 62
     7
420
 15790320
370
     0
100
AcDbLine
 10
294.0613631999422
 20
137.663366724181
 30
0.0
 11
294.1297584079202
 21
138.1828799066018
 31
0.0
  0
LINE
  5
1D32
330
B31
100
AcDbEntity
  8
0
 62
     7
420
 15790320
370
     0
100
AcDbLine
 10
294.1297584079202
 20
138.1828799066018
 30
0.0
 11
294.3302830115208
 21
138.6669891241808
 31
0.0
  0
LINE
  5
1D33
330
B31
100
AcDbEntity
  8
0
 62
     7
420
 15790320
370
     0
100
AcDbLine
 10
297.4879444095204
 20
136.2440303145997
 30
0.0
 11
297.0722303999264
 21
135.9250417357636
 31
0.0
  0
LINE
  5
1D34
330
B31
100
AcDbEntity
  8
0
 62
     7
420
 15790320
370
     0
100
AcDbLine
 10
539.8293518708278
 20
335.3927119093121
 30
0.0
 11
539.9488511998688
 21
335.3769795241872
 31
0.0
  0
LINE
  5
1D35
330
B31
100
AcDbEntity
  8
0
 62
     7
420
 15790320
370
     0
100
AcDbLine
 10
542.0778558142346
 20
336.2588421098089
 30
0.0
 11
542.171285405836
 21
336.380601924176
 31
0.0
  0
LINE
  5
1D36
330
B31
100
AcDbEntity
  8
0
 62
     7
420
 15790320
370
     0
100
AcDbLine
 10
541.9560959998425
 20
336.1654125181733
 30
0.0
 11
542.0778558142346
 21
336.2588421098089
 31
0.0
  0
LINE
  5
1D37
330
B31
100
AcDbEntity
  8
0
 62
     7
420
 15790320
370
     0
100
AcDbLine
 10
542.8571255878678
 20
337.6085769505476
 30
0.0
 11
542.9597183998566
 21
338.3878467241866
 31
0.0
  0
LINE
  5
1D38
330
B31
100
AcDbEntity
  8
0
 62
     7
420
 15790320
370
     0
100
AcDbLine
 10
540.7281209734801
 20
335.4795723361806
 30
0.0
 11
541.4542847998718
 21
335.7803592415605
 31
0.0
  0
LINE
  5
1D39
330
B31
100
AcDbEntity
  8
0
 62
     7
420
 15790320
370
     0
100
AcDbLine
 10
51.40909502636532
 20
335.4795723361806
 30
0.0
 11
50.68293119998998
 21
335.780359241566
 31
0.0
  0
LINE
  5
1D3A
330
B31
100
AcDbEntity
  8
0
 62
     7
420
 15790320
370
     0
100
AcDbLine
 10
52.18836479997662
 20
335.3769795241872
 30
0.0
 11
51.40909502636532
 21
335.4795723361806
 31
0.0
  0
LINE
  5
1D3B
330
B31
100
AcDbEntity
  8
0
 62
     7
420
 15790320
370
     0
100
AcDbLine
 10
539.9488511998688
 20
335.3769795241872
 30
0.0
 11
540.7281209734801
 21
335.4795723361806
 31
0.0
  0
LINE
  5
1D3C
330
B31
100
AcDbEntity
  8
0
 62
     7
420
 15790320
370
     0
100
AcDbLine
 10
542.5563386824806
 20
336.8824131241843
 30
0.0
 11
542.8571255878678
 21
337.6085769505476
 31
0.0
  0
LINE
  5
1D3D
330
B31
100
AcDbEntity
  8
0
 62
     7
420
 15790320
370
     0
100
AcDbLine
 10
49.58087731738487
 20
336.8824131241843
 30
0.0
 11
49.28009041199402
 21
337.608576950553
 31
0.0
  0
LINE
  5
1D3E
330
B31
100
AcDbEntity
  8
0
 62
     7
420
 15790320
370
     0
100
AcDbLine
 10
49.28009041199402
 20
337.608576950553
 30
0.0
 11
49.17749759998696
 21
338.3878467241812
 31
0.0
  0
LINE
  5
1D3F
330
B31
100
AcDbEntity
  8
0
 62
     7
420
 15790320
370
     0
100
AcDbLine
 10
52.30786412901761
 20
335.3927119093121
 30
0.0
 11
52.18836479997662
 21
335.3769795241872
 31
0.0
  0
LINE
  5
1D40
330
B31
100
AcDbEntity
  8
0
 62
     7
420
 15790320
370
     0
100
AcDbLine
 10
49.58087731738487
 20
339.8932803241835
 30
0.0
 11
49.28009041199402
 21
339.1671164978147
 31
0.0
  0
LINE
  5
1D41
330
B31
100
AcDbEntity
  8
0
 62
     7
420
 15790320
370
     0
100
AcDbLine
 10
50.68293119998998
 20
340.9953342068015
 30
0.0
 11
50.0593601856217
 21
340.5168513385533
 31
0.0
  0
LINE
  5
1D42
330
B31
100
AcDbEntity
  8
0
 62
     7
420
 15790320
370
     0
100
AcDbLine
 10
49.28009041199402
 20
339.1671164978147
 30
0.0
 11
49.17749759998696
 21
338.3878467241812
 31
0.0
  0
LINE
  5
1D43
330
B31
100
AcDbEntity
  8
0
 62
     7
420
 15790320
370
     0
100
AcDbLine
 10
541.4542847998718
 20
340.9953342068072
 30
0.0
 11
542.0778558142346
 21
340.516851338559
 31
0.0
  0
LINE
  5
1D44
330
B31
100
AcDbEntity
  8
0
 62
     7
420
 15790320
370
     0
100
AcDbLine
 10
540.7281209734801
 20
341.2961211121926
 30
0.0
 11
541.4542847998718
 21
340.9953342068072
 31
0.0
  0
LINE
  5
1D45
330
B31
100
AcDbEntity
  8
0
 62
     7
420
 15790320
370
     0
100
AcDbLine
 10
539.9488511998688
 20
341.398713924186
 30
0.0
 11
540.7281209734801
 21
341.2961211121926
 31
0.0
  0
LINE
  5
1D46
330
B31
100
AcDbEntity
  8
0
 62
     7
420
 15790320
370
     0
100
AcDbLine
 10
50.0593601856217
 20
340.5168513385533
 30
0.0
 11
49.96593059400765
 21
340.3950915241808
 31
0.0
  0
LINE
  5
1D47
330
B31
100
AcDbEntity
  8
0
 62
     7
420
 15790320
370
     0
100
AcDbLine
 10
51.40909502636532
 20
341.2961211121869
 30
0.0
 11
50.68293119998998
 21
340.9953342068015
 31
0.0
  0
LINE
  5
1D48
330
B31
100
AcDbEntity
  8
0
 62
     7
420
 15790320
370
     0
100
AcDbLine
 10
52.18836479997662
 20
341.3987139241803
 30
0.0
 11
51.40909502636532
 21
341.2961211121869
 31
0.0
  0
LINE
  5
1D49
330
B31
100
AcDbEntity
  8
0
 62
     7
420
 15790320
370
     0
100
AcDbLine
 10
542.5563386824806
 20
339.8932803241835
 30
0.0
 11
542.8571255878678
 21
339.1671164978202
 31
0.0
  0
LINE
  5
1D4A
330
B31
100
AcDbEntity
  8
0
 62
     7
420
 15790320
370
     0
100
AcDbLine
 10
542.8571255878678
 20
339.1671164978202
 30
0.0
 11
542.9597183998566
 21
338.3878467241866
 31
0.0
  0
LINE
  5
1D4B
330
B31
100
AcDbEntity
  8
0
 62
     7
420
 15790320
370
     0
100
AcDbLine
 10
76.84710184959659
 20
157.4638468699208
 30
0.0
 11
79.77685287243184
 21
150.3908022161713
 31
0.0
  0
LINE
  5
1D4C
330
B31
100
AcDbEntity
  8
0
 62
     7
420
 15790320
370
     0
100
AcDbLine
 10
50.18111999998291
 20
336.165412518207
 30
0.0
 11
50.18111999998291
 21
309.4979865301623
 31
0.0
  0
LINE
  5
1D4D
330
B31
100
AcDbEntity
  8
0
 62
     7
420
 15790320
370
     0
100
AcDbLine
 10
50.60327854095885
 20
304.7291844765127
 30
0.0
 11
76.84710184959659
 21
157.4638468699208
 31
0.0
  0
LINE
  5
1D4E
330
B31
100
AcDbEntity
  8
0
 62
     7
420
 15790320
370
     0
100
AcDbLine
 10
54.19560959997216
 20
335.3857133024046
 30
0.0
 11
54.19560959997216
 21
310.2776857459644
 31
0.0
  0
LINE
  5
1D4F
330
B31
100
AcDbEntity
  8
0
 62
     7
420
 15790320
370
     0
100
AcDbLine
 10
501.5611490810124
 20
139.5915881698035
 30
0.0
 11
507.671627854791
 21
144.2803234423959
 31
0.0
  0
LINE
  5
1D50
330
B31
100
AcDbEntity
  8
0
 62
     7
420
 15790320
370
     0
100
AcDbLine
 10
512.3603631273736
 20
150.3908022161713
 30
0.0
 11
515.2901141502488
 21
157.4638468699208
 31
0.0
  0
LINE
  5
1D51
330
B31
100
AcDbEntity
  8
0
 62
     7
420
 15790320
370
     0
100
AcDbLine
 10
507.671627854791
 20
144.2803234423959
 30
0.0
 11
512.3603631273736
 21
150.3908022161713
 31
0.0
  0
LINE
  5
1D52
330
B31
100
AcDbEntity
  8
0
 62
     7
420
 15790320
370
     0
100
AcDbLine
 10
90.57606691881119
 20
139.5915881698035
 30
0.0
 11
97.69187016338765
 21
136.6441259587211
 31
0.0
  0
LINE
  5
1D53
330
B31
100
AcDbEntity
  8
0
 62
     7
420
 15790320
370
     0
100
AcDbLine
 10
494.4453458364523
 20
136.6441259587211
 30
0.0
 11
501.5611490810124
 21
139.5915881698035
 31
0.0
  0
LINE
  5
1D54
330
B31
100
AcDbEntity
  8
0
 62
     7
420
 15790320
370
     0
100
AcDbLine
 10
515.2901141502488
 20
157.4638468699208
 30
0.0
 11
541.5339374588702
 21
304.7291844764795
 31
0.0
  0
LINE
  5
1D55
330
B31
100
AcDbEntity
  8
0
 62
     7
420
 15790320
370
     0
100
AcDbLine
 10
537.9416063998369
 20
310.2864195241873
 30
0.0
 11
537.9416063998369
 21
335.3769795241872
 31
0.0
  0
LINE
  5
1D56
330
B31
100
AcDbEntity
  8
0
 62
     7
420
 15790320
370
     0
100
AcDbLine
 10
541.9560959998425
 20
309.49798653019
 30
0.0
 11
541.9560959998425
 21
336.1654125181733
 31
0.0
  0
LINE
  5
1D57
330
B31
100
AcDbEntity
  8
0
 62
     7
420
 15790320
370
     0
100
AcDbLine
 10
79.77685287243184
 20
150.3908022161713
 30
0.0
 11
84.46558814503077
 21
144.2803234423959
 31
0.0
  0
LINE
  5
1D58
330
B31
100
AcDbEntity
  8
0
 62
     7
420
 15790320
370
     0
100
AcDbLine
 10
84.46558814503077
 20
144.2803234423959
 30
0.0
 11
90.57606691881119
 21
139.5915881698035
 31
0.0
  0
LINE
  5
1D59
330
B31
100
AcDbEntity
  8
0
 62
     7
420
 15790320
370
     0
100
AcDbLine
 10
555.6754867288336
 20
327.849811524175
 30
0.0
 11
555.3851682312024
 21
328.4385192000257
 31
0.0
  0
LINE
  5
1D5A
330
B31
100
AcDbEntity
  8
0
 62
     7
420
 15790320
370
     0
100
AcDbLine
 10
558.1009508756988
 20
325.722736555527
 30
0.0
 11
557.5122431998688
 21
326.0130550531449
 31
0.0
  0
LINE
  5
1D5B
330
B31
100
AcDbEntity
  8
0
 62
     7
420
 15790320
370
     0
100
AcDbLine
 10
555.0031871998481
 20
340.3950915241751
 30
0.0
 11
555.0461178436608
 21
340.3950915241751
 31
0.0
  0
LINE
  5
1D5C
330
B31
100
AcDbEntity
  8
0
 62
     7
420
 15790320
370
     0
100
AcDbLine
 10
555.0031871998481
 20
340.3266963161777
 30
0.0
 11
555.0031871998481
 21
340.3950915241751
 31
0.0
  0
LINE
  5
1D5D
330
B31
100
AcDbEntity
  8
0
 62
     7
420
 15790320
370
     0
100
AcDbLine
 10
556.040163282706
 20
327.3040344921353
 30
0.0
 11
555.6754867288336
 21
327.849811524175
 31
0.0
  0
LINE
  5
1D5E
330
B31
100
AcDbEntity
  8
0
 62
     7
420
 15790320
370
     0
100
AcDbLine
 10
559.3663041483641
 20
325.383686167984
 30
0.0
 11
558.7225162438053
 21
325.5117435441694
 31
0.0
  0
LINE
  5
1D5F
330
B31
100
AcDbEntity
  8
0
 62
     7
420
 15790320
370
     0
100
AcDbLine
 10
560.0212991998496
 20
325.3407555241783
 30
0.0
 11
559.3663041483641
 21
325.383686167984
 31
0.0
  0
LINE
  5
1D60
330
B31
100
AcDbEntity
  8
0
 62
     7
420
 15790320
370
     0
100
AcDbLine
 10
557.5122431998688
 20
326.0130550531449
 30
0.0
 11
556.9664661678116
 21
326.3777316070204
 31
0.0
  0
LINE
  5
1D61
330
B31
100
AcDbEntity
  8
0
 62
     7
420
 15790320
370
     0
100
AcDbLine
 10
560.0212991998496
 20
351.4349379241726
 30
0.0
 11
563.0321663998593
 21
351.4349379241726
 31
0.0
  0
LINE
  5
1D62
330
B31
100
AcDbEntity
  8
0
 62
     7
420
 15790320
370
     0
100
AcDbLine
 10
558.7225162438053
 20
325.5117435441694
 30
0.0
 11
558.1009508756988
 21
325.722736555527
 31
0.0
  0
LINE
  5
1D63
330
B31
100
AcDbEntity
  8
0
 62
     7
420
 15790320
370
     0
100
AcDbLine
 10
556.9664661678116
 20
326.3777316070204
 30
0.0
 11
556.4729581759065
 21
326.8105265002291
 31
0.0
  0
LINE
  5
1D64
330
B31
100
AcDbEntity
  8
0
 62
     7
420
 15790320
370
     0
100
AcDbLine
 10
555.174175219855
 20
329.0600845681231
 30
0.0
 11
555.0461178436608
 21
329.7038724726842
 31
0.0
  0
LINE
  5
1D65
330
B31
100
AcDbEntity
  8
0
 62
     7
420
 15790320
370
     0
100
AcDbLine
 10
556.4729581759065
 20
326.8105265002291
 30
0.0
 11
556.040163282706
 21
327.3040344921353
 31
0.0
  0
LINE
  5
1D66
330
B31
100
AcDbEntity
  8
0
 62
     7
420
 15790320
370
     0
100
AcDbLine
 10
560.0212991998496
 20
325.3407555241783
 30
0.0
 11
563.0321663998593
 21
325.3407555241783
 31
0.0
  0
LINE
  5
1D67
330
B31
100
AcDbEntity
  8
0
 62
     7
420
 15790320
370
     0
100
AcDbLine
 10
565.5412223998546
 20
350.7626383952061
 30
0.0
 11
566.0869994319118
 21
350.3979618413252
 31
0.0
  0
LINE
  5
1D68
330
B31
100
AcDbEntity
  8
0
 62
     7
420
 15790320
370
     0
100
AcDbLine
 10
563.6871614513556
 20
351.3920072803671
 30
0.0
 11
564.3309493559181
 21
351.2639499041766
 31
0.0
  0
LINE
  5
1D69
330
B31
100
AcDbEntity
  8
0
 62
     7
420
 15790320
370
     0
100
AcDbLine
 10
564.3309493559181
 20
351.2639499041766
 30
0.0
 11
564.9525147240028
 21
351.0529568928185
 31
0.0
  0
LINE
  5
1D6A
330
B31
100
AcDbEntity
  8
0
 62
     7
420
 15790320
370
     0
100
AcDbLine
 10
566.0869994319118
 20
350.3979618413252
 30
0.0
 11
566.5805074238169
 21
349.9651669481222
 31
0.0
  0
LINE
  5
1D6B
330
B31
100
AcDbEntity
  8
0
 62
     7
420
 15790320
370
     0
100
AcDbLine
 10
567.0133023170137
 20
349.4716589562159
 30
0.0
 11
567.3779788709079
 21
348.9258819241704
 31
0.0
  0
LINE
  5
1D6C
330
B31
100
AcDbEntity
  8
0
 62
     7
420
 15790320
370
     0
100
AcDbLine
 10
567.3779788709079
 20
348.9258819241704
 30
0.0
 11
567.6682973685173
 21
348.3371742483253
 31
0.0
  0
LINE
  5
1D6D
330
B31
100
AcDbEntity
  8
0
 62
     7
420
 15790320
370
     0
100
AcDbLine
 10
566.5805074238169
 20
349.9651669481222
 30
0.0
 11
567.0133023170137
 21
349.4716589562159
 31
0.0
  0
LINE
  5
1D6E
330
B31
100
AcDbEntity
  8
0
 62
     7
420
 15790320
370
     0
100
AcDbLine
 10
563.0321663998593
 20
351.4349379241726
 30
0.0
 11
563.6871614513556
 21
351.3920072803671
 31
0.0
  0
LINE
  5
1D6F
330
B31
100
AcDbEntity
  8
0
 62
     7
420
 15790320
370
     0
100
AcDbLine
 10
567.8792903798685
 20
347.715608880228
 30
0.0
 11
568.0073477560626
 21
347.0718209756615
 31
0.0
  0
LINE
  5
1D70
330
B31
100
AcDbEntity
  8
0
 62
     7
420
 15790320
370
     0
100
AcDbLine
 10
564.9525147240028
 20
351.0529568928185
 30
0.0
 11
565.5412223998546
 21
350.7626383952061
 31
0.0
  0
LINE
  5
1D71
330
B31
100
AcDbEntity
  8
0
 62
     7
420
 15790320
370
     0
100
AcDbLine
 10
24.75923712897202
 20
327.8498115241805
 30
0.0
 11
24.46891863135898
 21
328.4385192000257
 31
0.0
  0
LINE
  5
1D72
330
B31
100
AcDbEntity
  8
0
 62
     7
420
 15790320
370
     0
100
AcDbLine
 10
27.80626664394004
 20
351.263949904182
 30
0.0
 11
27.18470127585352
 21
351.0529568928185
 31
0.0
  0
LINE
  5
1D73
330
B31
100
AcDbEntity
  8
0
 62
     7
420
 15790320
370
     0
100
AcDbLine
 10
24.12986824380096
 20
329.7038724726842
 30
0.0
 11
24.0869376000046
 21
330.3588675241829
 31
0.0
  0
LINE
  5
1D74
330
B31
100
AcDbEntity
  8
0
 62
     7
420
 15790320
370
     0
100
AcDbLine
 10
27.18470127585352
 20
325.722736555527
 30
0.0
 11
26.59599360000721
 21
326.0130550531449
 31
0.0
  0
LINE
  5
1D75
330
B31
100
AcDbEntity
  8
0
 62
     7
420
 15790320
370
     0
100
AcDbLine
 10
24.75923712897202
 20
348.9258819241704
 30
0.0
 11
24.46891863135898
 21
348.3371742483253
 31
0.0
  0
LINE
  5
1D76
330
B31
100
AcDbEntity
  8
0
 62
     7
420
 15790320
370
     0
100
AcDbLine
 10
24.0869376000046
 20
340.3950915241808
 30
0.0
 11
24.0869376000046
 21
340.4658994538636
 31
0.0
  0
LINE
  5
1D77
330
B31
100
AcDbEntity
  8
0
 62
     7
420
 15790320
370
     0
100
AcDbLine
 10
24.46891863135898
 20
348.3371742483253
 30
0.0
 11
24.25792561999515
 21
347.715608880228
 31
0.0
  0
LINE
  5
1D78
330
B31
100
AcDbEntity
  8
0
 62
     7
420
 15790320
370
     0
100
AcDbLine
 10
24.0869376000046
 20
336.3097939944878
 30
0.0
 11
24.0869376000046
 21
336.380601924176
 31
0.0
  0
LINE
  5
1D79
330
B31
100
AcDbEntity
  8
0
 62
     7
420
 15790320
370
     0
100
AcDbLine
 10
25.12391368284625
 20
327.3040344921353
 30
0.0
 11
24.75923712897202
 21
327.8498115241805
 31
0.0
  0
LINE
  5
1D7A
330
B31
100
AcDbEntity
  8
0
 62
     7
420
 15790320
370
     0
100
AcDbLine
 10
26.59599360000721
 20
350.7626383952061
 30
0.0
 11
26.05021656795179
 21
350.3979618413252
 31
0.0
  0
LINE
  5
1D7B
330
B31
100
AcDbEntity
  8
0
 62
     7
420
 15790320
370
     0
100
AcDbLine
 10
24.25792561999515
 20
347.715608880228
 30
0.0
 11
24.12986824380096
 21
347.0718209756669
 31
0.0
  0
LINE
  5
1D7C
330
B31
100
AcDbEntity
  8
0
 62
     7
420
 15790320
370
     0
100
AcDbLine
 10
25.55670857603946
 20
349.9651669481279
 30
0.0
 11
25.12391368284625
 21
349.4716589562213
 31
0.0
  0
LINE
  5
1D7D
330
B31
100
AcDbEntity
  8
0
 62
     7
420
 15790320
370
     0
100
AcDbLine
 10
25.12391368284625
 20
349.4716589562213
 30
0.0
 11
24.75923712897202
 21
348.9258819241704
 31
0.0
  0
LINE
  5
1D7E
330
B31
100
AcDbEntity
  8
0
 62
     7
420
 15790320
370
     0
100
AcDbLine
 10
24.0869376000046
 20
346.4168259241683
 30
0.0
 11
24.12986824380096
 21
346.4168259241683
 31
0.0
  0
LINE
  5
1D7F
330
B31
100
AcDbEntity
  8
0
 62
     7
420
 15790320
370
     0
100
AcDbLine
 10
24.25792561999515
 20
346.4168259241683
 30
0.0
 11
24.46891863135898
 21
346.4168259241683
 31
0.0
  0
LINE
  5
1D80
330
B31
100
AcDbEntity
  8
0
 62
     7
420
 15790320
370
     0
100
AcDbLine
 10
28.45005454852253
 20
325.383686167984
 30
0.0
 11
27.80626664394004
 21
325.5117435441748
 31
0.0
  0
LINE
  5
1D81
330
B31
100
AcDbEntity
  8
0
 62
     7
420
 15790320
370
     0
100
AcDbLine
 10
29.10504960000253
 20
325.340755524184
 30
0.0
 11
28.45005454852253
 21
325.383686167984
 31
0.0
  0
LINE
  5
1D82
330
B31
100
AcDbEntity
  8
0
 62
     7
420
 15790320
370
     0
100
AcDbLine
 10
24.46891863135898
 20
328.4385192000257
 30
0.0
 11
24.25792561999515
 21
329.0600845681231
 31
0.0
  0
LINE
  5
1D83
330
B31
100
AcDbEntity
  8
0
 62
     7
420
 15790320
370
     0
100
AcDbLine
 10
26.59599360000721
 20
326.0130550531449
 30
0.0
 11
26.05021656795179
 21
326.3777316070257
 31
0.0
  0
LINE
  5
1D84
330
B31
100
AcDbEntity
  8
0
 62
     7
420
 15790320
370
     0
100
AcDbLine
 10
29.10504960000253
 20
351.4349379241726
 30
0.0
 11
32.11591679999219
 21
351.4349379241726
 31
0.0
  0
LINE
  5
1D85
330
B31
100
AcDbEntity
  8
0
 62
     7
420
 15790320
370
     0
100
AcDbLine
 10
24.0869376000046
 20
330.3588675241829
 30
0.0
 11
24.12986824380096
 21
330.3588675241829
 31
0.0
  0
LINE
  5
1D86
330
B31
100
AcDbEntity
  8
0
 62
     7
420
 15790320
370
     0
100
AcDbLine
 10
24.24664817368648
 20
330.3588675241829
 30
0.0
 11
24.46891863135898
 21
330.3588675241829
 31
0.0
  0
LINE
  5
1D87
330
B31
100
AcDbEntity
  8
0
 62
     7
420
 15790320
370
     0
100
AcDbLine
 10
24.12986824380096
 20
347.0718209756669
 30
0.0
 11
24.0869376000046
 21
346.4168259241683
 31
0.0
  0
LINE
  5
1D88
330
B31
100
AcDbEntity
  8
0
 62
     7
420
 15790320
370
     0
100
AcDbLine
 10
27.18470127585352
 20
351.0529568928185
 30
0.0
 11
26.59599360000721
 21
350.7626383952061
 31
0.0
  0
LINE
  5
1D89
330
B31
100
AcDbEntity
  8
0
 62
     7
420
 15790320
370
     0
100
AcDbLine
 10
27.80626664394004
 20
325.5117435441748
 30
0.0
 11
27.18470127585352
 21
325.722736555527
 31
0.0
  0
LINE
  5
1D8A
330
B31
100
AcDbEntity
  8
0
 62
     7
420
 15790320
370
     0
100
AcDbLine
 10
26.05021656795179
 20
350.3979618413252
 30
0.0
 11
25.55670857603946
 21
349.9651669481279
 31
0.0
  0
LINE
  5
1D8B
330
B31
100
AcDbEntity
  8
0
 62
     7
420
 15790320
370
     0
100
AcDbLine
 10
28.45005454852253
 20
351.3920072803671
 30
0.0
 11
27.80626664394004
 21
351.263949904182
 31
0.0
  0
LINE
  5
1D8C
330
B31
100
AcDbEntity
  8
0
 62
     7
420
 15790320
370
     0
100
AcDbLine
 10
26.05021656795179
 20
326.3777316070257
 30
0.0
 11
25.55670857603946
 21
326.8105265002291
 31
0.0
  0
LINE
  5
1D8D
330
B31
100
AcDbEntity
  8
0
 62
     7
420
 15790320
370
     0
100
AcDbLine
 10
29.10504960000253
 20
351.4349379241726
 30
0.0
 11
28.45005454852253
 21
351.3920072803671
 31
0.0
  0
LINE
  5
1D8E
330
B31
100
AcDbEntity
  8
0
 62
     7
420
 15790320
370
     0
100
AcDbLine
 10
24.25792561999515
 20
329.0600845681231
 30
0.0
 11
24.12986824380096
 21
329.7038724726842
 31
0.0
  0
LINE
  5
1D8F
330
B31
100
AcDbEntity
  8
0
 62
     7
420
 15790320
370
     0
100
AcDbLine
 10
25.55670857603946
 20
326.8105265002291
 30
0.0
 11
25.12391368284625
 21
327.3040344921353
 31
0.0
  0
LINE
  5
1D90
330
B31
100
AcDbEntity
  8
0
 62
     7
420
 15790320
370
     0
100
AcDbLine
 10
29.10504960000253
 20
325.340755524184
 30
0.0
 11
32.11591679999219
 21
325.340755524184
 31
0.0
  0
LINE
  5
1D91
330
B31
100
AcDbEntity
  8
0
 62
     7
420
 15790320
370
     0
100
AcDbLine
 10
33.41469975607288
 20
325.5117435441748
 30
0.0
 11
34.0362651241594
 21
325.722736555527
 31
0.0
  0
LINE
  5
1D92
330
B31
100
AcDbEntity
  8
0
 62
     7
420
 15790320
370
     0
100
AcDbLine
 10
34.62497279999479
 20
350.7626383952061
 30
0.0
 11
35.17074983205203
 21
350.3979618413252
 31
0.0
  0
LINE
  5
1D93
330
B31
100
AcDbEntity
  8
0
 62
     7
420
 15790320
370
     0
100
AcDbLine
 10
32.77091185149766
 20
351.3920072803671
 30
0.0
 11
33.41469975607288
 21
351.263949904182
 31
0.0
  0
LINE
  5
1D94
330
B31
100
AcDbEntity
  8
0
 62
     7
420
 15790320
370
     0
100
AcDbLine
 10
33.41469975607288
 20
351.263949904182
 30
0.0
 11
34.0362651241594
 21
351.0529568928185
 31
0.0
  0
LINE
  5
1D95
330
B31
100
AcDbEntity
  8
0
 62
     7
420
 15790320
370
     0
100
AcDbLine
 10
36.75204776865939
 20
328.4385192000257
 30
0.0
 11
36.96304078000503
 21
329.0600845681231
 31
0.0
  0
LINE
  5
1D96
330
B31
100
AcDbEntity
  8
0
 62
     7
420
 15790320
370
     0
100
AcDbLine
 10
36.75204776865939
 20
348.3371742483253
 30
0.0
 11
36.96304078000503
 21
347.715608880228
 31
0.0
  0
LINE
  5
1D97
330
B31
100
AcDbEntity
  8
0
 62
     7
420
 15790320
370
     0
100
AcDbLine
 10
35.17074983205203
 20
350.3979618413252
 30
0.0
 11
35.66425782395891
 21
349.9651669481279
 31
0.0
  0
LINE
  5
1D98
330
B31
100
AcDbEntity
  8
0
 62
     7
420
 15790320
370
     0
100
AcDbLine
 10
36.09705271715393
 20
349.4716589562213
 30
0.0
 11
36.46172927102998
 21
348.9258819241704
 31
0.0
  0
LINE
  5
1D99
330
B31
100
AcDbEntity
  8
0
 62
     7
420
 15790320
370
     0
100
AcDbLine
 10
36.46172927102998
 20
348.9258819241704
 30
0.0
 11
36.75204776865939
 21
348.3371742483253
 31
0.0
  0
LINE
  5
1D9A
330
B31
100
AcDbEntity
  8
0
 62
     7
420
 15790320
370
     0
100
AcDbLine
 10
37.09109815620286
 20
347.0718209756669
 30
0.0
 11
37.1340287999974
 21
346.4168259241683
 31
0.0
  0
LINE
  5
1D9B
330
B31
100
AcDbEntity
  8
0
 62
     7
420
 15790320
370
     0
100
AcDbLine
 10
37.1340287999974
 20
330.3588675241829
 30
0.0
 11
37.1340287999974
 21
330.6324483561668
 31
0.0
  0
LINE
  5
1D9C
330
B31
100
AcDbEntity
  8
0
 62
     7
420
 15790320
370
     0
100
AcDbLine
 10
34.0362651241594
 20
325.722736555527
 30
0.0
 11
34.62497279999479
 21
326.0130550531449
 31
0.0
  0
LINE
  5
1D9D
330
B31
100
AcDbEntity
  8
0
 62
     7
420
 15790320
370
     0
100
AcDbLine
 10
36.46172927102998
 20
327.8498115241805
 30
0.0
 11
36.75204776865939
 21
328.4385192000257
 31
0.0
  0
LINE
  5
1D9E
330
B31
100
AcDbEntity
  8
0
 62
     7
420
 15790320
370
     0
100
AcDbLine
 10
37.1340287999974
 20
336.3097939944878
 30
0.0
 11
37.1340287999974
 21
336.380601924176
 31
0.0
  0
LINE
  5
1D9F
330
B31
100
AcDbEntity
  8
0
 62
     7
420
 15790320
370
     0
100
AcDbLine
 10
37.1340287999974
 20
340.3950915241808
 30
0.0
 11
37.1340287999974
 21
340.4658994538636
 31
0.0
  0
LINE
  5
1DA0
330
B31
100
AcDbEntity
  8
0
 62
     7
420
 15790320
370
     0
100
AcDbLine
 10
37.1340287999974
 20
340.3266963161832
 30
0.0
 11
37.1340287999974
 21
340.3950915241808
 31
0.0
  0
LINE
  5
1DA1
330
B31
100
AcDbEntity
  8
0
 62
     7
420
 15790320
370
     0
100
AcDbLine
 10
37.1340287999974
 20
336.380601924176
 30
0.0
 11
37.1340287999974
 21
336.4489971321734
 31
0.0
  0
LINE
  5
1DA2
330
B31
100
AcDbEntity
  8
0
 62
     7
420
 15790320
370
     0
100
AcDbLine
 10
37.1340287999974
 20
340.3950915241808
 30
0.0
 11
37.09109815620286
 21
340.3950915241808
 31
0.0
  0
LINE
  5
1DA3
330
B31
100
AcDbEntity
  8
0
 62
     7
420
 15790320
370
     0
100
AcDbLine
 10
37.1340287999974
 20
336.380601924176
 30
0.0
 11
37.09109815620286
 21
336.380601924176
 31
0.0
  0
LINE
  5
1DA4
330
B31
100
AcDbEntity
  8
0
 62
     7
420
 15790320
370
     0
100
AcDbLine
 10
35.17074983205203
 20
326.3777316070257
 30
0.0
 11
35.66425782395891
 21
326.8105265002291
 31
0.0
  0
LINE
  5
1DA5
330
B31
100
AcDbEntity
  8
0
 62
     7
420
 15790320
370
     0
100
AcDbLine
 10
36.96304078000503
 20
329.0600845681231
 30
0.0
 11
37.09109815620286
 21
329.7038724726842
 31
0.0
  0
LINE
  5
1DA6
330
B31
100
AcDbEntity
  8
0
 62
     7
420
 15790320
370
     0
100
AcDbLine
 10
37.09109815620286
 20
329.7038724726842
 30
0.0
 11
37.1340287999974
 21
330.3588675241829
 31
0.0
  0
LINE
  5
1DA7
330
B31
100
AcDbEntity
  8
0
 62
     7
420
 15790320
370
     0
100
AcDbLine
 10
34.62497279999479
 20
326.0130550531449
 30
0.0
 11
35.17074983205203
 21
326.3777316070257
 31
0.0
  0
LINE
  5
1DA8
330
B31
100
AcDbEntity
  8
0
 62
     7
420
 15790320
370
     0
100
AcDbLine
 10
32.77091185149766
 20
325.383686167984
 30
0.0
 11
33.41469975607288
 21
325.5117435441748
 31
0.0
  0
LINE
  5
1DA9
330
B31
100
AcDbEntity
  8
0
 62
     7
420
 15790320
370
     0
100
AcDbLine
 10
37.1340287999974
 20
330.3588675241829
 30
0.0
 11
37.09109815620286
 21
330.3588675241829
 31
0.0
  0
LINE
  5
1DAA
330
B31
100
AcDbEntity
  8
0
 62
     7
420
 15790320
370
     0
100
AcDbLine
 10
36.97431822633189
 20
330.3588675241829
 30
0.0
 11
36.75204776865939
 21
330.3588675241829
 31
0.0
  0
LINE
  5
1DAB
330
B31
100
AcDbEntity
  8
0
 62
     7
420
 15790320
370
     0
100
AcDbLine
 10
37.1340287999974
 20
346.4168259241683
 30
0.0
 11
37.09109815620286
 21
346.4168259241683
 31
0.0
  0
LINE
  5
1DAC
330
B31
100
AcDbEntity
  8
0
 62
     7
420
 15790320
370
     0
100
AcDbLine
 10
36.97431822631552
 20
346.4168259241683
 30
0.0
 11
36.75204776865939
 21
346.4168259241683
 31
0.0
  0
LINE
  5
1DAD
330
B31
100
AcDbEntity
  8
0
 62
     7
420
 15790320
370
     0
100
AcDbLine
 10
32.11591679999219
 20
325.340755524184
 30
0.0
 11
32.77091185149766
 21
325.383686167984
 31
0.0
  0
LINE
  5
1DAE
330
B31
100
AcDbEntity
  8
0
 62
     7
420
 15790320
370
     0
100
AcDbLine
 10
35.66425782395891
 20
349.9651669481279
 30
0.0
 11
36.09705271715393
 21
349.4716589562213
 31
0.0
  0
LINE
  5
1DAF
330
B31
100
AcDbEntity
  8
0
 62
     7
420
 15790320
370
     0
100
AcDbLine
 10
32.11591679999219
 20
351.4349379241726
 30
0.0
 11
32.77091185149766
 21
351.3920072803671
 31
0.0
  0
LINE
  5
1DB0
330
B31
100
AcDbEntity
  8
0
 62
     7
420
 15790320
370
     0
100
AcDbLine
 10
36.09705271715393
 20
327.3040344921353
 30
0.0
 11
36.46172927102998
 21
327.8498115241805
 31
0.0
  0
LINE
  5
1DB1
330
B31
100
AcDbEntity
  8
0
 62
     7
420
 15790320
370
     0
100
AcDbLine
 10
36.96304078000503
 20
347.715608880228
 30
0.0
 11
37.09109815620286
 21
347.0718209756669
 31
0.0
  0
LINE
  5
1DB2
330
B31
100
AcDbEntity
  8
0
 62
     7
420
 15790320
370
     0
100
AcDbLine
 10
35.66425782395891
 20
326.8105265002291
 30
0.0
 11
36.09705271715393
 21
327.3040344921353
 31
0.0
  0
LINE
  5
1DB3
330
B31
100
AcDbEntity
  8
0
 62
     7
420
 15790320
370
     0
100
AcDbLine
 10
34.0362651241594
 20
351.0529568928185
 30
0.0
 11
34.62497279999479
 21
350.7626383952061
 31
0.0
  0
LINE
  5
1DB4
330
B31
100
AcDbEntity
  8
0
 62
     7
420
 15790320
370
     0
100
AcDbLine
 10
106.3316900470836
 20
135.9250417357693
 30
0.0
 11
105.8475808295043
 21
135.7245171321733
 31
0.0
  0
LINE
  5
1DB5
330
B31
100
AcDbEntity
  8
0
 62
     7
420
 15790320
370
     0
100
AcDbLine
 10
103.320822847063
 20
335.3769795241872
 30
0.0
 11
103.320822847063
 21
310.2864195241816
 31
0.0
  0
LINE
  5
1DB6
330
B31
100
AcDbEntity
  8
0
 62
     7
420
 15790320
370
     0
100
AcDbLine
 10
103.320822847063
 20
304.2646851241832
 30
0.0
 11
103.3208228470794
 21
159.536035101918
 31
0.0
  0
LINE
  5
1DB7
330
B31
100
AcDbEntity
  8
0
 62
     7
420
 15790320
370
     0
100
AcDbLine
 10
107.3353124470614
 20
335.3769795241872
 30
0.0
 11
107.3353124470614
 21
310.2864195241816
 31
0.0
  0
LINE
  5
1DB8
330
B31
100
AcDbEntity
  8
0
 62
     7
420
 15790320
370
     0
100
AcDbLine
 10
107.3353124470614
 20
304.2646851241832
 30
0.0
 11
107.3353124470614
 21
296.3941592825606
 31
0.0
  0
LINE
  5
1DB9
330
B31
100
AcDbEntity
  8
0
 62
     7
420
 15790320
370
     0
100
AcDbLine
 10
107.3353124470614
 20
284.9531932534203
 30
0.0
 11
107.3353124470832
 21
159.536035101918
 31
0.0
  0
LINE
  5
1DBA
330
B31
100
AcDbEntity
  8
0
 62
     7
420
 15790320
370
     0
100
AcDbLine
 10
105.8475808295043
 20
135.7245171321733
 30
0.0
 11
105.3280676470895
 21
135.6561219241871
 31
0.0
  0
LINE
  5
1DBB
330
B31
100
AcDbEntity
  8
0
 62
     7
420
 15790320
370
     0
100
AcDbLine
 10
107.2669172390979
 20
137.1438535417605
 30
0.0
 11
107.0663926354973
 21
136.6597443241815
 31
0.0
  0
LINE
  5
1DBC
330
B31
100
AcDbEntity
  8
0
 62
     7
420
 15790320
370
     0
100
AcDbLine
 10
107.3353124470832
 20
137.663366724181
 30
0.0
 11
107.2669172390979
 21
137.1438535417605
 31
0.0
  0
LINE
  5
1DBD
330
B31
100
AcDbEntity
  8
0
 62
     7
420
 15790320
370
     0
100
AcDbLine
 10
107.0663926354973
 20
136.6597443241815
 30
0.0
 11
106.7474040566649
 21
136.2440303145997
 31
0.0
  0
LINE
  5
1DBE
330
B31
100
AcDbEntity
  8
0
 62
     7
420
 15790320
370
     0
100
AcDbLine
 10
104.3244452470899
 20
135.9250417357636
 30
0.0
 11
103.9087312374977
 21
136.2440303146052
 31
0.0
  0
LINE
  5
1DBF
330
B31
100
AcDbEntity
  8
0
 62
     7
420
 15790320
370
     0
100
AcDbLine
 10
103.9087312374977
 20
136.2440303146052
 30
0.0
 11
103.5897426586652
 21
136.6597443241815
 31
0.0
  0
LINE
  5
1DC0
330
B31
100
AcDbEntity
  8
0
 62
     7
420
 15790320
370
     0
100
AcDbLine
 10
103.5897426586652
 20
136.6597443241815
 30
0.0
 11
103.3892180550829
 21
137.1438535417605
 31
0.0
  0
LINE
  5
1DC1
330
B31
100
AcDbEntity
  8
0
 62
     7
420
 15790320
370
     0
100
AcDbLine
 10
104.8085544646583
 20
135.7245171321733
 30
0.0
 11
104.3244452470899
 21
135.9250417357636
 31
0.0
  0
LINE
  5
1DC2
330
B31
100
AcDbEntity
  8
0
 62
     7
420
 15790320
370
     0
100
AcDbLine
 10
103.3892180550829
 20
137.1438535417605
 30
0.0
 11
103.3208228470794
 21
137.663366724181
 31
0.0
  0
LINE
  5
1DC3
330
B31
100
AcDbEntity
  8
0
 62
     7
420
 15790320
370
     0
100
AcDbLine
 10
103.3208228470794
 20
137.663366724181
 30
0.0
 11
103.3892180550829
 21
138.1828799066074
 31
0.0
  0
LINE
  5
1DC4
330
B31
100
AcDbEntity
  8
0
 62
     7
420
 15790320
370
     0
100
AcDbLine
 10
107.2669172390979
 20
138.1828799066074
 30
0.0
 11
107.3353124470832
 21
137.663366724181
 31
0.0
  0
LINE
  5
1DC5
330
B31
100
AcDbEntity
  8
0
 62
     7
420
 15790320
370
     0
100
AcDbLine
 10
106.7474040566649
 20
136.2440303145997
 30
0.0
 11
106.3316900470836
 21
135.9250417357693
 31
0.0
  0
LINE
  5
1DC6
330
B31
100
AcDbEntity
  8
0
 62
     7
420
 15790320
370
     0
100
AcDbLine
 10
555.6754867288336
 20
296.7375171241931
 30
0.0
 11
555.3851682312024
 21
297.3262248000383
 31
0.0
  0
LINE
  5
1DC7
330
B31
100
AcDbEntity
  8
0
 62
     7
420
 15790320
370
     0
100
AcDbLine
 10
558.7225162438053
 20
320.1516555041997
 30
0.0
 11
558.1009508756988
 21
319.9406624928361
 31
0.0
  0
LINE
  5
1DC8
330
B31
100
AcDbEntity
  8
0
 62
     7
420
 15790320
370
     0
100
AcDbLine
 10
555.0461178436608
 20
298.5915780727023
 30
0.0
 11
555.0031871998481
 21
299.2465731242007
 31
0.0
  0
LINE
  5
1DC9
330
B31
100
AcDbEntity
  8
0
 62
     7
420
 15790320
370
     0
100
AcDbLine
 10
558.1009508756988
 20
294.6104421555451
 30
0.0
 11
557.5122431998688
 21
294.9007606531627
 31
0.0
  0
LINE
  5
1DCA
330
B31
100
AcDbEntity
  8
0
 62
     7
420
 15790320
370
     0
100
AcDbLine
 10
555.6754867288336
 20
317.8135875241883
 30
0.0
 11
555.3851682312024
 21
317.2248798483431
 31
0.0
  0
LINE
  5
1DCB
330
B31
100
AcDbEntity
  8
0
 62
     7
420
 15790320
370
     0
100
AcDbLine
 10
555.0031871998481
 20
309.2827971241931
 30
0.0
 11
555.0461178436608
 21
309.2827971241931
 31
0.0
  0
LINE
  5
1DCC
330
B31
100
AcDbEntity
  8
0
 62
     7
420
 15790320
370
     0
100
AcDbLine
 10
555.3851682312024
 20
317.2248798483431
 30
0.0
 11
555.174175219855
 21
316.6033144802459
 31
0.0
  0
LINE
  5
1DCD
330
B31
100
AcDbEntity
  8
0
 62
     7
420
 15790320
370
     0
100
AcDbLine
 10
555.0031871998481
 20
305.3367027321915
 30
0.0
 11
555.0031871998481
 21
305.2683075241939
 31
0.0
  0
LINE
  5
1DCE
330
B31
100
AcDbEntity
  8
0
 62
     7
420
 15790320
370
     0
100
AcDbLine
 10
556.040163282706
 20
296.1917400921534
 30
0.0
 11
555.6754867288336
 21
296.7375171241931
 31
0.0
  0
LINE
  5
1DCF
330
B31
100
AcDbEntity
  8
0
 62
     7
420
 15790320
370
     0
100
AcDbLine
 10
555.0031871998481
 20
305.2683075241939
 30
0.0
 11
555.0461178436608
 21
305.2683075241939
 31
0.0
  0
LINE
  5
1DD0
330
B31
100
AcDbEntity
  8
0
 62
     7
420
 15790320
370
     0
100
AcDbLine
 10
557.5122431998688
 20
319.6503439952239
 30
0.0
 11
556.9664661678116
 21
319.2856674413431
 31
0.0
  0
LINE
  5
1DD1
330
B31
100
AcDbEntity
  8
0
 62
     7
420
 15790320
370
     0
100
AcDbLine
 10
555.174175219855
 20
316.6033144802459
 30
0.0
 11
555.0461178436608
 21
315.9595265756796
 31
0.0
  0
LINE
  5
1DD2
330
B31
100
AcDbEntity
  8
0
 62
     7
420
 15790320
370
     0
100
AcDbLine
 10
556.4729581759065
 20
318.8528725481396
 30
0.0
 11
556.040163282706
 21
318.3593645562335
 31
0.0
  0
LINE
  5
1DD3
330
B31
100
AcDbEntity
  8
0
 62
     7
420
 15790320
370
     0
100
AcDbLine
 10
556.040163282706
 20
318.3593645562335
 30
0.0
 11
555.6754867288336
 21
317.8135875241883
 31
0.0
  0
LINE
  5
1DD4
330
B31
100
AcDbEntity
  8
0
 62
     7
420
 15790320
370
     0
100
AcDbLine
 10
555.0031871998481
 20
315.3045315241862
 30
0.0
 11
555.0461178436608
 21
315.3045315241862
 31
0.0
  0
LINE
  5
1DD5
330
B31
100
AcDbEntity
  8
0
 62
     7
420
 15790320
370
     0
100
AcDbLine
 10
555.1628977735463
 20
315.3045315241862
 30
0.0
 11
555.3851682312024
 21
315.3045315241862
 31
0.0
  0
LINE
  5
1DD6
330
B31
100
AcDbEntity
  8
0
 62
     7
420
 15790320
370
     0
100
AcDbLine
 10
559.3663041483641
 20
294.2713917680021
 30
0.0
 11
558.7225162438053
 21
294.3994491441872
 31
0.0
  0
LINE
  5
1DD7
330
B31
100
AcDbEntity
  8
0
 62
     7
420
 15790320
370
     0
100
AcDbLine
 10
560.0212991998496
 20
294.2284611241967
 30
0.0
 11
559.3663041483641
 21
294.2713917680021
 31
0.0
  0
LINE
  5
1DD8
330
B31
100
AcDbEntity
  8
0
 62
     7
420
 15790320
370
     0
100
AcDbLine
 10
555.3851682312024
 20
297.3262248000383
 30
0.0
 11
555.174175219855
 21
297.947790168141
 31
0.0
  0
LINE
  5
1DD9
330
B31
100
AcDbEntity
  8
0
 62
     7
420
 15790320
370
     0
100
AcDbLine
 10
557.5122431998688
 20
294.9007606531627
 30
0.0
 11
556.9664661678116
 21
295.2654372070437
 31
0.0
  0
LINE
  5
1DDA
330
B31
100
AcDbEntity
  8
0
 62
     7
420
 15790320
370
     0
100
AcDbLine
 10
560.0212991998496
 20
320.322643524185
 30
0.0
 11
563.0321663998593
 21
320.322643524185
 31
0.0
  0
LINE
  5
1DDB
330
B31
100
AcDbEntity
  8
0
 62
     7
420
 15790320
370
     0
100
AcDbLine
 10
555.0031871998481
 20
299.2465731242007
 30
0.0
 11
555.0461178436608
 21
299.2465731242007
 31
0.0
  0
LINE
  5
1DDC
330
B31
100
AcDbEntity
  8
0
 62
     7
420
 15790320
370
     0
100
AcDbLine
 10
555.1628977735463
 20
299.2465731242007
 30
0.0
 11
555.3851682312024
 21
299.2465731242007
 31
0.0
  0
LINE
  5
1DDD
330
B31
100
AcDbEntity
  8
0
 62
     7
420
 15790320
370
     0
100
AcDbLine
 10
555.0461178436608
 20
315.9595265756796
 30
0.0
 11
555.0031871998481
 21
315.3045315241862
 31
0.0
  0
LINE
  5
1DDE
330
B31
100
AcDbEntity
  8
0
 62
     7
420
 15790320
370
     0
100
AcDbLine
 10
558.1009508756988
 20
319.9406624928361
 30
0.0
 11
557.5122431998688
 21
319.6503439952239
 31
0.0
  0
LINE
  5
1DDF
330
B31
100
AcDbEntity
  8
0
 62
     7
420
 15790320
370
     0
100
AcDbLine
 10
558.7225162438053
 20
294.3994491441872
 30
0.0
 11
558.1009508756988
 21
294.6104421555451
 31
0.0
  0
LINE
  5
1DE0
330
B31
100
AcDbEntity
  8
0
 62
     7
420
 15790320
370
     0
100
AcDbLine
 10
556.9664661678116
 20
319.2856674413431
 30
0.0
 11
556.4729581759065
 21
318.8528725481396
 31
0.0
  0
LINE
  5
1DE1
330
B31
100
AcDbEntity
  8
0
 62
     7
420
 15790320
370
     0
100
AcDbLine
 10
559.3663041483641
 20
320.279712880385
 30
0.0
 11
558.7225162438053
 21
320.1516555041997
 31
0.0
  0
LINE
  5
1DE2
330
B31
100
AcDbEntity
  8
0
 62
     7
420
 15790320
370
     0
100
AcDbLine
 10
556.9664661678116
 20
295.2654372070437
 30
0.0
 11
556.4729581759065
 21
295.698232100247
 31
0.0
  0
LINE
  5
1DE3
330
B31
100
AcDbEntity
  8
0
 62
     7
420
 15790320
370
     0
100
AcDbLine
 10
560.0212991998496
 20
320.322643524185
 30
0.0
 11
559.3663041483641
 21
320.279712880385
 31
0.0
  0
LINE
  5
1DE4
330
B31
100
AcDbEntity
  8
0
 62
     7
420
 15790320
370
     0
100
AcDbLine
 10
555.174175219855
 20
297.947790168141
 30
0.0
 11
555.0461178436608
 21
298.5915780727023
 31
0.0
  0
LINE
  5
1DE5
330
B31
100
AcDbEntity
  8
0
 62
     7
420
 15790320
370
     0
100
AcDbLine
 10
556.4729581759065
 20
295.698232100247
 30
0.0
 11
556.040163282706
 21
296.1917400921534
 31
0.0
  0
LINE
  5
1DE6
330
B31
100
AcDbEntity
  8
0
 62
     7
420
 15790320
370
     0
100
AcDbLine
 10
560.0212991998496
 20
294.2284611241967
 30
0.0
 11
563.0321663998593
 21
294.2284611241967
 31
0.0
  0
LINE
  5
1DE7
330
B31
100
AcDbEntity
  8
0
 62
     7
420
 15790320
370
     0
100
AcDbLine
 10
564.3309493559181
 20
294.3994491441872
 30
0.0
 11
564.9525147240028
 21
294.6104421555451
 31
0.0
  0
LINE
  5
1DE8
330
B31
100
AcDbEntity
  8
0
 62
     7
420
 15790320
370
     0
100
AcDbLine
 10
565.5412223998546
 20
319.6503439952239
 30
0.0
 11
566.0869994319118
 21
319.2856674413431
 31
0.0
  0
LINE
  5
1DE9
330
B31
100
AcDbEntity
  8
0
 62
     7
420
 15790320
370
     0
100
AcDbLine
 10
563.6871614513556
 20
320.279712880385
 30
0.0
 11
564.3309493559181
 21
320.1516555041997
 31
0.0
  0
LINE
  5
1DEA
330
B31
100
AcDbEntity
  8
0
 62
     7
420
 15790320
370
     0
100
AcDbLine
 10
564.3309493559181
 20
320.1516555041997
 30
0.0
 11
564.9525147240028
 21
319.9406624928361
 31
0.0
  0
LINE
  5
1DEB
330
B31
100
AcDbEntity
  8
0
 62
     7
420
 15790320
370
     0
100
AcDbLine
 10
567.6682973685173
 20
297.3262248000383
 30
0.0
 11
567.8792903798685
 21
297.947790168141
 31
0.0
  0
LINE
  5
1DEC
330
B31
100
AcDbEntity
  8
0
 62
     7
420
 15790320
370
     0
100
AcDbLine
 10
567.6682973685173
 20
317.2248798483431
 30
0.0
 11
567.8792903798685
 21
316.6033144802459
 31
0.0
  0
LINE
  5
1DED
330
B31
100
AcDbEntity
  8
0
 62
     7
420
 15790320
370
     0
100
AcDbLine
 10
566.0869994319118
 20
319.2856674413431
 30
0.0
 11
566.5805074238169
 21
318.8528725481396
 31
0.0
  0
LINE
  5
1DEE
330
B31
100
AcDbEntity
  8
0
 62
     7
420
 15790320
370
     0
100
AcDbLine
 10
567.0133023170137
 20
318.3593645562335
 30
0.0
 11
567.3779788709079
 21
317.8135875241883
 31
0.0
  0
LINE
  5
1DEF
330
B31
100
AcDbEntity
  8
0
 62
     7
420
 15790320
370
     0
100
AcDbLine
 10
567.3779788709079
 20
317.8135875241883
 30
0.0
 11
567.6682973685173
 21
317.2248798483431
 31
0.0
  0
LINE
  5
1DF0
330
B31
100
AcDbEntity
  8
0
 62
     7
420
 15790320
370
     0
100
AcDbLine
 10
568.0073477560626
 20
315.9595265756796
 30
0.0
 11
568.0502783998572
 21
315.3045315243189
 31
0.0
  0
LINE
  5
1DF1
330
B31
100
AcDbEntity
  8
0
 62
     7
420
 15790320
370
     0
100
AcDbLine
 10
564.9525147240028
 20
294.6104421555451
 30
0.0
 11
565.5412223998546
 21
294.9007606531627
 31
0.0
  0
LINE
  5
1DF2
330
B31
100
AcDbEntity
  8
0
 62
     7
420
 15790320
370
     0
100
AcDbLine
 10
567.3779788709079
 20
296.7375171241931
 30
0.0
 11
567.6682973685173
 21
297.3262248000383
 31
0.0
  0
LINE
  5
1DF3
330
B31
100
AcDbEntity
  8
0
 62
     7
420
 15790320
370
     0
100
AcDbLine
 10
566.0869994319118
 20
295.2654372070437
 30
0.0
 11
566.5805074238169
 21
295.698232100247
 31
0.0
  0
LINE
  5
1DF4
330
B31
100
AcDbEntity
  8
0
 62
     7
420
 15790320
370
     0
100
AcDbLine
 10
567.8792903798685
 20
297.947790168141
 30
0.0
 11
568.0073477560626
 21
298.5915780727023
 31
0.0
  0
LINE
  5
1DF5
330
B31
100
AcDbEntity
  8
0
 62
     7
420
 15790320
370
     0
100
AcDbLine
 10
568.0073477560626
 20
298.5915780727023
 30
0.0
 11
568.0502783998572
 21
299.2465731242007
 31
0.0
  0
LINE
  5
1DF6
330
B31
100
AcDbEntity
  8
0
 62
     7
420
 15790320
370
     0
100
AcDbLine
 10
565.5412223998546
 20
294.9007606531627
 30
0.0
 11
566.0869994319118
 21
295.2654372070437
 31
0.0
  0
LINE
  5
1DF7
330
B31
100
AcDbEntity
  8
0
 62
     7
420
 15790320
370
     0
100
AcDbLine
 10
563.6871614513556
 20
294.2713917680021
 30
0.0
 11
564.3309493559181
 21
294.3994491441872
 31
0.0
  0
LINE
  5
1DF8
330
B31
100
AcDbEntity
  8
0
 62
     7
420
 15790320
370
     0
100
AcDbLine
 10
568.0502783998572
 20
299.2465731242007
 30
0.0
 11
568.0073477560626
 21
299.2465731242007
 31
0.0
  0
LINE
  5
1DF9
330
B31
100
AcDbEntity
  8
0
 62
     7
420
 15790320
370
     0
100
AcDbLine
 10
567.8905678261917
 20
299.2465731242007
 30
0.0
 11
567.6682973685173
 21
299.2465731242007
 31
0.0
  0
LINE
  5
1DFA
330
B31
100
AcDbEntity
  8
0
 62
     7
420
 15790320
370
     0
100
AcDbLine
 10
568.0502783998572
 20
315.3045315243189
 30
0.0
 11
568.0073477560626
 21
315.3045315241862
 31
0.0
  0
LINE
  5
1DFB
330
B31
100
AcDbEntity
  8
0
 62
     7
420
 15790320
370
     0
100
AcDbLine
 10
567.8905678261917
 20
315.3045315241862
 30
0.0
 11
567.6682973685173
 21
315.3045315241862
 31
0.0
  0
LINE
  5
1DFC
330
B31
100
AcDbEntity
  8
0
 62
     7
420
 15790320
370
     0
100
AcDbLine
 10
563.0321663998593
 20
294.2284611241967
 30
0.0
 11
563.6871614513556
 21
294.2713917680021
 31
0.0
  0
LINE
  5
1DFD
330
B31
100
AcDbEntity
  8
0
 62
     7
420
 15790320
370
     0
100
AcDbLine
 10
566.5805074238169
 20
318.8528725481396
 30
0.0
 11
567.0133023170137
 21
318.3593645562335
 31
0.0
  0
LINE
  5
1DFE
330
B31
100
AcDbEntity
  8
0
 62
     7
420
 15790320
370
     0
100
AcDbLine
 10
563.0321663998593
 20
320.322643524185
 30
0.0
 11
563.6871614513556
 21
320.279712880385
 31
0.0
  0
LINE
  5
1DFF
330
B31
100
AcDbEntity
  8
0
 62
     7
420
 15790320
370
     0
100
AcDbLine
 10
567.0133023170137
 20
296.1917400921534
 30
0.0
 11
567.3779788709079
 21
296.7375171241931
 31
0.0
  0
LINE
  5
1E00
330
B31
100
AcDbEntity
  8
0
 62
     7
420
 15790320
370
     0
100
AcDbLine
 10
567.8792903798685
 20
316.6033144802459
 30
0.0
 11
568.0073477560626
 21
315.9595265756796
 31
0.0
  0
LINE
  5
1E01
330
B31
100
AcDbEntity
  8
0
 62
     7
420
 15790320
370
     0
100
AcDbLine
 10
566.5805074238169
 20
295.698232100247
 30
0.0
 11
567.0133023170137
 21
296.1917400921534
 31
0.0
  0
LINE
  5
1E02
330
B31
100
AcDbEntity
  8
0
 62
     7
420
 15790320
370
     0
100
AcDbLine
 10
564.9525147240028
 20
319.9406624928361
 30
0.0
 11
565.5412223998546
 21
319.6503439952239
 31
0.0
  0
LINE
  5
1E03
330
B31
100
AcDbEntity
  8
0
 62
     7
420
 15790320
370
     0
100
AcDbLine
 10
27.80626664394004
 20
320.1516555041944
 30
0.0
 11
27.18470127585352
 21
319.9406624928308
 31
0.0
  0
LINE
  5
1E04
330
B31
100
AcDbEntity
  8
0
 62
     7
420
 15790320
370
     0
100
AcDbLine
 10
24.12986824380096
 20
298.5915780727023
 30
0.0
 11
24.0869376000046
 21
299.2465731241953
 31
0.0
  0
LINE
  5
1E05
330
B31
100
AcDbEntity
  8
0
 62
     7
420
 15790320
370
     0
100
AcDbLine
 10
24.75923712897202
 20
317.8135875241828
 30
0.0
 11
24.46891863135898
 21
317.2248798483376
 31
0.0
  0
LINE
  5
1E06
330
B31
100
AcDbEntity
  8
0
 62
     7
420
 15790320
370
     0
100
AcDbLine
 10
24.0869376000046
 20
309.2827971241875
 30
0.0
 11
24.0869376000046
 21
309.353605053876
 31
0.0
  0
LINE
  5
1E07
330
B31
100
AcDbEntity
  8
0
 62
     7
420
 15790320
370
     0
100
AcDbLine
 10
24.46891863135898
 20
317.2248798483376
 30
0.0
 11
24.25792561999515
 21
316.6033144802404
 31
0.0
  0
LINE
  5
1E08
330
B31
100
AcDbEntity
  8
0
 62
     7
420
 15790320
370
     0
100
AcDbLine
 10
26.59599360000721
 20
319.6503439952187
 30
0.0
 11
26.05021656795179
 21
319.2856674413377
 31
0.0
  0
LINE
  5
1E09
330
B31
100
AcDbEntity
  8
0
 62
     7
420
 15790320
370
     0
100
AcDbLine
 10
24.25792561999515
 20
316.6033144802404
 30
0.0
 11
24.12986824380096
 21
315.9595265756796
 31
0.0
  0
LINE
  5
1E0A
330
B31
100
AcDbEntity
  8
0
 62
     7
420
 15790320
370
     0
100
AcDbLine
 10
25.55670857603946
 20
318.8528725481396
 30
0.0
 11
25.12391368284625
 21
318.3593645562282
 31
0.0
  0
LINE
  5
1E0B
330
B31
100
AcDbEntity
  8
0
 62
     7
420
 15790320
370
     0
100
AcDbLine
 10
25.12391368284625
 20
318.3593645562282
 30
0.0
 11
24.75923712897202
 21
317.8135875241828
 31
0.0
  0
LINE
  5
1E0C
330
B31
100
AcDbEntity
  8
0
 62
     7
420
 15790320
370
     0
100
AcDbLine
 10
24.0869376000046
 20
315.3045315241807
 30
0.0
 11
24.12986824380096
 21
315.3045315241807
 31
0.0
  0
LINE
  5
1E0D
330
B31
100
AcDbEntity
  8
0
 62
     7
420
 15790320
370
     0
100
AcDbLine
 10
24.25792561999515
 20
315.3045315241807
 30
0.0
 11
24.46891863135898
 21
315.3045315241807
 31
0.0
  0
LINE
  5
1E0E
330
B31
100
AcDbEntity
  8
0
 62
     7
420
 15790320
370
     0
100
AcDbLine
 10
24.46891863135898
 20
297.3262248000383
 30
0.0
 11
24.25792561999515
 21
297.9477901681353
 31
0.0
  0
LINE
  5
1E0F
330
B31
100
AcDbEntity
  8
0
 62
     7
420
 15790320
370
     0
100
AcDbLine
 10
24.0869376000046
 20
299.2465731241953
 30
0.0
 11
24.12986824380096
 21
299.2465731241953
 31
0.0
  0
LINE
  5
1E10
330
B31
100
AcDbEntity
  8
0
 62
     7
420
 15790320
370
     0
100
AcDbLine
 10
24.25792561999515
 20
299.2465731241953
 30
0.0
 11
24.46891863135898
 21
299.2465731241953
 31
0.0
  0
LINE
  5
1E11
330
B31
100
AcDbEntity
  8
0
 62
     7
420
 15790320
370
     0
100
AcDbLine
 10
24.12986824380096
 20
315.9595265756796
 30
0.0
 11
24.0869376000046
 21
315.3045315241807
 31
0.0
  0
LINE
  5
1E12
330
B31
100
AcDbEntity
  8
0
 62
     7
420
 15790320
370
     0
100
AcDbLine
 10
27.18470127585352
 20
319.9406624928308
 30
0.0
 11
26.59599360000721
 21
319.6503439952187
 31
0.0
  0
LINE
  5
1E13
330
B31
100
AcDbEntity
  8
0
 62
     7
420
 15790320
370
     0
100
AcDbLine
 10
26.05021656795179
 20
319.2856674413377
 30
0.0
 11
25.55670857603946
 21
318.8528725481396
 31
0.0
  0
LINE
  5
1E14
330
B31
100
AcDbEntity
  8
0
 62
     7
420
 15790320
370
     0
100
AcDbLine
 10
28.45005454852253
 20
320.2797128803795
 30
0.0
 11
27.80626664394004
 21
320.1516555041944
 31
0.0
  0
LINE
  5
1E15
330
B31
100
AcDbEntity
  8
0
 62
     7
420
 15790320
370
     0
100
AcDbLine
 10
29.10504960000253
 20
320.322643524185
 30
0.0
 11
28.45005454852253
 21
320.2797128803795
 31
0.0
  0
LINE
  5
1E16
330
B31
100
AcDbEntity
  8
0
 62
     7
420
 15790320
370
     0
100
AcDbLine
 10
29.10504960000253
 20
294.2284611241967
 30
0.0
 11
32.11591679999219
 21
294.2284611241967
 31
0.0
  0
LINE
  5
1E17
330
B31
100
AcDbEntity
  8
0
 62
     7
420
 15790320
370
     0
100
AcDbLine
 10
33.41469975607288
 20
294.3994491441872
 30
0.0
 11
34.0362651241594
 21
294.6104421555396
 31
0.0
  0
LINE
  5
1E18
330
B31
100
AcDbEntity
  8
0
 62
     7
420
 15790320
370
     0
100
AcDbLine
 10
36.75204776865939
 20
297.3262248000383
 30
0.0
 11
36.96304078000503
 21
297.9477901681353
 31
0.0
  0
LINE
  5
1E19
330
B31
100
AcDbEntity
  8
0
 62
     7
420
 15790320
370
     0
100
AcDbLine
 10
36.75204776865939
 20
317.2248798483376
 30
0.0
 11
36.96304078000503
 21
316.6033144802404
 31
0.0
  0
LINE
  5
1E1A
330
B31
100
AcDbEntity
  8
0
 62
     7
420
 15790320
370
     0
100
AcDbLine
 10
37.09109815620286
 20
315.9595265756796
 30
0.0
 11
37.1340287999974
 21
315.3045315241807
 31
0.0
  0
LINE
  5
1E1B
330
B31
100
AcDbEntity
  8
0
 62
     7
420
 15790320
370
     0
100
AcDbLine
 10
34.0362651241594
 20
294.6104421555396
 30
0.0
 11
34.62497279999479
 21
294.9007606531572
 31
0.0
  0
LINE
  5
1E1C
330
B31
100
AcDbEntity
  8
0
 62
     7
420
 15790320
370
     0
100
AcDbLine
 10
36.46172927102998
 20
296.7375171241931
 30
0.0
 11
36.75204776865939
 21
297.3262248000383
 31
0.0
  0
LINE
  5
1E1D
330
B31
100
AcDbEntity
  8
0
 62
     7
420
 15790320
370
     0
100
AcDbLine
 10
37.1340287999974
 20
315.3045315241807
 30
0.0
 11
37.1340287999974
 21
315.0309506922022
 31
0.0
  0
LINE
  5
1E1E
330
B31
100
AcDbEntity
  8
0
 62
     7
420
 15790320
370
     0
100
AcDbLine
 10
37.1340287999974
 20
309.353605053876
 30
0.0
 11
37.1340287999974
 21
309.2827971241875
 31
0.0
  0
LINE
  5
1E1F
330
B31
100
AcDbEntity
  8
0
 62
     7
420
 15790320
370
     0
100
AcDbLine
 10
37.1340287999974
 20
305.2683075241885
 30
0.0
 11
37.1340287999974
 21
305.1974995945002
 31
0.0
  0
LINE
  5
1E20
330
B31
100
AcDbEntity
  8
0
 62
     7
420
 15790320
370
     0
100
AcDbLine
 10
37.1340287999974
 20
309.2827971241875
 30
0.0
 11
37.09109815620286
 21
309.2827971241875
 31
0.0
  0
LINE
  5
1E21
330
B31
100
AcDbEntity
  8
0
 62
     7
420
 15790320
370
     0
100
AcDbLine
 10
35.17074983205203
 20
295.2654372070326
 30
0.0
 11
35.66425782395891
 21
295.6982321002415
 31
0.0
  0
LINE
  5
1E22
330
B31
100
AcDbEntity
  8
0
 62
     7
420
 15790320
370
     0
100
AcDbLine
 10
36.96304078000503
 20
297.9477901681353
 30
0.0
 11
37.09109815620286
 21
298.5915780726966
 31
0.0
  0
LINE
  5
1E23
330
B31
100
AcDbEntity
  8
0
 62
     7
420
 15790320
370
     0
100
AcDbLine
 10
37.09109815620286
 20
298.5915780726966
 30
0.0
 11
37.1340287999974
 21
299.2465731241953
 31
0.0
  0
LINE
  5
1E24
330
B31
100
AcDbEntity
  8
0
 62
     7
420
 15790320
370
     0
100
AcDbLine
 10
34.62497279999479
 20
294.9007606531572
 30
0.0
 11
35.17074983205203
 21
295.2654372070326
 31
0.0
  0
LINE
  5
1E25
330
B31
100
AcDbEntity
  8
0
 62
     7
420
 15790320
370
     0
100
AcDbLine
 10
32.77091185149766
 20
294.2713917679964
 30
0.0
 11
33.41469975607288
 21
294.3994491441872
 31
0.0
  0
LINE
  5
1E26
330
B31
100
AcDbEntity
  8
0
 62
     7
420
 15790320
370
     0
100
AcDbLine
 10
37.1340287999974
 20
299.2465731241953
 30
0.0
 11
37.09109815620286
 21
299.2465731241953
 31
0.0
  0
LINE
  5
1E27
330
B31
100
AcDbEntity
  8
0
 62
     7
420
 15790320
370
     0
100
AcDbLine
 10
36.96304078000503
 20
299.2465731241953
 30
0.0
 11
36.75204776865939
 21
299.2465731241953
 31
0.0
  0
LINE
  5
1E28
330
B31
100
AcDbEntity
  8
0
 62
     7
420
 15790320
370
     0
100
AcDbLine
 10
37.1340287999974
 20
315.3045315241807
 30
0.0
 11
37.09109815620286
 21
315.3045315241807
 31
0.0
  0
LINE
  5
1E29
330
B31
100
AcDbEntity
  8
0
 62
     7
420
 15790320
370
     0
100
AcDbLine
 10
36.96304078000503
 20
315.3045315241807
 30
0.0
 11
36.75204776865939
 21
315.3045315241807
 31
0.0
  0
LINE
  5
1E2A
330
B31
100
AcDbEntity
  8
0
 62
     7
420
 15790320
370
     0
100
AcDbLine
 10
32.11591679999219
 20
294.2284611241967
 30
0.0
 11
32.77091185149766
 21
294.2713917679964
 31
0.0
  0
LINE
  5
1E2B
330
B31
100
AcDbEntity
  8
0
 62
     7
420
 15790320
370
     0
100
AcDbLine
 10
36.09705271715393
 20
296.1917400921479
 30
0.0
 11
36.46172927102998
 21
296.7375171241931
 31
0.0
  0
LINE
  5
1E2C
330
B31
100
AcDbEntity
  8
0
 62
     7
420
 15790320
370
     0
100
AcDbLine
 10
35.66425782395891
 20
295.6982321002415
 30
0.0
 11
36.09705271715393
 21
296.1917400921479
 31
0.0
  0
LINE
  5
1E2D
330
B31
100
AcDbEntity
  8
0
 62
     7
420
 15790320
370
     0
100
AcDbLine
 10
24.75923712897202
 20
296.7375171241931
 30
0.0
 11
24.46891863135898
 21
297.3262248000383
 31
0.0
  0
LINE
  5
1E2E
330
B31
100
AcDbEntity
  8
0
 62
     7
420
 15790320
370
     0
100
AcDbLine
 10
27.18470127585352
 20
294.6104421555396
 30
0.0
 11
26.59599360000721
 21
294.9007606531572
 31
0.0
  0
LINE
  5
1E2F
330
B31
100
AcDbEntity
  8
0
 62
     7
420
 15790320
370
     0
100
AcDbLine
 10
25.12391368284625
 20
296.1917400921479
 30
0.0
 11
24.75923712897202
 21
296.7375171241931
 31
0.0
  0
LINE
  5
1E30
330
B31
100
AcDbEntity
  8
0
 62
     7
420
 15790320
370
     0
100
AcDbLine
 10
28.45005454852253
 20
294.2713917679964
 30
0.0
 11
27.80626664394004
 21
294.3994491441872
 31
0.0
  0
LINE
  5
1E31
330
B31
100
AcDbEntity
  8
0
 62
     7
420
 15790320
370
     0
100
AcDbLine
 10
29.10504960000253
 20
294.2284611241967
 30
0.0
 11
28.45005454852253
 21
294.2713917679964
 31
0.0
  0
LINE
  5
1E32
330
B31
100
AcDbEntity
  8
0
 62
     7
420
 15790320
370
     0
100
AcDbLine
 10
26.59599360000721
 20
294.9007606531572
 30
0.0
 11
26.05021656795179
 21
295.2654372070383
 31
0.0
  0
LINE
  5
1E33
330
B31
100
AcDbEntity
  8
0
 62
     7
420
 15790320
370
     0
100
AcDbLine
 10
29.10504960000253
 20
320.322643524185
 30
0.0
 11
32.11591679999219
 21
320.322643524185
 31
0.0
  0
LINE
  5
1E34
330
B31
100
AcDbEntity
  8
0
 62
     7
420
 15790320
370
     0
100
AcDbLine
 10
27.80626664394004
 20
294.3994491441872
 30
0.0
 11
27.18470127585352
 21
294.6104421555396
 31
0.0
  0
LINE
  5
1E35
330
B31
100
AcDbEntity
  8
0
 62
     7
420
 15790320
370
     0
100
AcDbLine
 10
26.05021656795179
 20
295.2654372070383
 30
0.0
 11
25.55670857603946
 21
295.6982321002415
 31
0.0
  0
LINE
  5
1E36
330
B31
100
AcDbEntity
  8
0
 62
     7
420
 15790320
370
     0
100
AcDbLine
 10
24.25792561999515
 20
297.9477901681353
 30
0.0
 11
24.12986824380096
 21
298.5915780727023
 31
0.0
  0
LINE
  5
1E37
330
B31
100
AcDbEntity
  8
0
 62
     7
420
 15790320
370
     0
100
AcDbLine
 10
25.55670857603946
 20
295.6982321002415
 30
0.0
 11
25.12391368284625
 21
296.1917400921479
 31
0.0
  0
LINE
  5
1E38
330
B31
100
AcDbEntity
  8
0
 62
     7
420
 15790320
370
     0
100
AcDbLine
 10
34.62497279999479
 20
319.6503439952187
 30
0.0
 11
35.17074983205203
 21
319.2856674413377
 31
0.0
  0
LINE
  5
1E39
330
B31
100
AcDbEntity
  8
0
 62
     7
420
 15790320
370
     0
100
AcDbLine
 10
32.77091185149766
 20
320.2797128803795
 30
0.0
 11
33.41469975607288
 21
320.1516555041944
 31
0.0
  0
LINE
  5
1E3A
330
B31
100
AcDbEntity
  8
0
 62
     7
420
 15790320
370
     0
100
AcDbLine
 10
33.41469975607288
 20
320.1516555041944
 30
0.0
 11
34.0362651241594
 21
319.9406624928308
 31
0.0
  0
LINE
  5
1E3B
330
B31
100
AcDbEntity
  8
0
 62
     7
420
 15790320
370
     0
100
AcDbLine
 10
35.17074983205203
 20
319.2856674413377
 30
0.0
 11
35.66425782395891
 21
318.8528725481396
 31
0.0
  0
LINE
  5
1E3C
330
B31
100
AcDbEntity
  8
0
 62
     7
420
 15790320
370
     0
100
AcDbLine
 10
36.09705271715393
 20
318.3593645562282
 30
0.0
 11
36.46172927102998
 21
317.8135875241828
 31
0.0
  0
LINE
  5
1E3D
330
B31
100
AcDbEntity
  8
0
 62
     7
420
 15790320
370
     0
100
AcDbLine
 10
36.46172927102998
 20
317.8135875241828
 30
0.0
 11
36.75204776865939
 21
317.2248798483376
 31
0.0
  0
LINE
  5
1E3E
330
B31
100
AcDbEntity
  8
0
 62
     7
420
 15790320
370
     0
100
AcDbLine
 10
37.1340287999974
 20
309.2144019161901
 30
0.0
 11
37.1340287999974
 21
309.2827971241875
 31
0.0
  0
LINE
  5
1E3F
330
B31
100
AcDbEntity
  8
0
 62
     7
420
 15790320
370
     0
100
AcDbLine
 10
37.1340287999974
 20
305.2683075241885
 30
0.0
 11
37.1340287999974
 21
305.3367027321858
 31
0.0
  0
LINE
  5
1E40
330
B31
100
AcDbEntity
  8
0
 62
     7
420
 15790320
370
     0
100
AcDbLine
 10
37.1340287999974
 20
305.2683075241885
 30
0.0
 11
37.09109815620286
 21
305.2683075241885
 31
0.0
  0
LINE
  5
1E41
330
B31
100
AcDbEntity
  8
0
 62
     7
420
 15790320
370
     0
100
AcDbLine
 10
35.66425782395891
 20
318.8528725481396
 30
0.0
 11
36.09705271715393
 21
318.3593645562282
 31
0.0
  0
LINE
  5
1E42
330
B31
100
AcDbEntity
  8
0
 62
     7
420
 15790320
370
     0
100
AcDbLine
 10
32.11591679999219
 20
320.322643524185
 30
0.0
 11
32.77091185149766
 21
320.2797128803795
 31
0.0
  0
LINE
  5
1E43
330
B31
100
AcDbEntity
  8
0
 62
     7
420
 15790320
370
     0
100
AcDbLine
 10
36.96304078000503
 20
316.6033144802404
 30
0.0
 11
37.09109815620286
 21
315.9595265756796
 31
0.0
  0
LINE
  5
1E44
330
B31
100
AcDbEntity
  8
0
 62
     7
420
 15790320
370
     0
100
AcDbLine
 10
34.0362651241594
 20
319.9406624928308
 30
0.0
 11
34.62497279999479
 21
319.6503439952187
 31
0.0
  0
LINE
  5
1E45
330
B31
100
AcDbEntity
  8
0
 62
     7
420
 15790320
370
     0
100
AcDbLine
 10
555.0031871998481
 20
305.1974995945057
 30
0.0
 11
555.0031871998481
 21
305.2683075241939
 31
0.0
  0
LINE
  5
1E46
330
B31
100
AcDbEntity
  8
0
 62
     7
420
 15790320
370
     0
100
AcDbLine
 10
493.3973537540487
 20
140.5552856561264
 30
0.0
 11
499.5365838447514
 21
143.0982380222276
 31
0.0
  0
LINE
  5
1E47
330
B31
100
AcDbEntity
  8
0
 62
     7
420
 15790320
370
     0
100
AcDbLine
 10
87.32875576003607
 20
147.1434910574132
 30
0.0
 11
92.6006321550558
 21
143.0982380222331
 31
0.0
  0
LINE
  5
1E48
330
B31
100
AcDbEntity
  8
0
 62
     7
420
 15790320
370
     0
100
AcDbLine
 10
499.5365838447514
 20
143.0982380222276
 30
0.0
 11
504.8084602397693
 21
147.1434910574132
 31
0.0
  0
LINE
  5
1E49
330
B31
100
AcDbEntity
  8
0
 62
     7
420
 15790320
370
     0
100
AcDbLine
 10
92.6006321550558
 20
143.0982380222331
 30
0.0
 11
98.73986224577492
 21
140.5552856561264
 31
0.0
  0
LINE
  5
1E4A
330
B31
100
AcDbEntity
  8
0
 62
     7
420
 15790320
370
     0
100
AcDbLine
 10
83.28350272487297
 20
152.4153674524257
 30
0.0
 11
87.32875576003607
 21
147.1434910574132
 31
0.0
  0
LINE
  5
1E4B
330
B31
100
AcDbEntity
  8
0
 62
     7
420
 15790320
370
     0
100
AcDbLine
 10
297.8069329883565
 20
139.6706115241752
 30
0.0
 11
298.007457591937
 21
139.6706115241752
 31
0.0
  0
LINE
  5
1E4C
330
B31
100
AcDbEntity
  8
0
 62
     7
420
 15790320
370
     0
100
AcDbLine
 10
504.8084602397693
 20
147.1434910574132
 30
0.0
 11
508.8537132749561
 21
152.4153674524257
 31
0.0
  0
LINE
  5
1E4D
330
B31
100
AcDbEntity
  8
0
 62
     7
420
 15790320
370
     0
100
AcDbLine
 10
169.8396584420315
 20
159.4847386959216
 30
0.0
 11
169.8664597196803
 21
159.3343452432313
 31
0.0
  0
LINE
  5
1E4E
330
B31
100
AcDbEntity
  8
0
 62
     7
420
 15790320
370
     0
100
AcDbLine
 10
424.3048023578348
 20
159.4847386959216
 30
0.0
 11
424.2780010802062
 21
159.3343452432313
 31
0.0
  0
LINE
  5
1E4F
330
B31
100
AcDbEntity
  8
0
 62
     7
420
 15790320
370
     0
100
AcDbLine
 10
422.265933634052
 20
159.4847386959216
 30
0.0
 11
422.2391323564234
 21
159.3343452432313
 31
0.0
  0
LINE
  5
1E50
330
B31
100
AcDbEntity
  8
0
 62
     7
420
 15790320
370
     0
100
AcDbLine
 10
448.0668409924337
 20
304.2646851241832
 30
0.0
 11
422.2750750507375
 21
159.536035101918
 31
0.0
  0
LINE
  5
1E51
330
B31
100
AcDbEntity
  8
0
 62
     7
420
 15790320
370
     0
100
AcDbLine
 10
171.8785271658162
 20
159.4847386959216
 30
0.0
 11
171.9053284434667
 21
159.3343452432313
 31
0.0
  0
LINE
  5
1E52
330
B31
100
AcDbEntity
  8
0
 62
     7
420
 15790320
370
     0
100
AcDbLine
 10
146.0776198074709
 20
304.2646851241832
 30
0.0
 11
171.8693857491343
 21
159.536035101918
 31
0.0
  0
LINE
  5
1E53
330
B31
100
AcDbEntity
  8
0
 62
     7
420
 15790320
370
     0
100
AcDbLine
 10
89.54986644205019
 20
159.4847386959216
 30
0.0
 11
89.57666771968069
 21
159.3343452432313
 31
0.0
  0
LINE
  5
1E54
330
B31
100
AcDbEntity
  8
0
 62
     7
420
 15790320
370
     0
100
AcDbLine
 10
344.0241517745253
 20
159.5360351019126
 30
0.0
 11
382.1301790507578
 21
159.536035101918
 31
0.0
  0
LINE
  5
1E55
330
B31
100
AcDbEntity
  8
0
 62
     7
420
 15790320
370
     0
100
AcDbLine
 10
504.6037357745235
 20
159.5360351019126
 30
0.0
 11
511.5816566887487
 21
159.536035101918
 31
0.0
  0
LINE
  5
1E56
330
B31
100
AcDbEntity
  8
0
 62
     7
420
 15790320
370
     0
100
AcDbLine
 10
424.313943774524
 20
159.5360351019126
 30
0.0
 11
462.4199710507427
 21
159.536035101918
 31
0.0
  0
LINE
  5
1E57
330
B31
100
AcDbEntity
  8
0
 62
     7
420
 15790320
370
     0
100
AcDbLine
 10
384.1690477745442
 20
159.5360351019126
 30
0.0
 11
422.2750750507375
 21
159.536035101918
 31
0.0
  0
LINE
  5
1E58
330
B31
100
AcDbEntity
  8
0
 62
     7
420
 15790320
370
     0
100
AcDbLine
 10
252.159177749134
 20
159.536035101918
 30
0.0
 11
290.2652050253437
 21
159.536035101918
 31
0.0
  0
LINE
  5
1E59
330
B31
100
AcDbEntity
  8
0
 62
     7
420
 15790320
370
     0
100
AcDbLine
 10
212.0142817491305
 20
159.536035101918
 30
0.0
 11
250.1203090253475
 21
159.536035101918
 31
0.0
  0
LINE
  5
1E5A
330
B31
100
AcDbEntity
  8
0
 62
     7
420
 15790320
370
     0
100
AcDbLine
 10
171.8693857491343
 20
159.536035101918
 30
0.0
 11
209.9754130253441
 21
159.536035101918
 31
0.0
  0
LINE
  5
1E5B
330
B31
100
AcDbEntity
  8
0
 62
     7
420
 15790320
370
     0
100
AcDbLine
 10
131.7244897491309
 20
159.536035101918
 30
0.0
 11
169.8305170253479
 21
159.536035101918
 31
0.0
  0
LINE
  5
1E5C
330
B31
100
AcDbEntity
  8
0
 62
     7
420
 15790320
370
     0
100
AcDbLine
 10
80.55555931107482
 20
159.536035101918
 30
0.0
 11
89.54072502534472
 21
159.536035101918
 31
0.0
  0
LINE
  5
1E5D
330
B31
100
AcDbEntity
  8
0
 62
     7
420
 15790320
370
     0
100
AcDbLine
 10
297.8069329883565
 20
156.5251679019188
 30
0.0
 11
298.007457591937
 21
156.5251679019188
 31
0.0
  0
LINE
  5
1E5E
330
B31
100
AcDbEntity
  8
0
 62
     7
420
 15790320
370
     0
100
AcDbLine
 10
129.6947624420336
 20
159.4847386959216
 30
0.0
 11
129.7215637196623
 21
159.3343452432313
 31
0.0
  0
LINE
  5
1E5F
330
B31
100
AcDbEntity
  8
0
 62
     7
420
 15790320
370
     0
100
AcDbLine
 10
504.5945943578417
 20
159.4847386959216
 30
0.0
 11
504.5677930802058
 21
159.3343452432313
 31
0.0
  0
LINE
  5
1E60
330
B31
100
AcDbEntity
  8
0
 62
     7
420
 15790320
370
     0
100
AcDbLine
 10
131.7336311658182
 20
159.4847386959216
 30
0.0
 11
131.7604324434469
 21
159.3343452432313
 31
0.0
  0
LINE
  5
1E61
330
B31
100
AcDbEntity
  8
0
 62
     7
420
 15790320
370
     0
100
AcDbLine
 10
341.9761416340516
 20
159.4847386959216
 30
0.0
 11
341.9493403564247
 21
159.3343452432313
 31
0.0
  0
LINE
  5
1E62
330
B31
100
AcDbEntity
  8
0
 62
     7
420
 15790320
370
     0
100
AcDbLine
 10
502.5557256340553
 20
159.4847386959216
 30
0.0
 11
502.5289243564047
 21
159.3343452432313
 31
0.0
  0
LINE
  5
1E63
330
B31
100
AcDbEntity
  8
0
 62
     7
420
 15790320
370
     0
100
AcDbLine
 10
464.4496983578401
 20
159.4847386959216
 30
0.0
 11
464.4228970801896
 21
159.3343452432313
 31
0.0
  0
LINE
  5
1E64
330
B31
100
AcDbEntity
  8
0
 62
     7
420
 15790320
370
     0
100
AcDbLine
 10
344.0150103578381
 20
159.4847386959216
 30
0.0
 11
343.9882090802094
 21
159.3343452432313
 31
0.0
  0
LINE
  5
1E65
330
B31
100
AcDbEntity
  8
0
 62
     7
420
 15790320
370
     0
100
AcDbLine
 10
65.78782780747315
 20
304.2646851241889
 30
0.0
 11
91.57959374912753
 21
159.536035101918
 31
0.0
  0
LINE
  5
1E66
330
B31
100
AcDbEntity
  8
0
 62
     7
420
 15790320
370
     0
100
AcDbLine
 10
407.9219449924321
 20
304.2646851241832
 30
0.0
 11
382.1301790507578
 21
159.536035101918
 31
0.0
  0
LINE
  5
1E67
330
B31
100
AcDbEntity
  8
0
 62
     7
420
 15790320
370
     0
100
AcDbLine
 10
382.1210376340723
 20
159.4847386959216
 30
0.0
 11
382.0942363564218
 21
159.3343452432313
 31
0.0
  0
LINE
  5
1E68
330
B31
100
AcDbEntity
  8
0
 62
     7
420
 15790320
370
     0
100
AcDbLine
 10
462.4108296340536
 20
159.4847386959216
 30
0.0
 11
462.3840283564213
 21
159.3343452432313
 31
0.0
  0
LINE
  5
1E69
330
B31
100
AcDbEntity
  8
0
 62
     7
420
 15790320
370
     0
100
AcDbLine
 10
528.3566329924333
 20
304.2646851241832
 30
0.0
 11
502.5648670507589
 21
159.536035101918
 31
0.0
  0
LINE
  5
1E6A
330
B31
100
AcDbEntity
  8
0
 62
     7
420
 15790320
370
     0
100
AcDbLine
 10
91.58873516583481
 20
159.4847386959216
 30
0.0
 11
91.61553644346895
 21
159.3343452432313
 31
0.0
  0
LINE
  5
1E6B
330
B31
100
AcDbEntity
  8
0
 62
     7
420
 15790320
370
     0
100
AcDbLine
 10
367.7770489924342
 20
304.2646851241832
 30
0.0
 11
341.9852830507407
 21
159.536035101918
 31
0.0
  0
LINE
  5
1E6C
330
B31
100
AcDbEntity
  8
0
 62
     7
420
 15790320
370
     0
100
AcDbLine
 10
212.0234231658342
 20
159.4847386959216
 30
0.0
 11
212.0502244434519
 21
159.3343452432313
 31
0.0
  0
LINE
  5
1E6D
330
B31
100
AcDbEntity
  8
0
 62
     7
420
 15790320
370
     0
100
AcDbLine
 10
186.2225158074743
 20
304.2646851241832
 30
0.0
 11
212.0142817491305
 21
159.536035101918
 31
0.0
  0
LINE
  5
1E6E
330
B31
100
AcDbEntity
  8
0
 62
     7
420
 15790320
370
     0
100
AcDbLine
 10
209.9845544420495
 20
159.4847386959216
 30
0.0
 11
210.0113557196837
 21
159.3343452432313
 31
0.0
  0
LINE
  5
1E6F
330
B31
100
AcDbEntity
  8
0
 62
     7
420
 15790320
370
     0
100
AcDbLine
 10
384.1599063578406
 20
159.4847386959216
 30
0.0
 11
384.1331050802082
 21
159.3343452432313
 31
0.0
  0
LINE
  5
1E70
330
B31
100
AcDbEntity
  8
0
 62
     7
420
 15790320
370
     0
100
AcDbLine
 10
226.3674118074541
 20
304.2646851241832
 30
0.0
 11
252.159177749134
 21
159.536035101918
 31
0.0
  0
LINE
  5
1E71
330
B31
100
AcDbEntity
  8
0
 62
     7
420
 15790320
370
     0
100
AcDbLine
 10
252.1683191658212
 20
159.4847386959216
 30
0.0
 11
252.1951204434663
 21
159.3343452432313
 31
0.0
  0
LINE
  5
1E72
330
B31
100
AcDbEntity
  8
0
 62
     7
420
 15790320
370
     0
100
AcDbLine
 10
250.1294504420348
 20
159.4847386959216
 30
0.0
 11
250.1562517196617
 21
159.3343452432313
 31
0.0
  0
LINE
  5
1E73
330
B31
100
AcDbEntity
  8
0
 62
     7
420
 15790320
370
     0
100
AcDbLine
 10
327.6321529924317
 20
304.2646851241832
 30
0.0
 11
301.8403870507373
 21
159.536035101918
 31
0.0
  0
LINE
  5
1E74
330
B31
100
AcDbEntity
  8
0
 62
     7
420
 15790320
370
     0
100
AcDbLine
 10
301.8312456340555
 20
159.4847386959216
 30
0.0
 11
301.8044443564231
 21
159.3343452432313
 31
0.0
  0
LINE
  5
1E75
330
B31
100
AcDbEntity
  8
0
 62
     7
420
 15790320
370
     0
100
AcDbLine
 10
303.8701143578419
 20
159.4847386959216
 30
0.0
 11
303.8433130802077
 21
159.3343452432313
 31
0.0
  0
LINE
  5
1E76
330
B31
100
AcDbEntity
  8
0
 62
     7
420
 15790320
370
     0
100
AcDbLine
 10
290.2743464420328
 20
159.4847386959216
 30
0.0
 11
290.3011477196815
 21
159.3343452432313
 31
0.0
  0
LINE
  5
1E77
330
B31
100
AcDbEntity
  8
0
 62
     7
420
 15790320
370
     0
100
AcDbLine
 10
292.3132151658338
 20
159.4847386959216
 30
0.0
 11
292.3400164434679
 21
159.3343452432313
 31
0.0
  0
LINE
  5
1E78
330
B31
100
AcDbEntity
  8
0
 62
     7
420
 15790320
370
     0
100
AcDbLine
 10
266.5123078074721
 20
304.2646851241832
 30
0.0
 11
292.3040737491283
 21
159.536035101918
 31
0.0
  0
LINE
  5
1E79
330
B31
100
AcDbEntity
  8
0
 62
     7
420
 15790320
370
     0
100
AcDbLine
 10
297.8069329883565
 20
159.536035101918
 30
0.0
 11
298.007457591937
 21
159.536035101918
 31
0.0
  0
LINE
  5
1E7A
330
B31
100
AcDbEntity
  8
0
 62
     7
420
 15790320
370
     0
100
AcDbLine
 10
298.0758527999388
 20
159.536035101918
 30
0.0
 11
301.8403870507373
 21
159.536035101918
 31
0.0
  0
LINE
  5
1E7B
330
B31
100
AcDbEntity
  8
0
 62
     7
420
 15790320
370
     0
100
AcDbLine
 10
303.8792557745237
 20
159.5360351019126
 30
0.0
 11
341.9852830507407
 21
159.536035101918
 31
0.0
  0
LINE
  5
1E7C
330
B31
100
AcDbEntity
  8
0
 62
     7
420
 15790320
370
     0
100
AcDbLine
 10
551.844739721816
 20
310.3719135341744
 30
0.0
 11
551.2396031998514
 21
310.6225692886651
 31
0.0
  0
LINE
  5
1E7D
330
B31
100
AcDbEntity
  8
0
 62
     7
420
 15790320
370
     0
100
AcDbLine
 10
569.6209015742251
 20
306.3052836070249
 30
0.0
 11
569.2260951806938
 21
306.7380785002279
 31
0.0
  0
LINE
  5
1E7E
330
B31
100
AcDbEntity
  8
0
 62
     7
420
 15790320
370
     0
100
AcDbLine
 10
568.0846229148929
 20
309.6314244726887
 30
0.0
 11
568.0502783998572
 21
310.2864195241764
 31
0.0
  0
LINE
  5
1E7F
330
B31
100
AcDbEntity
  8
0
 62
     7
420
 15790320
370
     0
100
AcDbLine
 10
568.187068815846
 20
308.9876365681221
 30
0.0
 11
568.0846229148929
 21
309.6314244726887
 31
0.0
  0
LINE
  5
1E80
330
B31
100
AcDbEntity
  8
0
 62
     7
420
 15790320
370
     0
100
AcDbLine
 10
568.3558632249233
 20
308.3660712000303
 30
0.0
 11
568.187068815846
 21
308.9876365681221
 31
0.0
  0
LINE
  5
1E81
330
B31
100
AcDbEntity
  8
0
 62
     7
420
 15790320
370
     0
100
AcDbLine
 10
568.5881180230253
 20
307.7773635241797
 30
0.0
 11
568.3558632249233
 21
308.3660712000303
 31
0.0
  0
LINE
  5
1E82
330
B31
100
AcDbEntity
  8
0
 62
     7
420
 15790320
370
     0
100
AcDbLine
 10
568.8798592661233
 20
307.2315864921343
 30
0.0
 11
568.5881180230253
 21
307.7773635241797
 31
0.0
  0
LINE
  5
1E83
330
B31
100
AcDbEntity
  8
0
 62
     7
420
 15790320
370
     0
100
AcDbLine
 10
569.2260951806938
 20
306.7380785002279
 30
0.0
 11
568.8798592661233
 21
307.2315864921343
 31
0.0
  0
LINE
  5
1E84
330
B31
100
AcDbEntity
  8
0
 62
     7
420
 15790320
370
     0
100
AcDbLine
 10
570.0575231998527
 20
305.9406070531441
 30
0.0
 11
569.6209015742251
 21
306.3052836070249
 31
0.0
  0
LINE
  5
1E85
330
B31
100
AcDbEntity
  8
0
 62
     7
420
 15790320
370
     0
100
AcDbLine
 10
570.5284893405414
 20
305.6502885555314
 30
0.0
 11
570.0575231998527
 21
305.9406070531441
 31
0.0
  0
LINE
  5
1E86
330
B31
100
AcDbEntity
  8
0
 62
     7
420
 15790320
370
     0
100
AcDbLine
 10
571.0257416350113
 20
305.4392955441681
 30
0.0
 11
570.5284893405414
 21
305.6502885555314
 31
0.0
  0
LINE
  5
1E87
330
B31
100
AcDbEntity
  8
0
 62
     7
420
 15790320
370
     0
100
AcDbLine
 10
571.5407719586482
 20
305.311238167983
 30
0.0
 11
571.0257416350113
 21
305.4392955441681
 31
0.0
  0
LINE
  5
1E88
330
B31
100
AcDbEntity
  8
0
 62
     7
420
 15790320
370
     0
100
AcDbLine
 10
572.064767999841
 20
305.268307524183
 30
0.0
 11
571.5407719586482
 21
305.311238167983
 31
0.0
  0
LINE
  5
1E89
330
B31
100
AcDbEntity
  8
0
 62
     7
420
 15790320
370
     0
100
AcDbLine
 10
572.064767999841
 20
305.268307524183
 30
0.0
 11
572.064767999841
 21
340.3950915241808
 31
0.0
  0
LINE
  5
1E8A
330
B31
100
AcDbEntity
  8
0
 62
     7
420
 15790320
370
     0
100
AcDbLine
 10
572.064767999841
 20
340.3950915241808
 30
0.0
 11
571.5407719586482
 21
340.3521608803808
 31
0.0
  0
LINE
  5
1E8B
330
B31
100
AcDbEntity
  8
0
 62
     7
420
 15790320
370
     0
100
AcDbLine
 10
571.5407719586482
 20
340.3521608803808
 30
0.0
 11
571.0257416350113
 21
340.2241035041898
 31
0.0
  0
LINE
  5
1E8C
330
B31
100
AcDbEntity
  8
0
 62
     7
420
 15790320
370
     0
100
AcDbLine
 10
571.0257416350113
 20
340.2241035041898
 30
0.0
 11
570.5284893405414
 21
340.0131104928318
 31
0.0
  0
LINE
  5
1E8D
330
B31
100
AcDbEntity
  8
0
 62
     7
420
 15790320
370
     0
100
AcDbLine
 10
570.5284893405414
 20
340.0131104928318
 30
0.0
 11
570.0575231998527
 21
339.7227919952143
 31
0.0
  0
LINE
  5
1E8E
330
B31
100
AcDbEntity
  8
0
 62
     7
420
 15790320
370
     0
100
AcDbLine
 10
570.0575231998527
 20
339.7227919952143
 30
0.0
 11
569.6209015742251
 21
339.3581154413332
 31
0.0
  0
LINE
  5
1E8F
330
B31
100
AcDbEntity
  8
0
 62
     7
420
 15790320
370
     0
100
AcDbLine
 10
569.6209015742251
 20
339.3581154413332
 30
0.0
 11
569.2260951806938
 21
338.9253205481357
 31
0.0
  0
LINE
  5
1E90
330
B31
100
AcDbEntity
  8
0
 62
     7
420
 15790320
370
     0
100
AcDbLine
 10
569.2260951806938
 20
338.9253205481357
 30
0.0
 11
568.8798592661233
 21
338.4318125562238
 31
0.0
  0
LINE
  5
1E91
330
B31
100
AcDbEntity
  8
0
 62
     7
420
 15790320
370
     0
100
AcDbLine
 10
568.8798592661233
 20
338.4318125562238
 30
0.0
 11
568.5881180230253
 21
337.8860355241784
 31
0.0
  0
LINE
  5
1E92
330
B31
100
AcDbEntity
  8
0
 62
     7
420
 15790320
370
     0
100
AcDbLine
 10
568.5881180230253
 20
337.8860355241784
 30
0.0
 11
568.3558632249233
 21
337.297327848333
 31
0.0
  0
LINE
  5
1E93
330
B31
100
AcDbEntity
  8
0
 62
     7
420
 15790320
370
     0
100
AcDbLine
 10
568.3558632249233
 20
337.297327848333
 30
0.0
 11
568.187068815846
 21
336.6757624802362
 31
0.0
  0
LINE
  5
1E94
330
B31
100
AcDbEntity
  8
0
 62
     7
420
 15790320
370
     0
100
AcDbLine
 10
568.187068815846
 20
336.6757624802362
 30
0.0
 11
568.0846229148929
 21
336.0319745756751
 31
0.0
  0
LINE
  5
1E95
330
B31
100
AcDbEntity
  8
0
 62
     7
420
 15790320
370
     0
100
AcDbLine
 10
568.0846229148929
 20
336.0319745756751
 30
0.0
 11
568.0502783998572
 21
335.3769795241817
 31
0.0
  0
LINE
  5
1E96
330
B31
100
AcDbEntity
  8
0
 62
     7
420
 15790320
370
     0
100
AcDbLine
 10
555.0031871998481
 20
332.8679235241795
 30
0.0
 11
554.9176931898736
 21
333.5173150022038
 31
0.0
  0
LINE
  5
1E97
330
B31
100
AcDbEntity
  8
0
 62
     7
420
 15790320
370
     0
100
AcDbLine
 10
554.9176931898736
 20
333.5173150022038
 30
0.0
 11
554.6670374353643
 21
334.1224515241806
 31
0.0
  0
LINE
  5
1E98
330
B31
100
AcDbEntity
  8
0
 62
     7
420
 15790320
370
     0
100
AcDbLine
 10
554.6670374353643
 20
334.1224515241806
 30
0.0
 11
554.2683017118406
 21
334.6420940361536
 31
0.0
  0
LINE
  5
1E99
330
B31
100
AcDbEntity
  8
0
 62
     7
420
 15790320
370
     0
100
AcDbLine
 10
554.2683017118406
 20
334.6420940361536
 30
0.0
 11
553.7486591998467
 21
335.0408297596982
 31
0.0
  0
LINE
  5
1E9A
330
B31
100
AcDbEntity
  8
0
 62
     7
420
 15790320
370
     0
100
AcDbLine
 10
553.7486591998467
 20
335.0408297596982
 30
0.0
 11
553.1435226778821
 21
335.2914855141837
 31
0.0
  0
LINE
  5
1E9B
330
B31
100
AcDbEntity
  8
0
 62
     7
420
 15790320
370
     0
100
AcDbLine
 10
553.1435226778821
 20
335.2914855141837
 30
0.0
 11
552.4941311998454
 21
335.3769795241817
 31
0.0
  0
LINE
  5
1E9C
330
B31
100
AcDbEntity
  8
0
 62
     7
420
 15790320
370
     0
100
AcDbLine
 10
552.4941311998454
 20
335.3769795241817
 30
0.0
 11
551.844739721816
 21
335.2914855141837
 31
0.0
  0
LINE
  5
1E9D
330
B31
100
AcDbEntity
  8
0
 62
     7
420
 15790320
370
     0
100
AcDbLine
 10
551.844739721816
 20
335.2914855141837
 30
0.0
 11
551.2396031998514
 21
335.0408297596982
 31
0.0
  0
LINE
  5
1E9E
330
B31
100
AcDbEntity
  8
0
 62
     7
420
 15790320
370
     0
100
AcDbLine
 10
551.2396031998514
 20
335.0408297596982
 30
0.0
 11
550.7199606878794
 21
334.6420940361536
 31
0.0
  0
LINE
  5
1E9F
330
B31
100
AcDbEntity
  8
0
 62
     7
420
 15790320
370
     0
100
AcDbLine
 10
550.7199606878794
 20
334.6420940361536
 30
0.0
 11
550.3212249643338
 21
334.1224515241806
 31
0.0
  0
LINE
  5
1EA0
330
B31
100
AcDbEntity
  8
0
 62
     7
420
 15790320
370
     0
100
AcDbLine
 10
550.3212249643338
 20
334.1224515241806
 30
0.0
 11
550.0705692098427
 21
333.5173150022038
 31
0.0
  0
LINE
  5
1EA1
330
B31
100
AcDbEntity
  8
0
 62
     7
420
 15790320
370
     0
100
AcDbLine
 10
550.0705692098427
 20
333.5173150022038
 30
0.0
 11
549.9850751998501
 21
332.8679235241795
 31
0.0
  0
LINE
  5
1EA2
330
B31
100
AcDbEntity
  8
0
 62
     7
420
 15790320
370
     0
100
AcDbLine
 10
549.9850751998501
 20
332.8679235241795
 30
0.0
 11
549.9850751998501
 21
312.795475524184
 31
0.0
  0
LINE
  5
1EA3
330
B31
100
AcDbEntity
  8
0
 62
     7
420
 15790320
370
     0
100
AcDbLine
 10
550.0705692098427
 20
312.1460840461541
 30
0.0
 11
549.9850751998501
 21
312.795475524184
 31
0.0
  0
LINE
  5
1EA4
330
B31
100
AcDbEntity
  8
0
 62
     7
420
 15790320
370
     0
100
AcDbLine
 10
550.3212249643338
 20
311.5409475241831
 30
0.0
 11
550.0705692098427
 21
312.1460840461541
 31
0.0
  0
LINE
  5
1EA5
330
B31
100
AcDbEntity
  8
0
 62
     7
420
 15790320
370
     0
100
AcDbLine
 10
550.7199606878794
 20
311.0213050122043
 30
0.0
 11
550.3212249643338
 21
311.5409475241831
 31
0.0
  0
LINE
  5
1EA6
330
B31
100
AcDbEntity
  8
0
 62
     7
420
 15790320
370
     0
100
AcDbLine
 10
551.2396031998514
 20
310.6225692886651
 30
0.0
 11
550.7199606878794
 21
311.0213050122043
 31
0.0
  0
LINE
  5
1EA7
330
B31
100
AcDbEntity
  8
0
 62
     7
420
 15790320
370
     0
100
AcDbLine
 10
552.4941311998454
 20
310.2864195241816
 30
0.0
 11
551.844739721816
 21
310.3719135341744
 31
0.0
  0
LINE
  5
1EA8
330
B31
100
AcDbEntity
  8
0
 62
     7
420
 15790320
370
     0
100
AcDbLine
 10
553.1435226778821
 20
310.3719135341744
 30
0.0
 11
552.4941311998454
 21
310.2864195241816
 31
0.0
  0
LINE
  5
1EA9
330
B31
100
AcDbEntity
  8
0
 62
     7
420
 15790320
370
     0
100
AcDbLine
 10
553.7486591998467
 20
310.6225692886651
 30
0.0
 11
553.1435226778821
 21
310.3719135341744
 31
0.0
  0
LINE
  5
1EAA
330
B31
100
AcDbEntity
  8
0
 62
     7
420
 15790320
370
     0
100
AcDbLine
 10
554.2683017118406
 20
311.0213050122043
 30
0.0
 11
553.7486591998467
 21
310.6225692886651
 31
0.0
  0
LINE
  5
1EAB
330
B31
100
AcDbEntity
  8
0
 62
     7
420
 15790320
370
     0
100
AcDbLine
 10
554.6670374353643
 20
311.5409475241831
 30
0.0
 11
554.2683017118406
 21
311.0213050122043
 31
0.0
  0
LINE
  5
1EAC
330
B31
100
AcDbEntity
  8
0
 62
     7
420
 15790320
370
     0
100
AcDbLine
 10
554.9176931898736
 20
312.1460840461541
 30
0.0
 11
554.6670374353643
 21
311.5409475241831
 31
0.0
  0
LINE
  5
1EAD
330
B31
100
AcDbEntity
  8
0
 62
     7
420
 15790320
370
     0
100
AcDbLine
 10
555.0031871998481
 20
312.795475524184
 30
0.0
 11
554.9176931898736
 21
312.1460840461541
 31
0.0
  0
LINE
  5
1EAE
330
B31
100
AcDbEntity
  8
0
 62
     7
420
 15790320
370
     0
100
AcDbLine
 10
38.99369332197966
 20
335.2914855141894
 30
0.0
 11
39.64308479999454
 21
335.3769795241872
 31
0.0
  0
LINE
  5
1EAF
330
B31
100
AcDbEntity
  8
0
 62
     7
420
 15790320
370
     0
100
AcDbLine
 10
40.89761280001039
 20
335.0408297597041
 30
0.0
 11
41.41725531198426
 21
334.6420940361647
 31
0.0
  0
LINE
  5
1EB0
330
B31
100
AcDbEntity
  8
0
 62
     7
420
 15790320
370
     0
100
AcDbLine
 10
22.51631442563485
 20
339.3581154413389
 30
0.0
 11
22.91112081916799
 21
338.9253205481357
 31
0.0
  0
LINE
  5
1EB1
330
B31
100
AcDbEntity
  8
0
 62
     7
420
 15790320
370
     0
100
AcDbLine
 10
22.91112081916799
 20
338.9253205481357
 30
0.0
 11
23.25735673372401
 21
338.4318125562292
 31
0.0
  0
LINE
  5
1EB2
330
B31
100
AcDbEntity
  8
0
 62
     7
420
 15790320
370
     0
100
AcDbLine
 10
20.59644404119717
 20
340.352160880386
 30
0.0
 11
21.1114743648468
 21
340.2241035041955
 31
0.0
  0
LINE
  5
1EB3
330
B31
100
AcDbEntity
  8
0
 62
     7
420
 15790320
370
     0
100
AcDbLine
 10
37.1340287999974
 20
312.7954755241897
 30
0.0
 11
37.21952280998812
 21
312.1460840461596
 31
0.0
  0
LINE
  5
1EB4
330
B31
100
AcDbEntity
  8
0
 62
     7
420
 15790320
370
     0
100
AcDbLine
 10
37.21952280998812
 20
312.1460840461596
 30
0.0
 11
37.47017856447929
 21
311.5409475241831
 31
0.0
  0
LINE
  5
1EB5
330
B31
100
AcDbEntity
  8
0
 62
     7
420
 15790320
370
     0
100
AcDbLine
 10
37.47017856447929
 20
311.5409475241831
 30
0.0
 11
37.86891428801937
 21
311.0213050122097
 31
0.0
  0
LINE
  5
1EB6
330
B31
100
AcDbEntity
  8
0
 62
     7
420
 15790320
370
     0
100
AcDbLine
 10
37.86891428801937
 20
311.0213050122097
 30
0.0
 11
38.38855680001507
 21
310.6225692886708
 31
0.0
  0
LINE
  5
1EB7
330
B31
100
AcDbEntity
  8
0
 62
     7
420
 15790320
370
     0
100
AcDbLine
 10
38.38855680001507
 20
310.6225692886708
 30
0.0
 11
38.99369332197966
 21
310.3719135341801
 31
0.0
  0
LINE
  5
1EB8
330
B31
100
AcDbEntity
  8
0
 62
     7
420
 15790320
370
     0
100
AcDbLine
 10
38.99369332197966
 20
310.3719135341801
 30
0.0
 11
39.64308479999454
 21
310.2864195241873
 31
0.0
  0
LINE
  5
1EB9
330
B31
100
AcDbEntity
  8
0
 62
     7
420
 15790320
370
     0
100
AcDbLine
 10
39.64308479999454
 20
310.2864195241873
 30
0.0
 11
40.2924762780276
 21
310.3719135341801
 31
0.0
  0
LINE
  5
1EBA
330
B31
100
AcDbEntity
  8
0
 62
     7
420
 15790320
370
     0
100
AcDbLine
 10
40.2924762780276
 20
310.3719135341801
 30
0.0
 11
40.89761280001039
 21
310.6225692886708
 31
0.0
  0
LINE
  5
1EBB
330
B31
100
AcDbEntity
  8
0
 62
     7
420
 15790320
370
     0
100
AcDbLine
 10
40.89761280001039
 20
310.6225692886708
 30
0.0
 11
41.41725531198426
 21
311.0213050122097
 31
0.0
  0
LINE
  5
1EBC
330
B31
100
AcDbEntity
  8
0
 62
     7
420
 15790320
370
     0
100
AcDbLine
 10
41.41725531198426
 20
311.0213050122097
 30
0.0
 11
41.8159910355298
 21
311.5409475241831
 31
0.0
  0
LINE
  5
1EBD
330
B31
100
AcDbEntity
  8
0
 62
     7
420
 15790320
370
     0
100
AcDbLine
 10
41.8159910355298
 20
311.5409475241831
 30
0.0
 11
42.06664679001915
 21
312.1460840461596
 31
0.0
  0
LINE
  5
1EBE
330
B31
100
AcDbEntity
  8
0
 62
     7
420
 15790320
370
     0
100
AcDbLine
 10
42.06664679001915
 20
312.1460840461596
 30
0.0
 11
42.15214079999532
 21
312.7954755241897
 31
0.0
  0
LINE
  5
1EBF
330
B31
100
AcDbEntity
  8
0
 62
     7
420
 15790320
370
     0
100
AcDbLine
 10
42.15214079999532
 20
332.8679235241795
 30
0.0
 11
42.15214079999532
 21
312.7954755241897
 31
0.0
  0
LINE
  5
1EC0
330
B31
100
AcDbEntity
  8
0
 62
     7
420
 15790320
370
     0
100
AcDbLine
 10
42.06664679001915
 20
333.5173150022094
 30
0.0
 11
42.15214079999532
 21
332.8679235241795
 31
0.0
  0
LINE
  5
1EC1
330
B31
100
AcDbEntity
  8
0
 62
     7
420
 15790320
370
     0
100
AcDbLine
 10
41.8159910355298
 20
334.1224515241806
 30
0.0
 11
42.06664679001915
 21
333.5173150022094
 31
0.0
  0
LINE
  5
1EC2
330
B31
100
AcDbEntity
  8
0
 62
     7
420
 15790320
370
     0
100
AcDbLine
 10
41.41725531198426
 20
334.6420940361647
 30
0.0
 11
41.8159910355298
 21
334.1224515241806
 31
0.0
  0
LINE
  5
1EC3
330
B31
100
AcDbEntity
  8
0
 62
     7
420
 15790320
370
     0
100
AcDbLine
 10
40.2924762780276
 20
335.2914855141894
 30
0.0
 11
40.89761280001039
 21
335.0408297597041
 31
0.0
  0
LINE
  5
1EC4
330
B31
100
AcDbEntity
  8
0
 62
     7
420
 15790320
370
     0
100
AcDbLine
 10
39.64308479999454
 20
335.3769795241872
 30
0.0
 11
40.2924762780276
 21
335.2914855141894
 31
0.0
  0
LINE
  5
1EC5
330
B31
100
AcDbEntity
  8
0
 62
     7
420
 15790320
370
     0
100
AcDbLine
 10
38.38855680001507
 20
335.0408297597041
 30
0.0
 11
38.99369332197966
 21
335.2914855141894
 31
0.0
  0
LINE
  5
1EC6
330
B31
100
AcDbEntity
  8
0
 62
     7
420
 15790320
370
     0
100
AcDbLine
 10
37.86891428801937
 20
334.6420940361647
 30
0.0
 11
38.38855680001507
 21
335.0408297597041
 31
0.0
  0
LINE
  5
1EC7
330
B31
100
AcDbEntity
  8
0
 62
     7
420
 15790320
370
     0
100
AcDbLine
 10
37.47017856447929
 20
334.1224515241806
 30
0.0
 11
37.86891428801937
 21
334.6420940361647
 31
0.0
  0
LINE
  5
1EC8
330
B31
100
AcDbEntity
  8
0
 62
     7
420
 15790320
370
     0
100
AcDbLine
 10
37.21952280998812
 20
333.5173150022094
 30
0.0
 11
37.47017856447929
 21
334.1224515241806
 31
0.0
  0
LINE
  5
1EC9
330
B31
100
AcDbEntity
  8
0
 62
     7
420
 15790320
370
     0
100
AcDbLine
 10
37.1340287999974
 20
332.8679235241795
 30
0.0
 11
37.21952280998812
 21
333.5173150022094
 31
0.0
  0
LINE
  5
1ECA
330
B31
100
AcDbEntity
  8
0
 62
     7
420
 15790320
370
     0
100
AcDbLine
 10
24.05259308495079
 20
336.0319745756806
 30
0.0
 11
24.0869376000046
 21
335.3769795241872
 31
0.0
  0
LINE
  5
1ECB
330
B31
100
AcDbEntity
  8
0
 62
     7
420
 15790320
370
     0
100
AcDbLine
 10
23.95014718401581
 20
336.6757624802415
 30
0.0
 11
24.05259308495079
 21
336.0319745756806
 31
0.0
  0
LINE
  5
1ECC
330
B31
100
AcDbEntity
  8
0
 62
     7
420
 15790320
370
     0
100
AcDbLine
 10
23.78135277491492
 20
337.2973278483387
 30
0.0
 11
23.95014718401581
 21
336.6757624802415
 31
0.0
  0
LINE
  5
1ECD
330
B31
100
AcDbEntity
  8
0
 62
     7
420
 15790320
370
     0
100
AcDbLine
 10
23.54909797682922
 20
337.8860355241843
 30
0.0
 11
23.78135277491492
 21
337.2973278483387
 31
0.0
  0
LINE
  5
1ECE
330
B31
100
AcDbEntity
  8
0
 62
     7
420
 15790320
370
     0
100
AcDbLine
 10
23.25735673372401
 20
338.4318125562292
 30
0.0
 11
23.54909797682922
 21
337.8860355241843
 31
0.0
  0
LINE
  5
1ECF
330
B31
100
AcDbEntity
  8
0
 62
     7
420
 15790320
370
     0
100
AcDbLine
 10
22.07969280001089
 20
339.7227919952197
 30
0.0
 11
22.51631442563485
 21
339.3581154413389
 31
0.0
  0
LINE
  5
1ED0
330
B31
100
AcDbEntity
  8
0
 62
     7
420
 15790320
370
     0
100
AcDbLine
 10
21.60872665931675
 20
340.0131104928318
 30
0.0
 11
22.07969280001089
 21
339.7227919952197
 31
0.0
  0
LINE
  5
1ED1
330
B31
100
AcDbEntity
  8
0
 62
     7
420
 15790320
370
     0
100
AcDbLine
 10
21.1114743648468
 20
340.2241035041955
 30
0.0
 11
21.60872665931675
 21
340.0131104928318
 31
0.0
  0
LINE
  5
1ED2
330
B31
100
AcDbEntity
  8
0
 62
     7
420
 15790320
370
     0
100
AcDbLine
 10
20.07244799999899
 20
340.3950915241862
 30
0.0
 11
20.59644404119717
 21
340.352160880386
 31
0.0
  0
LINE
  5
1ED3
330
B31
100
AcDbEntity
  8
0
 62
     7
420
 15790320
370
     0
100
AcDbLine
 10
20.07244799999899
 20
305.268307524183
 30
0.0
 11
20.59644404119717
 21
305.3112381679885
 31
0.0
  0
LINE
  5
1ED4
330
B31
100
AcDbEntity
  8
0
 62
     7
420
 15790320
370
     0
100
AcDbLine
 10
20.59644404119717
 20
305.3112381679885
 30
0.0
 11
21.1114743648468
 21
305.4392955441735
 31
0.0
  0
LINE
  5
1ED5
330
B31
100
AcDbEntity
  8
0
 62
     7
420
 15790320
370
     0
100
AcDbLine
 10
21.1114743648468
 20
305.4392955441735
 30
0.0
 11
21.60872665931675
 21
305.6502885555371
 31
0.0
  0
LINE
  5
1ED6
330
B31
100
AcDbEntity
  8
0
 62
     7
420
 15790320
370
     0
100
AcDbLine
 10
21.60872665931675
 20
305.6502885555371
 30
0.0
 11
22.07969280001089
 21
305.9406070531495
 31
0.0
  0
LINE
  5
1ED7
330
B31
100
AcDbEntity
  8
0
 62
     7
420
 15790320
370
     0
100
AcDbLine
 10
22.07969280001089
 20
305.9406070531495
 30
0.0
 11
22.51631442563485
 21
306.3052836070306
 31
0.0
  0
LINE
  5
1ED8
330
B31
100
AcDbEntity
  8
0
 62
     7
420
 15790320
370
     0
100
AcDbLine
 10
22.51631442563485
 20
306.3052836070306
 30
0.0
 11
22.91112081916799
 21
306.7380785002279
 31
0.0
  0
LINE
  5
1ED9
330
B31
100
AcDbEntity
  8
0
 62
     7
420
 15790320
370
     0
100
AcDbLine
 10
22.91112081916799
 20
306.7380785002279
 30
0.0
 11
23.25735673372401
 21
307.23158649214
 31
0.0
  0
LINE
  5
1EDA
330
B31
100
AcDbEntity
  8
0
 62
     7
420
 15790320
370
     0
100
AcDbLine
 10
23.25735673372401
 20
307.23158649214
 30
0.0
 11
23.54909797682922
 21
307.7773635241852
 31
0.0
  0
LINE
  5
1EDB
330
B31
100
AcDbEntity
  8
0
 62
     7
420
 15790320
370
     0
100
AcDbLine
 10
23.54909797682922
 20
307.7773635241852
 30
0.0
 11
23.78135277491492
 21
308.3660712000303
 31
0.0
  0
LINE
  5
1EDC
330
B31
100
AcDbEntity
  8
0
 62
     7
420
 15790320
370
     0
100
AcDbLine
 10
23.78135277491492
 20
308.3660712000303
 30
0.0
 11
23.95014718401581
 21
308.9876365681275
 31
0.0
  0
LINE
  5
1EDD
330
B31
100
AcDbEntity
  8
0
 62
     7
420
 15790320
370
     0
100
AcDbLine
 10
23.95014718401581
 20
308.9876365681275
 30
0.0
 11
24.05259308495079
 21
309.6314244726887
 31
0.0
  0
LINE
  5
1EDE
330
B31
100
AcDbEntity
  8
0
 62
     7
420
 15790320
370
     0
100
AcDbLine
 10
24.05259308495079
 20
309.6314244726887
 30
0.0
 11
24.0869376000046
 21
310.2864195241873
 31
0.0
  0
LINE
  5
1EDF
330
B31
100
AcDbEntity
  8
0
 62
     7
420
 15790320
370
     0
100
AcDbLine
 10
555.0031871998481
 20
340.3950915241751
 30
0.0
 11
542.1712854058723
 21
340.3950915241751
 31
0.0
  0
LINE
  5
1EE0
330
B31
100
AcDbEntity
  8
0
 62
     7
420
 15790320
370
     0
100
AcDbLine
 10
555.0031871998481
 20
336.380601924176
 30
0.0
 11
542.171285405836
 21
336.380601924176
 31
0.0
  0
LINE
  5
1EE1
330
B31
100
AcDbEntity
  8
0
 62
     7
420
 15790320
370
     0
100
AcDbLine
 10
568.0846229148929
 20
336.0319745756751
 30
0.0
 11
568.0502783998572
 21
336.3097939944878
 31
0.0
  0
LINE
  5
1EE2
330
B31
100
AcDbEntity
  8
0
 62
     7
420
 15790320
370
     0
100
AcDbLine
 10
568.0073477560626
 20
340.3950915241751
 30
0.0
 11
568.0502783998572
 21
340.4658994538636
 31
0.0
  0
LINE
  5
1EE3
330
B31
100
AcDbEntity
  8
0
 62
     7
420
 15790320
370
     0
100
AcDbLine
 10
555.0031871998481
 20
309.2827971241931
 30
0.0
 11
542.171285405836
 21
309.2827971241931
 31
0.0
  0
LINE
  5
1EE4
330
B31
100
AcDbEntity
  8
0
 62
     7
420
 15790320
370
     0
100
AcDbLine
 10
555.0031871998481
 20
305.2683075241939
 30
0.0
 11
542.1712854058723
 21
305.2683075241939
 31
0.0
  0
LINE
  5
1EE5
330
B31
100
AcDbEntity
  8
0
 62
     7
420
 15790320
370
     0
100
AcDbLine
 10
49.96593059400765
 20
309.2827971241875
 30
0.0
 11
37.1340287999974
 21
309.2827971241875
 31
0.0
  0
LINE
  5
1EE6
330
B31
100
AcDbEntity
  8
0
 62
     7
420
 15790320
370
     0
100
AcDbLine
 10
539.8293518708278
 20
310.2706871390569
 30
0.0
 11
539.7106206625039
 21
310.2864195241873
 31
0.0
  0
LINE
  5
1EE7
330
B31
100
AcDbEntity
  8
0
 62
     7
420
 15790320
370
     0
100
AcDbLine
 10
541.4542847998718
 20
309.883039806803
 30
0.0
 11
541.9560959998425
 21
309.49798653019
 31
0.0
  0
LINE
  5
1EE8
330
B31
100
AcDbEntity
  8
0
 62
     7
420
 15790320
370
     0
100
AcDbLine
 10
541.9560959998425
 20
309.49798653019
 30
0.0
 11
542.0778558142346
 21
309.4045569385605
 31
0.0
  0
LINE
  5
1EE9
330
B31
100
AcDbEntity
  8
0
 62
     7
420
 15790320
370
     0
100
AcDbLine
 10
542.0778558142346
 20
309.4045569385605
 30
0.0
 11
542.171285405836
 21
309.2827971241931
 31
0.0
  0
LINE
  5
1EEA
330
B31
100
AcDbEntity
  8
0
 62
     7
420
 15790320
370
     0
100
AcDbLine
 10
542.171285405836
 20
309.2827971241931
 30
0.0
 11
542.5563386824806
 21
308.7809859241847
 31
0.0
  0
LINE
  5
1EEB
330
B31
100
AcDbEntity
  8
0
 62
     7
420
 15790320
370
     0
100
AcDbLine
 10
50.18111999998291
 20
309.4979865301623
 30
0.0
 11
50.0593601856217
 21
309.4045569385548
 31
0.0
  0
LINE
  5
1EEC
330
B31
100
AcDbEntity
  8
0
 62
     7
420
 15790320
370
     0
100
AcDbLine
 10
49.96593059400765
 20
309.2827971241875
 30
0.0
 11
49.58087731738487
 21
308.7809859241793
 31
0.0
  0
LINE
  5
1EED
330
B31
100
AcDbEntity
  8
0
 62
     7
420
 15790320
370
     0
100
AcDbLine
 10
52.42659533735786
 20
310.2864195241816
 30
0.0
 11
52.30786412901761
 21
310.2706871390569
 31
0.0
  0
LINE
  5
1EEE
330
B31
100
AcDbEntity
  8
0
 62
     7
420
 15790320
370
     0
100
AcDbLine
 10
54.25703093581796
 20
310.2864195241816
 30
0.0
 11
54.19560959997216
 21
310.2776857459644
 31
0.0
  0
LINE
  5
1EEF
330
B31
100
AcDbEntity
  8
0
 62
     7
420
 15790320
370
     0
100
AcDbLine
 10
54.19560959997216
 20
310.2776857459644
 30
0.0
 11
53.11794030738565
 21
310.2864195241816
 31
0.0
  0
LINE
  5
1EF0
330
B31
100
AcDbEntity
  8
0
 62
     7
420
 15790320
370
     0
100
AcDbLine
 10
107.3353124470614
 20
304.2646851241832
 30
0.0
 11
144.0387510836535
 21
304.2646851241889
 31
0.0
  0
LINE
  5
1EF1
330
B31
100
AcDbEntity
  8
0
 62
     7
420
 15790320
370
     0
100
AcDbLine
 10
450.1057097162384
 20
304.2646851241832
 30
0.0
 11
484.8019035527804
 21
304.2646851241832
 31
0.0
  0
LINE
  5
1EF2
330
B31
100
AcDbEntity
  8
0
 62
     7
420
 15790320
370
     0
100
AcDbLine
 10
50.68293119998998
 20
304.668064841562
 30
0.0
 11
50.60327854095885
 21
304.7291844765127
 31
0.0
  0
LINE
  5
1EF3
330
B31
100
AcDbEntity
  8
0
 62
     7
420
 15790320
370
     0
100
AcDbLine
 10
50.60327854095885
 20
304.7291844765127
 30
0.0
 11
50.0593601856217
 21
305.1465477098156
 31
0.0
  0
LINE
  5
1EF4
330
B31
100
AcDbEntity
  8
0
 62
     7
420
 15790320
370
     0
100
AcDbLine
 10
50.0593601856217
 20
305.1465477098156
 30
0.0
 11
49.96593059400765
 21
305.2683075241885
 31
0.0
  0
LINE
  5
1EF5
330
B31
100
AcDbEntity
  8
0
 62
     7
420
 15790320
370
     0
100
AcDbLine
 10
49.96593059400765
 20
305.2683075241885
 30
0.0
 11
49.58087731738487
 21
305.7701187241855
 31
0.0
  0
LINE
  5
1EF6
330
B31
100
AcDbEntity
  8
0
 62
     7
420
 15790320
370
     0
100
AcDbLine
 10
541.4542847998718
 20
304.668064841562
 30
0.0
 11
541.5339374588702
 21
304.7291844764795
 31
0.0
  0
LINE
  5
1EF7
330
B31
100
AcDbEntity
  8
0
 62
     7
420
 15790320
370
     0
100
AcDbLine
 10
542.1712854058723
 20
305.2683075241939
 30
0.0
 11
542.5563386824806
 21
305.7701187241855
 31
0.0
  0
LINE
  5
1EF8
330
B31
100
AcDbEntity
  8
0
 62
     7
420
 15790320
370
     0
100
AcDbLine
 10
107.3353124470614
 20
310.2864195241816
 30
0.0
 11
106.3998325728753
 21
310.2864195241816
 31
0.0
  0
LINE
  5
1EF9
330
B31
100
AcDbEntity
  8
0
 62
     7
420
 15790320
370
     0
100
AcDbLine
 10
104.2563027212472
 20
310.2864195241816
 30
0.0
 11
103.320822847063
 21
310.2864195241816
 31
0.0
  0
LINE
  5
1EFA
330
B31
100
AcDbEntity
  8
0
 62
     7
420
 15790320
370
     0
100
AcDbLine
 10
488.816393152786
 20
310.2864195241873
 30
0.0
 11
487.8809132785436
 21
310.2864195241873
 31
0.0
  0
LINE
  5
1EFB
330
B31
100
AcDbEntity
  8
0
 62
     7
420
 15790320
370
     0
100
AcDbLine
 10
298.0758527999224
 20
310.2864195241816
 30
0.0
 11
297.1403729257199
 21
310.2864195241816
 31
0.0
  0
LINE
  5
1EFC
330
B31
100
AcDbEntity
  8
0
 62
     7
420
 15790320
370
     0
100
AcDbLine
 10
294.9968430741265
 20
310.2864195241816
 30
0.0
 11
294.0613631999168
 21
310.2864195241816
 31
0.0
  0
LINE
  5
1EFD
330
B31
100
AcDbEntity
  8
0
 62
     7
420
 15790320
370
     0
100
AcDbLine
 10
487.3286615352198
 20
135.7245171321679
 30
0.0
 11
486.9407101276711
 21
135.6561219241814
 31
0.0
  0
LINE
  5
1EFE
330
B31
100
AcDbEntity
  8
0
 62
     7
420
 15790320
370
     0
100
AcDbLine
 10
486.9407101276711
 20
135.6561219241814
 30
0.0
 11
486.8091483527905
 21
135.6561219241762
 31
0.0
  0
LINE
  5
1EFF
330
B31
100
AcDbEntity
  8
0
 62
     7
420
 15790320
370
     0
100
AcDbLine
 10
49.96593059400765
 20
340.3950915241808
 30
0.0
 11
37.1340287999974
 21
340.3950915241808
 31
0.0
  0
LINE
  5
1F00
330
B31
100
AcDbEntity
  8
0
 62
     7
420
 15790320
370
     0
100
AcDbLine
 10
49.96593059400765
 20
336.380601924176
 30
0.0
 11
37.1340287999974
 21
336.380601924176
 31
0.0
  0
LINE
  5
1F01
330
B31
100
AcDbEntity
  8
0
 62
     7
420
 15790320
370
     0
100
AcDbLine
 10
49.96593059400765
 20
305.2683075241885
 30
0.0
 11
37.1340287999974
 21
305.2683075241885
 31
0.0
  0
LINE
  5
1F02
330
B31
100
AcDbEntity
  8
0
 62
     7
420
 15790320
370
     0
100
AcDbLine
 10
298.0758527999224
 20
304.2646851241832
 30
0.0
 11
298.0758527999388
 21
159.536035101918
 31
0.0
  0
LINE
  5
1F03
330
B31
100
AcDbEntity
  8
0
 62
     7
420
 15790320
370
     0
100
AcDbLine
 10
539.8293518708278
 20
335.3927119093121
 30
0.0
 11
539.7106206625039
 21
335.3769795241872
 31
0.0
  0
LINE
  5
1F04
330
B31
100
AcDbEntity
  8
0
 62
     7
420
 15790320
370
     0
100
AcDbLine
 10
298.0758527999224
 20
335.3769795241872
 30
0.0
 11
484.8019035527804
 21
335.3769795241872
 31
0.0
  0
LINE
  5
1F05
330
B31
100
AcDbEntity
  8
0
 62
     7
420
 15790320
370
     0
100
AcDbLine
 10
542.171285405836
 20
336.380601924176
 30
0.0
 11
542.5563386824806
 21
336.8824131241843
 31
0.0
  0
LINE
  5
1F06
330
B31
100
AcDbEntity
  8
0
 62
     7
420
 15790320
370
     0
100
AcDbLine
 10
53.92668978839902
 20
335.3769795241872
 30
0.0
 11
54.19560959997216
 21
335.3857133024046
 31
0.0
  0
LINE
  5
1F07
330
B31
100
AcDbEntity
  8
0
 62
     7
420
 15790320
370
     0
100
AcDbLine
 10
54.19560959997216
 20
335.3857133024046
 30
0.0
 11
54.25703093581796
 21
335.3769795241872
 31
0.0
  0
LINE
  5
1F08
330
B31
100
AcDbEntity
  8
0
 62
     7
420
 15790320
370
     0
100
AcDbLine
 10
50.0593601856217
 20
336.2588421098144
 30
0.0
 11
49.96593059400765
 21
336.380601924176
 31
0.0
  0
LINE
  5
1F09
330
B31
100
AcDbEntity
  8
0
 62
     7
420
 15790320
370
     0
100
AcDbLine
 10
49.96593059400765
 20
336.380601924176
 30
0.0
 11
49.58087731738487
 21
336.8824131241843
 31
0.0
  0
LINE
  5
1F0A
330
B31
100
AcDbEntity
  8
0
 62
     7
420
 15790320
370
     0
100
AcDbLine
 10
52.42659533735786
 20
335.3769795241872
 30
0.0
 11
52.30786412901761
 21
335.3927119093121
 31
0.0
  0
LINE
  5
1F0B
330
B31
100
AcDbEntity
  8
0
 62
     7
420
 15790320
370
     0
100
AcDbLine
 10
50.68293119998998
 20
335.780359241566
 30
0.0
 11
50.18111999998291
 21
336.165412518207
 31
0.0
  0
LINE
  5
1F0C
330
B31
100
AcDbEntity
  8
0
 62
     7
420
 15790320
370
     0
100
AcDbLine
 10
50.18111999998291
 20
336.165412518207
 30
0.0
 11
50.0593601856217
 21
336.2588421098144
 31
0.0
  0
LINE
  5
1F0D
330
B31
100
AcDbEntity
  8
0
 62
     7
420
 15790320
370
     0
100
AcDbLine
 10
49.96593059400765
 20
340.3950915241808
 30
0.0
 11
49.58087731738487
 21
339.8932803241835
 31
0.0
  0
LINE
  5
1F0E
330
B31
100
AcDbEntity
  8
0
 62
     7
420
 15790320
370
     0
100
AcDbLine
 10
542.0778558142346
 20
340.516851338559
 30
0.0
 11
542.1712854058723
 21
340.3950915241751
 31
0.0
  0
LINE
  5
1F0F
330
B31
100
AcDbEntity
  8
0
 62
     7
420
 15790320
370
     0
100
AcDbLine
 10
542.1712854058723
 20
340.3950915241751
 30
0.0
 11
542.5563386824806
 21
339.8932803241835
 31
0.0
  0
LINE
  5
1F10
330
B31
100
AcDbEntity
  8
0
 62
     7
420
 15790320
370
     0
100
AcDbLine
 10
105.1965058721507
 20
135.6561219241814
 30
0.0
 11
105.3280676470895
 21
135.6561219241871
 31
0.0
  0
LINE
  5
1F11
330
B31
100
AcDbEntity
  8
0
 62
     7
420
 15790320
370
     0
100
AcDbLine
 10
97.69187016338765
 20
136.6441259587211
 30
0.0
 11
104.8085544646583
 21
135.7245171321733
 31
0.0
  0
LINE
  5
1F12
330
B31
100
AcDbEntity
  8
0
 62
     7
420
 15790320
370
     0
100
AcDbLine
 10
104.8085544646583
 20
135.7245171321733
 30
0.0
 11
105.1965058721507
 21
135.6561219241814
 31
0.0
  0
LINE
  5
1F13
330
B31
100
AcDbEntity
  8
0
 62
     7
420
 15790320
370
     0
100
AcDbLine
 10
487.3286615352198
 20
135.7245171321679
 30
0.0
 11
494.4453458364523
 21
136.6441259587211
 31
0.0
  0
LINE
  5
1F14
330
B31
100
AcDbEntity
  8
0
 62
     7
420
 15790320
370
     0
100
AcDbLine
 10
37.1340287999974
 20
340.4658994538636
 30
0.0
 11
37.09109815620286
 21
340.3950915241808
 31
0.0
  0
LINE
  5
1F15
330
B31
100
AcDbEntity
  8
0
 62
     7
420
 15790320
370
     0
100
AcDbLine
 10
37.09109815620286
 20
336.380601924176
 30
0.0
 11
37.1340287999974
 21
336.3097939944878
 31
0.0
  0
LINE
  5
1F16
330
B31
100
AcDbEntity
  8
0
 62
     7
420
 15790320
370
     0
100
AcDbLine
 10
24.0869376000046
 20
336.3097939944878
 30
0.0
 11
24.05259308495079
 21
336.0319745756806
 31
0.0
  0
LINE
  5
1F17
330
B31
100
AcDbEntity
  8
0
 62
     7
420
 15790320
370
     0
100
AcDbLine
 10
555.0031871998481
 20
305.1974995945057
 30
0.0
 11
555.0461178436608
 21
305.2683075241939
 31
0.0
  0
LINE
  5
1F18
330
B31
100
AcDbEntity
  8
0
 62
     7
420
 15790320
370
     0
100
AcDbLine
 10
568.0846229148929
 20
309.6314244726887
 30
0.0
 11
568.0502783998572
 21
309.3536050538814
 31
0.0
  0
LINE
  5
1F19
330
B31
100
AcDbEntity
  8
0
 62
     7
420
 15790320
370
     0
100
AcDbLine
 10
568.0502783998572
 20
309.3536050538814
 30
0.0
 11
568.0502783998572
 21
309.2827971241931
 31
0.0
  0
LINE
  5
1F1A
330
B31
100
AcDbEntity
  8
0
 62
     7
420
 15790320
370
     0
100
AcDbLine
 10
568.0073477560626
 20
305.2683075241939
 30
0.0
 11
568.0502783998572
 21
305.1974995945057
 31
0.0
  0
LINE
  5
1F1B
330
B31
100
AcDbEntity
  8
0
 62
     7
420
 15790320
370
     0
100
AcDbLine
 10
24.0869376000046
 20
309.353605053876
 30
0.0
 11
24.05259308495079
 21
309.6314244726887
 31
0.0
  0
LINE
  5
1F1C
330
B31
100
AcDbEntity
  8
0
 62
     7
420
 15790320
370
     0
100
AcDbLine
 10
37.09109815620286
 20
305.2683075241885
 30
0.0
 11
37.1340287999974
 21
305.1974995945002
 31
0.0
  0
LINE
  5
1F1D
330
B31
100
AcDbEntity
  8
0
 62
     7
420
 15790320
370
     0
100
AcDbLine
 10
54.7637933693295
 20
304.2646851241889
 30
0.0
 11
80.55555931107482
 21
159.536035101918
 31
0.0
  0
LINE
  5
1F1E
330
B31
100
AcDbEntity
  8
0
 62
     7
420
 15790320
370
     0
100
AcDbLine
 10
80.55555931107482
 20
159.536035101918
 30
0.0
 11
80.7228391705321
 21
158.5973561339656
 31
0.0
  0
LINE
  5
1F1F
330
B31
100
AcDbEntity
  8
0
 62
     7
420
 15790320
370
     0
100
AcDbLine
 10
80.7228391705321
 20
158.5973561339656
 30
0.0
 11
81.58116764003898
 21
156.5251679019188
 31
0.0
  0
LINE
  5
1F20
330
B31
100
AcDbEntity
  8
0
 62
     7
420
 15790320
370
     0
100
AcDbLine
 10
81.58116764003898
 20
156.5251679019188
 30
0.0
 11
83.28350272487297
 21
152.4153674524257
 31
0.0
  0
LINE
  5
1F21
330
B31
100
AcDbEntity
  8
0
 62
     7
420
 15790320
370
     0
100
AcDbLine
 10
98.73986224577492
 20
140.5552856561264
 30
0.0
 11
103.3208228470794
 21
139.9521907516159
 31
0.0
  0
LINE
  5
1F22
330
B31
100
AcDbEntity
  8
0
 62
     7
420
 15790320
370
     0
100
AcDbLine
 10
103.3208228470794
 20
139.9521907516159
 30
0.0
 11
103.3892180550829
 21
139.943186351659
 31
0.0
  0
LINE
  5
1F23
330
B31
100
AcDbEntity
  8
0
 62
     7
420
 15790320
370
     0
100
AcDbLine
 10
488.7479979447971
 20
139.9431863516647
 30
0.0
 11
488.8163931528006
 21
139.9521907516214
 31
0.0
  0
LINE
  5
1F24
330
B31
100
AcDbEntity
  8
0
 62
     7
420
 15790320
370
     0
100
AcDbLine
 10
488.8163931528006
 20
139.9521907516214
 30
0.0
 11
493.3973537540487
 21
140.5552856561264
 31
0.0
  0
LINE
  5
1F25
330
B31
100
AcDbEntity
  8
0
 62
     7
420
 15790320
370
     0
100
AcDbLine
 10
508.8537132749561
 20
152.4153674524257
 30
0.0
 11
510.5560483597846
 21
156.5251679019188
 31
0.0
  0
LINE
  5
1F26
330
B31
100
AcDbEntity
  8
0
 62
     7
420
 15790320
370
     0
100
AcDbLine
 10
510.5560483597846
 20
156.5251679019188
 30
0.0
 11
511.4143768292933
 21
158.5973561339656
 31
0.0
  0
LINE
  5
1F27
330
B31
100
AcDbEntity
  8
0
 62
     7
420
 15790320
370
     0
100
AcDbLine
 10
107.2669172390979
 20
139.6706115241752
 30
0.0
 11
107.3353124470832
 21
139.6706115241752
 31
0.0
  0
LINE
  5
1F28
330
B31
100
AcDbEntity
  8
0
 62
     7
420
 15790320
370
     0
100
AcDbLine
 10
298.0758527999224
 20
139.6706115241752
 30
0.0
 11
484.801903552795
 21
139.6706115241752
 31
0.0
  0
LINE
  5
1F29
330
B31
100
AcDbEntity
  8
0
 62
     7
420
 15790320
370
     0
100
AcDbLine
 10
484.801903552795
 20
139.6706115241752
 30
0.0
 11
484.8702987607985
 21
139.6706115241752
 31
0.0
  0
LINE
  5
1F2A
330
B31
100
AcDbEntity
  8
0
 62
     7
420
 15790320
370
     0
100
AcDbLine
 10
511.4143768292933
 20
158.5973561339656
 30
0.0
 11
511.5816566887487
 21
159.536035101918
 31
0.0
  0
LINE
  5
1F2B
330
B31
100
AcDbEntity
  8
0
 62
     7
420
 15790320
370
     0
100
AcDbLine
 10
511.5816566887487
 20
159.536035101918
 30
0.0
 11
537.3734226304995
 21
304.2646851241832
 31
0.0
  0
LINE
  5
1F2C
330
B31
100
AcDbEntity
  8
0
 62
     7
420
 15790320
370
     0
100
AcDbLine
 10
464.4588397745256
 20
159.5360351019126
 30
0.0
 11
484.801903552795
 21
159.536035101918
 31
0.0
  0
LINE
  5
1F2D
330
B31
100
AcDbEntity
  8
0
 62
     7
420
 15790320
370
     0
100
AcDbLine
 10
484.801903552795
 20
159.536035101918
 30
0.0
 11
484.8702987607985
 21
159.536035101918
 31
0.0
  0
LINE
  5
1F2E
330
B31
100
AcDbEntity
  8
0
 62
     7
420
 15790320
370
     0
100
AcDbLine
 10
488.7479979447971
 20
159.536035101918
 30
0.0
 11
488.8163931528006
 21
159.536035101918
 31
0.0
  0
LINE
  5
1F2F
330
B31
100
AcDbEntity
  8
0
 62
     7
420
 15790320
370
     0
100
AcDbLine
 10
488.8163931528006
 20
159.536035101918
 30
0.0
 11
502.5648670507589
 21
159.536035101918
 31
0.0
  0
LINE
  5
1F30
330
B31
100
AcDbEntity
  8
0
 62
     7
420
 15790320
370
     0
100
AcDbLine
 10
91.57959374912753
 20
159.536035101918
 30
0.0
 11
103.3208228470794
 21
159.536035101918
 31
0.0
  0
LINE
  5
1F31
330
B31
100
AcDbEntity
  8
0
 62
     7
420
 15790320
370
     0
100
AcDbLine
 10
103.3208228470794
 20
159.536035101918
 30
0.0
 11
103.3892180550829
 21
159.536035101918
 31
0.0
  0
LINE
  5
1F32
330
B31
100
AcDbEntity
  8
0
 62
     7
420
 15790320
370
     0
100
AcDbLine
 10
107.2669172390979
 20
159.536035101918
 30
0.0
 11
107.3353124470832
 21
159.536035101918
 31
0.0
  0
LINE
  5
1F33
330
B31
100
AcDbEntity
  8
0
 62
     7
420
 15790320
370
     0
100
AcDbLine
 10
107.3353124470832
 20
159.536035101918
 30
0.0
 11
129.6856210253463
 21
159.536035101918
 31
0.0
  0
LINE
  5
1F34
330
B31
100
AcDbEntity
  8
0
 62
     7
420
 15790320
370
     0
100
AcDbLine
 10
81.58116764003898
 20
156.5251679019188
 30
0.0
 11
103.3208228470794
 21
156.5251679019188
 31
0.0
  0
LINE
  5
1F35
330
B31
100
AcDbEntity
  8
0
 62
     7
420
 15790320
370
     0
100
AcDbLine
 10
103.3208228470794
 20
156.5251679019188
 30
0.0
 11
103.3892180550829
 21
156.5251679019188
 31
0.0
  0
LINE
  5
1F36
330
B31
100
AcDbEntity
  8
0
 62
     7
420
 15790320
370
     0
100
AcDbLine
 10
107.2669172390979
 20
156.5251679019188
 30
0.0
 11
107.3353124470832
 21
156.5251679019188
 31
0.0
  0
LINE
  5
1F37
330
B31
100
AcDbEntity
  8
0
 62
     7
420
 15790320
370
     0
100
AcDbLine
 10
298.0758527999388
 20
156.5251679019188
 30
0.0
 11
484.801903552795
 21
156.5251679019188
 31
0.0
  0
LINE
  5
1F38
330
B31
100
AcDbEntity
  8
0
 62
     7
420
 15790320
370
     0
100
AcDbLine
 10
484.801903552795
 20
156.5251679019188
 30
0.0
 11
484.8702987607985
 21
156.5251679019188
 31
0.0
  0
LINE
  5
1F39
330
B31
100
AcDbEntity
  8
0
 62
     7
420
 15790320
370
     0
100
AcDbLine
 10
488.7479979447971
 20
156.5251679019188
 30
0.0
 11
488.8163931528006
 21
156.5251679019188
 31
0.0
  0
LINE
  5
1F3A
330
B31
100
AcDbEntity
  8
0
 62
     7
420
 15790320
370
     0
100
AcDbLine
 10
488.8163931528006
 20
156.5251679019188
 30
0.0
 11
510.5560483597846
 21
156.5251679019188
 31
0.0
  0
LINE
  5
1F3B
330
B31
100
AcDbEntity
  8
0
 62
     7
420
 15790320
370
     0
100
AcDbLine
 10
107.2669172390797
 20
285.3369880716359
 30
0.0
 11
107.3353124470614
 21
284.9531932534203
 31
0.0
  0
LINE
  5
1F3C
330
B31
100
AcDbEntity
  8
0
 62
     7
420
 15790320
370
     0
100
AcDbLine
 10
107.2669172390579
 20
296.7779541006326
 30
0.0
 11
107.3353124470614
 21
296.3941592825606
 31
0.0
  0
LINE
  5
1F3D
330
B31
100
AcDbEntity
  8
0
 62
     7
420
 15790320
370
     0
100
AcDbLine
 10
107.3353124470614
 20
296.3941592825606
 30
0.0
 11
131.7244897491309
 21
159.536035101918
 31
0.0
  0
LINE
  5
1F3E
330
B31
100
AcDbEntity
  8
0
 62
     7
420
 15790320
370
     0
100
AcDbLine
 10
484.8702987607658
 20
285.514443458125
 30
0.0
 11
484.8019035527804
 21
285.1306486399092
 31
0.0
  0
LINE
  5
1F3F
330
B31
100
AcDbEntity
  8
0
 62
     7
420
 15790320
370
     0
100
AcDbLine
 10
484.8019035527804
 20
285.1306486399092
 30
0.0
 11
462.4199710507427
 21
159.536035101918
 31
0.0
  0
LINE
  5
1F40
330
B31
100
AcDbEntity
  8
0
 62
     7
420
 15790320
370
     0
100
AcDbLine
 10
490.2506057162545
 20
304.2646851241832
 30
0.0
 11
488.816393152786
 21
296.2167038953801
 31
0.0
  0
LINE
  5
1F41
330
B31
100
AcDbEntity
  8
0
 62
     7
420
 15790320
370
     0
100
AcDbLine
 10
488.816393152786
 20
296.2167038953801
 30
0.0
 11
488.7479979447825
 21
295.8329090773082
 31
0.0
  0
LINE
  5
1F42
330
B31
100
AcDbEntity
  8
0
 62
     7
420
 15790320
370
     0
100
AcDbLine
 10
484.8702987607802
 20
274.0734774291448
 30
0.0
 11
484.8019035527804
 21
273.6896826107854
 31
0.0
  0
LINE
  5
1F43
330
B31
100
AcDbEntity
  8
0
 62
     7
420
 15790320
370
     0
100
AcDbLine
 10
292.3040737491283
 20
159.536035101918
 30
0.0
 11
294.0613631999422
 21
159.536035101918
 31
0.0
  0
LINE
  5
1F44
330
B31
100
AcDbEntity
  8
0
 62
     7
420
 15790320
370
     0
100
AcDbLine
 10
294.0613631999422
 20
159.536035101918
 30
0.0
 11
294.3302830115208
 21
159.536035101918
 31
0.0
  0
LINE
  5
1F45
330
B31
100
AcDbEntity
  8
0
 62
     7
420
 15790320
370
     0
100
AcDbLine
 10
568.0073477560626
 20
315.9595265756796
 30
0.0
 11
568.0502783998572
 21
320.3226435241793
 31
0.0
  0
LINE
  5
1F46
330
B31
100
AcDbEntity
  8
0
 62
     7
420
 15790320
370
     0
100
AcDbLine
 10
568.0073477560626
 20
329.7038724726842
 30
0.0
 11
568.0502783998572
 21
325.3407555241783
 31
0.0
  0
LINE
  5
1F47
330
B31
100
AcDbEntity
  8
0
 62
     7
420
 15790320
370
     0
100
AcDbLine
 10
563.6871614513556
 20
325.383686167984
 30
0.0
 11
568.0502783998572
 21
325.3407555241783
 31
0.0
  0
LINE
  5
1F48
330
B31
100
AcDbEntity
  8
0
 62
     7
420
 15790320
370
     0
100
AcDbLine
 10
555.0031871998481
 20
325.3407555241783
 30
0.0
 11
555.0461178436608
 21
329.7038724726842
 31
0.0
  0
LINE
  5
1F49
330
B31
100
AcDbEntity
  8
0
 62
     7
420
 15790320
370
     0
100
AcDbLine
 10
28.45005454852253
 20
320.2797128803795
 30
0.0
 11
24.0869376000046
 21
320.322643524185
 31
0.0
  0
LINE
  5
1F4A
330
B31
100
AcDbEntity
  8
0
 62
     7
420
 15790320
370
     0
100
AcDbLine
 10
37.1340287999974
 20
325.340755524184
 30
0.0
 11
32.77091185149766
 21
325.383686167984
 31
0.0
  0
LINE
  5
1F4B
330
B31
100
AcDbEntity
  8
0
 62
     7
420
 15790320
370
     0
100
AcDbLine
 10
28.45005454852253
 20
325.383686167984
 30
0.0
 11
24.0869376000046
 21
325.340755524184
 31
0.0
  0
LINE
  5
1F4C
330
B31
100
AcDbEntity
  8
0
 62
     7
420
 15790320
370
     0
100
AcDbLine
 10
568.0502783998572
 20
336.3097939944878
 30
0.0
 11
568.0073477560626
 21
336.380601924176
 31
0.0
  0
LINE
  5
1F4D
330
B31
100
AcDbEntity
  8
0
 62
     7
420
 15790320
370
     0
100
AcDbLine
 10
568.0502783998572
 20
340.3266963161777
 30
0.0
 11
568.0073477560626
 21
340.3950915241751
 31
0.0
  0
LINE
  5
1F4E
330
B31
100
AcDbEntity
  8
0
 62
     7
420
 15790320
370
     0
100
AcDbLine
 10
485.7373834270011
 20
310.2864195241873
 30
0.0
 11
484.8019035527804
 21
310.2864195241873
 31
0.0
  0
LINE
  5
1F4F
330
B31
100
AcDbEntity
  8
0
 62
     7
420
 15790320
370
     0
100
AcDbLine
 10
484.8019035527804
 20
310.2864195241873
 30
0.0
 11
298.0758527999224
 21
310.2864195241816
 31
0.0
  0
LINE
  5
1F50
330
B31
100
AcDbEntity
  8
0
 62
     7
420
 15790320
370
     0
100
AcDbLine
 10
488.816393152786
 20
304.2646851241832
 30
0.0
 11
488.816393152786
 21
296.2167038953801
 31
0.0
  0
LINE
  5
1F51
330
B31
100
AcDbEntity
  8
0
 62
     7
420
 15790320
370
     0
100
AcDbLine
 10
105.3280676470895
 20
135.6561219241871
 30
0.0
 11
296.0686079999287
 21
135.6561219241814
 31
0.0
  0
LINE
  5
1F52
330
B31
100
AcDbEntity
  8
0
 62
     7
420
 15790320
370
     0
100
AcDbLine
 10
24.0869376000046
 20
340.4658994538636
 30
0.0
 11
24.12986824380096
 21
340.3950915241808
 31
0.0
  0
LINE
  5
1F53
330
B31
100
AcDbEntity
  8
0
 62
     7
420
 15790320
370
     0
100
AcDbLine
 10
24.12986824380096
 20
340.3950915241808
 30
0.0
 11
24.0869376000046
 21
340.3266963161832
 31
0.0
  0
LINE
  5
1F54
330
B31
100
AcDbEntity
  8
0
 62
     7
420
 15790320
370
     0
100
AcDbLine
 10
37.1340287999974
 20
336.4489971321734
 30
0.0
 11
37.09109815620286
 21
336.380601924176
 31
0.0
  0
LINE
  5
1F55
330
B31
100
AcDbEntity
  8
0
 62
     7
420
 15790320
370
     0
100
AcDbLine
 10
107.3353124470614
 20
296.3941592825606
 30
0.0
 11
107.3353124470614
 21
284.9531932534203
 31
0.0
  0
LINE
  5
1F56
330
B31
100
AcDbEntity
  8
0
 62
     7
420
 15790320
370
     0
100
AcDbLine
 10
555.0461178436608
 20
305.2683075241939
 30
0.0
 11
555.0031871998481
 21
305.3367027321915
 31
0.0
  0
LINE
  5
1F57
330
B31
100
AcDbEntity
  8
0
 62
     7
420
 15790320
370
     0
100
AcDbLine
 10
37.1340287999974
 20
305.3367027321858
 30
0.0
 11
37.09109815620286
 21
305.2683075241885
 31
0.0
  0
LINE
  5
1F58
330
B31
100
AcDbEntity
  8
0
 62
     7
420
 15790320
370
     0
100
AcDbLine
 10
568.0502783998572
 20
305.3367027321858
 30
0.0
 11
568.0073477560626
 21
305.2683075241939
 31
0.0
  0
LINE
  5
1F59
330
B31
100
AcDbEntity
  8
0
 62
     7
420
 15790320
370
     0
100
AcDbLine
 10
107.3353124470832
 20
139.6706115241752
 30
0.0
 11
294.0613631999422
 21
139.6706115241752
 31
0.0
  0
LINE
  5
1F5A
330
B31
100
AcDbEntity
  8
0
 62
     7
420
 15790320
370
     0
100
AcDbLine
 10
294.0613631999422
 20
139.6706115241752
 30
0.0
 11
294.3302830115208
 21
139.6706115241752
 31
0.0
  0
LINE
  5
1F5B
330
B31
100
AcDbEntity
  8
0
 62
     7
420
 15790320
370
     0
100
AcDbLine
 10
107.3353124470832
 20
156.5251679019188
 30
0.0
 11
294.0613631999422
 21
156.5251679019188
 31
0.0
  0
LINE
  5
1F5C
330
B31
100
AcDbEntity
  8
0
 62
     7
420
 15790320
370
     0
100
AcDbLine
 10
294.0613631999422
 20
156.5251679019188
 30
0.0
 11
294.3302830115208
 21
156.5251679019188
 31
0.0
  0
LINE
  5
1F5D
330
B31
100
AcDbEntity
  8
0
 62
     7
420
 15790320
370
     0
100
AcDbLine
 10
555.0031871998481
 20
320.3226435241793
 30
0.0
 11
559.3663041483641
 21
320.279712880385
 31
0.0
  0
LINE
  5
1F5E
330
B31
100
AcDbEntity
  8
0
 62
     7
420
 15790320
370
     0
100
AcDbLine
 10
568.0073477560626
 20
330.3588675241829
 30
0.0
 11
568.0073477560626
 21
329.7038724726842
 31
0.0
  0
LINE
  5
1F5F
330
B31
100
AcDbEntity
  8
0
 62
     7
420
 15790320
370
     0
100
AcDbLine
 10
37.1340287999974
 20
320.322643524185
 30
0.0
 11
37.09109815620286
 21
315.9595265756796
 31
0.0
  0
LINE
  5
1F60
330
B31
100
AcDbEntity
  8
0
 62
     7
420
 15790320
370
     0
100
AcDbLine
 10
37.1340287999974
 20
325.340755524184
 30
0.0
 11
37.09109815620286
 21
329.7038724726842
 31
0.0
  0
LINE
  5
1F61
330
B31
100
AcDbEntity
  8
0
 62
     7
420
 15790320
370
     0
100
AcDbLine
 10
20.07244799999899
 20
347.913654376182
 30
0.0
 11
20.07244799999899
 21
340.3950915241862
 31
0.0
  0
LINE
  5
1F62
330
B31
100
AcDbEntity
  8
0
 62
     7
420
 15790320
370
     0
100
AcDbLine
 10
20.07244799999899
 20
340.3950915241862
 30
0.0
 11
20.07244799999899
 21
305.268307524183
 31
0.0
  0
LINE
  5
1F63
330
B31
100
AcDbEntity
  8
0
 62
     7
420
 15790320
370
     0
100
AcDbLine
 10
484.8019035527804
 20
285.1306486399092
 30
0.0
 11
484.8019035527804
 21
273.6896826107854
 31
0.0
  0
LINE
  5
1F64
330
B31
100
AcDbEntity
  8
0
 62
     7
420
 15790320
370
     0
100
AcDbLine
 10
296.0686079999287
 20
135.6561219241814
 30
0.0
 11
486.8091483527905
 21
135.6561219241762
 31
0.0
  0
LINE
  5
1F65
330
B31
100
AcDbEntity
  8
0
 62
     7
420
 15790320
370
     0
100
AcDbLine
 10
563.6871614513556
 20
320.279712880385
 30
0.0
 11
568.0502783998572
 21
320.3226435241793
 31
0.0
  0
LINE
  5
1F66
330
B31
100
AcDbEntity
  8
0
 62
     7
420
 15790320
370
     0
100
AcDbLine
 10
37.1340287999974
 20
320.322643524185
 30
0.0
 11
32.77091185149766
 21
320.2797128803795
 31
0.0
  0
LINE
  5
1F67
330
B31
100
AcDbEntity
  8
0
 62
     7
420
 15790320
370
     0
100
AcDbLine
 10
37.09109815620286
 20
315.9595265756796
 30
0.0
 11
37.09109815620286
 21
315.3045315241807
 31
0.0
  0
LINE
  5
1F68
330
B31
100
AcDbEntity
  8
0
 62
     7
420
 15790320
370
     0
100
AcDbLine
 10
37.09109815620286
 20
329.7038724726842
 30
0.0
 11
37.09109815620286
 21
330.3588675241829
 31
0.0
  0
LINE
  5
1F69
330
B31
100
AcDbEntity
  8
0
 62
     7
420
 15790320
370
     0
100
AcDbLine
 10
24.12986824380096
 20
329.7038724726842
 30
0.0
 11
24.0869376000046
 21
325.340755524184
 31
0.0
  0
LINE
  5
1F6A
330
B31
100
AcDbEntity
  8
0
 62
     7
420
 15790320
370
     0
100
AcDbLine
 10
568.0073477560626
 20
336.380601924176
 30
0.0
 11
568.0502783998572
 21
336.4489971321734
 31
0.0
  0
LINE
  5
1F6B
330
B31
100
AcDbEntity
  8
0
 62
     7
420
 15790320
370
     0
100
AcDbLine
 10
146.0776198074709
 20
304.2646851241832
 30
0.0
 11
144.0387510836535
 21
304.2646851241889
 31
0.0
  0
LINE
  5
1F6C
330
B31
100
AcDbEntity
  8
0
 62
     7
420
 15790320
370
     0
100
AcDbLine
 10
568.0502783998572
 20
330.6324483561668
 30
0.0
 11
568.0073477560626
 21
330.3588675241829
 31
0.0
  0
LINE
  5
1F6D
330
B31
100
AcDbEntity
  8
0
 62
     7
420
 15790320
370
     0
100
AcDbLine
 10
555.0031871998481
 20
325.3407555241783
 30
0.0
 11
559.3663041483641
 21
325.383686167984
 31
0.0
  0
LINE
  5
1F6E
330
B31
100
AcDbEntity
  8
0
 62
     7
420
 15790320
370
     0
100
AcDbLine
 10
37.09109815620286
 20
315.3045315241807
 30
0.0
 11
37.1340287999974
 21
315.0309506922022
 31
0.0
  0
LINE
  5
1F6F
330
B31
100
AcDbEntity
  8
0
 62
     7
420
 15790320
370
     0
100
AcDbLine
 10
37.09109815620286
 20
330.3588675241829
 30
0.0
 11
37.1340287999974
 21
330.6324483561668
 31
0.0
  0
LINE
  5
1F70
330
B31
100
AcDbEntity
  8
0
 62
     7
420
 15790320
370
     0
100
AcDbLine
 10
555.0031871998481
 20
340.4658994538636
 30
0.0
 11
555.0461178436608
 21
340.3950915241751
 31
0.0
  0
LINE
  5
1F71
330
B31
100
AcDbEntity
  8
0
 62
     7
420
 15790320
370
     0
100
AcDbLine
 10
555.0461178436608
 20
340.3950915241751
 30
0.0
 11
555.0031871998481
 21
340.3266963161777
 31
0.0
  0
LINE
  5
1F72
330
B31
100
AcDbEntity
  8
0
 62
     7
420
 15790320
370
     0
100
AcDbLine
 10
555.0031871998481
 20
320.3226435241793
 30
0.0
 11
555.0461178436608
 21
315.9595265756796
 31
0.0
  0
LINE
  5
1F73
330
B31
100
AcDbEntity
  8
0
 62
     7
420
 15790320
370
     0
100
AcDbLine
 10
24.12986824380096
 20
315.9595265756796
 30
0.0
 11
24.0869376000046
 21
320.322643524185
 31
0.0
  0
LINE
  5
1F74
330
B31
100
AcDbEntity
  8
0
 62
     7
420
 15790320
370
     0
100
AcDbLine
 10
329.6710217162581
 20
304.2646851241832
 30
0.0
 11
327.6321529924317
 21
304.2646851241832
 31
0.0
  0
LINE
  5
1F75
330
B31
100
AcDbEntity
  8
0
 62
     7
420
 15790320
370
     0
100
AcDbLine
 10
186.2225158074743
 20
304.2646851241832
 30
0.0
 11
184.1836470836497
 21
304.2646851241832
 31
0.0
  0
LINE
  5
1F76
330
B31
100
AcDbEntity
  8
0
 62
     7
420
 15790320
370
     0
100
AcDbLine
 10
37.09109815620286
 20
340.3950915241808
 30
0.0
 11
37.1340287999974
 21
340.3266963161832
 31
0.0
  0
LINE
  5
1F77
330
B31
100
AcDbEntity
  8
0
 62
     7
420
 15790320
370
     0
100
AcDbLine
 10
37.1340287999974
 20
309.353605053876
 30
0.0
 11
37.09109815620286
 21
309.2827971241875
 31
0.0
  0
LINE
  5
1F78
330
B31
100
AcDbEntity
  8
0
 62
     7
420
 15790320
370
     0
100
AcDbLine
 10
37.09109815620286
 20
309.2827971241875
 30
0.0
 11
37.1340287999974
 21
309.2144019161901
 31
0.0
  0
LINE
  5
1F79
330
B31
100
AcDbEntity
  8
0
 62
     7
420
 15790320
370
     0
100
AcDbLine
 10
226.3674118074541
 20
304.2646851241832
 30
0.0
 11
224.3285430836531
 21
304.2646851241832
 31
0.0
  0
LINE
  5
1F7A
330
B31
100
AcDbEntity
  8
0
 62
     7
420
 15790320
370
     0
100
AcDbLine
 10
409.9608137162549
 20
304.2646851241832
 30
0.0
 11
407.9219449924321
 21
304.2646851241832
 31
0.0
  0
LINE
  5
1F7B
330
B31
100
AcDbEntity
  8
0
 62
     7
420
 15790320
370
     0
100
AcDbLine
 10
369.815917716257
 20
304.2646851241832
 30
0.0
 11
367.7770489924342
 21
304.2646851241832
 31
0.0
  0
LINE
  5
1F7C
330
B31
100
AcDbEntity
  8
0
 62
     7
420
 15790320
370
     0
100
AcDbLine
 10
266.5123078074721
 20
304.2646851241832
 30
0.0
 11
264.4734390836529
 21
304.2646851241832
 31
0.0
  0
LINE
  5
1F7D
330
B31
100
AcDbEntity
  8
0
 62
     7
420
 15790320
370
     0
100
AcDbLine
 10
450.1057097162384
 20
304.2646851241832
 30
0.0
 11
448.0668409924337
 21
304.2646851241832
 31
0.0
  0
LINE
  5
1F7E
330
B31
100
AcDbEntity
  8
0
 62
     7
420
 15790320
370
     0
100
AcDbLine
 10
490.2506057162545
 20
304.2646851241832
 30
0.0
 11
488.816393152786
 21
304.2646851241832
 31
0.0
  0
LINE
  5
1F7F
330
B31
100
AcDbEntity
  8
0
 62
     7
420
 15790320
370
     0
100
AcDbLine
 10
568.0502783998572
 20
336.4489971321734
 30
0.0
 11
568.0502783998572
 21
340.3266963161777
 31
0.0
  0
LINE
  5
1F80
330
B31
100
AcDbEntity
  8
0
 62
     7
420
 15790320
370
     0
100
AcDbLine
 10
555.0031871998481
 20
336.380601924176
 30
0.0
 11
555.0031871998481
 21
332.8679235241795
 31
0.0
  0
LINE
  5
1F81
330
B31
100
AcDbEntity
  8
0
 62
     7
420
 15790320
370
     0
100
AcDbLine
 10
555.0031871998481
 20
340.4658994538636
 30
0.0
 11
555.0031871998481
 21
346.4168259241683
 31
0.0
  0
LINE
  5
1F82
330
B31
100
AcDbEntity
  8
0
 62
     7
420
 15790320
370
     0
100
AcDbLine
 10
555.0031871998481
 20
330.3588675241829
 30
0.0
 11
555.0031871998481
 21
332.8679235241795
 31
0.0
  0
LINE
  5
1F83
330
B31
100
AcDbEntity
  8
0
 62
     7
420
 15790320
370
     0
100
AcDbLine
 10
568.0502783998572
 20
340.4658994538636
 30
0.0
 11
568.0502783998572
 21
346.4168259241683
 31
0.0
  0
LINE
  5
1F84
330
B31
100
AcDbEntity
  8
0
 62
     7
420
 15790320
370
     0
100
AcDbLine
 10
568.0502783998572
 20
335.3769795241817
 30
0.0
 11
568.0502783998572
 21
330.6324483561668
 31
0.0
  0
LINE
  5
1F85
330
B31
100
AcDbEntity
  8
0
 62
     7
420
 15790320
370
     0
100
AcDbLine
 10
568.0502783998572
 20
309.2827971241931
 30
0.0
 11
568.0502783998572
 21
305.3367027321858
 31
0.0
  0
LINE
  5
1F86
330
B31
100
AcDbEntity
  8
0
 62
     7
420
 15790320
370
     0
100
AcDbLine
 10
24.0869376000046
 20
309.2827971241875
 30
0.0
 11
24.0869376000046
 21
305.2683075241885
 31
0.0
  0
LINE
  5
1F87
330
B31
100
AcDbEntity
  8
0
 62
     7
420
 15790320
370
     0
100
AcDbLine
 10
50.18111999998291
 20
309.4979865301623
 30
0.0
 11
50.68293119998998
 21
309.883039806803
 31
0.0
  0
LINE
  5
1F88
330
B31
100
AcDbEntity
  8
0
 62
     7
420
 15790320
370
     0
100
AcDbLine
 10
539.7106206625039
 20
310.2864195241873
 30
0.0
 11
537.9416063998369
 21
310.2864195241873
 31
0.0
  0
LINE
  5
1F89
330
B31
100
AcDbEntity
  8
0
 62
     7
420
 15790320
370
     0
100
AcDbLine
 10
488.816393152786
 20
310.2864195241873
 30
0.0
 11
537.9416063998369
 21
310.2864195241873
 31
0.0
  0
LINE
  5
1F8A
330
B31
100
AcDbEntity
  8
0
 62
     7
420
 15790320
370
     0
100
AcDbLine
 10
528.3566329924333
 20
304.2646851241832
 30
0.0
 11
530.3955017162597
 21
304.2646851241832
 31
0.0
  0
LINE
  5
1F8B
330
B31
100
AcDbEntity
  8
0
 62
     7
420
 15790320
370
     0
100
AcDbLine
 10
103.320822847063
 20
304.2646851241832
 30
0.0
 11
65.78782780747315
 21
304.2646851241889
 31
0.0
  0
LINE
  5
1F8C
330
B31
100
AcDbEntity
  8
0
 62
     7
420
 15790320
370
     0
100
AcDbLine
 10
107.3353124470614
 20
304.2646851241832
 30
0.0
 11
103.320822847063
 21
304.2646851241832
 31
0.0
  0
LINE
  5
1F8D
330
B31
100
AcDbEntity
  8
0
 62
     7
420
 15790320
370
     0
100
AcDbLine
 10
298.0758527999224
 20
304.2646851241832
 30
0.0
 11
294.0613631999168
 21
304.2646851241832
 31
0.0
  0
LINE
  5
1F8E
330
B31
100
AcDbEntity
  8
0
 62
     7
420
 15790320
370
     0
100
AcDbLine
 10
484.8019035527804
 20
304.2646851241832
 30
0.0
 11
488.816393152786
 21
304.2646851241832
 31
0.0
  0
LINE
  5
1F8F
330
B31
100
AcDbEntity
  8
0
 62
     7
420
 15790320
370
     0
100
AcDbLine
 10
530.3955017162597
 20
304.2646851241832
 30
0.0
 11
537.3734226304995
 21
304.2646851241832
 31
0.0
  0
LINE
  5
1F90
330
B31
100
AcDbEntity
  8
0
 62
     7
420
 15790320
370
     0
100
AcDbLine
 10
490.2506057162545
 20
304.2646851241832
 30
0.0
 11
528.3566329924333
 21
304.2646851241832
 31
0.0
  0
LINE
  5
1F91
330
B31
100
AcDbEntity
  8
0
 62
     7
420
 15790320
370
     0
100
AcDbLine
 10
266.5123078074721
 20
304.2646851241832
 30
0.0
 11
294.0613631999168
 21
304.2646851241832
 31
0.0
  0
LINE
  5
1F92
330
B31
100
AcDbEntity
  8
0
 62
     7
420
 15790320
370
     0
100
AcDbLine
 10
63.74895908365397
 20
304.2646851241889
 30
0.0
 11
54.7637933693295
 21
304.2646851241889
 31
0.0
  0
LINE
  5
1F93
330
B31
100
AcDbEntity
  8
0
 62
     7
420
 15790320
370
     0
100
AcDbLine
 10
65.78782780747315
 20
304.2646851241889
 30
0.0
 11
63.74895908365397
 21
304.2646851241889
 31
0.0
  0
LINE
  5
1F94
330
B31
100
AcDbEntity
  8
0
 62
     7
420
 15790320
370
     0
100
AcDbLine
 10
537.3734226304995
 20
304.2646851241832
 30
0.0
 11
539.9488511998688
 21
304.2646851241832
 31
0.0
  0
LINE
  5
1F95
330
B31
100
AcDbEntity
  8
0
 62
     7
420
 15790320
370
     0
100
AcDbLine
 10
54.7637933693295
 20
304.2646851241889
 30
0.0
 11
52.18836479997662
 21
304.2646851241832
 31
0.0
  0
LINE
  5
1F96
330
B31
100
AcDbEntity
  8
0
 62
     7
420
 15790320
370
     0
100
AcDbLine
 10
103.320822847063
 20
310.2864195241816
 30
0.0
 11
54.25703093581796
 21
310.2864195241816
 31
0.0
  0
LINE
  5
1F97
330
B31
100
AcDbEntity
  8
0
 62
     7
420
 15790320
370
     0
100
AcDbLine
 10
107.3353124470614
 20
310.2864195241816
 30
0.0
 11
294.0613631999168
 21
310.2864195241816
 31
0.0
  0
LINE
  5
1F98
330
B31
100
AcDbEntity
  8
0
 62
     7
420
 15790320
370
     0
100
AcDbLine
 10
484.801903552795
 20
156.5251679019188
 30
0.0
 11
484.801903552795
 21
139.6706115241752
 31
0.0
  0
LINE
  5
1F99
330
B31
100
AcDbEntity
  8
0
 62
     7
420
 15790320
370
     0
100
AcDbLine
 10
484.801903552795
 20
156.5251679019188
 30
0.0
 11
484.801903552795
 21
159.536035101918
 31
0.0
  0
LINE
  5
1F9A
330
B31
100
AcDbEntity
  8
0
 62
     7
420
 15790320
370
     0
100
AcDbLine
 10
488.8163931528006
 20
139.9521907516214
 30
0.0
 11
488.8163931528006
 21
156.5251679019188
 31
0.0
  0
LINE
  5
1F9B
330
B31
100
AcDbEntity
  8
0
 62
     7
420
 15790320
370
     0
100
AcDbLine
 10
488.8163931528006
 20
137.6633667241756
 30
0.0
 11
488.8163931528006
 21
139.9521907516214
 31
0.0
  0
LINE
  5
1F9C
330
B31
100
AcDbEntity
  8
0
 62
     7
420
 15790320
370
     0
100
AcDbLine
 10
484.801903552795
 20
137.6633667241756
 30
0.0
 11
484.801903552795
 21
139.6706115241752
 31
0.0
  0
LINE
  5
1F9D
330
B31
100
AcDbEntity
  8
0
 62
     7
420
 15790320
370
     0
100
AcDbLine
 10
488.8163931528006
 20
156.5251679019188
 30
0.0
 11
488.8163931528006
 21
159.536035101918
 31
0.0
  0
LINE
  5
1F9E
330
B31
100
AcDbEntity
  8
0
 62
     7
420
 15790320
370
     0
100
AcDbLine
 10
24.0869376000046
 20
340.3266963161832
 30
0.0
 11
24.0869376000046
 21
336.380601924176
 31
0.0
  0
LINE
  5
1F9F
330
B31
100
AcDbEntity
  8
0
 62
     7
420
 15790320
370
     0
100
AcDbLine
 10
294.0613631999422
 20
156.5251679019188
 30
0.0
 11
294.0613631999422
 21
139.6706115241752
 31
0.0
  0
LINE
  5
1FA0
330
B31
100
AcDbEntity
  8
0
 62
     7
420
 15790320
370
     0
100
AcDbLine
 10
294.0613631999422
 20
156.5251679019188
 30
0.0
 11
294.0613631999422
 21
159.536035101918
 31
0.0
  0
LINE
  5
1FA1
330
B31
100
AcDbEntity
  8
0
 62
     7
420
 15790320
370
     0
100
AcDbLine
 10
298.0758527999224
 20
137.663366724181
 30
0.0
 11
298.0758527999224
 21
139.6706115241752
 31
0.0
  0
LINE
  5
1FA2
330
B31
100
AcDbEntity
  8
0
 62
     7
420
 15790320
370
     0
100
AcDbLine
 10
294.0613631999422
 20
137.663366724181
 30
0.0
 11
294.0613631999422
 21
139.6706115241752
 31
0.0
  0
LINE
  5
1FA3
330
B31
100
AcDbEntity
  8
0
 62
     7
420
 15790320
370
     0
100
AcDbLine
 10
298.0758527999388
 20
156.5251679019188
 30
0.0
 11
298.0758527999388
 21
159.536035101918
 31
0.0
  0
LINE
  5
1FA4
330
B31
100
AcDbEntity
  8
0
 62
     7
420
 15790320
370
     0
100
AcDbLine
 10
298.0758527999224
 20
139.6706115241752
 30
0.0
 11
298.0758527999388
 21
156.5251679019188
 31
0.0
  0
LINE
  5
1FA5
330
B31
100
AcDbEntity
  8
0
 62
     7
420
 15790320
370
     0
100
AcDbLine
 10
541.9560959998425
 20
336.1654125181733
 30
0.0
 11
541.4542847998718
 21
335.7803592415605
 31
0.0
  0
LINE
  5
1FA6
330
B31
100
AcDbEntity
  8
0
 62
     7
420
 15790320
370
     0
100
AcDbLine
 10
103.320822847063
 20
335.3769795241872
 30
0.0
 11
104.2563027212472
 21
335.3769795241872
 31
0.0
  0
LINE
  5
1FA7
330
B31
100
AcDbEntity
  8
0
 62
     7
420
 15790320
370
     0
100
AcDbLine
 10
107.3353124470614
 20
335.3769795241872
 30
0.0
 11
106.3998325728753
 21
335.3769795241872
 31
0.0
  0
LINE
  5
1FA8
330
B31
100
AcDbEntity
  8
0
 62
     7
420
 15790320
370
     0
100
AcDbLine
 10
294.9968430741265
 20
335.3769795241872
 30
0.0
 11
294.0613631999168
 21
335.3769795241872
 31
0.0
  0
LINE
  5
1FA9
330
B31
100
AcDbEntity
  8
0
 62
     7
420
 15790320
370
     0
100
AcDbLine
 10
298.0758527999224
 20
335.3769795241872
 30
0.0
 11
297.1403729257199
 21
335.3769795241872
 31
0.0
  0
LINE
  5
1FAA
330
B31
100
AcDbEntity
  8
0
 62
     7
420
 15790320
370
     0
100
AcDbLine
 10
484.8019035527804
 20
335.3769795241872
 30
0.0
 11
485.7373834270011
 21
335.3769795241872
 31
0.0
  0
LINE
  5
1FAB
330
B31
100
AcDbEntity
  8
0
 62
     7
420
 15790320
370
     0
100
AcDbLine
 10
488.816393152786
 20
335.3769795241872
 30
0.0
 11
487.8809132785436
 21
335.3769795241872
 31
0.0
  0
LINE
  5
1FAC
330
B31
100
AcDbEntity
  8
0
 62
     7
420
 15790320
370
     0
100
AcDbLine
 10
537.9416063998369
 20
335.3769795241872
 30
0.0
 11
488.816393152786
 21
335.3769795241872
 31
0.0
  0
LINE
  5
1FAD
330
B31
100
AcDbEntity
  8
0
 62
     7
420
 15790320
370
     0
100
AcDbLine
 10
52.42659533735786
 20
335.3769795241872
 30
0.0
 11
53.92668978839902
 21
335.3769795241872
 31
0.0
  0
LINE
  5
1FAE
330
B31
100
AcDbEntity
  8
0
 62
     7
420
 15790320
370
     0
100
AcDbLine
 10
103.320822847063
 20
335.3769795241872
 30
0.0
 11
54.25703093581796
 21
335.3769795241872
 31
0.0
  0
LINE
  5
1FAF
330
B31
100
AcDbEntity
  8
0
 62
     7
420
 15790320
370
     0
100
AcDbLine
 10
537.9416063998369
 20
335.3769795241872
 30
0.0
 11
539.7106206625039
 21
335.3769795241872
 31
0.0
  0
LINE
  5
1FB0
330
B31
100
AcDbEntity
  8
0
 62
     7
420
 15790320
370
     0
100
AcDbLine
 10
539.9488511998688
 20
341.398713924186
 30
0.0
 11
52.18836479997662
 21
341.3987139241803
 31
0.0
  0
LINE
  5
1FB1
330
B31
100
AcDbEntity
  8
0
 62
     7
420
 15790320
370
     0
100
AcDbLine
 10
294.0613631999168
 20
335.3769795241872
 30
0.0
 11
107.3353124470614
 21
335.3769795241872
 31
0.0
  0
LINE
  5
1FB2
330
B31
100
AcDbEntity
  8
0
 62
     7
420
 15790320
370
     0
100
AcDbLine
 10
555.0031871998481
 20
336.380601924176
 30
0.0
 11
555.0031871998481
 21
340.3266963161777
 31
0.0
  0
LINE
  5
1FB3
330
B31
100
AcDbEntity
  8
0
 62
     7
420
 15790320
370
     0
100
AcDbLine
 10
560.0212991998496
 20
325.3407555241783
 30
0.0
 11
560.0212991998496
 21
351.4349379241726
 31
0.0
  0
LINE
  5
1FB4
330
B31
100
AcDbEntity
  8
0
 62
     7
420
 15790320
370
     0
100
AcDbLine
 10
563.0321663998593
 20
325.3407555241783
 30
0.0
 11
563.0321663998593
 21
351.4349379241726
 31
0.0
  0
LINE
  5
1FB5
330
B31
100
AcDbEntity
  8
0
 62
     7
420
 15790320
370
     0
100
AcDbLine
 10
24.0869376000046
 20
340.4658994538636
 30
0.0
 11
24.0869376000046
 21
346.4168259241683
 31
0.0
  0
LINE
  5
1FB6
330
B31
100
AcDbEntity
  8
0
 62
     7
420
 15790320
370
     0
100
AcDbLine
 10
24.0869376000046
 20
335.3769795241872
 30
0.0
 11
24.0869376000046
 21
330.3588675241829
 31
0.0
  0
LINE
  5
1FB7
330
B31
100
AcDbEntity
  8
0
 62
     7
420
 15790320
370
     0
100
AcDbLine
 10
29.10504960000253
 20
325.340755524184
 30
0.0
 11
29.10504960000253
 21
351.4349379241726
 31
0.0
  0
LINE
  5
1FB8
330
B31
100
AcDbEntity
  8
0
 62
     7
420
 15790320
370
     0
100
AcDbLine
 10
37.1340287999974
 20
340.4658994538636
 30
0.0
 11
37.1340287999974
 21
346.4168259241683
 31
0.0
  0
LINE
  5
1FB9
330
B31
100
AcDbEntity
  8
0
 62
     7
420
 15790320
370
     0
100
AcDbLine
 10
37.1340287999974
 20
332.8679235241795
 30
0.0
 11
37.1340287999974
 21
330.6324483561668
 31
0.0
  0
LINE
  5
1FBA
330
B31
100
AcDbEntity
  8
0
 62
     7
420
 15790320
370
     0
100
AcDbLine
 10
37.1340287999974
 20
336.3097939944878
 30
0.0
 11
37.1340287999974
 21
332.8679235241795
 31
0.0
  0
LINE
  5
1FBB
330
B31
100
AcDbEntity
  8
0
 62
     7
420
 15790320
370
     0
100
AcDbLine
 10
37.1340287999974
 20
340.3266963161832
 30
0.0
 11
37.1340287999974
 21
336.4489971321734
 31
0.0
  0
LINE
  5
1FBC
330
B31
100
AcDbEntity
  8
0
 62
     7
420
 15790320
370
     0
100
AcDbLine
 10
32.11591679999219
 20
325.340755524184
 30
0.0
 11
32.11591679999219
 21
351.4349379241726
 31
0.0
  0
LINE
  5
1FBD
330
B31
100
AcDbEntity
  8
0
 62
     7
420
 15790320
370
     0
100
AcDbLine
 10
103.3208228470794
 20
156.5251679019188
 30
0.0
 11
103.3208228470794
 21
139.9521907516159
 31
0.0
  0
LINE
  5
1FBE
330
B31
100
AcDbEntity
  8
0
 62
     7
420
 15790320
370
     0
100
AcDbLine
 10
103.3208228470794
 20
156.5251679019188
 30
0.0
 11
103.3208228470794
 21
159.536035101918
 31
0.0
  0
LINE
  5
1FBF
330
B31
100
AcDbEntity
  8
0
 62
     7
420
 15790320
370
     0
100
AcDbLine
 10
107.3353124470832
 20
139.6706115241752
 30
0.0
 11
107.3353124470832
 21
156.5251679019188
 31
0.0
  0
LINE
  5
1FC0
330
B31
100
AcDbEntity
  8
0
 62
     7
420
 15790320
370
     0
100
AcDbLine
 10
107.3353124470832
 20
137.663366724181
 30
0.0
 11
107.3353124470832
 21
139.6706115241752
 31
0.0
  0
LINE
  5
1FC1
330
B31
100
AcDbEntity
  8
0
 62
     7
420
 15790320
370
     0
100
AcDbLine
 10
103.3208228470794
 20
137.663366724181
 30
0.0
 11
103.3208228470794
 21
139.9521907516159
 31
0.0
  0
LINE
  5
1FC2
330
B31
100
AcDbEntity
  8
0
 62
     7
420
 15790320
370
     0
100
AcDbLine
 10
107.3353124470832
 20
156.5251679019188
 30
0.0
 11
107.3353124470832
 21
159.536035101918
 31
0.0
  0
LINE
  5
1FC3
330
B31
100
AcDbEntity
  8
0
 62
     7
420
 15790320
370
     0
100
AcDbLine
 10
555.0031871998481
 20
315.3045315241862
 30
0.0
 11
555.0031871998481
 21
312.795475524184
 31
0.0
  0
LINE
  5
1FC4
330
B31
100
AcDbEntity
  8
0
 62
     7
420
 15790320
370
     0
100
AcDbLine
 10
555.0031871998481
 20
309.2827971241931
 30
0.0
 11
555.0031871998481
 21
305.3367027321915
 31
0.0
  0
LINE
  5
1FC5
330
B31
100
AcDbEntity
  8
0
 62
     7
420
 15790320
370
     0
100
AcDbLine
 10
555.0031871998481
 20
312.795475524184
 30
0.0
 11
555.0031871998481
 21
309.2827971241931
 31
0.0
  0
LINE
  5
1FC6
330
B31
100
AcDbEntity
  8
0
 62
     7
420
 15790320
370
     0
100
AcDbLine
 10
555.0031871998481
 20
305.1974995945057
 30
0.0
 11
555.0031871998481
 21
299.2465731242007
 31
0.0
  0
LINE
  5
1FC7
330
B31
100
AcDbEntity
  8
0
 62
     7
420
 15790320
370
     0
100
AcDbLine
 10
560.0212991998496
 20
294.2284611241967
 30
0.0
 11
560.0212991998496
 21
320.322643524185
 31
0.0
  0
LINE
  5
1FC8
330
B31
100
AcDbEntity
  8
0
 62
     7
420
 15790320
370
     0
100
AcDbLine
 10
568.0502783998572
 20
305.1974995945057
 30
0.0
 11
568.0502783998572
 21
299.2465731242007
 31
0.0
  0
LINE
  5
1FC9
330
B31
100
AcDbEntity
  8
0
 62
     7
420
 15790320
370
     0
100
AcDbLine
 10
568.0502783998572
 20
315.3045315243189
 30
0.0
 11
568.0502783998572
 21
310.2864195241764
 31
0.0
  0
LINE
  5
1FCA
330
B31
100
AcDbEntity
  8
0
 62
     7
420
 15790320
370
     0
100
AcDbLine
 10
563.0321663998593
 20
294.2284611241967
 30
0.0
 11
563.0321663998593
 21
320.322643524185
 31
0.0
  0
LINE
  5
1FCB
330
B31
100
AcDbEntity
  8
0
 62
     7
420
 15790320
370
     0
100
AcDbLine
 10
24.0869376000046
 20
310.2864195241873
 30
0.0
 11
24.0869376000046
 21
315.3045315241807
 31
0.0
  0
LINE
  5
1FCC
330
B31
100
AcDbEntity
  8
0
 62
     7
420
 15790320
370
     0
100
AcDbLine
 10
24.0869376000046
 20
305.2683075241885
 30
0.0
 11
24.0869376000046
 21
299.2465731241953
 31
0.0
  0
LINE
  5
1FCD
330
B31
100
AcDbEntity
  8
0
 62
     7
420
 15790320
370
     0
100
AcDbLine
 10
37.1340287999974
 20
312.7954755241897
 30
0.0
 11
37.1340287999974
 21
315.0309506922022
 31
0.0
  0
LINE
  5
1FCE
330
B31
100
AcDbEntity
  8
0
 62
     7
420
 15790320
370
     0
100
AcDbLine
 10
37.1340287999974
 20
309.353605053876
 30
0.0
 11
37.1340287999974
 21
312.7954755241897
 31
0.0
  0
LINE
  5
1FCF
330
B31
100
AcDbEntity
  8
0
 62
     7
420
 15790320
370
     0
100
AcDbLine
 10
37.1340287999974
 20
305.1974995945002
 30
0.0
 11
37.1340287999974
 21
299.2465731241953
 31
0.0
  0
LINE
  5
1FD0
330
B31
100
AcDbEntity
  8
0
 62
     7
420
 15790320
370
     0
100
AcDbLine
 10
29.10504960000253
 20
294.2284611241967
 30
0.0
 11
29.10504960000253
 21
320.322643524185
 31
0.0
  0
LINE
  5
1FD1
330
B31
100
AcDbEntity
  8
0
 62
     7
420
 15790320
370
     0
100
AcDbLine
 10
37.1340287999974
 20
309.2144019161901
 30
0.0
 11
37.1340287999974
 21
305.3367027321858
 31
0.0
  0
LINE
  5
1FD2
330
B31
100
AcDbEntity
  8
0
 62
     7
420
 15790320
370
     0
100
AcDbLine
 10
32.11591679999219
 20
294.2284611241967
 30
0.0
 11
32.11591679999219
 21
320.322643524185
 31
0.0
  0
LINE
  5
1FD3
330
B31
100
AcDbEntity
  8
0
 62
     7
420
 15790320
370
     0
100
AcDbLine
 10
144.0387510836535
 20
304.2646851241889
 30
0.0
 11
169.8305170253479
 21
159.536035101918
 31
0.0
  0
LINE
  5
1FD4
330
B31
100
AcDbEntity
  8
0
 62
     7
420
 15790320
370
     0
100
AcDbLine
 10
450.1057097162384
 20
304.2646851241832
 30
0.0
 11
424.313943774524
 21
159.5360351019126
 31
0.0
  0
LINE
  5
1FD5
330
B31
100
AcDbEntity
  8
0
 62
     7
420
 15790320
370
     0
100
AcDbLine
 10
464.4588397745256
 20
159.5360351019126
 30
0.0
 11
484.8019035527804
 21
273.6896826107854
 31
0.0
  0
LINE
  5
1FD6
330
B31
100
AcDbEntity
  8
0
 62
     7
420
 15790320
370
     0
100
AcDbLine
 10
89.54072502534472
 20
159.536035101918
 30
0.0
 11
63.74895908365397
 21
304.2646851241889
 31
0.0
  0
LINE
  5
1FD7
330
B31
100
AcDbEntity
  8
0
 62
     7
420
 15790320
370
     0
100
AcDbLine
 10
129.6856210253463
 20
159.536035101918
 30
0.0
 11
107.3353124470614
 21
284.9531932534203
 31
0.0
  0
LINE
  5
1FD8
330
B31
100
AcDbEntity
  8
0
 62
     7
420
 15790320
370
     0
100
AcDbLine
 10
384.1690477745442
 20
159.5360351019126
 30
0.0
 11
409.9608137162549
 21
304.2646851241832
 31
0.0
  0
LINE
  5
1FD9
330
B31
100
AcDbEntity
  8
0
 62
     7
420
 15790320
370
     0
100
AcDbLine
 10
344.0241517745253
 20
159.5360351019126
 30
0.0
 11
369.815917716257
 21
304.2646851241832
 31
0.0
  0
LINE
  5
1FDA
330
B31
100
AcDbEntity
  8
0
 62
     7
420
 15790320
370
     0
100
AcDbLine
 10
530.3955017162597
 20
304.2646851241832
 30
0.0
 11
504.6037357745235
 21
159.5360351019126
 31
0.0
  0
LINE
  5
1FDB
330
B31
100
AcDbEntity
  8
0
 62
     7
420
 15790320
370
     0
100
AcDbLine
 10
184.1836470836497
 20
304.2646851241832
 30
0.0
 11
209.9754130253441
 21
159.536035101918
 31
0.0
  0
LINE
  5
1FDC
330
B31
100
AcDbEntity
  8
0
 62
     7
420
 15790320
370
     0
100
AcDbLine
 10
224.3285430836531
 20
304.2646851241832
 30
0.0
 11
250.1203090253475
 21
159.536035101918
 31
0.0
  0
LINE
  5
1FDD
330
B31
100
AcDbEntity
  8
0
 62
     7
420
 15790320
370
     0
100
AcDbLine
 10
329.6710217162581
 20
304.2646851241832
 30
0.0
 11
303.8792557745237
 21
159.5360351019126
 31
0.0
  0
LINE
  5
1FDE
330
B31
100
AcDbEntity
  8
0
 62
     7
420
 15790320
370
     0
100
AcDbLine
 10
264.4734390836529
 20
304.2646851241832
 30
0.0
 11
290.2652050253437
 21
159.536035101918
 31
0.0
  0
ENDBLK
  5
E70
330
B31
100
AcDbEntity
  8
0
 62
     1
100
AcDbBlockEnd
  0
BLOCK
  5
1FF7
330
1FE6
100
AcDbEntity
  8
0
100
AcDbBlockBegin
  2
A$C25877339
 70
     0
 10
0.0
 20
0.0
 30
0.0
  3
A$C25877339
  1

  0
LINE
  5
1FE7
330
1FE6
100
AcDbEntity
  8
REFRIGERATOR
370
    18
100
AcDbLine
 10
0.0
 20
15.0
 30
0.0
 11
0.0
 21
1800.0
 31
0.0
  0
LINE
  5
1FE8
330
1FE6
100
AcDbEntity
  8
REFRIGERATOR
370
    18
100
AcDbLine
 10
556.0000000000436
 20
15.0
 30
145.1612903225806
 11
556.0000000000436
 21
1800.0
 31
145.1612903225806
1001
PE_URL
1000
http://www.Architecture4design.com
1002
{
1000
http://www.Architecture4design.com
1002
{
1071
        1
1002
}
1002
}
  0
LINE
  5
1FE9
330
1FE6
100
AcDbEntity
  8
REFRIGERATOR
370
    18
100
AcDbLine
 10
0.0
 20
15.0
 30
145.1612903225806
 11
556.0000000000436
 21
15.0
 31
145.1612903225806
1001
PE_URL
1000
http://www.Architecture4design.com
1002
{
1000
http://www.Architecture4design.com
1002
{
1071
        1
1002
}
1002
}
  0
LINE
  5
1FEA
330
1FE6
100
AcDbEntity
  8
REFRIGERATOR
370
    18
100
AcDbLine
 10
556.0000000000436
 20
749.9999999998981
 30
145.1612903225806
 11
0.0
 21
749.9999999998981
 31
145.1612903225806
1001
PE_URL
1000
http://www.Architecture4design.com
1002
{
1000
http://www.Architecture4design.com
1002
{
1071
        1
1002
}
1002
}
  0
LINE
  5
1FEB
330
1FE6
100
AcDbEntity
  8
REFRIGERATOR
370
    18
100
AcDbLine
 10
556.0000000000436
 20
739.9999999999127
 30
145.1612903225806
 11
0.0
 21
739.9999999999127
 31
145.1612903225806
1001
PE_URL
1000
http://www.Architecture4design.com
1002
{
1000
http://www.Architecture4design.com
1002
{
1071
        1
1002
}
1002
}
  0
LINE
  5
1FEC
330
1FE6
100
AcDbEntity
  8
REFRIGERATOR
370
    18
100
AcDbLine
 10
100.0
 20
739.9999999999127
 30
145.1612903225806
 11
129.4090775659133
 21
721.8990838677854
 31
0.0
  0
LINE
  5
1FED
330
1FE6
100
AcDbEntity
  8
REFRIGERATOR
370
    18
100
AcDbLine
 10
129.4090775659133
 20
721.8990838677854
 30
0.0
 11
426.8320405064587
 21
721.8990838677854
 31
0.0
  0
LINE
  5
1FEE
330
1FE6
100
AcDbEntity
  8
REFRIGERATOR
370
    18
100
AcDbLine
 10
456.2411180723793
 20
739.9999999999127
 30
144.7496551868979
 11
426.832040506466
 21
721.8990838677854
 31
-0.4116351356877033
  0
LINE
  5
1FEF
330
1FE6
100
AcDbEntity
  8
REFRIGERATOR
370
    18
100
AcDbLine
 10
80.0
 20
15.0
 30
0.0
 11
80.0
 21
0.0
 31
0.0
  0
LINE
  5
1FF0
330
1FE6
100
AcDbEntity
  8
REFRIGERATOR
370
    18
100
AcDbLine
 10
80.0
 20
0.0
 30
0.0
 11
100.0
 21
0.0
 31
0.0
  0
LINE
  5
1FF1
330
1FE6
100
AcDbEntity
  8
REFRIGERATOR
370
    18
100
AcDbLine
 10
100.0
 20
0.0
 30
0.0
 11
100.0
 21
15.0
 31
0.0
  0
LINE
  5
1FF2
330
1FE6
100
AcDbEntity
  8
REFRIGERATOR
370
    18
100
AcDbLine
 10
476.0000000000436
 20
15.0
 30
145.1612903225806
 11
476.0000000000436
 21
0.0
 31
145.1612903225806
  0
LINE
  5
1FF3
330
1FE6
100
AcDbEntity
  8
REFRIGERATOR
370
    18
100
AcDbLine
 10
476.0000000000436
 20
0.0
 30
145.1612903225806
 11
456.0000000000436
 21
0.0
 31
145.1612903225806
  0
LINE
  5
1FF4
330
1FE6
100
AcDbEntity
  8
REFRIGERATOR
370
    18
100
AcDbLine
 10
456.0000000000436
 20
0.0
 30
145.1612903225806
 11
456.0000000000436
 21
15.0
 31
145.1612903225806
  0
LINE
  5
1FF5
330
1FE6
100
AcDbEntity
  8
REFRIGERATOR
370
    18
100
AcDbLine
 10
0.0
 20
1800.0
 30
0.0
 11
556.0000000000436
 21
1800.0
 31
0.0
  0
ENDBLK
  5
1FF8
330
1FE6
100
AcDbEntity
  8
0
100
AcDbBlockEnd
  0
ENDSEC
  0
SECTION
  2
ENTITIES
  0
LWPOLYLINE
  5
6DA
330
1F
100
AcDbEntity
  8
BASE
 62
     7
100
AcDbPolyline
 90
        4
 70
     1
 43
0.0
 38
3124.817725657188
 10
1824.192970014828
 20
-0.0000000000002274
 10
2424.192970014835
 20
-0.0000000000002274
 10
2424.192970014828
 20
-723.0000000000002
 10
1824.19297001482
 20
-723.0000000000001
210
1.0
220
0.0000000000000002
230
0.0
  0
LWPOLYLINE
  5
6DB
330
1F
100
AcDbEntity
  8
BASE
 62
     7
100
AcDbPolyline
 90
        4
 70
     1
 43
0.0
 38
3124.817725657188
 10
1824.19297001482
 20
-723.0000000000001
 91
       21
 10
2424.192970014828
 20
-723.0000000000002
 91
       22
 10
2424.192970014828
 20
-878.0000000000002
 91
       23
 10
1824.19297001482
 20
-878.0000000000001
 91
       24
210
1.0
220
0.0000000000000002
230
0.0
  0
LWPOLYLINE
  5
6DF
330
1F
100
AcDbEntity
  8
BASE
 62
     7
100
AcDbPolyline
 90
        4
 70
     1
 43
0.0
 38
3124.817725657188
 10
1914.193437654165
 20
-259.4256193347503
 10
2338.409705861089
 20
-259.4256193347503
 10
2338.409705861089
 20
-480.8998432343543
 10
1914.193437654165
 20
-480.8998432343543
210
1.0
220
0.0000000000000002
230
0.0
  0
LINE
  5
6E1
330
1F
100
AcDbEntity
  8
BASE
 62
     7
100
AcDbLine
 10
3124.817725657187
 20
1824.192970014836
 30
-151.2976741057939
 11
3124.817725657187
 21
2424.192970014828
 31
-151.2976741057939
210
1.0
220
0.0000000000000002
230
0.0
  0
LINE
  5
6E2
330
1F
100
AcDbEntity
  8
BASE
 62
     7
100
AcDbLine
 10
3124.817725657187
 20
1824.192970014836
 30
-580.4374879999016
 11
3124.817725657187
 21
2424.192970014828
 31
-580.4374879999016
210
1.0
220
0.0000000000000002
230
0.0
  0
LWPOLYLINE
  5
8F3
330
1F
100
AcDbEntity
  8
BASE
 62
     7
100
AcDbPolyline
 90
        4
 70
     1
 43
0.0
 38
2979.19297001482
 10
-3724.817725657209
 20
-0.0000000000005473
 10
-3124.817725657208
 20
-0.0000000000005473
 10
-3124.817725657208
 20
-722.9999999999969
 10
-3724.817725657209
 20
-722.9999999999969
210
-0.0000000000000001
220
1.0
230
0.0000000000000002
  0
LWPOLYLINE
  5
8F4
330
1F
100
AcDbEntity
  8
BASE
 62
     7
100
AcDbPolyline
 90
        4
 70
     1
 43
0.0
 38
2979.19297001482
 10
-3672.320344455255
 20
-56.96412874223515
 10
-3663.229803829767
 20
-56.96412874223515
 10
-3663.229803829767
 20
-182.422885242268
 10
-3672.320344455255
 20
-182.422885242268
210
-0.0000000000000001
220
1.0
230
0.0000000000000002
  0
LWPOLYLINE
  5
8F5
330
1F
100
AcDbEntity
  8
BASE
 62
     7
100
AcDbPolyline
 90
        4
 70
     1
 43
0.0
 38
2979.19297001482
 10
-3724.817725657201
 20
-722.9999999999969
 10
-3124.817725657201
 20
-722.9999999999969
 10
-3124.817725657186
 20
-878.0000000000006
 10
-3724.817725657187
 20
-878.0000000000006
210
-0.0000000000000001
220
1.0
230
0.0000000000000002
  0
LINE
  5
90C
330
1F
100
AcDbEntity
  8
BASE
 62
     7
100
AcDbLine
 10
3124.817725657186
 20
1824.192970014821
 30
48.78982651850977
 11
3124.817725657186
 21
2417.4966259952
 31
48.78982651850977
  0
LINE
  5
90D
330
1F
100
AcDbEntity
  8
BASE
 62
     7
100
AcDbLine
 10
3124.817725657186
 20
2417.4966259952
 30
48.78982651850977
 11
2555.674483318762
 21
2417.4966259952
 31
48.78982651850977
  0
LINE
  5
90E
330
1F
100
AcDbEntity
  8
BASE
 62
     7
100
AcDbLine
 10
2555.674483318762
 20
2417.4966259952
 30
48.78982651850977
 11
2555.674483318762
 21
1824.192970014821
 31
48.78982651850977
  0
LINE
  5
90F
330
1F
100
AcDbEntity
  8
BASE
 62
     7
100
AcDbLine
 10
3124.817725657186
 20
1824.192970014821
 30
48.78982651850977
 11
2555.674483318762
 21
1824.192970014821
 31
48.78982651850977
  0
LINE
  5
910
330
1F
100
AcDbEntity
  8
BASE
 62
     7
100
AcDbLine
 10
2555.674483318762
 20
1824.192970014821
 30
48.78982651850977
 11
2555.674483318762
 21
1824.192970014821
 31
43.78982651850977
  0
LINE
  5
911
330
1F
100
AcDbEntity
  8
BASE
 62
     7
100
AcDbLine
 10
2555.674483318762
 20
1824.192970014821
 30
43.78982651850977
 11
3124.817725657186
 21
1824.192970014821
 31
43.78982651850977
  0
LINE
  5
912
330
1F
100
AcDbEntity
  8
BASE
 62
     7
100
AcDbLine
 10
3124.817725657186
 20
1824.192970014821
 30
43.78982651850977
 11
3124.817725657186
 21
2417.4966259952
 31
43.78982651850977
  0
LINE
  5
913
330
1F
100
AcDbEntity
  8
BASE
 62
     7
100
AcDbLine
 10
3124.817725657186
 20
2417.4966259952
 30
43.78982651850977
 11
3124.817725657186
 21
2417.4966259952
 31
48.78982651850977
  0
CIRCLE
  5
914
330
1F
100
AcDbEntity
  8
BASE
 62
     7
100
AcDbCircle
 10
2684.3843554561
 20
1988.15742367535
 30
53.10143669105669
 40
81.09918728647997
  0
CIRCLE
  5
915
330
1F
100
AcDbEntity
  8
BASE
 62
     7
100
AcDbCircle
 10
2684.3843554561
 20
2278.746927282835
 30
53.10143669105669
 40
74.62440798488303
  0
CIRCLE
  5
916
330
1F
100
AcDbEntity
  8
BASE
 62
     7
100
AcDbCircle
 10
2954.346380668648
 20
1988.15742367535
 30
53.10143669105669
 40
81.09918728647997
  0
CIRCLE
  5
917
330
1F
100
AcDbEntity
  8
BASE
 62
     7
100
AcDbCircle
 10
2954.346380668648
 20
2278.746927282742
 30
53.10143669105669
 40
81.09918728647997
  0
CIRCLE
  5
918
330
1F
100
AcDbEntity
  8
BASE
 62
     7
100
AcDbCircle
 10
2684.3843554561
 20
1988.15742367535
 30
53.10143669105669
 40
70.23132332481397
  0
CIRCLE
  5
919
330
1F
100
AcDbEntity
  8
BASE
 62
     7
100
AcDbCircle
 10
2684.3843554561
 20
2278.746927282835
 30
53.10143669105669
 40
70.23132332481397
  0
CIRCLE
  5
91A
330
1F
100
AcDbEntity
  8
BASE
 62
     7
100
AcDbCircle
 10
2954.346380668648
 20
1988.15742367535
 30
53.10143669105669
 40
70.23132332481397
  0
CIRCLE
  5
91B
330
1F
100
AcDbEntity
  8
BASE
 62
     7
100
AcDbCircle
 10
2954.346380668648
 20
2278.746927282742
 30
53.10143669105669
 40
70.23132332481397
  0
LWPOLYLINE
  5
AFA
330
1F
100
AcDbEntity
  8
BOTTOM - 400_1
 62
     7
100
AcDbPolyline
 90
        4
 70
     1
 43
0.0
 38
3124.817725657187
 10
1424.19297001482
 20
0.0
 10
1824.19297001482
 20
0.0
 10
1824.19297001482
 20
-723.0
 10
1424.19297001482
 20
-723.0
210
1.0
220
0.0000000000000002
230
0.0
  0
LWPOLYLINE
  5
AFB
330
1F
100
AcDbEntity
  8
BOTTOM - 400_1
 62
     7
100
AcDbPolyline
 90
        4
 70
     1
 43
0.0
 38
3124.817725657187
 10
1424.19297001482
 20
-723.0
 91
       25
 10
1824.192970014813
 20
-723.0
 91
       26
 10
1824.192970014813
 20
-878.0
 91
       27
 10
1424.19297001482
 20
-878.0
 91
       28
210
1.0
220
0.0000000000000002
230
0.0
  0
LWPOLYLINE
  5
AFC
330
1F
100
AcDbEntity
  8
BOTTOM - 400_1
 62
     7
100
AcDbPolyline
 90
        4
 70
     1
 43
0.0
 38
3124.817725657187
 10
1561.463591764807
 20
-62.58930301173314
 10
1686.922348264833
 20
-62.58930301173314
 10
1686.922348264833
 20
-71.67984363722644
 10
1561.463591764807
 20
-71.67984363722644
210
1.0
220
0.0000000000000002
230
0.0
  0
LWPOLYLINE
  5
AFD
330
1F
100
AcDbEntity
  8
BOTTOM - 400_1
 62
     7
100
AcDbPolyline
 90
        4
 70
     1
 43
0.0
 38
3124.817725657187
 10
1766.795125725687
 20
-202.5519170413463
 10
1775.885666351177
 20
-202.5519170413463
 10
1775.885666351177
 20
-328.0106735413792
 10
1766.795125725687
 20
-328.0106735413792
210
1.0
220
0.0000000000000002
230
0.0
  0
LINE
  5
AFE
330
1F
100
AcDbEntity
  8
BOTTOM - 400_1
 62
     7
100
AcDbLine
 10
3124.817725657186
 20
1424.192970014821
 30
-160.2664338328613
 11
3124.817725657186
 21
1824.192970014821
 31
-160.2664338328613
210
1.0
220
0.0000000000000002
230
0.0
  0
LWPOLYLINE
  5
B29
330
1F
100
AcDbEntity
  8
BOTTOM - 500_1
 62
     7
100
AcDbPolyline
 90
        4
 70
     1
 43
0.0
 38
-3124.817725657193
 10
-2924.192970014829
 20
0.0000000000001913
 10
-2424.192970014833
 20
0.0000000000001913
 10
-2424.192970014825
 20
-722.9999999999924
 10
-2924.192970014822
 20
-722.9999999999924
210
-1.0
220
0.0000000000000002
230
0.0000000000000001
  0
LINE
  5
B2A
330
1F
100
AcDbEntity
  8
BOTTOM - 500_1
 62
     7
100
AcDbLine
 10
3124.817725657194
 20
2924.192970014821
 30
-160.2664338328613
 11
3124.817725657194
 21
2424.192970014831
 31
-160.2664338328613
210
-1.0
220
0.0000000000000002
230
0.0000000000000001
  0
LWPOLYLINE
  5
B2B
330
1F
100
AcDbEntity
  8
BOTTOM - 500_1
 62
     7
100
AcDbPolyline
 90
        4
 70
     1
 43
0.0
 38
-3124.817725657193
 10
-2924.192970014822
 20
-722.9999999999924
 91
       29
 10
-2424.192970014829
 20
-722.9999999999924
 91
       30
 10
-2424.192970014829
 20
-877.9999999999997
 91
       31
 10
-2924.192970014822
 20
-877.9999999999997
 91
       32
210
-1.0
220
0.0000000000000002
230
0.0000000000000001
  0
LWPOLYLINE
  5
B2C
330
1F
100
AcDbEntity
  8
BOTTOM - 500_1
 62
     7
100
AcDbPolyline
 90
        4
 70
     1
 43
0.0
 38
-3124.817725657194
 10
-2749.651726514855
 20
-75.96486484823962
 10
-2624.192970014829
 20
-75.96486484823962
 10
-2624.192970014829
 20
-85.05540547373293
 10
-2749.651726514855
 20
-85.05540547373293
210
-1.0
220
0.0000000000000002
230
0.0000000000000001
  0
LWPOLYLINE
  5
B2D
330
1F
100
AcDbEntity
  8
BOTTOM - 500_1
 62
     7
100
AcDbPolyline
 90
        4
 70
     1
 43
0.0
 38
-3124.817725657193
 10
-2881.187417057609
 20
-202.5519170413461
 10
-2872.096876432119
 20
-202.5519170413461
 10
-2872.096876432119
 20
-328.0106735413791
 10
-2881.187417057609
 20
-328.0106735413791
210
-1.0
220
0.0000000000000002
230
0.0000000000000001
  0
LINE
  5
B2E
330
1F
100
AcDbEntity
  8
BOTTOM - 500_1
 62
     7
100
AcDbLine
 10
3124.817725657194
 20
2924.192970014829
 30
0.0
 11
3124.817725657194
 21
2979.192970014829
 31
0.0
  0
LINE
  5
B2F
330
1F
100
AcDbEntity
  8
BOTTOM - 500_1
 62
     7
100
AcDbLine
 10
3124.817725657193
 20
2924.192970014821
 30
-878.0
 11
3124.817725657193
 21
2979.192970014821
 31
-878.0
  0
LINE
  5
B30
330
1F
100
AcDbEntity
  8
BOTTOM - 500_1
 62
     7
100
AcDbLine
 10
3124.817725657193
 20
2979.192970014821
 30
-878.0
 11
3124.817725657194
 21
2979.192970014829
 31
0.0
  0
INSERT
  5
EA1
330
1F
100
AcDbEntity
  8
DISHWASHER
 62
     7
100
AcDbBlockReference
  2
1
 10
3731.046968920344
 20
-646.4878247623562
 30
-2979.192970014821
210
0.0
220
-1.0
230
0.0000000000000001
  0
LWPOLYLINE
  5
EA2
330
1F
100
AcDbEntity
  8
DISHWASHER
 62
     7
370
    18
100
AcDbPolyline
 90
        4
 70
     1
 43
0.0
 38
-2979.192970014821
 10
3975.781164443665
 20
-606.2571137333468
 10
4085.179046001677
 20
-606.2571137333468
 10
4085.179046001677
 20
-706.2571137333468
 10
3975.781164443665
 20
-706.2571137333468
210
0.0
220
-1.0
230
0.0000000000000001
  0
MTEXT
  5
EA3
330
1F
100
AcDbEntity
  8
DISHWASHER
 62
     7
370
    18
100
AcDbMText
 10
3991.777020149754
 20
2979.192970014821
 30
-636.8527620081622
 40
40.0
 41
86.41724974599492
 46
0.0
 71
     1
 72
     5
  1
{\C256;GS}
210
0.0
220
-1.0
230
0.0000000000000001
 73
     1
 44
1.0
1001
ACAD
1000
ACAD_MTEXT_COLUMN_INFO_BEGIN
1070
    75
1070
     2
1070
    79
1070
     0
1070
    76
1070
     1
1070
    78
1070
     0
1070
    48
1040
86.41724974599492
1070
    49
1040
1.0
1070
    50
1070
     1
1040
0.0
1000
ACAD_MTEXT_COLUMN_INFO_END
  0
LWPOLYLINE
  5
EA4
330
1F
100
AcDbEntity
  8
DISHWASHER
 62
     7
100
AcDbPolyline
 90
        4
 70
     1
 43
0.0
 38
-2979.192970014821
 10
3724.817725657179
 20
0.0000000000001824
 10
4324.817725657172
 20
0.0000000000001824
 10
4324.817725657172
 20
-722.9999999999961
 10
3724.817725657179
 20
-722.9999999999961
210
0.0
220
-1.0
230
0.0000000000000001
  0
LWPOLYLINE
  5
EA5
330
1F
100
AcDbEntity
  8
DISHWASHER
 62
     7
100
AcDbPolyline
 90
        4
 70
     1
 43
0.0
 38
-2979.192970014821
 10
3724.817725657187
 20
-722.9999999999961
 91
       37
 10
4324.817725657172
 20
-722.9999999999961
 91
       38
 10
4324.817725657172
 20
-877.9999999999997
 91
       39
 10
3724.817725657187
 20
-877.9999999999997
 91
       40
210
0.0
220
-1.0
230
0.0000000000000001
  0
LWPOLYLINE
  5
EA6
330
1F
100
AcDbEntity
  8
DISHWASHER
 62
     7
100
AcDbPolyline
 90
        4
 70
     1
 43
0.0
 38
-2979.192970014821
 10
3924.81772565718
 20
-103.2033245252021
 10
4124.817725657179
 20
-103.2033245252021
 10
4124.817725657179
 20
-113.2033245252021
 10
3924.81772565718
 20
-113.2033245252021
210
0.0
220
-1.0
230
0.0000000000000001
  0
LWPOLYLINE
  5
EF5
330
1F
100
AcDbEntity
  8
BOTTOM - 300
 62
     7
100
AcDbPolyline
 90
        4
 70
     1
 43
0.0
 38
-2979.19297001482
 10
4412.088347407173
 20
-62.58930301173295
 10
4537.547103907199
 20
-62.58930301173295
 10
4537.547103907199
 20
-71.67984363722625
 10
4412.088347407173
 20
-71.67984363722625
210
0.0
220
-1.0
230
0.0000000000000001
  0
LWPOLYLINE
  5
EF6
330
1F
100
AcDbEntity
  8
BOTTOM - 300
 62
     7
100
AcDbPolyline
 90
        4
 70
     1
 43
0.0
 38
-2979.19297001482
 10
4350.556664654599
 20
-202.5519170413462
 10
4359.647205280088
 20
-202.5519170413462
 10
4359.647205280088
 20
-328.0106735413791
 10
4350.556664654599
 20
-328.0106735413791
210
0.0
220
-1.0
230
0.0000000000000001
  0
LINE
  5
EF7
330
1F
100
AcDbEntity
  8
BOTTOM - 300
 62
     7
100
AcDbLine
 10
4324.817725657186
 20
2979.19297001482
 30
-160.2664338328613
 11
4624.817725657179
 21
2979.19297001482
 31
-160.2664338328618
210
0.0
220
-1.0
230
0.0000000000000001
  0
LINE
  5
EF8
330
1F
100
AcDbEntity
  8
BOTTOM - 300
 62
     7
100
AcDbLine
 10
4324.817725657186
 20
2979.19297001482
 30
0.0
 11
4324.817725657186
 21
2979.19297001482
 31
-878.0
210
0.0
220
-1.0
230
0.0000000000000001
  0
LINE
  5
EF9
330
1F
100
AcDbEntity
  8
BOTTOM - 300
 62
     7
100
AcDbLine
 10
4624.817725657179
 20
2979.19297001482
 30
-878.0
 11
4624.817725657179
 21
2979.19297001482
 31
0.0
210
0.0
220
-1.0
230
0.0000000000000001
  0
LWPOLYLINE
  5
EFA
330
1F
100
AcDbEntity
  8
BOTTOM - 300
 62
     7
100
AcDbPolyline
 90
        4
 70
     1
 43
0.0
 38
-2979.19297001482
 10
4324.817725657186
 20
0.0000000000001824
 10
4624.817725657179
 20
0.0000000000001824
 10
4624.817725657179
 20
-722.9999999999997
 10
4324.817725657186
 20
-722.9999999999997
210
0.0
220
-1.0
230
0.0000000000000001
  0
LWPOLYLINE
  5
EFB
330
1F
100
AcDbEntity
  8
BOTTOM - 300
 62
     7
100
AcDbPolyline
 90
        4
 70
     1
 43
0.0
 38
-2979.19297001482
 10
4324.817725657186
 20
-722.9999999999997
 10
4624.817725657179
 20
-722.9999999999997
 10
4624.817725657179
 20
-877.9999999999997
 10
4324.817725657186
 20
-877.9999999999997
210
0.0
220
-1.0
230
0.0000000000000001
  0
LINE
  5
EFD
330
1F
100
AcDbEntity
  8
BOTTOM - 300
 62
     7
100
AcDbLine
 10
4624.817725657179
 20
2979.19297001482
 30
0.0
 11
4678.821145534019
 21
2979.19297001482
 31
0.0
  0
LINE
  5
EFE
330
1F
100
AcDbEntity
  8
BOTTOM - 300
 62
     7
100
AcDbLine
 10
4678.821145534019
 20
2979.19297001482
 30
0.0
 11
4678.821145534021
 21
2979.19297001482
 31
-878.0
  0
LINE
  5
EFF
330
1F
100
AcDbEntity
  8
BOTTOM - 300
 62
     7
100
AcDbLine
 10
4678.821145534021
 20
2979.19297001482
 30
-878.0
 11
4624.817725657179
 21
2979.19297001482
 31
-878.0
  0
LINE
  5
1321
330
1F
100
AcDbEntity
  8
BASE
 62
     7
100
AcDbLine
 10
4678.821145534035
 20
2979.19297001482
 30
0.0
 11
4678.821145534035
 21
2979.19297001482
 31
-878.0
1001
ACAD_STEPID
1071
       77
  0
REGION
  5
132A
330
1F
100
AcDbEntity
  8
BASE
 62
     7
100
AcDbModelerGeometry
 70
     1
  1
mnjoo mf m mk          
  1
ni ^ *+0;:,4 ^ *+0\^ [ mo ^ LR mlnqiqmqijjlj QK o  
  1
mjqlfffffffffffffgjg fqfffffffffffffffjkh:roh nqooooooooooooooooli:rno 
  1
>,27:>;:- {rn rn _nl mlnqiqmqijjlj |
  1
=0;& {rn rn {rn {m {rn {l |
  1
3*2/ {rn rn {rn {rn {k {n |
  1
+->1,90-2 {rn rn rnqglifhonfghmnomfigg:rni n riqnmlmllffjhlihiioli:rnh o iqnmlmllffjhlihiioli:rnh n n nqglifhonfghmnomfigg:rni rnqnmkgnfgliffilflmoi:rlm lnmkqgnhhmjijhnfklgh rnnnmnqimgllijfkfjiik rknioqfhgfgjglfljghji n -0+>+: 10@-:93:<+ 10@,7:>- |
  1
,7:33 {rn rn {rn {rn {rn {j {rn {m |
  1
9><: {i rn {rn {rn {h {k {rn {g 90-(>-; ;0*=3: 0*+ |
  1
/:-,*=:1+r><>;L036;W6,+0-&r>++-6= {rn rn {rn {rn {j n nj nooooooooo nooi |
  1
300/ {rn rn {rn {rn {f {j |
  1
/3>1:r,*-9><: {rn rn {rn nlmkjqgmnloiiofhhfik llioqkhgfgjglfljfiii o o o n n o o 90-(>-;@) V V V V |
  1
<0:;8: {rn rn {rn {no {nn {rn {nm -:):-,:; {h {rn |
  1
<0:;8: {rn rn {rn {nl {f {rn {nk -:):-,:; {h {rn |
  1
<0:;8: {rn rn {rn {f {nl {rn {nj -:):-,:; {h {rn |
  1
:;8: {rn rn {rn {ni o {nh iooqooooooooooohmhi {f {ng 90-(>-; _h *1410(1 |
  1
<0:;8: {rn rn {rn {nn {no {rn {nf -:):-,:; {h {rn |
  1
:;8: {rn rn {rn {mo o {ni njj {no {mn 90-(>-; _h *1410(1 |
  1
:;8: {rn rn {rn {nh o {mm njj {nn {ml 90-(>-; _h *1410(1 |
  1
):-+:' {rn rn {rn {nm o {mk |
  1
):-+:' {rn rn {rn {nm n {mj |
  1
,+->687+r<*-): {rn rn {rn nmfkjqgmnloiiofhhhgm lklhqfhgfgjglfljfiii o n o o Y o Y iooqooooooooooohmhi |
  1
:;8: {rn rn {rn {mm o {mo iooqooooooooooohmhi {nl {mi 90-(>-; _h *1410(1 |
  1
):-+:' {rn rn {rn {nk o {mh |
  1
,+->687+r<*-): {rn rn {rn nmfkjqgmnloiiofhhhgm lmgmqfhgfgjglfljfiii o o n o Y o Y njj |
  1
):-+:' {rn rn {rn {nf o {mg |
  1
,+->687+r<*-): {rn rn {rn nljkjqgmnloiiofhgjn lklhqfhgfgjglfljfiii o o rn o Y o Y njj |
  1
/061+ {rn rn {rn nmfkjqgmnloiiofhhhgm lklhqfhgfgjglfljfiii o |
  1
/061+ {rn rn {rn nljkjqgmnloiiofhgjn lklhqfhgfgjglfljfiii o |
  1
,+->687+r<*-): {rn rn {rn nljkjqgmnloiiofhgjn lmgmqfhgfgjglfljfiii o rn o o Y o Y iooqooooooooooohmhi |
  1
/061+ {rn rn {rn nmfkjqgmnloiiofhhhgm lmgmqfhgfgjglfljfiii o |
  1
/061+ {rn rn {rn nljkjqgmnloiiofhgjn lmgmqfhgfgjglfljfiii o |
1001
ACAD_STEPID
1071
       15
1001
ACAD_OBJECT_CHANGE_GUID
1070
     1
1071
1658318345
1070
 30737
1070
-20916
1070
   149
1070
   177
1070
    91
1070
   167
1070
    63
1070
    92
1070
   104
1070
    72
  0
REGION
  5
132C
330
1F
100
AcDbEntity
  8
BASE
 62
     7
100
AcDbModelerGeometry
 70
     1
  1
mnjoo mf m mk          
  1
ni ^ *+0;:,4 ^ *+0\^ [ mo ^ LR mlnqiqmqijjlj QK o  
  1
mjqlfffffffffffffgjg fqfffffffffffffffjkh:roh nqooooooooooooooooli:rno 
  1
>,27:>;:- {rn rn _nl mlnqiqmqijjlj |
  1
=0;& {rn rn {rn {m {rn {l |
  1
3*2/ {rn rn {rn {rn {k {n |
  1
+->1,90-2 {rn rn rnqglifhonfghmnomfigg:rni n riqnmlmllffjhlihiioli:rnh o iqnmlmllffjhlihiioli:rnh n n nqglifhonfghmnomfigg:rni rnqnmkgnfgliffilflmoi:rlm lnmkqgnhhmjijhnfklgh rnnnmnqimgllijfkfjiik rknioqfhgfgjglfljghji n -0+>+: 10@-:93:<+ 10@,7:>- |
  1
,7:33 {rn rn {rn {rn {rn {j {rn {m |
  1
9><: {i rn {rn {rn {h {k {rn {g 90-(>-; ;0*=3: 0*+ |
  1
/:-,*=:1+r><>;L036;W6,+0-&r>++-6= {rn rn {rn {rn {j n nf l o |
  1
300/ {rn rn {rn {rn {f {j |
  1
/3>1:r,*-9><: {rn rn {rn nlkjiqkijmgnmkglgooj kofhqjjmofnjnjkjjigi o rn o o o rn o 90-(>-;@) V V V V |
  1
<0:;8: {rn rn {rn {no {nn {rn {nm -:):-,:; {h {rn |
  1
<0:;8: {rn rn {rn {nl {f {rn {nk 90-(>-; {h {rn |
  1
<0:;8: {rn rn {rn {f {nl {rn {nj -:):-,:; {h {rn |
  1
:;8: {rn rn {rn {ni nnhqkonkhnkinllnlnnh {nh nkfqolijjmglgokgon {f {ng 90-(>-; _h *1410(1 |
  1
<0:;8: {rn rn {rn {nn {no {rn {nf -:):-,:; {h {rn |
  1
:;8: {rn rn {rn {ni o {mo no {no {mn 90-(>-; _h *1410(1 |
  1
:;8: {rn rn {rn {nh o {mm no {nn {ml 90-(>-; _h *1410(1 |
  1
):-+:' {rn rn {rn {nm o {mk |
  1
):-+:' {rn rn {rn {nm n {mj |
  1
,+->687+r<*-): {rn rn {rn nlkjiqkijmgnmkglgooj lfkgqjnjjlgihhkohihi o o n ro V V |
  1
:;8: {rn rn {rn {mm o {mo lnqiljognlhihniifgmf {nl {mi 90-(>-; _h *1410(1 |
  1
):-+:' {rn rn {rn {nk n {mh |
  1
,+->687+r<*-): {rn rn {rn nlkjiqkijmgnmkglgooj koijqfnhononlghlgfgg o o o n V V |
  1
):-+:' {rn rn {rn {nf o {mg |
  1
,+->687+r<*-): {rn rn {rn nlkjiqkijmgnmkglgooj kofhqjjmofnjnjkjjigi o o o n V V |
  1
/061+ {rn rn {rn nlkjiqkijmgnmkglgooj koijqfnhononlghlgfgg o |
  1
/061+ {rn rn {rn nlkjiqkijmgnmkglgooj kofhqjjmofnjnjkjjigi o |
  1
,+->687+r<*-): {rn rn {rn nlkjiqkijmgnmkglgooj kofhqjjmofnjnjkjjigi no o rn o V V |
  1
/061+ {rn rn {rn nlkjiqkijmgnmkglgooj koijqfnhononlghlgfgg no |
  1
/061+ {rn rn {rn nlkjiqkijmgnmkglgooj kofhqjjmofnjnjkjjigi no |
1001
ACAD_STEPID
1071
       16
1001
ACAD_OBJECT_CHANGE_GUID
1070
     1
1071
585236283
1070
 20367
1070
 29006
1070
   166
1070
   106
1070
   188
1070
    13
1070
   206
1070
   150
1070
   221
1070
     3
  0
REGION
  5
132D
330
1F
100
AcDbEntity
  8
BASE
 62
     7
100
AcDbModelerGeometry
 70
     1
  1
mnjoo mf m mk          
  1
ni ^ *+0;:,4 ^ *+0\^ [ mo ^ LR mlnqiqmqijjlj QK o  
  1
mjqlfffffffffffffgjg fqfffffffffffffffjkh:roh nqooooooooooooooooli:rno 
  1
>,27:>;:- {rn rn _nl mlnqiqmqijjlj |
  1
=0;& {rn rn {rn {m {rn {l |
  1
3*2/ {rn rn {rn {rn {k {n |
  1
+->1,90-2 {rn rn rnqglifhonfghmnomfigg:rni n riqnmlmllffjhlihiioli:rnh o iqnmlmllffjhlihiioli:rnh n n nqglifhonfghmnomfigg:rni rnqnmkgnfgliffilflmoi:rlm lnmkqgnhhmjijhnfklgh rnnnmnqimgllijfkfjiik rknioqfhgfgjglfljghji n -0+>+: 10@-:93:<+ 10@,7:>- |
  1
,7:33 {rn rn {rn {rn {rn {j {rn {m |
  1
9><: {i rn {rn {rn {h {k {rn {g 90-(>-; ;0*=3: 0*+ |
  1
/:-,*=:1+r><>;L036;W6,+0-&r>++-6= {rn rn {rn {rn {j n nf k o |
  1
300/ {rn rn {rn {rn {f {j |
  1
/3>1:r,*-9><: {rn rn {rn nlkggqnomhoigoojiojj kofhqjjmofnjnjkjjigi o o n ro rn o o 90-(>-;@) V V V V |
  1
<0:;8: {rn rn {rn {no {nn {rn {nm -:):-,:; {h {rn |
  1
<0:;8: {rn rn {rn {nl {f {rn {nk 90-(>-; {h {rn |
  1
<0:;8: {rn rn {rn {f {nl {rn {nj -:):-,:; {h {rn |
  1
:;8: {rn rn {rn {ni gfqjolmhkjklmohmmiof {nh nmnqnkohooofjlghhmgh {f {ng 90-(>-; _h *1410(1 |
  1
<0:;8: {rn rn {rn {nn {no {rn {nf -:):-,:; {h {rn |
  1
:;8: {rn rn {rn {ni o {mo no {no {mn 90-(>-; _h *1410(1 |
  1
:;8: {rn rn {rn {nh o {mm no {nn {ml 90-(>-; _h *1410(1 |
  1
):-+:' {rn rn {rn {nm o {mk |
  1
):-+:' {rn rn {rn {nm n {mj |
  1
,+->687+r<*-): {rn rn {rn nlliiqfimooihojnhmgl kofhqjjmofnjnjkjjigi o n ro o V V |
  1
:;8: {rn rn {rn {mm o {mo lnqilhkmjjjmngojomji {nl {mi 90-(>-; _h *1410(1 |
  1
):-+:' {rn rn {rn {nk n {mh |
  1
,+->687+r<*-): {rn rn {rn nlkjiqkijmgnmkglgooj kofhqjjmofnjnjkjjigi o o o n V V |
  1
):-+:' {rn rn {rn {nf o {mg |
  1
,+->687+r<*-): {rn rn {rn nlkggqnomhoigoojiojj kofhqjjmofnjnjkjjigi o o o n V V |
  1
/061+ {rn rn {rn nlkjiqkijmgnmkglgooj kofhqjjmofnjnjkjjigi o |
  1
/061+ {rn rn {rn nlkggqnomhoigoojiojj kofhqjjmofnjnjkjjigi o |
  1
,+->687+r<*-): {rn rn {rn nlkggqnomhoigoojiojj kofhqjjmofnjnjkjjigi no rn o o V V |
  1
/061+ {rn rn {rn nlkjiqkijmgnmkglgooj kofhqjjmofnjnjkjjigi no |
  1
/061+ {rn rn {rn nlkggqnomhoigoojiojj kofhqjjmofnjnjkjjigi no |
1001
ACAD_STEPID
1071
       16
1001
ACAD_OBJECT_CHANGE_GUID
1070
     1
1071
 43023253
1070
-11464
1070
-20662
1070
   140
1070
    82
1070
   172
1070
     4
1070
   161
1070
    85
1070
   132
1070
   120
  0
REGION
  5
132F
330
1F
100
AcDbEntity
  8
BASE
 62
     7
100
AcDbModelerGeometry
 70
     1
  1
mnjoo mf m mk          
  1
ni ^ *+0;:,4 ^ *+0\^ [ mo ^ LR mlnqiqmqijjlj QK o  
  1
mjqlfffffffffffffgjg fqfffffffffffffffjkh:roh nqooooooooooooooooli:rno 
  1
>,27:>;:- {rn rn _nl mlnqiqmqijjlj |
  1
=0;& {rn rn {rn {m {rn {l |
  1
3*2/ {rn rn {rn {rn {k {n |
  1
+->1,90-2 {rn rn rnqglifhonfghmnomfigg:rni n riqnmlmllffjhlihiioli:rnh o iqnmlmllffjhlihiioli:rnh n n nqglifhonfghmnomfigg:rni rnqnmkgnfgliffilflmoi:rlm lnmkqgnhhmjijhnfklgh rnnnmnqimgllijfkfjiik rknioqfhgfgjglfljghji n -0+>+: 10@-:93:<+ 10@,7:>- |
  1
,7:33 {rn rn {rn {rn {rn {j {rn {m |
  1
9><: {i rn {rn {rn {h {k {rn {g 90-(>-; ;0*=3: 0*+ |
  1
/:-,*=:1+r><>;L036;W6,+0-&r>++-6= {rn rn {rn {rn {j n nf nooooooooo m |
  1
300/ {rn rn {rn {rn {f {j |
  1
/3>1:r,*-9><: {rn rn {rn nlkhmqmglffkomkkigkg kognqhlkjjogmhofikmh no o o n n o o 90-(>-;@) V V V V |
  1
<0:;8: {rn rn {rn {no {nn {rn {nm 90-(>-; {h {rn |
  1
<0:;8: {rn rn {rn {nl {f {rn {nk 90-(>-; {h {rn |
  1
<0:;8: {rn rn {rn {f {nl {rn {nj 90-(>-; {h {rn |
  1
:;8: {rn rn {rn {ni o {nh lnqiljognlhihniifgmf {f {ng 90-(>-; _h *1410(1 |
  1
<0:;8: {rn rn {rn {nn {no {rn {nf 90-(>-; {h {rn |
  1
:;8: {rn rn {rn {nh o {mo lnqilhkmjjjmngojomji {no {mn 90-(>-; _h *1410(1 |
  1
:;8: {rn rn {rn {mm o {ni lnqilhkmjjjmngojomji {nn {ml 90-(>-; _h *1410(1 |
  1
):-+:' {rn rn {rn {nm o {mk |
  1
):-+:' {rn rn {rn {nm n {mj |
  1
,+->687+r<*-): {rn rn {rn nlkggqnomhoigoojiojj koijqfnhononlghlgfgg no o n o V V |
  1
:;8: {rn rn {rn {mo o {mm lnqiljognlhihniifgmf {nl {mi 90-(>-; _h *1410(1 |
  1
):-+:' {rn rn {rn {nk n {mh |
  1
,+->687+r<*-): {rn rn {rn nlkggqnomhoigoojiojj kofhqjjmofnjnjkjjigi no rn o o V V |
  1
):-+:' {rn rn {rn {nf n {mg |
  1
,+->687+r<*-): {rn rn {rn nlkjiqkijmgnmkglgooj koijqfnhononlghlgfgg no n o o V V |
  1
/061+ {rn rn {rn nlkggqnomhoigoojiojj koijqfnhononlghlgfgg no |
  1
/061+ {rn rn {rn nlkggqnomhoigoojiojj kofhqjjmofnjnjkjjigi no |
  1
,+->687+r<*-): {rn rn {rn nlkjiqkijmgnmkglgooj kofhqjjmofnjnjkjjigi no o rn o V V |
  1
/061+ {rn rn {rn nlkjiqkijmgnmkglgooj kofhqjjmofnjnjkjjigi no |
  1
/061+ {rn rn {rn nlkjiqkijmgnmkglgooj koijqfnhononlghlgfgg no |
1001
ACAD_STEPID
1071
       16
1001
ACAD_OBJECT_CHANGE_GUID
1070
     1
1071
1958124860
1070
-32262
1070
-15040
1070
   170
1070
    59
1070
   164
1070
   209
1070
   114
1070
    20
1070
    72
1070
    25
  0
REGION
  5
1332
330
1F
100
AcDbEntity
  8
BASE
 62
     7
100
AcDbModelerGeometry
 70
     1
  1
mnjoo mf m mk          
  1
ni ^ *+0;:,4 ^ *+0\^ [ mo ^ LR mlnqiqmqijjlj QK o  
  1
mjqlfffffffffffffgjg fqfffffffffffffffjkh:roh nqooooooooooooooooli:rno 
  1
>,27:>;:- {rn rn _nl mlnqiqmqijjlj |
  1
=0;& {rn rn {rn {m {rn {l |
  1
3*2/ {rn rn {rn {rn {k {n |
  1
+->1,90-2 {rn rn rnqglifhonfghmnomfigg:rni n riqnmlmllffjhlihiioli:rnh o iqnmlmllffjhlihiioli:rnh n n nqglifhonfghmnomfigg:rni rnqnmkgnfgliffilflmoi:rlm lnmkqgnhhmjijhnfklgh rnnnmnqimgllijfkfjiik rknioqfhgfgjglfljghji n -0+>+: 10@-:93:<+ 10@,7:>- |
  1
,7:33 {rn rn {rn {rn {rn {j {rn {m |
  1
9><: {i rn {rn {rn {h {k {rn {g 90-(>-; ;0*=3: 0*+ |
  1
/:-,*=:1+r><>;L036;W6,+0-&r>++-6= {rn rn {rn {rn {j n ng k o |
  1
300/ {rn rn {rn {rn {f {j |
  1
/3>1:r,*-9><: {rn rn {rn nllfnqoogjlghmiimimg kofhqjjmofnjnjkjjigi o rn o o o rn o 90-(>-;@) V V V V |
  1
<0:;8: {rn rn {rn {no {nn {rn {nm -:):-,:; {h {rn |
  1
<0:;8: {rn rn {rn {nl {f {rn {nk 90-(>-; {h {rn |
  1
<0:;8: {rn rn {rn {f {nl {rn {nj -:):-,:; {h {rn |
  1
:;8: {rn rn {rn {ni nnhqkonkhnkinllnlnnh {nh nkfqolijjmglgokgon {f {ng 90-(>-; _h *1410(1 |
  1
<0:;8: {rn rn {rn {nn {no {rn {nf -:):-,:; {h {rn |
  1
:;8: {rn rn {rn {ni o {mo no {no {mn 90-(>-; _h *1410(1 |
  1
:;8: {rn rn {rn {nh o {mm no {nn {ml 90-(>-; _h *1410(1 |
  1
):-+:' {rn rn {rn {nm o {mk |
  1
):-+:' {rn rn {rn {nm n {mj |
  1
,+->687+r<*-): {rn rn {rn nllfnqoogjlghmiimimg lfkgqjnjjlgihhkohihi o o n ro V V |
  1
:;8: {rn rn {rn {mm o {mo lnqiljognlhihniifgmf {nl {mi 90-(>-; _h *1410(1 |
  1
):-+:' {rn rn {rn {nk n {mh |
  1
,+->687+r<*-): {rn rn {rn nllfnqoogjlghmiimimg koijqfnhononlghlgfgg o o o n V V |
  1
):-+:' {rn rn {rn {nf o {mg |
  1
,+->687+r<*-): {rn rn {rn nllfnqoogjlghmiimimg kofhqjjmofnjnjkjjigi o o o n V V |
  1
/061+ {rn rn {rn nllfnqoogjlghmiimimg koijqfnhononlghlgfgg o |
  1
/061+ {rn rn {rn nllfnqoogjlghmiimimg kofhqjjmofnjnjkjjigi o |
  1
,+->687+r<*-): {rn rn {rn nllfnqoogjlghmiimimg kofhqjjmofnjnjkjjigi no o rn o V V |
  1
/061+ {rn rn {rn nllfnqoogjlghmiimimg koijqfnhononlghlgfgg no |
  1
/061+ {rn rn {rn nllfnqoogjlghmiimimg kofhqjjmofnjnjkjjigi no |
1001
ACAD_STEPID
1071
       16
1001
ACAD_OBJECT_CHANGE_GUID
1070
     1
1071
2014324790
1070
 19556
1070
 26445
1070
   130
1070
   183
1070
    95
1070
     9
1070
   128
1070
   122
1070
     5
1070
   190
  0
REGION
  5
1333
330
1F
100
AcDbEntity
  8
BASE
 62
     7
100
AcDbModelerGeometry
 70
     1
  1
mnjoo mf m mk          
  1
ni ^ *+0;:,4 ^ *+0\^ [ mo ^ LR mlnqiqmqijjlj QK o  
  1
mjqlfffffffffffffgjg fqfffffffffffffffjkh:roh nqooooooooooooooooli:rno 
  1
>,27:>;:- {rn rn _nl mlnqiqmqijjlj |
  1
=0;& {rn rn {rn {m {rn {l |
  1
3*2/ {rn rn {rn {rn {k {n |
  1
+->1,90-2 {rn rn rnqglifhonfghmnomfigg:rni n riqnmlmllffjhlihiioli:rnh o iqnmlmllffjhlihiioli:rnh n n nqglifhonfghmnomfigg:rni rnqnmkgnfgliffilflmoi:rlm lnmkqgnhhmjijhnfklgh rnnnmnqimgllijfkfjiik rknioqfhgfgjglfljghji n -0+>+: 10@-:93:<+ 10@,7:>- |
  1
,7:33 {rn rn {rn {rn {rn {j {rn {m |
  1
9><: {i rn {rn {rn {h {k {rn {g 90-(>-; ;0*=3: 0*+ |
  1
/:-,*=:1+r><>;L036;W6,+0-&r>++-6= {rn rn {rn {rn {j n ng n o |
  1
300/ {rn rn {rn {rn {f {j |
  1
/3>1:r,*-9><: {rn rn {rn nlkmmqikjfikmhggoihf kofhqjjmofnjnjkjjigi o o n ro rn o o 90-(>-;@) V V V V |
  1
<0:;8: {rn rn {rn {no {nn {rn {nm -:):-,:; {h {rn |
  1
<0:;8: {rn rn {rn {nl {f {rn {nk 90-(>-; {h {rn |
  1
<0:;8: {rn rn {rn {f {nl {rn {nj -:):-,:; {h {rn |
  1
:;8: {rn rn {rn {ni jiqhhkfolmgmllolkmlk {nh ggqknmlmgglkjnogkkf {f {ng 90-(>-; _h *1410(1 |
  1
<0:;8: {rn rn {rn {nn {no {rn {nf -:):-,:; {h {rn |
  1
:;8: {rn rn {rn {ni o {mo no {no {mn 90-(>-; _h *1410(1 |
  1
:;8: {rn rn {rn {nh o {mm no {nn {ml 90-(>-; _h *1410(1 |
  1
):-+:' {rn rn {rn {nm o {mk |
  1
):-+:' {rn rn {rn {nm n {mj |
  1
,+->687+r<*-): {rn rn {rn nlllkqmlliljkkkmfjfk kofhqjjmofnjnjkjjigi o n ro o V V |
  1
:;8: {rn rn {rn {mm o {mo lnqilhkmjjjmngojomji {nl {mi 90-(>-; _h *1410(1 |
  1
):-+:' {rn rn {rn {nk n {mh |
  1
,+->687+r<*-): {rn rn {rn nllfnqoogjlghmiimimg kofhqjjmofnjnjkjjigi o o o n V V |
  1
):-+:' {rn rn {rn {nf o {mg |
  1
,+->687+r<*-): {rn rn {rn nlkmmqikjfikmhggoihf kofhqjjmofnjnjkjjigi o o o n V V |
  1
/061+ {rn rn {rn nllfnqoogjlghmiimimg kofhqjjmofnjnjkjjigi o |
  1
/061+ {rn rn {rn nlkmmqikjfikmhggoihf kofhqjjmofnjnjkjjigi o |
  1
,+->687+r<*-): {rn rn {rn nlkmmqikjfikmhggoihf kofhqjjmofnjnjkjjigi no rn o o V V |
  1
/061+ {rn rn {rn nllfnqoogjlghmiimimg kofhqjjmofnjnjkjjigi no |
  1
/061+ {rn rn {rn nlkmmqikjfikmhggoihf kofhqjjmofnjnjkjjigi no |
1001
ACAD_STEPID
1071
       16
1001
ACAD_OBJECT_CHANGE_GUID
1070
     1
1071
-1754436209
1070
 11363
1070
-29114
1070
   178
1070
   176
1070
   222
1070
   154
1070
   144
1070
    60
1070
    73
1070
   132
  0
REGION
  5
1334
330
1F
100
AcDbEntity
  8
BASE
 62
     7
100
AcDbModelerGeometry
 70
     1
  1
mnjoo mf m mk          
  1
ni ^ *+0;:,4 ^ *+0\^ [ mo ^ LR mlnqiqmqijjlj QK o  
  1
mjqlfffffffffffffgjg fqfffffffffffffffjkh:roh nqooooooooooooooooli:rno 
  1
>,27:>;:- {rn rn _nl mlnqiqmqijjlj |
  1
=0;& {rn rn {rn {m {rn {l |
  1
3*2/ {rn rn {rn {rn {k {n |
  1
+->1,90-2 {rn rn rnqglifhonfghmnomfigg:rni n riqnmlmllffjhlihiioli:rnh o iqnmlmllffjhlihiioli:rnh n n nqglifhonfghmnomfigg:rni rnqnmkgnfgliffilflmoi:rlm lnmkqgnhhmjijhnfklgh rnnnmnqimgllijfkfjiik rknioqfhgfgjglfljghji n -0+>+: 10@-:93:<+ 10@,7:>- |
  1
,7:33 {rn rn {rn {rn {rn {j {rn {m |
  1
9><: {i rn {rn {rn {h {k {rn {g 90-(>-; ;0*=3: 0*+ |
  1
/:-,*=:1+r><>;L036;W6,+0-&r>++-6= {rn rn {rn {rn {j n ng nooooooooo m |
  1
300/ {rn rn {rn {rn {f {j |
  1
/3>1:r,*-9><: {rn rn {rn nlkoiqgmhmjnjomhnmf kognqhlkjjogmhofikmh no o o n n o o 90-(>-;@) V V V V |
  1
<0:;8: {rn rn {rn {no {nn {rn {nm 90-(>-; {h {rn |
  1
<0:;8: {rn rn {rn {nl {f {rn {nk 90-(>-; {h {rn |
  1
<0:;8: {rn rn {rn {f {nl {rn {nj 90-(>-; {h {rn |
  1
:;8: {rn rn {rn {ni o {nh lnqilhkmjjjmngojomji {f {ng 90-(>-; _h *1410(1 |
  1
<0:;8: {rn rn {rn {nn {no {rn {nf 90-(>-; {h {rn |
  1
:;8: {rn rn {rn {nh o {mo lnqiljognlhihniifgmf {no {mn 90-(>-; _h *1410(1 |
  1
:;8: {rn rn {rn {mm o {ni lnqiljognlhihniifgmf {nn {ml 90-(>-; _h *1410(1 |
  1
):-+:' {rn rn {rn {nm o {mk |
  1
):-+:' {rn rn {rn {nm n {mj |
  1
,+->687+r<*-): {rn rn {rn nlkmmqikjfikmhggoihf kofhqjjmofnjnjkjjigi no rn o o V V |
  1
:;8: {rn rn {rn {mo o {mm lnqilhkmjjjmngojomji {nl {mi 90-(>-; _h *1410(1 |
  1
):-+:' {rn rn {rn {nk n {mh |
  1
,+->687+r<*-): {rn rn {rn nllfnqoogjlghmiimimg kofhqjjmofnjnjkjjigi no o rn o V V |
  1
):-+:' {rn rn {rn {nf n {mg |
  1
,+->687+r<*-): {rn rn {rn nlkmmqikjfikmhggoihf koijqfnhononlghlgfgg no o n o V V |
  1
/061+ {rn rn {rn nlkmmqikjfikmhggoihf kofhqjjmofnjnjkjjigi no |
  1
/061+ {rn rn {rn nllfnqoogjlghmiimimg kofhqjjmofnjnjkjjigi no |
  1
,+->687+r<*-): {rn rn {rn nllfnqoogjlghmiimimg koijqfnhononlghlgfgg no n o o V V |
  1
/061+ {rn rn {rn nllfnqoogjlghmiimimg koijqfnhononlghlgfgg no |
  1
/061+ {rn rn {rn nlkmmqikjfikmhggoihf koijqfnhononlghlgfgg no |
1001
ACAD_STEPID
1071
       16
1001
ACAD_OBJECT_CHANGE_GUID
1070
     1
1071
1744525802
1070
-10231
1070
-10170
1070
   177
1070
    69
1070
   204
1070
    55
1070
   103
1070
    92
1070
   173
1070
    10
  0
REGION
  5
1337
330
1F
100
AcDbEntity
  8
BASE
 62
     7
100
AcDbModelerGeometry
 70
     1
  1
mnjoo mf m mk          
  1
ni ^ *+0;:,4 ^ *+0\^ [ mo ^ LR mlnqiqmqijjlj QK o  
  1
mjqlfffffffffffffgjg fqfffffffffffffffjkh:roh nqooooooooooooooooli:rno 
  1
>,27:>;:- {rn rn _nl mlnqiqmqijjlj |
  1
=0;& {rn rn {rn {m {rn {l |
  1
3*2/ {rn rn {rn {rn {k {n |
  1
+->1,90-2 {rn rn rnqglifhonfghmnomfigg:rni n riqnmlmllffjhlihiioli:rnh o iqnmlmllffjhlihiioli:rnh n n nqglifhonfghmnomfigg:rni rnqnmkgnfgliffilflmoi:rlm lnmkqgnhhmjijhnfklgh rnnnmnqimgllijfkfjiik rknioqfhgfgjglfljghji n -0+>+: 10@-:93:<+ 10@,7:>- |
  1
,7:33 {rn rn {rn {rn {rn {j {rn {m |
  1
9><: {i rn {rn {rn {h {k {rn {g 90-(>-; ;0*=3: 0*+ |
  1
/:-,*=:1+r><>;L036;W6,+0-&r>++-6= {rn rn {rn {rn {j n nh k o |
  1
300/ {rn rn {rn {rn {f {j |
  1
/3>1:r,*-9><: {rn rn {rn nlonjqojjfkmflgmgglj lfinqgijjkljkgifgokm o rn o o o rn o 90-(>-;@) V V V V |
  1
<0:;8: {rn rn {rn {no {nn {rn {nm -:):-,:; {h {rn |
  1
<0:;8: {rn rn {rn {nl {f {rn {nk 90-(>-; {h {rn |
  1
<0:;8: {rn rn {rn {f {nl {rn {nj -:):-,:; {h {rn |
  1
:;8: {rn rn {rn {ni jfqkknlkinjomkkkfggi {nh gnqnflmhggjkiifnggnj {f {ng 90-(>-; _h *1410(1 |
  1
<0:;8: {rn rn {rn {nn {no {rn {nf -:):-,:; {h {rn |
  1
:;8: {rn rn {rn {ni o {mo mo {no {mn 90-(>-; _h *1410(1 |
  1
:;8: {rn rn {rn {nh o {mm mo {nn {ml 90-(>-; _h *1410(1 |
  1
):-+:' {rn rn {rn {nm o {mk |
  1
):-+:' {rn rn {rn {nm n {mj |
  1
,+->687+r<*-): {rn rn {rn nlonjqojjfkmflgmgglj lggoqihmmikifkomggjk o o n ro V V |
  1
:;8: {rn rn {rn {mm o {mo mnqhjnflmhokkmkigfmf {nl {mi 90-(>-; _h *1410(1 |
  1
):-+:' {rn rn {rn {nk n {mh |
  1
,+->687+r<*-): {rn rn {rn nlonjqojjfkmflgmgglj lfkoqnnlinogkkmhlljl o o o n V V |
  1
):-+:' {rn rn {rn {nf o {mg |
  1
,+->687+r<*-): {rn rn {rn nlonjqojjfkmflgmgglj lfinqgijjkljkgifgokm o o o n V V |
  1
/061+ {rn rn {rn nlonjqojjfkmflgmgglj lfkoqnnlinogkkmhlljl o |
  1
/061+ {rn rn {rn nlonjqojjfkmflgmgglj lfinqgijjkljkgifgokm o |
  1
,+->687+r<*-): {rn rn {rn nlonjqojjfkmflgmgglj lfinqgijjkljkgifgokm mo o rn o V V |
  1
/061+ {rn rn {rn nlonjqojjfkmflgmgglj lfkoqnnlinogkkmhlljl mo |
  1
/061+ {rn rn {rn nlonjqojjfkmflgmgglj lfinqgijjkljkgifgokm mo |
1001
ACAD_STEPID
1071
       16
1001
ACAD_OBJECT_CHANGE_GUID
1070
     1
1071
-848936190
1070
 31917
1070
    77
1070
   136
1070
    71
1070
   102
1070
    73
1070
   198
1070
   133
1070
   237
1070
    98
  0
REGION
  5
1338
330
1F
100
AcDbEntity
  8
BASE
 62
     7
100
AcDbModelerGeometry
 70
     1
  1
mnjoo mf m mk          
  1
ni ^ *+0;:,4 ^ *+0\^ [ mo ^ LR mlnqiqmqijjlj QK o  
  1
mjqlfffffffffffffgjg fqfffffffffffffffjkh:roh nqooooooooooooooooli:rno 
  1
>,27:>;:- {rn rn _nl mlnqiqmqijjlj |
  1
=0;& {rn rn {rn {m {rn {l |
  1
3*2/ {rn rn {rn {rn {k {n |
  1
+->1,90-2 {rn rn rnqglifhonfghmnomfigg:rni n riqnmlmllffjhlihiioli:rnh o iqnmlmllffjhlihiioli:rnh n n nqglifhonfghmnomfigg:rni rnqnmkgnfgliffilflmoi:rlm lnmkqgnhhmjijhnfklgh rnnnmnqimgllijfkfjiik rknioqfhgfgjglfljghji n -0+>+: 10@-:93:<+ 10@,7:>- |
  1
,7:33 {rn rn {rn {rn {rn {j {rn {m |
  1
9><: {i rn {rn {rn {h {k {rn {g 90-(>-; ;0*=3: 0*+ |
  1
/:-,*=:1+r><>;L036;W6,+0-&r>++-6= {rn rn {rn {rn {j n nh n o |
  1
300/ {rn rn {rn {rn {f {j |
  1
/3>1:r,*-9><: {rn rn {rn nlkgnqhfmhmmghifnkfm lfinqgijjkljkgifgokm o o n ro rn o o 90-(>-;@) V V V V |
  1
<0:;8: {rn rn {rn {no {nn {rn {nm -:):-,:; {h {rn |
  1
<0:;8: {rn rn {rn {nl {f {rn {nk 90-(>-; {h {rn |
  1
<0:;8: {rn rn {rn {f {nl {rn {nj -:):-,:; {h {rn |
  1
:;8: {rn rn {rn {ni rlkgqhjnohngojoinijin {nh nnhqfgjhognlljikfnmh {f {ng 90-(>-; _h *1410(1 |
  1
<0:;8: {rn rn {rn {nn {no {rn {nf -:):-,:; {h {rn |
  1
:;8: {rn rn {rn {ni o {mo mo {no {mn 90-(>-; _h *1410(1 |
  1
:;8: {rn rn {rn {nh o {mm mo {nn {ml 90-(>-; _h *1410(1 |
  1
):-+:' {rn rn {rn {nm o {mk |
  1
):-+:' {rn rn {rn {nm n {mj |
  1
,+->687+r<*-): {rn rn {rn nllilqgohonkhklljoon lfinqgijjkljkgifgokm o n ro o V V |
  1
:;8: {rn rn {rn {mm o {mo kiiqhlihhfflgimijigg {nl {mi 90-(>-; _h *1410(1 |
  1
):-+:' {rn rn {rn {nk n {mh |
  1
,+->687+r<*-): {rn rn {rn nlonjqojjfkmflgmgglj lfinqgijjkljkgifgokm o o o n V V |
  1
):-+:' {rn rn {rn {nf o {mg |
  1
,+->687+r<*-): {rn rn {rn nlkgnqhfmhmmghifnkfm lfinqgijjkljkgifgokm o o o n V V |
  1
/061+ {rn rn {rn nlonjqojjfkmflgmgglj lfinqgijjkljkgifgokm o |
  1
/061+ {rn rn {rn nlkgnqhfmhmmghifnkfm lfinqgijjkljkgifgokm o |
  1
,+->687+r<*-): {rn rn {rn nlkgnqhfmhmmghifnkfm lfinqgijjkljkgifgokm mo rn o o V V |
  1
/061+ {rn rn {rn nlonjqojjfkmflgmgglj lfinqgijjkljkgifgokm mo |
  1
/061+ {rn rn {rn nlkgnqhfmhmmghifnkfm lfinqgijjkljkgifgokm mo |
1001
ACAD_STEPID
1071
       16
1001
ACAD_OBJECT_CHANGE_GUID
1070
     1
1071
772021892
1070
  4657
1070
 -4798
1070
   149
1070
   165
1070
   220
1070
    10
1070
   133
1070
    56
1070
   228
1070
   148
  0
REGION
  5
1339
330
1F
100
AcDbEntity
  8
BASE
 62
     7
100
AcDbModelerGeometry
 70
     1
  1
mnjoo mf m mk          
  1
ni ^ *+0;:,4 ^ *+0\^ [ mo ^ LR mlnqiqmqijjlj QK o  
  1
mjqlfffffffffffffgjg fqfffffffffffffffjkh:roh nqooooooooooooooooli:rno 
  1
>,27:>;:- {rn rn _nl mlnqiqmqijjlj |
  1
=0;& {rn rn {rn {m {rn {l |
  1
3*2/ {rn rn {rn {rn {k {n |
  1
+->1,90-2 {rn rn rnqglifhonfghmnomfigg:rni n riqnmlmllffjhlihiioli:rnh o iqnmlmllffjhlihiioli:rnh n n nqglifhonfghmnomfigg:rni rnqnmkgnfgliffilflmoi:rlm lnmkqgnhhmjijhnfklgh rnnnmnqimgllijfkfjiik rknioqfhgfgjglfljghji n -0+>+: 10@-:93:<+ 10@,7:>- |
  1
,7:33 {rn rn {rn {rn {rn {j {rn {m |
  1
9><: {i rn {rn {rn {h {k {rn {g 90-(>-; ;0*=3: 0*+ |
  1
/:-,*=:1+r><>;L036;W6,+0-&r>++-6= {rn rn {rn {rn {j n nh nooooooooo m |
  1
300/ {rn rn {rn {rn {f {j |
  1
/3>1:r,*-9><: {rn rn {rn nlmkgqkmkllmfohiolki lfjoqfgfjhhnfikgiioh mo o o n n o o 90-(>-;@) V V V V |
  1
<0:;8: {rn rn {rn {no {nn {rn {nm 90-(>-; {h {rn |
  1
<0:;8: {rn rn {rn {nl {f {rn {nk 90-(>-; {h {rn |
  1
<0:;8: {rn rn {rn {f {nl {rn {nj 90-(>-; {h {rn |
  1
:;8: {rn rn {rn {ni o {nh kiiqhlihhfflgimijigg {f {ng 90-(>-; _h *1410(1 |
  1
<0:;8: {rn rn {rn {nn {no {rn {nf 90-(>-; {h {rn |
  1
:;8: {rn rn {rn {nh o {mo mnqhjnflmhokkmkigfmf {no {mn 90-(>-; _h *1410(1 |
  1
:;8: {rn rn {rn {mm o {ni mnqhjnflmhokkmkigfmf {nn {ml 90-(>-; _h *1410(1 |
  1
):-+:' {rn rn {rn {nm o {mk |
  1
):-+:' {rn rn {rn {nm n {mj |
  1
,+->687+r<*-): {rn rn {rn nlkgnqhfmhmmghifnkfm lfinqgijjkljkgifgokm mo rn o o V V |
  1
:;8: {rn rn {rn {mo o {mm kiiqhlihhfflgimijigg {nl {mi 90-(>-; _h *1410(1 |
  1
):-+:' {rn rn {rn {nk n {mh |
  1
,+->687+r<*-): {rn rn {rn nlonjqojjfkmflgmgglj lfinqgijjkljkgifgokm mo o rn o V V |
  1
):-+:' {rn rn {rn {nf n {mg |
  1
,+->687+r<*-): {rn rn {rn nlkgnqhfmhmmghifnkfm lfkoqnnlinogkkmhlljl mo o n o V V |
  1
/061+ {rn rn {rn nlkgnqhfmhmmghifnkfm lfinqgijjkljkgifgokm mo |
  1
/061+ {rn rn {rn nlonjqojjfkmflgmgglj lfinqgijjkljkgifgokm mo |
  1
,+->687+r<*-): {rn rn {rn nlonjqojjfkmflgmgglj lfkoqnnlinogkkmhlljl mo n o o V V |
  1
/061+ {rn rn {rn nlonjqojjfkmflgmgglj lfkoqnnlinogkkmhlljl mo |
  1
/061+ {rn rn {rn nlkgnqhfmhmmghifnkfm lfkoqnnlinogkkmhlljl mo |
1001
ACAD_STEPID
1071
       16
1001
ACAD_OBJECT_CHANGE_GUID
1070
     1
1071
456944398
1070
-11627
1070
-30898
1070
   139
1070
   141
1070
   125
1070
   248
1070
    20
1070
   196
1070
   253
1070
   238
  0
LINE
  5
1341
330
1F
100
AcDbEntity
  8
BASE
 62
     7
100
AcDbLine
 10
3124.817725657192
 20
2334.836944653424
 30
-95.06197570062068
 11
3124.817725657192
 21
2334.836944653424
 31
-63.42689432390398
210
1.0
220
0.0000000000000002
230
0.0
1001
ACAD_STEPID
1071
       16
  0
LINE
  5
1342
330
1F
100
AcDbEntity
  8
BASE
 62
     7
100
AcDbLine
 10
3124.817725657192
 20
2334.836944653424
 30
-63.42689432390398
 11
3124.817725657192
 21
2366.474370205604
 31
-63.42689432390398
210
1.0
220
0.0000000000000002
230
0.0
1001
ACAD_STEPID
1071
       16
  0
LINE
  5
1346
330
1F
100
AcDbEntity
  8
BASE
 62
     7
100
AcDbLine
 10
3124.817725657192
 20
2269.38020213167
 30
-95.06197570062068
 11
3124.817725657192
 21
2269.38020213167
 31
-63.42689432390398
210
1.0
220
0.0000000000000002
230
0.0
1001
ACAD_STEPID
1071
       16
  0
LINE
  5
1347
330
1F
100
AcDbEntity
  8
BASE
 62
     7
100
AcDbLine
 10
3124.817725657192
 20
2269.38020213167
 30
-63.42689432390398
 11
3124.817725657192
 21
2301.01762768385
 31
-63.42689432390398
210
1.0
220
0.0000000000000002
230
0.0
1001
ACAD_STEPID
1071
       16
  0
LINE
  5
134A
330
1F
100
AcDbEntity
  8
BASE
 62
     7
100
AcDbLine
 10
3124.817725657192
 20
1893.427606343331
 30
-220.8653749950863
 11
3124.817725657192
 21
1893.427606343331
 31
-199.1134422906616
210
1.0
220
0.0000000000000002
230
0.0
1001
ACAD_STEPID
1071
       16
  0
LINE
  5
134B
330
1F
100
AcDbEntity
  8
BASE
 62
     7
100
AcDbLine
 10
3124.817725657192
 20
1893.427606343331
 30
-199.1134422906616
 11
3124.817725657192
 21
2360.164386281958
 31
-199.1134422906616
210
1.0
220
0.0000000000000002
230
0.0
1001
ACAD_STEPID
1071
       16
  0
LINE
  5
134C
330
1F
100
AcDbEntity
  8
BASE
 62
     7
100
AcDbLine
 10
3124.817725657192
 20
1824.192970014829
 30
0.0
 11
3124.817725657192
 21
2424.192970014836
 31
0.0
210
1.0
220
0.0000000000000002
230
0.0
1001
ACAD_STEPID
1071
       16
  0
LINE
  5
134D
330
1F
100
AcDbEntity
  8
BASE
 62
     7
100
AcDbLine
 10
3124.817725657192
 20
1824.192970014821
 30
-723.0
 11
3124.817725657192
 21
1824.192970014829
 31
0.0
210
1.0
220
0.0000000000000002
230
0.0
1001
ACAD_STEPID
1071
       16
  0
LINE
  5
134E
330
1F
100
AcDbEntity
  8
BASE
 62
     7
100
AcDbLine
 10
3124.817725657192
 20
2424.192970014829
 30
-723.0
 11
3124.817725657192
 21
1824.192970014821
 31
-723.0
210
1.0
220
0.0000000000000002
230
0.0
1001
ACAD_STEPID
1071
       16
  0
LINE
  5
134F
330
1F
100
AcDbEntity
  8
BASE
 62
     7
100
AcDbLine
 10
3124.817725657192
 20
2424.192970014836
 30
0.0
 11
3124.817725657192
 21
2424.192970014829
 31
-723.0
210
1.0
220
0.0000000000000002
230
0.0
1001
ACAD_STEPID
1071
       16
  0
REGION
  5
1352
330
1F
100
AcDbEntity
  8
BASE
 62
     7
100
AcDbModelerGeometry
 70
     1
  1
mnjoo mf m mk          
  1
ni ^ *+0;:,4 ^ *+0\^ [ mo ^ LR mlnqiqmqijjlj QK o  
  1
mjqlfffffffffffffgjg fqfffffffffffffffjkh:roh nqooooooooooooooooli:rno 
  1
>,27:>;:- {rn rn _nl mlnqiqmqijjlj |
  1
=0;& {rn rn {rn {m {rn {l |
  1
3*2/ {rn rn {rn {rn {k {n |
  1
+->1,90-2 {rn rn rnqglifhonfghmnomfigg:rni n riqnmlmllffjhlihiioli:rnh o iqnmlmllffjhlihiioli:rnh n n nqglifhonfghmnomfigg:rni rnqnmkgnfgliffilflmoi:rlm lnmkqgnhhmjijhnfklgh rnnnmnqimgllijfkfjiik rknioqfhgfgjglfljghji n -0+>+: 10@-:93:<+ 10@,7:>- |
  1
,7:33 {rn rn {rn {rn {rn {j {rn {m |
  1
9><: {i rn {rn {rn {h {k {rn {g 90-(>-; ;0*=3: 0*+ |
  1
/:-,*=:1+r><>;L036;W6,+0-&r>++-6= {rn rn {rn {rn {j n mo nooooooooo nool |
  1
300/ {rn rn {rn {rn {f {j |
  1
/3>1:r,*-9><: {rn rn {rn nlnhgqjmlnookmfimjil ljkoqlmnkoojljnjnokm o rn o o ro rn ro 90-(>-;@) V V V V |
  1
<0:;8: {rn rn {rn {no {nn {rn {nm -:):-,:; {h {rn |
  1
<0:;8: {rn rn {rn {nl {f {rn {nk 90-(>-; {h {rn |
  1
<0:;8: {rn rn {rn {f {nl {rn {nj -:):-,:; {h {rn |
  1
:;8: {rn rn {rn {ni o {nh fqofojkoimjkflloknoj {f {ng 90-(>-; _h *1410(1 |
  1
<0:;8: {rn rn {rn {nn {no {rn {nf -:):-,:; {h {rn |
  1
:;8: {rn rn {rn {ni o {mo no {no {mn 90-(>-; _h *1410(1 |
  1
:;8: {rn rn {rn {nh o {mm no {nn {ml 90-(>-; _h *1410(1 |
  1
):-+:' {rn rn {rn {nm o {mk |
  1
):-+:' {rn rn {rn {nm n {mj |
  1
,+->687+r<*-): {rn rn {rn nlnhgqjmlnookmfimjil ljlnqmlogjffofijhhlg o o n o Y o Y fqofojkoimjkflloknoj |
  1
:;8: {rn rn {rn {mm rfqofojkoimjkflloknoj {mo ro {nl {mi 90-(>-; _h *1410(1 |
  1
):-+:' {rn rn {rn {nk n {mh |
  1
,+->687+r<*-): {rn rn {rn nlnhgqjmlnookmfimjil ljlnqmlogjffofijhhlg o o o n V V |
  1
):-+:' {rn rn {rn {nf o {mg |
  1
,+->687+r<*-): {rn rn {rn nlnhgqjmlnookmfimjil ljkoqlmnkoojljnjnokm o o o n V V |
  1
/061+ {rn rn {rn nlnhgqjmlnookmfimjil ljlnqmlogjffofijhhlg o |
  1
/061+ {rn rn {rn nlnhgqjmlnookmfimjil ljkoqlmnkoojljnjnokm o |
  1
,+->687+r<*-): {rn rn {rn nlnhgqjmlnookmfimjil ljlnqmlogjffofijhhlg no ro rn ro V V |
  1
/061+ {rn rn {rn nlnhgqjmlnookmfimjil ljlnqmlogjffofijhhlg no |
  1
/061+ {rn rn {rn nlnhgqjmlnookmfimjil ljkoqlmnkoojljnjnokm no |
1001
ACAD_STEPID
1071
       20
1001
ACAD_OBJECT_CHANGE_GUID
1070
     1
1071
120320804
1070
-14196
1070
 23629
1070
   129
1070
   120
1070
   110
1070
    43
1070
    49
1070
   255
1070
   162
1070
     7
  0
REGION
  5
1353
330
1F
100
AcDbEntity
  8
BASE
 62
     7
100
AcDbModelerGeometry
 70
     1
  1
mnjoo mf m mk          
  1
ni ^ *+0;:,4 ^ *+0\^ [ mo ^ LR mlnqiqmqijjlj QK o  
  1
mjqlfffffffffffffgjg fqfffffffffffffffjkh:roh nqooooooooooooooooli:rno 
  1
>,27:>;:- {rn rn _nl mlnqiqmqijjlj |
  1
=0;& {rn rn {rn {m {rn {l |
  1
3*2/ {rn rn {rn {rn {k {n |
  1
+->1,90-2 {rn rn rnqglifhonfghmnomfigg:rni n riqnmlmllffjhlihiioli:rnh o iqnmlmllffjhlihiioli:rnh n n nqglifhonfghmnomfigg:rni rnqnmkgnfgliffilflmoi:rlm lnmkqgnhhmjijhnfklgh rnnnmnqimgllijfkfjiik rknioqfhgfgjglfljghji n -0+>+: 10@-:93:<+ 10@,7:>- |
  1
,7:33 {rn rn {rn {rn {rn {j {rn {m |
  1
9><: {i rn {rn {rn {h {k {rn {g 90-(>-; ;0*=3: 0*+ |
  1
/:-,*=:1+r><>;L036;W6,+0-&r>++-6= {rn rn {rn {rn {j n mo nooooooooo nook |
  1
300/ {rn rn {rn {rn {f {j |
  1
/3>1:r,*-9><: {rn rn {rn nllolqfgngjifmfijgjl ljkoqlmnkoojljnjnokm o o n o rn ro ro 90-(>-;@) V V V V |
  1
<0:;8: {rn rn {rn {no {nn {rn {nm -:):-,:; {h {rn |
  1
<0:;8: {rn rn {rn {nl {f {rn {nk 90-(>-; {h {rn |
  1
<0:;8: {rn rn {rn {f {nl {rn {nj -:):-,:; {h {rn |
  1
:;8: {rn rn {rn {ni o {nh nmjqkjghjijooolmfoj {f {ng 90-(>-; _h *1410(1 |
  1
<0:;8: {rn rn {rn {nn {no {rn {nf -:):-,:; {h {rn |
  1
:;8: {rn rn {rn {ni o {mo no {no {mn 90-(>-; _h *1410(1 |
  1
:;8: {rn rn {rn {nh o {mm no {nn {ml 90-(>-; _h *1410(1 |
  1
):-+:' {rn rn {rn {nm o {mk |
  1
):-+:' {rn rn {rn {nm n {mj |
  1
,+->687+r<*-): {rn rn {rn nlnhgqjmlnookmfimjil ljkoqlmnkoojljnjnokm o n o o Y o Y nmjqkjghjijooolmfoj |
  1
:;8: {rn rn {rn {mm rnmjqkjghjijooolmfoj {mo ro {nl {mi 90-(>-; _h *1410(1 |
  1
):-+:' {rn rn {rn {nk n {mh |
  1
,+->687+r<*-): {rn rn {rn nlnhgqjmlnookmfimjil ljkoqlmnkoojljnjnokm o o o n V V |
  1
):-+:' {rn rn {rn {nf o {mg |
  1
,+->687+r<*-): {rn rn {rn nllolqfgngjifmfijgjl ljkoqlmnkoojljnjnokm o o o n V V |
  1
/061+ {rn rn {rn nlnhgqjmlnookmfimjil ljkoqlmnkoojljnjnokm o |
  1
/061+ {rn rn {rn nllolqfgngjifmfijgjl ljkoqlmnkoojljnjnokm o |
  1
,+->687+r<*-): {rn rn {rn nlnhgqjmlnookmfimjil ljkoqlmnkoojljnjnokm no rn ro ro V V |
  1
/061+ {rn rn {rn nlnhgqjmlnookmfimjil ljkoqlmnkoojljnjnokm no |
  1
/061+ {rn rn {rn nllolqfgngjifmfijgjl ljkoqlmnkoojljnjnokm no |
1001
ACAD_STEPID
1071
       20
1001
ACAD_OBJECT_CHANGE_GUID
1070
     1
1071
1638878159
1070
 27724
1070
  5184
1070
   165
1070
    48
1070
    41
1070
    23
1070
    50
1070
   153
1070
    94
1070
   154
  0
REGION
  5
1355
330
1F
100
AcDbEntity
  8
BASE
 62
     7
100
AcDbModelerGeometry
 70
     1
  1
mnjoo mf m mk          
  1
ni ^ *+0;:,4 ^ *+0\^ [ mo ^ LR mlnqiqmqijjlj QK o  
  1
mjqlfffffffffffffgjg fqfffffffffffffffjkh:roh nqooooooooooooooooli:rno 
  1
>,27:>;:- {rn rn _nl mlnqiqmqijjlj |
  1
=0;& {rn rn {rn {m {rn {l |
  1
3*2/ {rn rn {rn {rn {k {n |
  1
+->1,90-2 {rn rn rnqglifhonfghmnomfigg:rni n riqnmlmllffjhlihiioli:rnh o iqnmlmllffjhlihiioli:rnh n n nqglifhonfghmnomfigg:rni rnqnmkgnfgliffilflmoi:rlm lnmkqgnhhmjijhnfklgh rnnnmnqimgllijfkfjiik rknioqfhgfgjglfljghji n -0+>+: 10@-:93:<+ 10@,7:>- |
  1
,7:33 {rn rn {rn {rn {rn {j {rn {m |
  1
9><: {i rn {rn {rn {h {k {rn {g 90-(>-; ;0*=3: 0*+ |
  1
/:-,*=:1+r><>;L036;W6,+0-&r>++-6= {rn rn {rn {rn {j n mo nooooooooo nooi |
  1
300/ {rn rn {rn {rn {f {j |
  1
/3>1:r,*-9><: {rn rn {rn nlmknqmjmkhgihfikmog ljljqhhinlommmkoklf no o o n n o o 90-(>-;@) V V V V |
  1
<0:;8: {rn rn {rn {no {nn {rn {nm 90-(>-; {h {rn |
  1
<0:;8: {rn rn {rn {nl {f {rn {nk 90-(>-; {h {rn |
  1
<0:;8: {rn rn {rn {f {nl {rn {nj 90-(>-; {h {rn |
  1
:;8: {rn rn {rn {ni rnmjqkjghjijooolmfoj {nh ro {f {ng 90-(>-; _h *1410(1 |
  1
<0:;8: {rn rn {rn {nn {no {rn {nf 90-(>-; {h {rn |
  1
:;8: {rn rn {rn {nh rfqofojkoimjkflloknoj {mo ro {no {mn 90-(>-; _h *1410(1 |
  1
:;8: {rn rn {rn {mm rfqofojkoimjkflloknoj {ni ro {nn {ml 90-(>-; _h *1410(1 |
  1
):-+:' {rn rn {rn {nm o {mk |
  1
):-+:' {rn rn {rn {nm n {mj |
  1
,+->687+r<*-): {rn rn {rn nlnhgqjmlnookmfimjil ljkoqlmnkoojljnjnokm no rn ro ro V V |
  1
:;8: {rn rn {rn {mo rnmjqkjghjijooolmfoj {mm ro {nl {mi 90-(>-; _h *1410(1 |
  1
):-+:' {rn rn {rn {nk n {mh |
  1
,+->687+r<*-): {rn rn {rn nlnhgqjmlnookmfimjil ljlnqmlogjffofijhhlg no ro rn ro V V |
  1
):-+:' {rn rn {rn {nf n {mg |
  1
,+->687+r<*-): {rn rn {rn nllolqfgngjifmfijgjl ljkoqlmnkoojljnjnokm no o n o V V |
  1
/061+ {rn rn {rn nllolqfgngjifmfijgjl ljkoqlmnkoojljnjnokm no |
  1
/061+ {rn rn {rn nlnhgqjmlnookmfimjil ljkoqlmnkoojljnjnokm no |
  1
,+->687+r<*-): {rn rn {rn nllolqfgngjifmfijgjl ljlnqmlogjffofijhhlg no n o o V V |
  1
/061+ {rn rn {rn nlnhgqjmlnookmfimjil ljlnqmlogjffofijhhlg no |
  1
/061+ {rn rn {rn nllolqfgngjifmfijgjl ljlnqmlogjffofijhhlg no |
1001
ACAD_STEPID
1071
       20
1001
ACAD_OBJECT_CHANGE_GUID
1070
     1
1071
378332930
1070
 24038
1070
-15552
1070
   159
1070
   244
1070
   139
1070
    44
1070
   142
1070
    88
1070
   102
1070
   226
  0
REGION
  5
1357
330
1F
100
AcDbEntity
  8
BASE
 62
     7
100
AcDbModelerGeometry
 70
     1
  1
mnjoo mg m mk          
  1
ni ^ *+0;:,4 ^ *+0\^ [ mo ^ LR mlnqiqmqijjlj QK o  
  1
mjqlfffffffffffffgjg fqfffffffffffffffjkh:roh nqooooooooooooooooli:rno 
  1
>,27:>;:- {rn rn _nl mlnqiqmqijjlj |
  1
=0;& {rn rn {rn {m {rn {rn |
  1
3*2/ {rn rn {rn {rn {l {n |
  1
,7:33 {rn rn {rn {rn {rn {k {rn {m |
  1
9><: {j rn {rn {rn {i {l {rn {h 90-(>-; ;0*=3: 0*+ |
  1
/:-,*=:1+r><>;L036;W6,+0-&r>++-6= {rn rn {rn {rn {k n mn l o |
  1
300/ {rn rn {rn {rn {g {k |
  1
/3>1:r,*-9><: {rn rn {rn lnmkqgnhhmjijhngimom nkmkqnfmfhoonkgmohl o n ro o ro rn ro 90-(>-;@) V V V V |
  1
<0:;8: {rn rn {rn {f {no {rn {nn -:):-,:; {i {rn |
  1
<0:;8: {rn rn {rn {nm {g {rn {nl 90-(>-; {i {rn |
  1
<0:;8: {rn rn {rn {g {nm {rn {nk -:):-,:; {i {rn |
  1
:;8: {rn rn {rn {nj o {ni ni {g {nh 90-(>-; _h *1410(1 |
  1
<0:;8: {rn rn {rn {no {f {rn {ng -:):-,:; {i {rn |
  1
:;8: {rn rn {rn {nj o {nf ghg {f {mo 90-(>-; _h *1410(1 |
  1
:;8: {rn rn {rn {ni o {mn ghg {no {mm 90-(>-; _h *1410(1 |
  1
):-+:' {rn rn {rn {nn o {ml |
  1
):-+:' {rn rn {rn {nn n {mk |
  1
,+->687+r<*-): {rn rn {rn lnmkqgnhhmjijhngimom nkogqnfmfhoonkgmohl o o n o Y o Y ni |
  1
:;8: {rn rn {rn {mn rni {nf ro {nm {mj 90-(>-; _h *1410(1 |
  1
):-+:' {rn rn {rn {nl n {mi |
  1
,+->687+r<*-): {rn rn {rn lnmkqgnhhmjijhngimom nkogqnfmfhoonkgmohl o o o rn V V |
  1
):-+:' {rn rn {rn {ng o {mh |
  1
,+->687+r<*-): {rn rn {rn lnmkqgnhhmjijhngimom nkmkqnfmfhoonkgmohl o o o rn V V |
  1
/061+ {rn rn {rn lnmkqgnhhmjijhngimom nkogqnfmfhoonkgmohl o |
  1
/061+ {rn rn {rn lnmkqgnhhmjijhngimom nkmkqnfmfhoonkgmohl o |
  1
,+->687+r<*-): {rn rn {rn lnmkqgnhhmjijhngimom nkogqnfmfhoonkgmohl rghg ro rn ro V V |
  1
/061+ {rn rn {rn lnmkqgnhhmjijhngimom nkogqnfmfhoonkgmohl rghg |
  1
/061+ {rn rn {rn lnmkqgnhhmjijhngimom nkmkqnfmfhoonkgmohl rghg |
1001
ACAD_OBJECT_CHANGE_GUID
1070
     1
1071
-714966912
1070
 28214
1070
 24910
1070
   173
1070
   150
1070
   176
1070
   153
1070
    84
1070
    24
1070
    15
1070
   184
  0
REGION
  5
1360
330
1F
100
AcDbEntity
  8
BASE
 62
     7
100
AcDbModelerGeometry
 70
     1
  1
mnjoo mg m mk          
  1
ni ^ *+0;:,4 ^ *+0\^ [ mo ^ LR mlnqiqmqijjlj QK o  
  1
mjqlfffffffffffffgjg fqfffffffffffffffjkh:roh nqooooooooooooooooli:rno 
  1
>,27:>;:- {rn rn _nl mlnqiqmqijjlj |
  1
=0;& {rn rn {rn {m {rn {rn |
  1
3*2/ {rn rn {rn {rn {l {n |
  1
,7:33 {rn rn {rn {rn {rn {k {rn {m |
  1
9><: {j rn {rn {rn {i {l {rn {h 90-(>-; ;0*=3: 0*+ |
  1
/:-,*=:1+r><>;L036;W6,+0-&r>++-6= {rn rn {rn {rn {k n n nooooooooo noon |
  1
300/ {rn rn {rn {rn {g {k |
  1
/3>1:r,*-9><: {rn rn {rn lnmkqgnhhmjijhngimom nkogqnfmfhoonkgmohl o n o ro ro n ro 90-(>-;@) V V V V |
  1
<0:;8: {rn rn {rn {f {no {rn {nn -:):-,:; {i {rn |
  1
<0:;8: {rn rn {rn {nm {g {rn {nl 90-(>-; {i {rn |
  1
<0:;8: {rn rn {rn {g {nm {rn {nk -:):-,:; {i {rn |
  1
:;8: {rn rn {rn {nj o {ni njhn {g {nh 90-(>-; _h *1410(1 |
  1
<0:;8: {rn rn {rn {no {f {rn {ng -:):-,:; {i {rn |
  1
:;8: {rn rn {rn {nj o {nf ko {f {mo 90-(>-; _h *1410(1 |
  1
:;8: {rn rn {rn {ni o {mn ko {no {mm 90-(>-; _h *1410(1 |
  1
):-+:' {rn rn {rn {nn o {ml |
  1
):-+:' {rn rn {rn {nn n {mk |
  1
,+->687+r<*-): {rn rn {rn lnmkqgnhhmjijhngimom mfhfqnfmfhoonkgmohl o o rn o Y o Y njhn |
  1
:;8: {rn rn {rn {mn rnjhn {nf ro {nm {mj 90-(>-; _h *1410(1 |
  1
):-+:' {rn rn {rn {nl n {mi |
  1
,+->687+r<*-): {rn rn {rn lnmkqgnhhmjijhngimom mfhfqnfmfhoonkgmohl o o o n V V |
  1
):-+:' {rn rn {rn {ng o {mh |
  1
,+->687+r<*-): {rn rn {rn lnmkqgnhhmjijhngimom nkogqnfmfhoonkgmohl o o o n V V |
  1
/061+ {rn rn {rn lnmkqgnhhmjijhngimom mfhfqnfmfhoonkgmohl o |
  1
/061+ {rn rn {rn lnmkqgnhhmjijhngimom nkogqnfmfhoonkgmohl o |
  1
,+->687+r<*-): {rn rn {rn lnmkqgnhhmjijhngimom mfhfqnfmfhoonkgmohl ko o n o V V |
  1
/061+ {rn rn {rn lnmkqgnhhmjijhngimom mfhfqnfmfhoonkgmohl ko |
  1
/061+ {rn rn {rn lnmkqgnhhmjijhngimom nkogqnfmfhoonkgmohl ko |
1001
ACAD_STEPID
1071
        1
1001
ACAD_OBJECT_CHANGE_GUID
1070
     1
1071
-1975704867
1070
-32322
1070
 15680
1070
   181
1070
   133
1070
    42
1070
    25
1070
   252
1070
     8
1070
   185
1070
   111
  0
LINE
  5
174E
330
1F
100
AcDbEntity
  8
ASPIRATOR
 62
     7
370
    18
100
AcDbLine
 10
2844.817725657187
 20
1969.508458335836
 30
479.8918262394436
 11
2844.817725657187
 21
1969.508458335836
 31
396.1415513969259
210
1.0
220
-0.0000000000000001
230
0.0000000000000001
  0
LINE
  5
174F
330
1F
100
AcDbEntity
  8
ASPIRATOR
 62
     7
370
    18
100
AcDbLine
 10
2844.817725657187
 20
1994.945663345624
 30
479.8918262394436
 11
2844.817725657187
 21
2027.864393376538
 31
396.1415513969259
210
1.0
220
-0.0000000000000001
230
0.0000000000000001
  0
LINE
  5
1750
330
1F
100
AcDbEntity
  8
ASPIRATOR
 62
     7
370
    18
100
AcDbLine
 10
2864.817725657186
 20
1944.07125332604
 30
482.8918262394436
 11
2864.817725657186
 21
1911.152523295127
 31
399.1415513969259
210
1.0
220
-0.0000000000000001
230
0.0000000000000001
  0
LINE
  5
1751
330
1F
100
AcDbEntity
  8
ASPIRATOR
 62
     7
370
    18
100
AcDbLine
 10
2844.817725657187
 20
2273.447625144883
 30
479.8918262394436
 11
2844.817725657187
 21
2273.447625144883
 31
396.1415513969259
210
1.0
220
-0.0000000000000001
230
0.0000000000000001
  0
LINE
  5
1752
330
1F
100
AcDbEntity
  8
ASPIRATOR
 62
     7
370
    18
100
AcDbLine
 10
2844.817725657187
 20
2298.884830154671
 30
479.8918262394436
 11
2844.817725657187
 21
2331.803560185584
 31
396.1415513969259
210
1.0
220
-0.0000000000000001
230
0.0000000000000001
  0
LINE
  5
1753
330
1F
100
AcDbEntity
  8
ASPIRATOR
 62
     7
370
    18
100
AcDbLine
 10
2844.817725657187
 20
2248.010420135095
 30
479.8918262394436
 11
2844.817725657187
 21
2215.091690104181
 31
396.1415513969259
210
1.0
220
-0.0000000000000001
230
0.0000000000000001
  0
LINE
  5
1ADD
330
1F
100
AcDbEntity
  8
TOP - 400_1
 62
     7
100
AcDbLine
 10
2844.817725657187
 20
1408.192970014821
 30
1288.0
 11
2844.817725657187
 21
1808.192970014828
 31
1288.0
210
1.0
220
-0.0000000000000001
230
0.0000000000000001
  0
LINE
  5
1AE0
330
1F
100
AcDbEntity
  8
TOP - 400_1
 62
     7
100
AcDbLine
 10
2844.817725657187
 20
1408.192970014821
 30
866.1915994722587
 11
2844.817725657187
 21
1408.192970014821
 31
1288.0
210
1.0
220
-0.0000000000000001
230
0.0000000000000001
  0
LINE
  5
1AE1
330
1F
100
AcDbEntity
  8
TOP - 400_1
 62
     7
100
AcDbLine
 10
2844.817725657187
 20
1741.665159475694
 30
836.3892035183052
 11
2844.817725657187
 21
1751.665159475695
 31
836.3892035183052
210
1.0
220
-0.0000000000000001
230
0.0000000000000001
  0
LINE
  5
1AE4
330
1F
100
AcDbEntity
  8
TOP - 400_1
 62
     7
100
AcDbLine
 10
2844.817725657187
 20
1741.665159475694
 30
636.3892035183052
 11
2844.817725657187
 21
1741.665159475694
 31
836.3892035183052
210
1.0
220
-0.0000000000000001
230
0.0000000000000001
  0
LINE
  5
1AF0
330
1F
100
AcDbEntity
  8
ASPIRATOR
 62
     7
100
AcDbLine
 10
2844.817725657187
 20
1808.192970014828
 30
1288.0
 11
2844.817725657187
 21
2408.192970014828
 31
1288.0
210
1.0
220
-0.0000000000000001
230
0.0000000000000001
  0
LINE
  5
1AF4
330
1F
100
AcDbEntity
  8
ASPIRATOR
 62
     7
100
AcDbLine
 10
2844.817725657187
 20
2323.499707127088
 30
836.3892035183052
 11
2844.817725657187
 21
2333.499707127088
 31
836.3892035183052
210
1.0
220
-0.0000000000000001
230
0.0000000000000001
  0
LINE
  5
1AF7
330
1F
100
AcDbEntity
  8
ASPIRATOR
 62
     7
100
AcDbLine
 10
2844.817725657187
 20
2323.499707127088
 30
636.3892035183052
 11
2844.817725657187
 21
2323.499707127088
 31
836.3892035183052
210
1.0
220
-0.0000000000000001
230
0.0000000000000001
  0
LINE
  5
1AF9
330
1F
100
AcDbEntity
  8
ASPIRATOR
 62
     7
100
AcDbLine
 10
2844.817725657187
 20
2413.199207108407
 30
560.5307104547182
 11
2844.817725657187
 21
2413.199207108407
 31
515.0
210
1.0
220
-0.0000000000000001
230
0.0000000000000001
  0
LINE
  5
1AFA
330
1F
100
AcDbEntity
  8
ASPIRATOR
 62
     7
100
AcDbLine
 10
2844.817725657187
 20
2413.199207108407
 30
515.0
 11
2844.817725657187
 21
1813.147968017876
 31
515.0
210
1.0
220
-0.0000000000000001
230
0.0000000000000001
  0
LINE
  5
1AFC
330
1F
100
AcDbEntity
  8
ASPIRATOR
 62
     7
100
AcDbLine
 10
2844.817725657187
 20
1950.388541757802
 30
515.0
 11
2844.817725657187
 21
1990.388541757802
 31
515.0
210
1.0
220
-0.0000000000000001
230
0.0000000000000001
  0
LINE
  5
1AFD
330
1F
100
AcDbEntity
  8
ASPIRATOR
 62
     7
100
AcDbLine
 10
2844.817725657187
 20
1990.388541757802
 30
515.0
 11
2844.817725657187
 21
1990.388541757802
 31
505.0
210
1.0
220
-0.0000000000000001
230
0.0000000000000001
  0
LINE
  5
1AFE
330
1F
100
AcDbEntity
  8
ASPIRATOR
 62
     7
100
AcDbLine
 10
2844.817725657187
 20
1990.388541757802
 30
505.0
 11
2844.817725657187
 21
1950.388541757802
 31
505.0
210
1.0
220
-0.0000000000000001
230
0.0000000000000001
  0
LINE
  5
1AFF
330
1F
100
AcDbEntity
  8
ASPIRATOR
 62
     7
100
AcDbLine
 10
2844.817725657187
 20
1950.388541757802
 30
505.0
 11
2844.817725657187
 21
1950.388541757802
 31
515.0
210
1.0
220
-0.0000000000000001
230
0.0000000000000001
  0
LINE
  5
1B00
330
1F
100
AcDbEntity
  8
ASPIRATOR
 62
     7
100
AcDbLine
 10
2844.817725657187
 20
2254.327708566856
 30
515.0
 11
2844.817725657187
 21
2294.327708566855
 31
515.0
210
1.0
220
-0.0000000000000001
230
0.0000000000000001
  0
LINE
  5
1B01
330
1F
100
AcDbEntity
  8
ASPIRATOR
 62
     7
100
AcDbLine
 10
2844.817725657187
 20
2294.327708566855
 30
515.0
 11
2844.817725657187
 21
2294.327708566855
 31
505.0
210
1.0
220
-0.0000000000000001
230
0.0000000000000001
  0
LINE
  5
1B02
330
1F
100
AcDbEntity
  8
ASPIRATOR
 62
     7
100
AcDbLine
 10
2844.817725657187
 20
2294.327708566855
 30
505.0
 11
2844.817725657187
 21
2254.327708566856
 31
505.0
210
1.0
220
-0.0000000000000001
230
0.0000000000000001
  0
LINE
  5
1B03
330
1F
100
AcDbEntity
  8
ASPIRATOR
 62
     7
100
AcDbLine
 10
2844.817725657187
 20
2254.327708566856
 30
505.0
 11
2844.817725657187
 21
2254.327708566856
 31
515.0
210
1.0
220
-0.0000000000000001
230
0.0000000000000001
  0
LINE
  5
1B15
330
1F
100
AcDbEntity
  8
TOP - 500_1
 62
     7
100
AcDbLine
 10
2844.817725657187
 20
2908.192970014821
 30
1288.0
 11
2844.817725657187
 21
2408.192970014828
 31
1288.0
210
1.0
220
-0.0000000000000001
230
0.0000000000000001
  0
LINE
  5
1B19
330
1F
100
AcDbEntity
  8
TOP - 500_1
 62
     7
100
AcDbLine
 10
2844.817725657187
 20
2458.42462759346
 30
836.3892035183052
 11
2844.817725657187
 21
2468.42462759346
 31
836.3892035183052
210
1.0
220
-0.0000000000000001
230
0.0000000000000001
  0
LINE
  5
1B1C
330
1F
100
AcDbEntity
  8
TOP - 500_1
 62
     7
100
AcDbLine
 10
2844.817725657187
 20
2458.42462759346
 30
636.3892035183052
 11
2844.817725657187
 21
2458.42462759346
 31
836.3892035183052
210
1.0
220
-0.0000000000000001
230
0.0000000000000001
  0
LINE
  5
1B28
330
1F
100
AcDbEntity
  8
TOP - 600_1
 62
     7
100
AcDbLine
 10
2844.817725657187
 20
3482.074152414458
 30
1288.0
 11
2844.817725657187
 21
2908.192970014821
 31
1288.0
210
1.0
220
-0.0000000000000001
230
0.0000000000000001
  0
LINE
  5
1B2C
330
1F
100
AcDbEntity
  8
TOP - 600_1
 62
     7
100
AcDbLine
 10
2844.817725657187
 20
2958.424627593453
 30
836.3892035183052
 11
2844.817725657187
 21
2968.424627593453
 31
836.3892035183052
210
1.0
220
-0.0000000000000001
230
0.0000000000000001
  0
LINE
  5
1B2F
330
1F
100
AcDbEntity
  8
TOP - 600_1
 62
     7
100
AcDbLine
 10
2844.817725657187
 20
2958.424627593453
 30
636.3892035183051
 11
2844.817725657187
 21
2958.424627593453
 31
836.3892035183052
210
1.0
220
-0.0000000000000001
230
0.0000000000000001
  0
LINE
  5
1B3B
330
1F
100
AcDbEntity
  8
TOP - 400_1
 62
     7
100
AcDbLine
 10
2844.817725657187
 20
1741.665159475694
 30
836.3892035183052
 11
2844.817725657187
 21
1741.665159475694
 31
636.3892035183052
210
0.0
220
1.0
230
0.0
1001
ACAD_STEPID
1071
       78
  0
LINE
  5
1B3C
330
1F
100
AcDbEntity
  8
TOP - 400_1
 62
     7
100
AcDbLine
 10
2844.817725657187
 20
1741.665159475694
 30
836.3892035183052
 11
2854.817725657186
 21
1741.665159475694
 31
836.3892035183052
210
0.0
220
1.0
230
0.0
1001
ACAD_STEPID
1071
       78
  0
LINE
  5
1B3D
330
1F
100
AcDbEntity
  8
TOP - 400_1
 62
     7
100
AcDbLine
 10
2854.817725657186
 20
1741.665159475694
 30
636.3892035183052
 11
2854.817725657186
 21
1741.665159475694
 31
836.3892035183052
210
0.0
220
1.0
230
0.0
1001
ACAD_STEPID
1071
       78
  0
LINE
  5
1B3E
330
1F
100
AcDbEntity
  8
TOP - 400_1
 62
     7
100
AcDbLine
 10
2844.817725657187
 20
1741.665159475694
 30
636.3892035183052
 11
2854.817725657186
 21
1741.665159475694
 31
636.3892035183052
210
0.0
220
1.0
230
0.0
1001
ACAD_STEPID
1071
       78
  0
LINE
  5
1B41
330
1F
100
AcDbEntity
  8
TOP - 400_1
 62
     7
100
AcDbLine
 10
2854.817725657186
 20
1751.665159475695
 30
836.3892035183052
 11
2854.817725657186
 21
1751.665159475695
 31
636.3892035183052
210
0.0
220
-1.0
230
0.0
1001
ACAD_STEPID
1071
       78
  0
LINE
  5
1B42
330
1F
100
AcDbEntity
  8
TOP - 400_1
 62
     7
100
AcDbLine
 10
2844.817725657187
 20
1751.665159475695
 30
836.3892035183052
 11
2854.817725657186
 21
1751.665159475695
 31
836.3892035183052
210
0.0
220
-1.0
230
0.0
1001
ACAD_STEPID
1071
       78
  0
LINE
  5
1B43
330
1F
100
AcDbEntity
  8
TOP - 400_1
 62
     7
100
AcDbLine
 10
2844.817725657187
 20
1751.665159475695
 30
836.3892035183052
 11
2844.817725657187
 21
1741.665159475694
 31
836.3892035183052
210
0.0
220
0.0
230
-1.0
1001
ACAD_STEPID
1071
       78
  0
LINE
  5
1B44
330
1F
100
AcDbEntity
  8
TOP - 400_1
 62
     7
100
AcDbLine
 10
2844.817725657187
 20
1751.665159475695
 30
836.3892035183052
 11
2854.817725657186
 21
1751.665159475695
 31
836.3892035183052
210
0.0
220
0.0
230
-1.0
1001
ACAD_STEPID
1071
       78
  0
LINE
  5
1B45
330
1F
100
AcDbEntity
  8
TOP - 400_1
 62
     7
100
AcDbLine
 10
2854.817725657186
 20
1741.665159475694
 30
836.3892035183052
 11
2854.817725657186
 21
1751.665159475695
 31
836.3892035183052
210
0.0
220
0.0
230
-1.0
1001
ACAD_STEPID
1071
       78
  0
LINE
  5
1B46
330
1F
100
AcDbEntity
  8
TOP - 400_1
 62
     7
100
AcDbLine
 10
2844.817725657187
 20
1741.665159475694
 30
836.3892035183052
 11
2854.817725657186
 21
1741.665159475694
 31
836.3892035183052
210
0.0
220
0.0
230
-1.0
1001
ACAD_STEPID
1071
       78
  0
LINE
  5
1B47
330
1F
100
AcDbEntity
  8
TOP - 400_1
 62
     7
100
AcDbLine
 10
2854.817725657186
 20
1741.665159475694
 30
836.3892035183052
 11
2854.817725657186
 21
1751.665159475695
 31
836.3892035183052
210
1.0
220
0.0
230
0.0
1001
ACAD_STEPID
1071
       78
  0
LINE
  5
1B48
330
1F
100
AcDbEntity
  8
TOP - 400_1
 62
     7
100
AcDbLine
 10
2854.817725657186
 20
1751.665159475695
 30
836.3892035183052
 11
2854.817725657186
 21
1751.665159475695
 31
636.3892035183052
210
1.0
220
0.0
230
0.0
1001
ACAD_STEPID
1071
       78
  0
LINE
  5
1B49
330
1F
100
AcDbEntity
  8
TOP - 400_1
 62
     7
100
AcDbLine
 10
2854.817725657186
 20
1751.665159475695
 30
636.3892035183052
 11
2854.817725657186
 21
1741.665159475694
 31
636.3892035183052
210
1.0
220
0.0
230
0.0
1001
ACAD_STEPID
1071
       78
  0
LINE
  5
1B4A
330
1F
100
AcDbEntity
  8
TOP - 400_1
 62
     7
100
AcDbLine
 10
2854.817725657186
 20
1741.665159475694
 30
636.3892035183052
 11
2854.817725657186
 21
1741.665159475694
 31
836.3892035183052
210
1.0
220
0.0
230
0.0
1001
ACAD_STEPID
1071
       78
  0
LINE
  5
1B4B
330
1F
100
AcDbEntity
  8
TOP - 400_1
 62
     7
100
AcDbLine
 10
2854.817725657186
 20
1408.192970014821
 30
1288.0
 11
2854.817725657186
 21
1408.192970014821
 31
866.1375595922692
210
1.0
220
0.0
230
0.0
1001
ACAD_STEPID
1071
       78
  0
LINE
  5
1B4C
330
1F
100
AcDbEntity
  8
TOP - 400_1
 62
     7
100
AcDbLine
 10
2854.817725657186
 20
1508.003168585467
 30
565.0
 11
2854.817725657186
 21
1808.192970014828
 31
565.0
210
1.0
220
0.0
230
0.0
1001
ACAD_STEPID
1071
       78
  0
LINE
  5
1B4D
330
1F
100
AcDbEntity
  8
TOP - 400_1
 62
     7
100
AcDbLine
 10
2854.817725657186
 20
1808.192970014828
 30
565.0
 11
2854.817725657186
 21
1808.192970014828
 31
1288.0
210
1.0
220
0.0
230
0.0
1001
ACAD_STEPID
1071
       78
  0
LINE
  5
1B4E
330
1F
100
AcDbEntity
  8
TOP - 400_1
 62
     7
100
AcDbLine
 10
2854.817725657186
 20
1808.192970014828
 30
1288.0
 11
2854.817725657186
 21
1408.192970014821
 31
1288.0
210
1.0
220
0.0
230
0.0
1001
ACAD_STEPID
1071
       78
  0
LINE
  5
1B50
330
1F
100
AcDbEntity
  8
TOP - 400_1
 62
     7
100
AcDbLine
 10
2524.817725657186
 20
1408.192970014821
 30
865.7799008185952
 11
2524.817725657186
 21
1408.192970014821
 31
1288.0
210
0.0
220
-1.0
230
0.0
1001
ACAD_STEPID
1071
       78
  0
LINE
  5
1B52
330
1F
100
AcDbEntity
  8
TOP - 400_1
 62
     7
100
AcDbLine
 10
2854.817725657186
 20
1408.192970014821
 30
1288.0
 11
2854.817725657186
 21
1408.192970014821
 31
866.1375595922692
210
0.0
220
-1.0
230
0.0
1001
ACAD_STEPID
1071
       78
  0
LINE
  5
1B56
330
1F
100
AcDbEntity
  8
TOP - 400_1
 62
     7
100
AcDbLine
 10
2854.817725657186
 20
1508.003168585467
 30
565.0
 11
2854.817725657186
 21
1808.192970014828
 31
565.0
210
0.0
220
0.0
230
-1.0
1001
ACAD_STEPID
1071
       78
  0
LINE
  5
1B5A
330
1F
100
AcDbEntity
  8
TOP - 400_1
 62
     7
100
AcDbLine
 10
2854.817725657186
 20
1808.192970014828
 30
565.0
 11
2854.817725657186
 21
1808.192970014828
 31
1288.0
210
0.0
220
1.0
230
0.0
1001
ACAD_STEPID
1071
       78
  0
LINE
  5
1B5B
330
1F
100
AcDbEntity
  8
TOP - 400_1
 62
     7
100
AcDbLine
 10
2854.817725657186
 20
1808.192970014828
 30
1288.0
 11
2524.817725657186
 21
1808.192970014828
 31
1288.0
1001
ACAD_STEPID
1071
       78
  0
LINE
  5
1B5C
330
1F
100
AcDbEntity
  8
TOP - 400_1
 62
     7
100
AcDbLine
 10
2524.817725657186
 20
1408.192970014821
 30
1288.0
 11
2524.817725657186
 21
1808.192970014828
 31
1288.0
1001
ACAD_STEPID
1071
       78
  0
LINE
  5
1B5D
330
1F
100
AcDbEntity
  8
TOP - 400_1
 62
     7
100
AcDbLine
 10
2524.817725657186
 20
1408.192970014821
 30
1288.0
 11
2854.817725657186
 21
1408.192970014821
 31
1288.0
1001
ACAD_STEPID
1071
       78
  0
LINE
  5
1B5E
330
1F
100
AcDbEntity
  8
TOP - 400_1
 62
     7
100
AcDbLine
 10
2854.817725657186
 20
1808.192970014828
 30
1288.0
 11
2854.817725657186
 21
1408.192970014821
 31
1288.0
1001
ACAD_STEPID
1071
       78
  0
LINE
  5
1B5F
330
1F
100
AcDbEntity
  8
TOP - 400_1
 62
     7
100
AcDbLine
 10
2524.817725657186
 20
1408.192970014821
 30
1288.0
 11
2524.817725657186
 21
1808.192970014828
 31
1288.0
210
-1.0
220
0.0
230
0.0
1001
ACAD_STEPID
1071
       78
  0
LINE
  5
1B62
330
1F
100
AcDbEntity
  8
TOP - 400_1
 62
     7
100
AcDbLine
 10
2524.817725657186
 20
1408.192970014821
 30
865.7799008185952
 11
2524.817725657186
 21
1408.192970014821
 31
1288.0
210
-1.0
220
0.0
230
0.0
1001
ACAD_STEPID
1071
       78
  0
LINE
  5
1B63
330
1F
100
AcDbEntity
  8
TOP - 400_1
 62
     7
100
AcDbLine
 10
2844.817725657187
 20
1741.665159475694
 30
836.3892035183052
 11
2844.817725657187
 21
1741.665159475694
 31
636.3892035183052
210
1.0
220
0.0
230
0.0
1001
ACAD_STEPID
1071
       78
  0
LINE
  5
1B66
330
1F
100
AcDbEntity
  8
TOP - 400_1
 62
     7
100
AcDbLine
 10
2844.817725657187
 20
1751.665159475695
 30
836.3892035183052
 11
2844.817725657187
 21
1741.665159475694
 31
836.3892035183052
210
1.0
220
0.0
230
0.0
1001
ACAD_STEPID
1071
       78
  0
LINE
  5
1B69
330
1F
100
AcDbEntity
  8
ASPIRATOR
 62
     7
100
AcDbLine
 10
2854.817725657186
 20
2333.499707127088
 30
836.3892035183052
 11
2854.817725657186
 21
2333.499707127088
 31
636.3892035183052
210
0.0
220
-1.0
230
0.0
1001
ACAD_STEPID
1071
       81
  0
LINE
  5
1B6A
330
1F
100
AcDbEntity
  8
ASPIRATOR
 62
     7
100
AcDbLine
 10
2844.817725657187
 20
2333.499707127088
 30
836.3892035183052
 11
2854.817725657186
 21
2333.499707127088
 31
836.3892035183052
210
0.0
220
-1.0
230
0.0
1001
ACAD_STEPID
1071
       81
  0
LINE
  5
1B6B
330
1F
100
AcDbEntity
  8
ASPIRATOR
 62
     7
100
AcDbLine
 10
2844.817725657187
 20
2333.499707127088
 30
836.3892035183052
 11
2844.817725657187
 21
2323.499707127088
 31
836.3892035183052
210
0.0
220
0.0
230
-1.0
1001
ACAD_STEPID
1071
       81
  0
LINE
  5
1B6C
330
1F
100
AcDbEntity
  8
ASPIRATOR
 62
     7
100
AcDbLine
 10
2844.817725657187
 20
2333.499707127088
 30
836.3892035183052
 11
2854.817725657186
 21
2333.499707127088
 31
836.3892035183052
210
0.0
220
0.0
230
-1.0
1001
ACAD_STEPID
1071
       81
  0
LINE
  5
1B6D
330
1F
100
AcDbEntity
  8
ASPIRATOR
 62
     7
100
AcDbLine
 10
2854.817725657186
 20
2323.499707127088
 30
836.3892035183052
 11
2854.817725657186
 21
2333.499707127088
 31
836.3892035183052
210
0.0
220
0.0
230
-1.0
1001
ACAD_STEPID
1071
       81
  0
LINE
  5
1B6E
330
1F
100
AcDbEntity
  8
ASPIRATOR
 62
     7
100
AcDbLine
 10
2844.817725657187
 20
2323.499707127088
 30
836.3892035183052
 11
2854.817725657186
 21
2323.499707127088
 31
836.3892035183052
210
0.0
220
0.0
230
-1.0
1001
ACAD_STEPID
1071
       81
  0
LINE
  5
1B6F
330
1F
100
AcDbEntity
  8
ASPIRATOR
 62
     7
100
AcDbLine
 10
2844.817725657187
 20
2323.499707127088
 30
836.3892035183052
 11
2844.817725657187
 21
2323.499707127088
 31
636.3892035183054
210
0.0
220
1.0
230
0.0
1001
ACAD_STEPID
1071
       81
  0
LINE
  5
1B70
330
1F
100
AcDbEntity
  8
ASPIRATOR
 62
     7
100
AcDbLine
 10
2844.817725657187
 20
2323.499707127088
 30
836.3892035183052
 11
2854.817725657186
 21
2323.499707127088
 31
836.3892035183052
210
0.0
220
1.0
230
0.0
1001
ACAD_STEPID
1071
       81
  0
LINE
  5
1B71
330
1F
100
AcDbEntity
  8
ASPIRATOR
 62
     7
100
AcDbLine
 10
2854.817725657186
 20
2323.499707127088
 30
636.3892035183054
 11
2854.817725657186
 21
2323.499707127088
 31
836.3892035183052
210
0.0
220
1.0
230
0.0
1001
ACAD_STEPID
1071
       81
  0
LINE
  5
1B72
330
1F
100
AcDbEntity
  8
ASPIRATOR
 62
     7
100
AcDbLine
 10
2844.817725657187
 20
2323.499707127088
 30
636.3892035183054
 11
2854.817725657186
 21
2323.499707127088
 31
636.3892035183054
210
0.0
220
1.0
230
0.0
1001
ACAD_STEPID
1071
       81
  0
LINE
  5
1B74
330
1F
100
AcDbEntity
  8
ASPIRATOR
 62
     7
100
AcDbLine
 10
2844.817725657187
 20
2323.499707127088
 30
636.3892035183054
 11
2854.817725657186
 21
2323.499707127088
 31
636.3892035183054
1001
ACAD_STEPID
1071
       81
  0
LINE
  5
1B75
330
1F
100
AcDbEntity
  8
ASPIRATOR
 62
     7
100
AcDbLine
 10
2854.817725657186
 20
2333.499707127088
 30
636.3892035183052
 11
2854.817725657186
 21
2323.499707127088
 31
636.3892035183054
1001
ACAD_STEPID
1071
       81
  0
LINE
  5
1B77
330
1F
100
AcDbEntity
  8
ASPIRATOR
 62
     7
100
AcDbLine
 10
2854.817725657186
 20
2333.499707127088
 30
636.3892035183052
 11
2854.817725657186
 21
2323.499707127088
 31
636.3892035183054
210
1.0
220
0.0
230
0.0
1001
ACAD_STEPID
1071
       81
  0
LINE
  5
1B78
330
1F
100
AcDbEntity
  8
ASPIRATOR
 62
     7
100
AcDbLine
 10
2854.817725657186
 20
2323.499707127088
 30
636.3892035183054
 11
2854.817725657186
 21
2323.499707127088
 31
836.3892035183052
210
1.0
220
0.0
230
0.0
1001
ACAD_STEPID
1071
       81
  0
LINE
  5
1B79
330
1F
100
AcDbEntity
  8
ASPIRATOR
 62
     7
100
AcDbLine
 10
2854.817725657186
 20
2323.499707127088
 30
836.3892035183052
 11
2854.817725657186
 21
2333.499707127088
 31
836.3892035183052
210
1.0
220
0.0
230
0.0
1001
ACAD_STEPID
1071
       81
  0
LINE
  5
1B7A
330
1F
100
AcDbEntity
  8
ASPIRATOR
 62
     7
100
AcDbLine
 10
2854.817725657186
 20
2333.499707127088
 30
836.3892035183052
 11
2854.817725657186
 21
2333.499707127088
 31
636.3892035183052
210
1.0
220
0.0
230
0.0
1001
ACAD_STEPID
1071
       81
  0
LINE
  5
1B7B
330
1F
100
AcDbEntity
  8
ASPIRATOR
 62
     7
100
AcDbLine
 10
2854.817725657186
 20
2408.192970014828
 30
1288.0
 11
2854.817725657186
 21
1808.192970014828
 31
1288.0
210
1.0
220
0.0
230
0.0
1001
ACAD_STEPID
1071
       81
  0
LINE
  5
1B7C
330
1F
100
AcDbEntity
  8
ASPIRATOR
 62
     7
100
AcDbLine
 10
2854.817725657186
 20
1808.192970014828
 30
1288.0
 11
2854.817725657186
 21
1808.192970014828
 31
565.0
210
1.0
220
0.0
230
0.0
1001
ACAD_STEPID
1071
       81
  0
LINE
  5
1B7D
330
1F
100
AcDbEntity
  8
ASPIRATOR
 62
     7
100
AcDbLine
 10
2854.817725657186
 20
1808.192970014828
 30
565.0
 11
2854.817725657186
 21
2408.192970014828
 31
565.0
210
1.0
220
0.0
230
0.0
1001
ACAD_STEPID
1071
       81
  0
LINE
  5
1B7E
330
1F
100
AcDbEntity
  8
ASPIRATOR
 62
     7
100
AcDbLine
 10
2854.817725657186
 20
2408.192970014828
 30
565.0
 11
2854.817725657186
 21
2408.192970014828
 31
1288.0
210
1.0
220
0.0
230
0.0
1001
ACAD_STEPID
1071
       81
  0
LINE
  5
1B82
330
1F
100
AcDbEntity
  8
ASPIRATOR
 62
     7
100
AcDbLine
 10
2854.817725657186
 20
1808.192970014828
 30
1288.0
 11
2854.817725657186
 21
1808.192970014828
 31
565.0
210
0.0
220
-1.0
230
0.0
1001
ACAD_STEPID
1071
       81
  0
LINE
  5
1B86
330
1F
100
AcDbEntity
  8
ASPIRATOR
 62
     7
100
AcDbLine
 10
2854.817725657186
 20
1808.192970014828
 30
565.0
 11
2854.817725657186
 21
2408.192970014828
 31
565.0
210
0.0000000000000001
220
0.0
230
-1.0
1001
ACAD_STEPID
1071
       81
  0
LINE
  5
1B8A
330
1F
100
AcDbEntity
  8
ASPIRATOR
 62
     7
100
AcDbLine
 10
2854.817725657186
 20
2408.192970014828
 30
565.0
 11
2854.817725657186
 21
2408.192970014828
 31
1288.0
210
0.0
220
1.0
230
0.0
1001
ACAD_STEPID
1071
       81
  0
LINE
  5
1B8C
330
1F
100
AcDbEntity
  8
ASPIRATOR
 62
     7
100
AcDbLine
 10
2524.817725657186
 20
1808.192970014828
 30
1288.0
 11
2524.817725657186
 21
2408.192970014828
 31
1288.0
1001
ACAD_STEPID
1071
       81
  0
LINE
  5
1B8E
330
1F
100
AcDbEntity
  8
ASPIRATOR
 62
     7
100
AcDbLine
 10
2854.817725657186
 20
2408.192970014828
 30
1288.0
 11
2854.817725657186
 21
1808.192970014828
 31
1288.0
1001
ACAD_STEPID
1071
       81
  0
LINE
  5
1B8F
330
1F
100
AcDbEntity
  8
ASPIRATOR
 62
     7
100
AcDbLine
 10
2524.817725657186
 20
1808.192970014828
 30
1288.0
 11
2524.817725657186
 21
2408.192970014828
 31
1288.0
210
-1.0
220
0.0
230
-0.0000000000000001
1001
ACAD_STEPID
1071
       81
  0
LINE
  5
1B94
330
1F
100
AcDbEntity
  8
ASPIRATOR
 62
     7
100
AcDbLine
 10
2844.817725657187
 20
2333.499707127088
 30
836.3892035183052
 11
2844.817725657187
 21
2323.499707127088
 31
836.3892035183052
210
1.0
220
0.0
230
0.0
1001
ACAD_STEPID
1071
       81
  0
LINE
  5
1B95
330
1F
100
AcDbEntity
  8
ASPIRATOR
 62
     7
100
AcDbLine
 10
2844.817725657187
 20
2323.499707127088
 30
836.3892035183052
 11
2844.817725657187
 21
2323.499707127088
 31
636.3892035183054
210
1.0
220
0.0
230
0.0
1001
ACAD_STEPID
1071
       81
  0
LINE
  5
1B9B
330
1F
100
AcDbEntity
  8
ASPIRATOR
 62
     7
100
AcDbLine
 10
2844.817725657187
 20
2413.199207108407
 30
515.0
 11
2844.817725657187
 21
1813.147968017876
 31
515.0
210
0.0000000000000001
220
0.0
230
-1.0
1001
ACAD_STEPID
1071
       82
  0
LINE
  5
1B9F
330
1F
100
AcDbEntity
  8
ASPIRATOR
 62
     7
100
AcDbLine
 10
2844.817725657187
 20
2413.199207108407
 30
560.5307104547182
 11
2844.817725657187
 21
2413.199207108407
 31
515.0
210
0.0
220
1.0
230
0.0
1001
ACAD_STEPID
1071
       82
  0
LINE
  5
1BAB
330
1F
100
AcDbEntity
  8
TOP - 500_1
 62
     7
100
AcDbLine
 10
2844.817725657187
 20
2468.42462759346
 30
836.3892035183052
 11
2844.817725657187
 21
2458.42462759346
 31
836.3892035183052
210
0.0
220
-0.0000000000000057
230
-1.0
1001
ACAD_STEPID
1071
       84
  0
LINE
  5
1BAC
330
1F
100
AcDbEntity
  8
TOP - 500_1
 62
     7
100
AcDbLine
 10
2844.817725657187
 20
2468.42462759346
 30
836.3892035183052
 11
2854.817725657186
 21
2468.42462759346
 31
836.3892035183052
210
0.0
220
-0.0000000000000057
230
-1.0
1001
ACAD_STEPID
1071
       84
  0
LINE
  5
1BAD
330
1F
100
AcDbEntity
  8
TOP - 500_1
 62
     7
100
AcDbLine
 10
2854.817725657186
 20
2458.42462759346
 30
836.3892035183052
 11
2854.817725657186
 21
2468.42462759346
 31
836.3892035183052
210
0.0
220
-0.0000000000000057
230
-1.0
1001
ACAD_STEPID
1071
       84
  0
LINE
  5
1BAE
330
1F
100
AcDbEntity
  8
TOP - 500_1
 62
     7
100
AcDbLine
 10
2844.817725657187
 20
2458.42462759346
 30
836.3892035183052
 11
2854.817725657186
 21
2458.42462759346
 31
836.3892035183052
210
0.0
220
-0.0000000000000057
230
-1.0
1001
ACAD_STEPID
1071
       84
  0
LINE
  5
1BAF
330
1F
100
AcDbEntity
  8
TOP - 500_1
 62
     7
100
AcDbLine
 10
2844.817725657187
 20
2458.42462759346
 30
836.3892035183052
 11
2844.817725657187
 21
2458.42462759346
 31
636.3892035183052
210
0.0
220
1.0
230
0.0
1001
ACAD_STEPID
1071
       84
  0
LINE
  5
1BB0
330
1F
100
AcDbEntity
  8
TOP - 500_1
 62
     7
100
AcDbLine
 10
2844.817725657187
 20
2458.42462759346
 30
836.3892035183052
 11
2854.817725657186
 21
2458.42462759346
 31
836.3892035183052
210
0.0
220
1.0
230
0.0
1001
ACAD_STEPID
1071
       84
  0
LINE
  5
1BB1
330
1F
100
AcDbEntity
  8
TOP - 500_1
 62
     7
100
AcDbLine
 10
2854.817725657186
 20
2458.42462759346
 30
636.3892035183052
 11
2854.817725657186
 21
2458.42462759346
 31
836.3892035183052
210
0.0
220
1.0
230
0.0
1001
ACAD_STEPID
1071
       84
  0
LINE
  5
1BB2
330
1F
100
AcDbEntity
  8
TOP - 500_1
 62
     7
100
AcDbLine
 10
2844.817725657187
 20
2458.42462759346
 30
636.3892035183052
 11
2854.817725657186
 21
2458.42462759346
 31
636.3892035183052
210
0.0
220
1.0
230
0.0
1001
ACAD_STEPID
1071
       84
  0
LINE
  5
1BB4
330
1F
100
AcDbEntity
  8
TOP - 500_1
 62
     7
100
AcDbLine
 10
2844.817725657187
 20
2458.42462759346
 30
636.3892035183052
 11
2854.817725657186
 21
2458.42462759346
 31
636.3892035183052
1001
ACAD_STEPID
1071
       84
  0
LINE
  5
1BB5
330
1F
100
AcDbEntity
  8
TOP - 500_1
 62
     7
100
AcDbLine
 10
2854.817725657186
 20
2468.42462759346
 30
636.3892035183052
 11
2854.817725657186
 21
2458.42462759346
 31
636.3892035183052
1001
ACAD_STEPID
1071
       84
  0
LINE
  5
1BB9
330
1F
100
AcDbEntity
  8
TOP - 500_1
 62
     7
100
AcDbLine
 10
2854.817725657186
 20
2468.42462759346
 30
836.3892035183052
 11
2854.817725657186
 21
2468.42462759346
 31
636.3892035183052
210
0.0
220
-1.0
230
0.0
1001
ACAD_STEPID
1071
       84
  0
LINE
  5
1BBA
330
1F
100
AcDbEntity
  8
TOP - 500_1
 62
     7
100
AcDbLine
 10
2844.817725657187
 20
2468.42462759346
 30
836.3892035183052
 11
2854.817725657186
 21
2468.42462759346
 31
836.3892035183052
210
0.0
220
-1.0
230
0.0
1001
ACAD_STEPID
1071
       84
  0
LINE
  5
1BBB
330
1F
100
AcDbEntity
  8
TOP - 500_1
 62
     7
100
AcDbLine
 10
2854.817725657186
 20
2468.42462759346
 30
836.3892035183052
 11
2854.817725657186
 21
2468.42462759346
 31
636.3892035183052
210
1.0
220
0.0
230
0.0
1001
ACAD_STEPID
1071
       84
  0
LINE
  5
1BBC
330
1F
100
AcDbEntity
  8
TOP - 500_1
 62
     7
100
AcDbLine
 10
2854.817725657186
 20
2468.42462759346
 30
636.3892035183052
 11
2854.817725657186
 21
2458.42462759346
 31
636.3892035183052
210
1.0
220
0.0
230
0.0
1001
ACAD_STEPID
1071
       84
  0
LINE
  5
1BBD
330
1F
100
AcDbEntity
  8
TOP - 500_1
 62
     7
100
AcDbLine
 10
2854.817725657186
 20
2458.42462759346
 30
636.3892035183052
 11
2854.817725657186
 21
2458.42462759346
 31
836.3892035183052
210
1.0
220
0.0
230
0.0
1001
ACAD_STEPID
1071
       84
  0
LINE
  5
1BBE
330
1F
100
AcDbEntity
  8
TOP - 500_1
 62
     7
100
AcDbLine
 10
2854.817725657186
 20
2458.42462759346
 30
836.3892035183052
 11
2854.817725657186
 21
2468.42462759346
 31
836.3892035183052
210
1.0
220
0.0
230
0.0
1001
ACAD_STEPID
1071
       84
  0
LINE
  5
1BBF
330
1F
100
AcDbEntity
  8
TOP - 500_1
 62
     7
100
AcDbLine
 10
2854.817725657186
 20
2908.192970014821
 30
1288.0
 11
2854.817725657186
 21
2408.192970014828
 31
1288.0
210
1.0
220
0.0
230
0.0
1001
ACAD_STEPID
1071
       84
  0
LINE
  5
1BC0
330
1F
100
AcDbEntity
  8
TOP - 500_1
 62
     7
100
AcDbLine
 10
2854.817725657186
 20
2408.192970014828
 30
1288.0
 11
2854.817725657186
 21
2408.192970014828
 31
565.0
210
1.0
220
0.0
230
0.0
1001
ACAD_STEPID
1071
       84
  0
LINE
  5
1BC1
330
1F
100
AcDbEntity
  8
TOP - 500_1
 62
     7
100
AcDbLine
 10
2854.817725657186
 20
2408.192970014828
 30
565.0
 11
2854.817725657186
 21
2908.192970014821
 31
565.0
210
1.0
220
0.0
230
0.0
1001
ACAD_STEPID
1071
       84
  0
LINE
  5
1BC2
330
1F
100
AcDbEntity
  8
TOP - 500_1
 62
     7
100
AcDbLine
 10
2854.817725657186
 20
2908.192970014821
 30
565.0
 11
2854.817725657186
 21
2908.192970014821
 31
1288.0
210
1.0
220
0.0
230
0.0
1001
ACAD_STEPID
1071
       84
  0
LINE
  5
1BC3
330
1F
100
AcDbEntity
  8
TOP - 500_1
 62
     7
100
AcDbLine
 10
2524.817725657186
 20
2408.192970014828
 30
1288.0
 11
2854.817725657186
 21
2408.192970014828
 31
1288.0
210
0.0
220
-1.0
230
0.0
1001
ACAD_STEPID
1071
       84
  0
LINE
  5
1BC6
330
1F
100
AcDbEntity
  8
TOP - 500_1
 62
     7
100
AcDbLine
 10
2854.817725657186
 20
2408.192970014828
 30
1288.0
 11
2854.817725657186
 21
2408.192970014828
 31
565.0
210
0.0
220
-1.0
230
0.0
1001
ACAD_STEPID
1071
       84
  0
LINE
  5
1BCA
330
1F
100
AcDbEntity
  8
TOP - 500_1
 62
     7
100
AcDbLine
 10
2854.817725657186
 20
2408.192970014828
 30
565.0
 11
2854.817725657186
 21
2908.192970014821
 31
565.0
210
0.0
220
0.0
230
-1.0
1001
ACAD_STEPID
1071
       84
  0
LINE
  5
1BCE
330
1F
100
AcDbEntity
  8
TOP - 500_1
 62
     7
100
AcDbLine
 10
2854.817725657186
 20
2908.192970014821
 30
565.0
 11
2854.817725657186
 21
2908.192970014821
 31
1288.0
210
0.0
220
1.0
230
0.0
1001
ACAD_STEPID
1071
       84
  0
LINE
  5
1BCF
330
1F
100
AcDbEntity
  8
TOP - 500_1
 62
     7
100
AcDbLine
 10
2854.817725657186
 20
2908.192970014821
 30
1288.0
 11
2524.817725657186
 21
2908.192970014821
 31
1288.0
1001
ACAD_STEPID
1071
       84
  0
LINE
  5
1BD0
330
1F
100
AcDbEntity
  8
TOP - 500_1
 62
     7
100
AcDbLine
 10
2524.817725657186
 20
2408.192970014828
 30
1288.0
 11
2524.817725657186
 21
2908.192970014821
 31
1288.0
1001
ACAD_STEPID
1071
       84
  0
LINE
  5
1BD1
330
1F
100
AcDbEntity
  8
TOP - 500_1
 62
     7
100
AcDbLine
 10
2524.817725657186
 20
2408.192970014828
 30
1288.0
 11
2854.817725657186
 21
2408.192970014828
 31
1288.0
1001
ACAD_STEPID
1071
       84
  0
LINE
  5
1BD2
330
1F
100
AcDbEntity
  8
TOP - 500_1
 62
     7
100
AcDbLine
 10
2854.817725657186
 20
2908.192970014821
 30
1288.0
 11
2854.817725657186
 21
2408.192970014828
 31
1288.0
1001
ACAD_STEPID
1071
       84
  0
LINE
  5
1BD3
330
1F
100
AcDbEntity
  8
TOP - 500_1
 62
     7
100
AcDbLine
 10
2844.817725657187
 20
2468.42462759346
 30
836.3892035183052
 11
2844.817725657187
 21
2458.42462759346
 31
836.3892035183052
210
1.0
220
0.0
230
0.0
1001
ACAD_STEPID
1071
       84
  0
LINE
  5
1BD4
330
1F
100
AcDbEntity
  8
TOP - 500_1
 62
     7
100
AcDbLine
 10
2844.817725657187
 20
2458.42462759346
 30
836.3892035183052
 11
2844.817725657187
 21
2458.42462759346
 31
636.3892035183052
210
1.0
220
0.0
230
0.0
1001
ACAD_STEPID
1071
       84
  0
LINE
  5
1BD7
330
1F
100
AcDbEntity
  8
TOP - 500_1
 62
     7
100
AcDbLine
 10
2524.817725657186
 20
2408.192970014828
 30
1288.0
 11
2524.817725657186
 21
2908.192970014821
 31
1288.0
210
-1.0
220
0.0
230
0.0
1001
ACAD_STEPID
1071
       84
  0
LINE
  5
1BDB
330
1F
100
AcDbEntity
  8
TOP - 600_1
 62
     7
100
AcDbLine
 10
2844.817725657187
 20
2958.424627593453
 30
836.3892035183051
 11
2844.817725657187
 21
2958.424627593453
 31
636.3892035183051
210
0.0
220
1.0
230
0.0
1001
ACAD_STEPID
1071
       86
  0
LINE
  5
1BDC
330
1F
100
AcDbEntity
  8
TOP - 600_1
 62
     7
100
AcDbLine
 10
2844.817725657187
 20
2958.424627593453
 30
836.3892035183051
 11
2854.817725657186
 21
2958.424627593453
 31
836.3892035183051
210
0.0
220
1.0
230
0.0
1001
ACAD_STEPID
1071
       86
  0
LINE
  5
1BDD
330
1F
100
AcDbEntity
  8
TOP - 600_1
 62
     7
100
AcDbLine
 10
2854.817725657186
 20
2958.424627593453
 30
636.3892035183051
 11
2854.817725657186
 21
2958.424627593453
 31
836.3892035183051
210
0.0
220
1.0
230
0.0
1001
ACAD_STEPID
1071
       86
  0
LINE
  5
1BDE
330
1F
100
AcDbEntity
  8
TOP - 600_1
 62
     7
100
AcDbLine
 10
2844.817725657187
 20
2958.424627593453
 30
636.3892035183051
 11
2854.817725657186
 21
2958.424627593453
 31
636.3892035183051
210
0.0
220
1.0
230
0.0
1001
ACAD_STEPID
1071
       86
  0
LINE
  5
1BE0
330
1F
100
AcDbEntity
  8
TOP - 600_1
 62
     7
100
AcDbLine
 10
2844.817725657187
 20
2958.424627593453
 30
636.3892035183051
 11
2854.817725657186
 21
2958.424627593453
 31
636.3892035183051
1001
ACAD_STEPID
1071
       86
  0
LINE
  5
1BE1
330
1F
100
AcDbEntity
  8
TOP - 600_1
 62
     7
100
AcDbLine
 10
2854.817725657186
 20
2968.424627593453
 30
636.3892035183051
 11
2854.817725657186
 21
2958.424627593453
 31
636.3892035183051
1001
ACAD_STEPID
1071
       86
  0
LINE
  5
1BE5
330
1F
100
AcDbEntity
  8
TOP - 600_1
 62
     7
100
AcDbLine
 10
2854.817725657186
 20
2968.424627593453
 30
836.3892035183051
 11
2854.817725657186
 21
2968.424627593453
 31
636.3892035183051
210
0.0
220
-1.0
230
0.0
1001
ACAD_STEPID
1071
       86
  0
LINE
  5
1BE6
330
1F
100
AcDbEntity
  8
TOP - 600_1
 62
     7
100
AcDbLine
 10
2844.817725657187
 20
2968.424627593453
 30
836.3892035183051
 11
2854.817725657186
 21
2968.424627593453
 31
836.3892035183051
210
0.0
220
-1.0
230
0.0
1001
ACAD_STEPID
1071
       86
  0
LINE
  5
1BE7
330
1F
100
AcDbEntity
  8
TOP - 600_1
 62
     7
100
AcDbLine
 10
2844.817725657187
 20
2968.424627593453
 30
836.3892035183051
 11
2844.817725657187
 21
2958.424627593453
 31
836.3892035183051
210
0.0
220
0.0
230
-1.0
1001
ACAD_STEPID
1071
       86
  0
LINE
  5
1BE8
330
1F
100
AcDbEntity
  8
TOP - 600_1
 62
     7
100
AcDbLine
 10
2844.817725657187
 20
2968.424627593453
 30
836.3892035183051
 11
2854.817725657186
 21
2968.424627593453
 31
836.3892035183051
210
0.0
220
0.0
230
-1.0
1001
ACAD_STEPID
1071
       86
  0
LINE
  5
1BE9
330
1F
100
AcDbEntity
  8
TOP - 600_1
 62
     7
100
AcDbLine
 10
2854.817725657186
 20
2958.424627593453
 30
836.3892035183051
 11
2854.817725657186
 21
2968.424627593453
 31
836.3892035183051
210
0.0
220
0.0
230
-1.0
1001
ACAD_STEPID
1071
       86
  0
LINE
  5
1BEA
330
1F
100
AcDbEntity
  8
TOP - 600_1
 62
     7
100
AcDbLine
 10
2844.817725657187
 20
2958.424627593453
 30
836.3892035183051
 11
2854.817725657186
 21
2958.424627593453
 31
836.3892035183051
210
0.0
220
0.0
230
-1.0
1001
ACAD_STEPID
1071
       86
  0
LINE
  5
1BEB
330
1F
100
AcDbEntity
  8
TOP - 600_1
 62
     7
100
AcDbLine
 10
2854.817725657186
 20
2958.424627593453
 30
836.3892035183051
 11
2854.817725657186
 21
2968.424627593453
 31
836.3892035183051
210
1.0
220
0.0
230
0.0
1001
ACAD_STEPID
1071
       86
  0
LINE
  5
1BEC
330
1F
100
AcDbEntity
  8
TOP - 600_1
 62
     7
100
AcDbLine
 10
2854.817725657186
 20
2968.424627593453
 30
836.3892035183051
 11
2854.817725657186
 21
2968.424627593453
 31
636.3892035183051
210
1.0
220
0.0
230
0.0
1001
ACAD_STEPID
1071
       86
  0
LINE
  5
1BED
330
1F
100
AcDbEntity
  8
TOP - 600_1
 62
     7
100
AcDbLine
 10
2854.817725657186
 20
2968.424627593453
 30
636.3892035183051
 11
2854.817725657186
 21
2958.424627593453
 31
636.3892035183051
210
1.0
220
0.0
230
0.0
1001
ACAD_STEPID
1071
       86
  0
LINE
  5
1BEE
330
1F
100
AcDbEntity
  8
TOP - 600_1
 62
     7
100
AcDbLine
 10
2854.817725657186
 20
2958.424627593453
 30
636.3892035183051
 11
2854.817725657186
 21
2958.424627593453
 31
836.3892035183051
210
1.0
220
0.0
230
0.0
1001
ACAD_STEPID
1071
       86
  0
LINE
  5
1BEF
330
1F
100
AcDbEntity
  8
TOP - 600_1
 62
     7
100
AcDbLine
 10
2854.817725657186
 20
3428.524463971507
 30
1288.0
 11
2854.817725657186
 21
2908.192970014821
 31
1288.0
210
1.0
220
0.0
230
0.0
1001
ACAD_STEPID
1071
       86
  0
LINE
  5
1BF0
330
1F
100
AcDbEntity
  8
TOP - 600_1
 62
     7
100
AcDbLine
 10
2854.817725657186
 20
2908.192970014821
 30
1288.0
 11
2854.817725657186
 21
2908.192970014821
 31
565.0
210
1.0
220
0.0
230
0.0
1001
ACAD_STEPID
1071
       86
  0
LINE
  5
1BF1
330
1F
100
AcDbEntity
  8
TOP - 600_1
 62
     7
100
AcDbLine
 10
2854.817725657186
 20
2908.192970014821
 30
565.0
 11
2844.817725657187
 21
3482.074152414458
 31
560.5561003351433
210
1.0
220
0.0
230
0.0
1001
ACAD_STEPID
1071
       86
  0
LINE
  5
1BF2
330
1F
100
AcDbEntity
  8
TOP - 600_1
 62
     7
100
AcDbLine
 10
2858.065607843472
 20
3426.95424054682
 30
565.0
 11
2858.065607843472
 21
3426.95424054682
 31
1288.0
210
1.0
220
0.0
230
0.0
1001
ACAD_STEPID
1071
       86
  0
LINE
  5
1BF3
330
1F
100
AcDbEntity
  8
TOP - 600_1
 62
     7
100
AcDbLine
 10
2524.817725657186
 20
2908.192970014821
 30
1288.0
 11
2854.817725657186
 21
2908.192970014821
 31
1288.0
210
0.0
220
-1.0
230
0.0
1001
ACAD_STEPID
1071
       86
  0
LINE
  5
1BF6
330
1F
100
AcDbEntity
  8
TOP - 600_1
 62
     7
100
AcDbLine
 10
2854.817725657186
 20
2908.192970014821
 30
1288.0
 11
2854.817725657186
 21
2908.192970014821
 31
565.0
210
0.0
220
-1.0
230
0.0
1001
ACAD_STEPID
1071
       86
  0
LINE
  5
1BFA
330
1F
100
AcDbEntity
  8
TOP - 600_1
 62
     7
100
AcDbLine
 10
2854.817725657186
 20
2908.192970014821
 30
565.0
 11
2844.817725657187
 21
3482.074152414458
 31
560.5561003351433
210
0.0000000000000001
220
0.0
230
-1.0
1001
ACAD_STEPID
1071
       86
  0
LINE
  5
1BFE
330
1F
100
AcDbEntity
  8
TOP - 600_1
 62
     7
100
AcDbLine
 10
2858.065607843472
 20
3426.95424054682
 30
566.3876949808885
 11
2858.065607843472
 21
3426.95424054682
 31
1293.730620078528
210
0.0
220
1.0
230
0.0
1001
ACAD_STEPID
1071
       86
  0
LINE
  5
1C01
330
1F
100
AcDbEntity
  8
TOP - 600_1
 62
     7
100
AcDbLine
 10
2524.817725657186
 20
2908.192970014821
 30
1288.0
 11
2854.817725657186
 21
2908.192970014821
 31
1288.0
1001
ACAD_STEPID
1071
       86
  0
LINE
  5
1C02
330
1F
100
AcDbEntity
  8
TOP - 600_1
 62
     7
100
AcDbLine
 10
2854.817725657186
 20
3428.524463971507
 30
1288.0
 11
2854.817725657186
 21
2908.192970014821
 31
1288.0
1001
ACAD_STEPID
1071
       86
  0
LINE
  5
1C03
330
1F
100
AcDbEntity
  8
TOP - 600_1
 62
     7
100
AcDbLine
 10
2844.817725657187
 20
2958.424627593453
 30
836.3892035183051
 11
2844.817725657187
 21
2958.424627593453
 31
636.3892035183051
210
1.0
220
0.0
230
0.0
1001
ACAD_STEPID
1071
       86
  0
LINE
  5
1C06
330
1F
100
AcDbEntity
  8
TOP - 600_1
 62
     7
100
AcDbLine
 10
2844.817725657187
 20
2968.424627593453
 30
836.3892035183051
 11
2844.817725657187
 21
2958.424627593453
 31
836.3892035183051
210
1.0
220
0.0
230
0.0
1001
ACAD_STEPID
1071
       86
  0
LINE
  5
1C07
330
1F
100
AcDbEntity
  8
TOP - 600_1
 62
     7
100
AcDbLine
 10
2524.817725657186
 20
2908.192970014821
 30
1288.0
 11
2538.065607843472
 21
3426.95424054682
 31
1293.730620078528
210
-1.0
220
0.0
230
-0.0000000000000001
1001
ACAD_STEPID
1071
       86
  0
LINE
  5
1C0C
330
1F
100
AcDbEntity
  8
TOP - 600_1
 62
     7
100
AcDbLine
 10
2844.817725657187
 20
3482.074152414458
 30
1288.0
 11
2844.817725657187
 21
3482.074152414458
 31
560.5561003351433
  0
LWPOLYLINE
  5
1C86
330
1F
100
AcDbEntity
  8
BASE
100
AcDbPolyline
 90
        4
 70
     1
 43
0.0
 38
40.0
 10
4678.821145534035
 20
2979.19297001482
 10
2524.817725657186
 20
2979.192970014821
 10
2526.439635872421
 20
3579.19297001482
 10
4678.821145534035
 20
3579.19297001482
  0
LINE
  5
1C8A
330
1F
100
AcDbEntity
  8
BASE
100
AcDbLine
 10
4678.821145534035
 20
3579.19297001482
 30
0.0
 11
4678.821145534035
 21
2979.19297001482
 31
0.0
  0
LINE
  5
1C8B
330
1F
100
AcDbEntity
  8
BASE
100
AcDbLine
 10
4678.821145534035
 20
3579.19297001482
 30
40.0
 11
4678.821145534035
 21
3579.19297001482
 31
0.0
  0
LINE
  5
1C8C
330
1F
100
AcDbEntity
  8
BASE
100
AcDbLine
 10
4678.82114553405
 20
3579.192970014819
 30
-878.0
 11
4678.82114553405
 21
2979.19297001482
 31
-878.0
  0
LINE
  5
1C8D
330
1F
100
AcDbEntity
  8
BASE
100
AcDbLine
 10
4678.82114553405
 20
3579.192970014819
 30
-878.0
 11
4678.821145534035
 21
3579.19297001482
 31
0.0
  0
LINE
  5
1C92
330
1F
100
AcDbEntity
  8
ASPIRATOR
 62
     7
100
AcDbLine
 10
2844.817725657187
 20
2413.199207108407
 30
515.0
 11
2844.817725657187
 21
1813.147968017876
 31
515.0
210
1.0
220
0.0
230
0.0
1001
ACAD_STEPID
1071
       82
  0
LINE
  5
1C93
330
1F
100
AcDbEntity
  8
ASPIRATOR
 62
     7
100
AcDbLine
 10
2844.817725657187
 20
2413.199207108407
 30
560.5307104547182
 11
2844.817725657187
 21
2413.199207108407
 31
515.0
210
1.0
220
0.0
230
0.0
1001
ACAD_STEPID
1071
       82
  0
LINE
  5
1C96
330
1F
100
AcDbEntity
  8
ASPIRATOR
100
AcDbLine
 10
2524.817725657186
 20
1808.192970014828
 30
1288.0
 11
2854.817725657186
 21
1808.192970014828
 31
1288.0
  0
LINE
  5
1C97
330
1F
100
AcDbEntity
  8
ASPIRATOR
100
AcDbLine
 10
2854.817725657186
 20
1808.192970014828
 30
565.0
 11
2844.817725657187
 21
1813.147968017876
 31
515.0
  0
LINE
  5
1C98
330
1F
100
AcDbEntity
  8
ASPIRATOR
100
AcDbLine
 10
2524.817725657186
 20
2408.192970014828
 30
1288.0
 11
2854.817725657186
 21
2408.192970014828
 31
1288.0
  0
LINE
  5
1C99
330
1F
100
AcDbEntity
  8
TOP - 600_1
 62
     7
100
AcDbLine
 10
2538.065607843472
 20
3426.95424054682
 30
1293.730620078528
 11
2858.065607843472
 21
3426.95424054682
 31
1293.730620078528
1001
ACAD_STEPID
1071
       86
  0
LINE
  5
1C9E
330
1F
100
AcDbEntity
  8
BASE
 62
     7
100
AcDbLine
 10
3124.817725657186
 20
1424.192970014821
 30
-878.0
 11
3124.817725657186
 21
1408.192970014821
 31
-878.0
210
0.0
220
0.0
230
-1.0
  0
LINE
  5
1C9F
330
1F
100
AcDbEntity
  8
BASE
 62
     7
100
AcDbLine
 10
3124.817725657186
 20
1408.192970014821
 30
-878.0
 11
3027.417641195672
 21
1408.192970014821
 31
-878.0
210
0.0
220
0.0
230
-1.0
  0
LINE
  5
200D
330
1F
100
AcDbEntity
  8
REFRIGERATOR
370
    18
100
AcDbLine
 10
3124.817725657186
 20
799.3776850620499
 30
-878.0
 11
3124.817725657186
 21
799.3776850620499
 31
907.0
210
1.0
220
-0.0000000000000001
230
0.0000000000000001
  0
LINE
  5
200E
330
1F
100
AcDbEntity
  8
REFRIGERATOR
370
    18
100
AcDbLine
 10
3124.817725657186
 20
1352.041709610622
 30
-878.0
 11
3124.817725657186
 21
1352.041709610622
 31
907.0
210
1.0
220
-0.0000000000000001
230
0.0000000000000001
1001
PE_URL
1000
http://www.Architecture4design.com
1002
{
1000
http://www.Architecture4design.com
1002
{
1071
        1
1002
}
1002
}
  0
LINE
  5
200F
330
1F
100
AcDbEntity
  8
REFRIGERATOR
370
    18
100
AcDbLine
 10
3124.817725657186
 20
796.0417096105786
 30
-878.0
 11
3124.817725657186
 21
1352.041709610622
 31
-878.0
210
1.0
220
-0.0000000000000001
230
0.0000000000000001
1001
PE_URL
1000
http://www.Architecture4design.com
1002
{
1000
http://www.Architecture4design.com
1002
{
1071
        1
1002
}
1002
}
  0
LINE
  5
2010
330
1F
100
AcDbEntity
  8
REFRIGERATOR
370
    18
100
AcDbLine
 10
3124.817725657186
 20
1352.041709610622
 30
-143.0000000001018
 11
3124.817725657186
 21
799.3776850620499
 31
-143.0000000001018
210
1.0
220
-0.0000000000000001
230
0.0000000000000001
1001
PE_URL
1000
http://www.Architecture4design.com
1002
{
1000
http://www.Architecture4design.com
1002
{
1071
        1
1002
}
1002
}
  0
LINE
  5
2011
330
1F
100
AcDbEntity
  8
REFRIGERATOR
370
    18
100
AcDbLine
 10
3124.817725657186
 20
1352.041709610622
 30
-153.0000000000873
 11
3124.817725657186
 21
799.3776850620499
 31
-153.0000000000873
210
1.0
220
-0.0000000000000001
230
0.0000000000000001
1001
PE_URL
1000
http://www.Architecture4design.com
1002
{
1000
http://www.Architecture4design.com
1002
{
1071
        1
1002
}
1002
}
  0
LINE
  5
2012
330
1F
100
AcDbEntity
  8
REFRIGERATOR
370
    18
100
AcDbLine
 10
3124.817725657186
 20
899.37768506205
 30
-153.0000000000873
 11
3124.817725657186
 21
928.7867626279632
 31
-171.1009161322144
210
1.0
220
-0.0000000000000001
230
0.0000000000000001
  0
LINE
  5
2013
330
1F
100
AcDbEntity
  8
REFRIGERATOR
370
    18
100
AcDbLine
 10
3124.817725657186
 20
928.7867626279632
 30
-171.1009161322144
 11
3124.817725657186
 21
1226.209725568509
 31
-171.1009161322144
210
1.0
220
-0.0000000000000001
230
0.0000000000000001
  0
LINE
  5
2014
330
1F
100
AcDbEntity
  8
REFRIGERATOR
370
    18
100
AcDbLine
 10
3124.817725657186
 20
1255.618803134429
 30
-153.0000000000873
 11
3124.406090521498
 21
1226.209725568516
 31
-171.1009161322144
210
1.0
220
-0.0000000000000001
230
0.0000000000000001
  0
LINE
  5
2015
330
1F
100
AcDbEntity
  8
REFRIGERATOR
370
    18
100
AcDbLine
 10
3124.817725657186
 20
879.3776850620499
 30
-878.0
 11
3124.817725657186
 21
879.3776850620499
 31
-893.0
210
1.0
220
-0.0000000000000001
230
0.0000000000000001
  0
LINE
  5
2016
330
1F
100
AcDbEntity
  8
REFRIGERATOR
370
    18
100
AcDbLine
 10
3124.817725657186
 20
879.3776850620499
 30
-893.0
 11
3124.817725657186
 21
899.37768506205
 31
-893.0
210
1.0
220
-0.0000000000000001
230
0.0000000000000001
  0
LINE
  5
2017
330
1F
100
AcDbEntity
  8
REFRIGERATOR
370
    18
100
AcDbLine
 10
3124.817725657186
 20
899.37768506205
 30
-893.0
 11
3124.817725657186
 21
899.37768506205
 31
-878.0
210
1.0
220
-0.0000000000000001
230
0.0000000000000001
  0
LINE
  5
2018
330
1F
100
AcDbEntity
  8
REFRIGERATOR
370
    18
100
AcDbLine
 10
3124.817725657186
 20
1275.377685062094
 30
-878.0
 11
3124.817725657186
 21
1275.377685062094
 31
-893.0
210
1.0
220
-0.0000000000000001
230
0.0000000000000001
  0
LINE
  5
2019
330
1F
100
AcDbEntity
  8
REFRIGERATOR
370
    18
100
AcDbLine
 10
3124.817725657186
 20
1275.377685062094
 30
-893.0
 11
3124.817725657186
 21
1255.377685062093
 31
-893.0
210
1.0
220
-0.0000000000000001
230
0.0000000000000001
  0
LINE
  5
201A
330
1F
100
AcDbEntity
  8
REFRIGERATOR
370
    18
100
AcDbLine
 10
3124.817725657186
 20
1255.377685062093
 30
-893.0
 11
3124.817725657186
 21
1255.377685062093
 31
-878.0
210
1.0
220
-0.0000000000000001
230
0.0000000000000001
  0
LINE
  5
201B
330
1F
100
AcDbEntity
  8
REFRIGERATOR
370
    18
100
AcDbLine
 10
3124.817725657186
 20
799.3776850620499
 30
907.0
 11
3124.817725657186
 21
1352.041709610622
 31
907.0
210
1.0
220
-0.0000000000000001
230
0.0000000000000001
  0
LINE
  5
201C
330
1F
100
AcDbEntity
  8
REFRIGERATOR
100
AcDbLine
 10
3124.817725657186
 20
796.0417096105786
 30
-878.0
 11
2524.817725657164
 21
796.0417096105787
 31
-878.0
  0
LINE
  5
201D
330
1F
100
AcDbEntity
  8
REFRIGERATOR
100
AcDbLine
 10
2524.817725657164
 20
796.0417096105787
 30
-878.0
 11
2524.817725657164
 21
796.0417096105787
 31
907.0
  0
LINE
  5
201E
330
1F
100
AcDbEntity
  8
REFRIGERATOR
100
AcDbLine
 10
2524.817725657164
 20
796.0417096105787
 30
907.0
 11
3124.817725657186
 21
799.3776850620499
 31
907.0
  0
LINE
  5
201F
330
1F
100
AcDbEntity
  8
REFRIGERATOR
100
AcDbLine
 10
3124.817725657186
 20
1352.041709610622
 30
907.0
 11
2524.817725657221
 21
1352.041709610622
 31
907.0
  0
LINE
  5
2020
330
1F
100
AcDbEntity
  8
REFRIGERATOR
100
AcDbLine
 10
2524.817725657221
 20
1352.041709610622
 30
907.0
 11
2524.817725657164
 21
796.0417096105787
 31
907.0
  0
LINE
  5
2021
330
1F
100
AcDbEntity
  8
BASE
 62
     7
100
AcDbLine
 10
3028.865896942195
 20
1408.192970014821
 30
0.0
 11
3124.817725657186
 21
1408.192970014821
 31
0.0
210
0.0
220
-1.0
230
0.0
  0
LINE
  5
2023
330
1F
100
AcDbEntity
  8
BASE
 62
     7
100
AcDbLine
 10
3124.817725657186
 20
1408.192970014821
 30
-878.0
 11
3027.417641195672
 21
1408.192970014821
 31
-878.0
210
0.0
220
-1.0
230
0.0
  0
LINE
  5
2024
330
1F
100
AcDbEntity
  8
BASE
 62
     7
100
AcDbLine
 10
3124.817725657186
 20
1408.192970014821
 30
0.0
 11
3124.817725657186
 21
1408.192970014821
 31
-878.0
210
0.0
220
-1.0
230
0.0
  0
LINE
  5
2025
330
1F
100
AcDbEntity
  8
BASE
 62
     7
100
AcDbLine
 10
3124.817725657186
 20
1408.192970014821
 30
0.0
 11
3028.865896942195
 21
1408.192970014821
 31
0.0
210
0.0
220
-1.0
230
0.0
1001
ACAD_STEPID
1071
        1
  0
LINE
  5
2026
330
1F
100
AcDbEntity
  8
BASE
 62
     7
100
AcDbLine
 10
3124.817725657186
 20
1408.192970014821
 30
0.0
 11
3124.817725657186
 21
1408.192970014821
 31
40.0
210
0.0
220
-1.0
230
0.0
1001
ACAD_STEPID
1071
        1
  0
LINE
  5
2027
330
1F
100
AcDbEntity
  8
BASE
 62
     7
100
AcDbLine
 10
3026.927137242127
 20
1408.192970014821
 30
40.0
 11
3124.817725657186
 21
1408.192970014821
 31
40.0
210
0.0
220
-1.0
230
0.0
1001
ACAD_STEPID
1071
        1
  0
LINE
  5
2029
330
1F
100
AcDbEntity
  8
BASE
 62
     7
100
AcDbLine
 10
3124.817725657186
 20
2979.192970014821
 30
40.0
 11
2524.817725657186
 21
2979.192970014821
 31
40.0
1001
ACAD_STEPID
1071
        1
  0
LINE
  5
202A
330
1F
100
AcDbEntity
  8
BASE
 62
     7
100
AcDbLine
 10
2524.817725657186
 20
2979.192970014821
 30
40.0
 11
2524.817725657186
 21
1698.72526161294
 31
40.0
1001
ACAD_STEPID
1071
        1
  0
LINE
  5
202B
330
1F
100
AcDbEntity
  8
BASE
 62
     7
100
AcDbLine
 10
3026.927137242127
 20
1408.192970014821
 30
40.0
 11
3124.817725657186
 21
1408.192970014821
 31
40.0
1001
ACAD_STEPID
1071
        1
  0
LINE
  5
202C
330
1F
100
AcDbEntity
  8
BASE
 62
     7
100
AcDbLine
 10
3124.817725657186
 20
1408.192970014821
 30
40.0
 11
3124.817725657186
 21
2979.192970014821
 31
40.0
1001
ACAD_STEPID
1071
        1
  0
LINE
  5
2081
330
1F
100
AcDbEntity
  8
BASE
100
AcDbLine
 10
4678.821145534035
 20
2979.19297001482
 30
40.0
 11
4678.821145534035
 21
2979.19297001482
 31
0.0
  0
ENDSEC
  0
SECTION
  2
OBJECTS
  0
DICTIONARY
  5
C
330
0
100
AcDbDictionary
281
     1
  3
ACAD_ASSOCPERSSUBENTMANAGER
350
27F
  3
ACAD_BACKGROUND
350
27B
  3
ACAD_CIP_PREVIOUS_PRODUCT_INFO
350
1A5
  3
ACAD_COLOR
350
73
  3
ACAD_DETAILVIEWSTYLE
350
1AB
  3
ACAD_GROUP
350
D
  3
ACAD_LAST_SAVED_VERSION_INFO
350
136C
  3
ACAD_LAYOUT
350
1A
  3
ACAD_MATERIAL
350
72
  3
ACAD_MLEADERSTYLE
350
D7
  3
ACAD_MLINESTYLE
350
17
  3
ACAD_PERSUBENTMGR
350
36B
  3
ACAD_PLOTSETTINGS
350
19
  3
ACAD_PLOTSTYLENAME
350
E
  3
ACAD_RENDER_ACTIVE_RAPIDRT_SETTINGS
350
261
  3
ACAD_RENDER_ACTIVE_SETTINGS
350
2170
  3
ACAD_SCALELIST
350
B6
  3
ACAD_SECTIONVIEWSTYLE
350
1A8
  3
ACAD_TABLESTYLE
350
86
  3
ACAD_VISUALSTYLE
350
99
  3
ACDB_RECOMPOSE_DATA
350
2132
  3
AcDbVariableDictionary
350
66
  3
AcDsDecomposeData
350
2139
  0
DICTIONARY
  5
18E
330
2
100
AcDbDictionary
280
     1
281
     1
  3
ACAD_LAYERSTATES
360
18F
  0
DICTIONARY
  5
E6
330
10
100
AcDbDictionary
280
     1
281
     1
  0
DICTIONARY
  5
15D
330
1F
100
AcDbDictionary
280
     1
281
     1
  3
ACAD_SORTENTS
360
1324
  0
DICTIONARY
  5
1FDF
330
B31
100
AcDbDictionary
280
     1
281
     1
  0
DICTIONARY
  5
1FF6
330
1FE6
100
AcDbDictionary
280
     1
281
     1
  0
ACDBASSOCPERSSUBENTMANAGER
  5
27F
102
{ACAD_REACTORS
330
C
102
}
330
C
100
AcDbAssocPersSubentManager
 90
        1
 90
        3
 90
        0
 90
        2
 90
       87
 90
        2
 90
        5
 90
        0
 90
        4
 90
       75
 90
       16
 90
       16
 90
       16
 90
       21
 90
        0
 90
        0
 90
        0
 90
        0
 90
        1
 90
        3
 90
        1
 90
1000000000
 90
     1003
 90
        1
 90
1000000000
 90
     1005
 90
        1
 90
1000000000
 90
     1004
 90
        0
 90
   101000
 90
        0
 90
   101000
 90
        0
 90
   101000
 90
        0
 90
        5
 90
        0
 90
        4
 90
       76
 90
       24
 90
       24
 90
       24
 90
       21
 90
        0
 90
        0
 90
        0
 90
        0
 90
        1
 90
        3
 90
        1
 90
        1
 90
        0
 90
        1
 90
        1
 90
       10
 90
        1
 90
        1
 90
       22
 90
        0
 90
        0
 90
        0
 90
      900
 90
        0
 90
      900
 90
        0
 90
       81
 90
        1
 90
        2
 90
        3
 90
        4
 90
        6
 90
        7
 90
        8
 90
        9
 90
       10
 90
       11
 90
       12
 90
       13
 90
       14
 90
       15
 90
       16
 90
       17
 90
       18
 90
       19
 90
       20
 90
       22
 90
       23
 90
       24
 90
       25
 90
       26
 90
       27
 90
       28
 90
       29
 90
       30
 90
       31
 90
       32
 90
       33
 90
       34
 90
       35
 90
       36
 90
       37
 90
       38
 90
       39
 90
       40
 90
       41
 90
       42
 90
       43
 90
       44
 90
       45
 90
       46
 90
       47
 90
       48
 90
       49
 90
       50
 90
       51
 90
       52
 90
       53
 90
       54
 90
       55
 90
       56
 90
       57
 90
       58
 90
       59
 90
       60
 90
       61
 90
       62
 90
       63
 90
       64
 90
       65
 90
       66
 90
       67
 90
       68
 90
       69
 90
       70
 90
       71
 90
       72
 90
       73
 90
       74
 90
       75
 90
       76
 90
       77
 90
       78
 90
       80
 90
       81
 90
       82
 90
       84
 90
       86
 90
        0
290
     0
  0
DICTIONARY
  5
27B
102
{ACAD_REACTORS
330
C
102
}
330
C
100
AcDbDictionary
281
     1
  0
XRECORD
  5
1A5
102
{ACAD_REACTORS
330
C
102
}
330
C
100
AcDbXrecord
280
     1
300
ACD
300
2026
300

  0
DICTIONARY
  5
73
102
{ACAD_REACTORS
330
C
102
}
330
C
100
AcDbDictionary
281
     1
  0
DICTIONARY
  5
1AB
102
{ACAD_REACTORS
330
C
102
}
330
C
100
AcDbDictionary
281
     1
  3
Imperial24
350
1AC
  0
DICTIONARY
  5
D
102
{ACAD_REACTORS
330
C
102
}
330
C
100
AcDbDictionary
281
     1
  0
XRECORD
  5
136C
102
{ACAD_REACTORS
330
C
102
}
330
C
100
AcDbXrecord
280
     1
300
{B0E13A53-CCBD-1A48-8E52-3F64B1E4D031}
301
{9F986A7D-FFDA-8A4D-8667-4C310D6DB7DD}
302
{B0E13A53-CCBD-1A48-8E52-3F64B1E4D031}
303

  0
DICTIONARY
  5
1A
102
{ACAD_REACTORS
330
C
102
}
330
C
100
AcDbDictionary
281
     1
  3
Layout1
350
59
  3
Layout2
350
5E
  3
Model
350
22
  0
DICTIONARY
  5
72
102
{ACAD_REACTORS
330
C
102
}
330
C
100
AcDbDictionary
281
     1
  3
ByBlock
350
97
  3
ByLayer
350
96
  3
Global
350
98
  0
DICTIONARY
  5
D7
102
{ACAD_REACTORS
330
C
102
}
330
C
100
AcDbDictionary
281
     1
  3
Annotative
350
E5
  3
Standard
350
D8
  0
DICTIONARY
  5
17
102
{ACAD_REACTORS
330
C
102
}
330
C
100
AcDbDictionary
281
     1
  3
Standard
350
18
  0
ACDBPERSSUBENTMANAGER
  5
36B
102
{ACAD_REACTORS
330
C
102
}
330
C
100
AcDbPersSubentManager
 90
        2
 90
        0
 90
        2
 90
       87
 90
        0
 90
        0
  0
DICTIONARY
  5
19
102
{ACAD_REACTORS
330
C
102
}
330
C
100
AcDbDictionary
281
     1
  0
ACDBDICTIONARYWDFLT
  5
E
102
{ACAD_REACTORS
330
C
102
}
330
C
100
AcDbDictionary
281
     1
  3
Normal
350
F
100
AcDbDictionaryWithDefault
340
F
  0
RAPIDRTRENDERSETTINGS
  5
261
102
{ACAD_REACTORS
330
C
102
}
330
C
100
AcDbRenderSettings
 90
        2
  1
Medium
290
     1
290
     0
290
     1
290
     1
  1

  1
Applies 5 rendering levels
 90
        0
100
AcDbRapidRTRenderSettings
 90
        3
 70
     0
 90
        5
 90
        1
 70
     1
 70
     2
 40
3.0
 40
3.0
290
     1
  0
MENTALRAYRENDERSETTINGS
  5
2170
102
{ACAD_XDICTIONARY
360
2171
102
}
102
{ACAD_REACTORS
330
C
102
}
330
C
100
AcDbRenderSettings
 90
        2
  1
Medium
290
     1
290
     1
290
     1
290
     1
  1

  1

 90
        0
100
AcDbMentalRayRenderSettings
 90
        2
 90
        0
 90
        1
 70
     2
 40
3.0
 40
3.0
 40
0.0500000007450581
 40
0.0500000007450581
 40
0.0500000007450581
 40
0.0500000007450581
 70
     0
290
     0
290
     1
 90
        5
 90
        5
 90
        5
290
     0
 90
      500
290
     0
 40
1.0
 90
    10000
 90
        5
 90
        5
 90
        5
290
     0
 90
      200
290
     0
290
     0
290
     0
 40
1.0
 40
1.0
 40
1500.0
 70
     0
 70
     0
 40
10.0
 70
     0
 70
     0
290
     0
  1

 90
       32
 70
     0
 90
     1048
290
     0
 40
1.0
  0
DICTIONARY
  5
B6
102
{ACAD_REACTORS
330
C
102
}
330
C
100
AcDbDictionary
281
     1
  3
A0
350
B7
  3
A1
350
124
  3
A2
350
125
  3
A3
350
126
  3
A4
350
127
  3
A5
350
128
  3
A6
350
129
  3
A7
350
12A
  3
A8
350
12B
  3
A9
350
12C
  3
B0
350
12D
  3
B1
350
12E
  3
B2
350
12F
  3
B3
350
130
  3
B4
350
131
  3
B5
350
132
  3
B6
350
133
  3
B7
350
134
  3
B8
350
135
  3
B9
350
136
  3
C0
350
137
  3
C1
350
138
  3
C2
350
139
  3
C3
350
13A
  3
C4
350
13B
  3
C5
350
13C
  3
C6
350
13D
  3
C7
350
13E
  3
C8
350
13F
  3
C9
350
140
  3
D0
350
141
  3
D1
350
142
  3
D2
350
143
  0
DICTIONARY
  5
1A8
102
{ACAD_REACTORS
330
C
102
}
330
C
100
AcDbDictionary
281
     1
  3
Imperial24
350
1AA
  0
DICTIONARY
  5
86
102
{ACAD_REACTORS
330
C
102
}
330
C
100
AcDbDictionary
281
     1
  3
Standard
350
87
  0
DICTIONARY
  5
99
102
{ACAD_REACTORS
330
C
102
}
330
C
100
AcDbDictionary
281
     1
  3
2dWireframe
350
9F
  3
Basic
350
9E
  3
Brighten
350
A5
  3
ColorChange
350
A9
  3
Conceptual
350
A2
  3
Dim
350
A4
  3
EdgeColorOff
350
175
  3
Facepattern
350
A8
  3
Flat
350
9A
  3
FlatWithEdges
350
9B
  3
Gouraud
350
9C
  3
GouraudWithEdges
350
9D
  3
Hidden
350
A1
  3
JitterOff
350
173
  3
Linepattern
350
A7
  3
OverhangOff
350
174
  3
Realistic
350
A3
  3
Shaded
350
182
  3
Shaded with edges
350
181
  3
Shades of Gray
350
17E
  3
Sketchy
350
17F
  3
Thicken
350
A6
  3
Wireframe
350
A0
  3
X-Ray
350
180
  0
XRECORD
  5
2132
102
{ACAD_REACTORS
330
C
102
}
330
C
100
AcDbXrecord
280
     1
 90
        1
330
87
330
EA3
  0
DICTIONARY
  5
66
102
{ACAD_REACTORS
330
C
102
}
330
C
100
AcDbDictionary
281
     1
  3
CANNOSCALE
350
F0
  3
CMLEADERSTYLE
350
EF
  3
CTABLESTYLE
350
89
  3
CVIEWDETAILSTYLE
350
1B7
  3
CVIEWSECTIONSTYLE
350
1B8
  3
DIMASSOC
350
67
  3
HIDETEXT
350
6B
  3
LAYEREVAL
350
14D
  3
LAYERNOTIFY
350
14E
  0
DICTIONARY
  5
2139
102
{ACAD_REACTORS
330
C
102
}
330
C
100
AcDbDictionary
281
     1
  3
AcDsRecords
350
213B
  3
AcDsSchemas
350
213A
1001
ACAD
1070
     2
  0
DICTIONARY
  5
18F
102
{ACAD_REACTORS
330
18E
102
}
330
18E
100
AcDbDictionary
281
     1
  0
SORTENTSTABLE
  5
1324
102
{ACAD_REACTORS
330
15D
102
}
330
15D
100
AcDbSortentsTable
330
1F
331
6DA
  5
A85
331
6DB
  5
A88
331
6DF
  5
A89
331
6E1
  5
A8C
331
6E2
  5
A8D
331
8F3
  5
AC2
331
8F4
  5
AC3
331
8F5
  5
AC4
331
90C
  5
AC5
331
90D
  5
AC6
331
90E
  5
AC7
331
90F
  5
AC8
331
910
  5
134E
331
911
  5
134F
331
912
  5
1350
331
913
  5
1351
331
914
  5
1352
331
915
  5
1353
331
916
  5
1354
331
917
  5
1355
331
918
  5
1356
331
919
  5
1357
331
91A
  5
1358
331
91B
  5
1359
331
AFA
  5
135A
331
AFB
  5
135B
331
AFC
  5
135C
331
AFD
  5
135E
331
AFE
  5
135F
331
B29
  5
1360
331
B2A
  5
1361
331
B2B
  5
1362
331
B2C
  5
1363
331
B2D
  5
1364
331
B2E
  5
1365
331
B2F
  5
1366
331
B30
  5
1367
331
EA1
  5
1369
331
EA2
  5
174E
331
EA3
  5
1751
331
EA4
  5
1752
331
EA5
  5
1ADE
331
EA6
  5
1AE0
331
EF5
  5
1AEA
331
EF6
  5
1AEB
331
EF7
  5
1AEC
331
EF8
  5
1AF0
331
EF9
  5
1AF1
331
EFA
  5
1AF2
331
EFB
  5
1AF3
331
EFD
  5
1AF4
331
EFE
  5
1AF5
331
EFF
  5
1AF6
331
1321
  5
1AF7
331
132A
  5
A8E
331
132C
  5
A8F
331
132D
  5
A91
331
132F
  5
A96
331
1332
  5
A9D
331
1333
  5
AA1
331
1334
  5
AA3
331
1337
  5
AA4
331
1338
  5
AA5
331
1339
  5
AA6
331
1341
  5
AA7
331
1342
  5
AA9
331
1346
  5
AAA
331
1347
  5
AAB
331
134A
  5
AAC
331
134B
  5
AAE
331
134C
  5
AB4
331
134D
  5
AB5
331
134E
  5
AB6
331
134F
  5
AB8
331
1352
  5
AB9
331
1353
  5
ABA
331
1355
  5
ABB
331
1357
  5
ABF
331
1360
  5
295
331
174E
  5
1B53
331
174F
  5
1B54
331
1750
  5
1B55
331
1751
  5
1B58
331
1752
  5
1B59
331
1753
  5
1B5A
331
1ADD
  5
1AF8
331
1AE0
  5
1AF9
331
1AE1
  5
1AFA
331
1AE4
  5
1AFB
331
1AF0
  5
1B5B
331
1AF4
  5
1B5C
331
1AF7
  5
1B5D
331
1AF9
  5
1B5E
331
1AFA
  5
1B5F
331
1AFC
  5
1B60
331
1AFD
  5
1B61
331
1AFE
  5
1B63
331
1AFF
  5
1B64
331
1B00
  5
1B66
331
1B01
  5
1B67
331
1B02
  5
1B68
331
1B03
  5
1B69
331
1B15
  5
1BB8
331
1B19
  5
1BB9
331
1B1C
  5
1BBA
331
1B28
  5
1BF0
331
1B2C
  5
1BF1
331
1B2F
  5
1BF2
331
1B3B
  5
1AFC
331
1B3C
  5
1AFD
331
1B3D
  5
1AFF
331
1B3E
  5
1B01
331
1B41
  5
1B15
331
1B42
  5
1B19
331
1B43
  5
1B1A
331
1B44
  5
1B1B
331
1B45
  5
1B1C
331
1B46
  5
1B28
331
1B47
  5
1B29
331
1B48
  5
1B2C
331
1B49
  5
1B2D
331
1B4A
  5
1B3B
331
1B4B
  5
1B3C
331
1B4C
  5
1B3D
331
1B4D
  5
1B3E
331
1B4E
  5
1B3F
331
1B50
  5
1B40
331
1B52
  5
1B41
331
1B56
  5
1B42
331
1B5A
  5
1B46
331
1B5B
  5
1B49
331
1B5C
  5
1B4B
331
1B5D
  5
1B4C
331
1B5E
  5
1B4E
331
1B5F
  5
1B4F
331
1B62
  5
1B50
331
1B63
  5
1B51
331
1B66
  5
1B52
331
1B69
  5
1B6A
331
1B6A
  5
1B6B
331
1B6B
  5
1B6C
331
1B6C
  5
1B6D
331
1B6D
  5
1B71
331
1B6E
  5
1B75
331
1B6F
  5
1B79
331
1B70
  5
1B7B
331
1B71
  5
1B7D
331
1B72
  5
1B7E
331
1B74
  5
1B83
331
1B75
  5
1B84
331
1B77
  5
1B8A
331
1B78
  5
1B8E
331
1B79
  5
1B9D
331
1B7A
  5
1B9E
331
1B7B
  5
1B9F
331
1B7C
  5
1BA5
331
1B7D
  5
1BA6
331
1B7E
  5
1BA7
331
1B82
  5
1BA8
331
1B86
  5
1BA9
331
1B8A
  5
1BAA
331
1B8C
  5
1BAC
331
1B8E
  5
1BAD
331
1B8F
  5
1BB1
331
1B94
  5
1BB2
331
1B95
  5
1BB3
331
1B9B
  5
1BB4
331
1B9F
  5
1BB5
331
1BAB
  5
1BBB
331
1BAC
  5
1BBE
331
1BAD
  5
1BC2
331
1BAE
  5
1BC5
331
1BAF
  5
1BC6
331
1BB0
  5
1BC7
331
1BB1
  5
1BC8
331
1BB2
  5
1BCA
331
1BB4
  5
1BCB
331
1BB5
  5
1BCC
331
1BB9
  5
1BCF
331
1BBA
  5
1BD3
331
1BBB
  5
1BD4
331
1BBC
  5
1BD5
331
1BBD
  5
1BD6
331
1BBE
  5
1BD7
331
1BBF
  5
1BDD
331
1BC0
  5
1BDE
331
1BC1
  5
1BE0
331
1BC2
  5
1BE1
331
1BC3
  5
1BE5
331
1BC6
  5
1BE6
331
1BCA
  5
1BE7
331
1BCE
  5
1BE8
331
1BCF
  5
1BE9
331
1BD0
  5
1BEA
331
1BD1
  5
1BEB
331
1BD2
  5
1BEC
331
1BD3
  5
1BED
331
1BD4
  5
1BEE
331
1BD7
  5
1BEF
331
1BDB
  5
1BF3
331
1BDC
  5
1BF6
331
1BDD
  5
1BFA
331
1BDE
  5
1BFD
331
1BE0
  5
1BFE
331
1BE1
  5
1BFF
331
1BE5
  5
1C00
331
1BE6
  5
1C02
331
1BE7
  5
1C07
331
1BE8
  5
1C0B
331
1BE9
  5
1C0C
331
1BEA
  5
1C0D
331
1BEB
  5
1C60
331
1BEC
  5
1C8A
331
1BED
  5
1C8C
331
1BEE
  5
1C8D
331
1BEF
  5
1C8E
331
1BF0
  5
1C8F
331
1BF1
  5
1C91
331
1BF2
  5
1C95
331
1BF3
  5
1C96
331
1BF6
  5
1C97
331
1BFA
  5
1C98
331
1BFE
  5
1C9C
331
1C01
  5
1C9D
331
1C02
  5
1C9E
331
1C03
  5
1C9F
331
1C06
  5
200D
331
1C07
  5
200E
331
1C0C
  5
200F
331
1C86
  5
2011
331
1C8A
  5
2010
331
1C8B
  5
2012
331
1C8C
  5
2013
331
1C8D
  5
2014
331
1C92
  5
1BB6
331
1C93
  5
1BB7
331
1C96
  5
2015
331
1C97
  5
2016
331
1C98
  5
2017
331
1C99
  5
2018
331
1C9E
  5
AC0
331
1C9F
  5
AC1
331
200D
  5
2019
331
200E
  5
201A
331
200F
  5
201B
331
2010
  5
201C
331
2011
  5
201D
331
2012
  5
201E
331
2013
  5
201F
331
2014
  5
2020
331
2015
  5
2021
331
2016
  5
2022
331
2017
  5
2023
331
2018
  5
2024
331
2019
  5
2025
331
201A
  5
2026
331
201B
  5
2027
331
201C
  5
2028
331
201D
  5
2029
331
201E
  5
202A
331
201F
  5
202B
331
2020
  5
202C
331
2021
  5
ABC
331
2023
  5
ABD
331
2024
  5
ABE
331
2025
  5
90F
331
2026
  5
910
331
2027
  5
913
331
2029
  5
917
331
202A
  5
918
331
202B
  5
A82
331
202C
  5
A83
  0
ACDBDETAILVIEWSTYLE
  5
1AC
102
{ACAD_XDICTIONARY
360
216E
102
}
102
{ACAD_REACTORS
330
1AB
102
}
330
1AB
100
AcDbModelDocViewStyle
 70
     0
  3
Imperial24
290
     0
100
AcDbDetailViewStyle
 70
     0
 71
     0
 90
        3
 71
     1
340
11
 62
   256
 40
0.24
340
0
 62
   256
 40
0.24
300

 40
0.36
280
     3
 71
     2
340
16
 90
       25
 62
   256
 71
     3
340
11
 62
   256
 40
0.24
 90
        1
 40
0.75
 90
        1
300
%<\AcVar ViewType \f "%tc1">% %<\AcVar ViewDetailId>%\PSCALE %<\AcVar ViewScale \f "%sn">%
 71
     4
340
16
 90
       25
 62
   256
340
16
 90
       25
 62
   256
280
     0
  0
LAYOUT
  5
59
102
{ACAD_REACTORS
330
1A
102
}
330
1A
100
AcDbPlotSettings
  1

  2
None
  4

  6

 40
0.0
 41
0.0
 42
0.0
 43
0.0
 44
0.0
 45
0.0
 46
0.0
 47
0.0
 48
0.0
 49
0.0
140
0.0
141
0.0
142
1.0
143
1.0
 70
   688
 72
     0
 73
     0
 74
     5
  7

 75
    16
147
1.0
 76
     0
 77
     2
 78
   300
148
0.0
149
0.0
100
AcDbLayout
  1
Layout1
 70
     1
 71
     1
 10
0.0
 20
0.0
 11
12.0
 21
9.0
 12
0.0
 22
0.0
 32
0.0
 14
0.0
 24
0.0
 34
0.0
 15
0.0
 25
0.0
 35
0.0
146
0.0
 13
0.0
 23
0.0
 33
0.0
 16
1.0
 26
0.0
 36
0.0
 17
0.0
 27
1.0
 37
0.0
 76
     0
330
58
  0
LAYOUT
  5
5E
102
{ACAD_REACTORS
330
1A
102
}
330
1A
100
AcDbPlotSettings
  1

  2
None
  4

  6

 40
0.0
 41
0.0
 42
0.0
 43
0.0
 44
0.0
 45
0.0
 46
0.0
 47
0.0
 48
0.0
 49
0.0
140
0.0
141
0.0
142
1.0
143
1.0
 70
   688
 72
     0
 73
     0
 74
     5
  7

 75
    16
147
1.0
 76
     0
 77
     2
 78
   300
148
0.0
149
0.0
100
AcDbLayout
  1
Layout2
 70
     1
 71
     2
 10
0.0
 20
0.0
 11
12.0
 21
9.0
 12
0.0
 22
0.0
 32
0.0
 14
0.0
 24
0.0
 34
0.0
 15
0.0
 25
0.0
 35
0.0
146
0.0
 13
0.0
 23
0.0
 33
0.0
 16
1.0
 26
0.0
 36
0.0
 17
0.0
 27
1.0
 37
0.0
 76
     0
330
5D
  0
LAYOUT
  5
22
102
{ACAD_XDICTIONARY
360
194
102
}
102
{ACAD_REACTORS
330
1A
102
}
330
1A
100
AcDbPlotSettings
  1

  2
none_device
  4
ANSI_A_(8.50_x_11.00_Inches)
  6

 40
6.349999904632568
 41
19.04999923706055
 42
6.350006103515625
 43
19.04998779296875
 44
215.8999938964844
 45
279.3999938964844
 46
0.0
 47
0.0
 48
0.0
 49
0.0
140
0.0
141
0.0
142
1.0
143
2.584895464708373
 70
 11952
 72
     0
 73
     1
 74
     0
  7

 75
     0
147
0.3868628397755418
 76
     0
 77
     2
 78
   300
148
0.0
149
0.0
100
AcDbLayout
  1
Model
 70
     1
 71
     0
 10
0.0
 20
0.0
 11
12.0
 21
9.0
 12
0.0
 22
0.0
 32
0.0
 14
0.0
 24
0.0
 34
0.0
 15
0.0
 25
0.0
 35
0.0
146
0.0
 13
0.0
 23
0.0
 33
0.0
 16
1.0
 26
0.0
 36
0.0
 17
0.0
 27
1.0
 37
0.0
 76
     0
330
1F
331
94
  0
MATERIAL
  5
97
102
{ACAD_XDICTIONARY
360
188
102
}
102
{ACAD_REACTORS
330
72
102
}
330
72
100
AcDbMaterial
  1
ByBlock
 94
       63
  0
MATERIAL
  5
96
102
{ACAD_XDICTIONARY
360
186
102
}
102
{ACAD_REACTORS
330
72
102
}
330
72
100
AcDbMaterial
  1
ByLayer
 94
       63
  0
MATERIAL
  5
98
102
{ACAD_XDICTIONARY
360
110
102
}
102
{ACAD_REACTORS
330
72
102
}
330
72
100
AcDbMaterial
  1
Global
 43
0.0208000000566244
 43
0.0
 43
0.0
 43
0.0
 43
0.0
 43
0.0208000000566244
 43
0.0
 43
0.0
 43
0.0
 43
0.0
 43
1.0
 43
0.0
 43
0.0
 43
0.0
 43
0.0
 43
1.0
 49
0.0208000000566244
 49
0.0
 49
0.0
 49
0.0
 49
0.0
 49
0.0208000000566244
 49
0.0
 49
0.0
 49
0.0
 49
0.0
 49
1.0
 49
0.0
 49
0.0
 49
0.0
 49
0.0
 49
1.0
142
0.0208000000566244
142
0.0
142
0.0
142
0.0
142
0.0
142
0.0208000000566244
142
0.0
142
0.0
142
0.0
142
0.0
142
1.0
142
0.0
142
0.0
142
0.0
142
0.0
142
1.0
144
0.0208000000566244
144
0.0
144
0.0
144
0.0
144
0.0
144
0.0208000000566244
144
0.0
144
0.0
144
0.0
144
0.0
144
1.0
144
0.0
144
0.0
144
0.0
144
0.0
144
1.0
 94
       63
1001
ACAD
1070
    -1
1070
     3
1070
     0
1000

1071
        0
1070
     0
  0
MLEADERSTYLE
  5
E5
102
{ACAD_REACTORS
330
D7
102
}
330
D7
100
AcDbMLeaderStyle
179
     2
170
     2
171
     1
172
     0
 90
        2
 40
0.0
 41
0.0
173
     1
 91
-1056964608
340
14
 92
       -2
290
     1
 42
0.09
291
     1
 43
0.36
  3
Standard
 44
0.18
300

342
11
174
     1
178
     1
175
     1
176
     0
 93
-1056964608
 45
0.18
292
     0
297
     0
 46
0.18
 94
-1056964608
 47
1.0
 49
1.0
140
1.0
293
     1
141
0.0
294
     1
177
     0
142
1.0
295
     0
296
     1
143
0.125
271
     0
272
     9
273
     9
  0
MLEADERSTYLE
  5
D8
102
{ACAD_REACTORS
330
D7
102
}
330
D7
100
AcDbMLeaderStyle
179
     2
170
     2
171
     1
172
     0
 90
        2
 40
0.0
 41
0.0
173
     1
 91
-1056964608
340
14
 92
       -2
290
     1
 42
0.09
291
     1
 43
0.36
  3
Standard
 44
0.18
300

342
11
174
     1
178
     1
175
     1
176
     0
 93
-1056964608
 45
0.18
292
     0
297
     0
 46
0.18
 94
-1056964608
 47
1.0
 49
1.0
140
1.0
293
     1
141
0.0
294
     1
177
     0
142
1.0
295
     0
296
     0
143
0.125
271
     0
272
     9
273
     9
  0
MLINESTYLE
  5
18
102
{ACAD_REACTORS
330
17
102
}
330
17
100
AcDbMlineStyle
  2
STANDARD
 70
     0
  3

 62
   256
 51
90.0
 52
90.0
 71
     2
 49
0.5
 62
   256
  6
BYLAYER
 49
-0.5
 62
   256
  6
BYLAYER
  0
ACDBPLACEHOLDER
  5
F
102
{ACAD_REACTORS
330
E
102
}
330
E
  0
DICTIONARY
  5
2171
330
2170
100
AcDbDictionary
280
     1
281
     1
  3
ADSK_XREC_MENTALRAYSETTINGSINFO
360
2172
  0
SCALE
  5
B7
102
{ACAD_REACTORS
330
B6
102
}
330
B6
100
AcDbScale
 70
     0
300
1:1
140
1.0
141
1.0
290
     1
  0
SCALE
  5
124
102
{ACAD_REACTORS
330
B6
102
}
330
B6
100
AcDbScale
 70
     0
300
1:2
140
1.0
141
2.0
290
     0
  0
SCALE
  5
125
102
{ACAD_REACTORS
330
B6
102
}
330
B6
100
AcDbScale
 70
     0
300
1:4
140
1.0
141
4.0
290
     0
  0
SCALE
  5
126
102
{ACAD_REACTORS
330
B6
102
}
330
B6
100
AcDbScale
 70
     0
300
1:5
140
1.0
141
5.0
290
     0
  0
SCALE
  5
127
102
{ACAD_REACTORS
330
B6
102
}
330
B6
100
AcDbScale
 70
     0
300
1:8
140
1.0
141
8.0
290
     0
  0
SCALE
  5
128
102
{ACAD_REACTORS
330
B6
102
}
330
B6
100
AcDbScale
 70
     0
300
1:10
140
1.0
141
10.0
290
     0
  0
SCALE
  5
129
102
{ACAD_REACTORS
330
B6
102
}
330
B6
100
AcDbScale
 70
     0
300
1:16
140
1.0
141
16.0
290
     0
  0
SCALE
  5
12A
102
{ACAD_REACTORS
330
B6
102
}
330
B6
100
AcDbScale
 70
     0
300
1:20
140
1.0
141
20.0
290
     0
  0
SCALE
  5
12B
102
{ACAD_REACTORS
330
B6
102
}
330
B6
100
AcDbScale
 70
     0
300
1:30
140
1.0
141
30.0
290
     0
  0
SCALE
  5
12C
102
{ACAD_REACTORS
330
B6
102
}
330
B6
100
AcDbScale
 70
     0
300
1:40
140
1.0
141
40.0
290
     0
  0
SCALE
  5
12D
102
{ACAD_REACTORS
330
B6
102
}
330
B6
100
AcDbScale
 70
     0
300
1:50
140
1.0
141
50.0
290
     0
  0
SCALE
  5
12E
102
{ACAD_REACTORS
330
B6
102
}
330
B6
100
AcDbScale
 70
     0
300
1:100
140
1.0
141
100.0
290
     0
  0
SCALE
  5
12F
102
{ACAD_REACTORS
330
B6
102
}
330
B6
100
AcDbScale
 70
     0
300
2:1
140
2.0
141
1.0
290
     0
  0
SCALE
  5
130
102
{ACAD_REACTORS
330
B6
102
}
330
B6
100
AcDbScale
 70
     0
300
4:1
140
4.0
141
1.0
290
     0
  0
SCALE
  5
131
102
{ACAD_REACTORS
330
B6
102
}
330
B6
100
AcDbScale
 70
     0
300
8:1
140
8.0
141
1.0
290
     0
  0
SCALE
  5
132
102
{ACAD_REACTORS
330
B6
102
}
330
B6
100
AcDbScale
 70
     0
300
10:1
140
10.0
141
1.0
290
     0
  0
SCALE
  5
133
102
{ACAD_REACTORS
330
B6
102
}
330
B6
100
AcDbScale
 70
     0
300
100:1
140
100.0
141
1.0
290
     0
  0
SCALE
  5
134
102
{ACAD_REACTORS
330
B6
102
}
330
B6
100
AcDbScale
 70
     0
300
1/128" = 1'-0"
140
0.0078125
141
12.0
290
     0
  0
SCALE
  5
135
102
{ACAD_REACTORS
330
B6
102
}
330
B6
100
AcDbScale
 70
     0
300
1/64" = 1'-0"
140
0.015625
141
12.0
290
     0
  0
SCALE
  5
136
102
{ACAD_REACTORS
330
B6
102
}
330
B6
100
AcDbScale
 70
     0
300
1/32" = 1'-0"
140
0.03125
141
12.0
290
     0
  0
SCALE
  5
137
102
{ACAD_REACTORS
330
B6
102
}
330
B6
100
AcDbScale
 70
     0
300
1/16" = 1'-0"
140
0.0625
141
12.0
290
     0
  0
SCALE
  5
138
102
{ACAD_REACTORS
330
B6
102
}
330
B6
100
AcDbScale
 70
     0
300
3/32" = 1'-0"
140
0.09375
141
12.0
290
     0
  0
SCALE
  5
139
102
{ACAD_REACTORS
330
B6
102
}
330
B6
100
AcDbScale
 70
     0
300
1/8" = 1'-0"
140
0.125
141
12.0
290
     0
  0
SCALE
  5
13A
102
{ACAD_REACTORS
330
B6
102
}
330
B6
100
AcDbScale
 70
     0
300
3/16" = 1'-0"
140
0.1875
141
12.0
290
     0
  0
SCALE
  5
13B
102
{ACAD_REACTORS
330
B6
102
}
330
B6
100
AcDbScale
 70
     0
300
1/4" = 1'-0"
140
0.25
141
12.0
290
     0
  0
SCALE
  5
13C
102
{ACAD_REACTORS
330
B6
102
}
330
B6
100
AcDbScale
 70
     0
300
3/8" = 1'-0"
140
0.375
141
12.0
290
     0
  0
SCALE
  5
13D
102
{ACAD_REACTORS
330
B6
102
}
330
B6
100
AcDbScale
 70
     0
300
1/2" = 1'-0"
140
0.5
141
12.0
290
     0
  0
SCALE
  5
13E
102
{ACAD_REACTORS
330
B6
102
}
330
B6
100
AcDbScale
 70
     0
300
3/4" = 1'-0"
140
0.75
141
12.0
290
     0
  0
SCALE
  5
13F
102
{ACAD_REACTORS
330
B6
102
}
330
B6
100
AcDbScale
 70
     0
300
1" = 1'-0"
140
1.0
141
12.0
290
     0
  0
SCALE
  5
140
102
{ACAD_REACTORS
330
B6
102
}
330
B6
100
AcDbScale
 70
     0
300
1-1/2" = 1'-0"
140
1.5
141
12.0
290
     0
  0
SCALE
  5
141
102
{ACAD_REACTORS
330
B6
102
}
330
B6
100
AcDbScale
 70
     0
300
3" = 1'-0"
140
3.0
141
12.0
290
     0
  0
SCALE
  5
142
102
{ACAD_REACTORS
330
B6
102
}
330
B6
100
AcDbScale
 70
     0
300
6" = 1'-0"
140
6.0
141
12.0
290
     0
  0
SCALE
  5
143
102
{ACAD_REACTORS
330
B6
102
}
330
B6
100
AcDbScale
 70
     0
300
1'-0" = 1'-0"
140
12.0
141
12.0
290
     0
  0
ACDBSECTIONVIEWSTYLE
  5
1AA
102
{ACAD_XDICTIONARY
360
216C
102
}
102
{ACAD_REACTORS
330
1A8
102
}
330
1A8
100
AcDbModelDocViewStyle
 70
     0
  3
Imperial24
290
     0
100
AcDbSectionViewStyle
 70
     0
 71
     0
 90
       78
 71
     1
340
11
 62
   256
 40
0.24
340
0
340
0
 62
   256
 40
0.24
300
I, O, Q, S, X, Z
 40
0.48
 90
        3
 40
0.18
 90
        1
 71
     2
340
16
 90
       25
 62
   256
340
16
 90
       50
 62
   256
 40
0.24
 40
0.0
 40
0.24
 71
     3
340
11
 62
   256
 40
0.24
 90
        1
 40
0.75
 90
        1
300
%<\AcVar ViewType \f "%tc1">% %<\AcVar ViewSectionStartId>%-%<\AcVar ViewSectionEndId>%\PSCALE %<\AcVar ViewScale \f "%sn">%
 71
     4
 62
   256
 62
   257
300
ANSI31
 40
1.0
 90
        0
290
     0
290
     0
 90
        6
 40
0.0
 40
1.570796326794896
 40
0.2617993877991494
 40
1.308996938995747
 40
-0.2617993877991494
 40
1.832595714594046
  0
TABLESTYLE
  5
87
102
{ACAD_XDICTIONARY
360
104
102
}
102
{ACAD_REACTORS
330
86
102
}
330
86
100
AcDbTableStyle
280
     0
  3
Standard
 70
     0
 71
     0
 40
0.06
 41
0.06
280
     0
281
     0
  7
Standard
140
0.18
170
     2
 62
     0
 63
     7
283
     0
 90
      512
 91
        0
  1

274
    -2
284
     1
 64
     0
275
    -2
285
     1
 65
     0
276
    -2
286
     1
 66
     0
277
    -2
287
     1
 67
     0
278
    -2
288
     1
 68
     0
279
    -2
289
     1
 69
     0
  7
Standard
140
0.25
170
     5
 62
     0
 63
     7
283
     0
 90
      512
 91
        0
  1

274
    -2
284
     1
 64
     0
275
    -2
285
     1
 65
     0
276
    -2
286
     1
 66
     0
277
    -2
287
     1
 67
     0
278
    -2
288
     1
 68
     0
279
    -2
289
     1
 69
     0
  7
Standard
140
0.18
170
     5
 62
     0
 63
     7
283
     0
 90
      512
 91
        0
  1

274
    -2
284
     1
 64
     0
275
    -2
285
     1
 65
     0
276
    -2
286
     1
 66
     0
277
    -2
287
     1
 67
     0
278
    -2
288
     1
 68
     0
279
    -2
289
     1
 69
     0
  0
VISUALSTYLE
  5
9F
102
{ACAD_XDICTIONARY
360
2146
102
}
102
{ACAD_REACTORS
330
99
102
}
330
99
100
AcDbVisualStyle
  2
2dWireframe
 70
     4
177
     2
291
     0
 71
     0
176
     1
 72
     2
176
     1
 73
     1
176
     1
 90
        0
176
     1
 40
0.6
176
     1
 41
30.0
176
     1
 63
     7
421
 16777215
176
     1
 74
     1
176
     1
 91
        4
176
     1
 64
     7
176
     1
 65
   257
176
     1
 75
     1
176
     1
175
     1
176
     1
 42
1.0
176
     1
 92
        0
176
     1
 66
   257
176
     1
 43
1.0
176
     1
 76
     1
176
     1
 77
     6
176
     1
 78
     2
176
     1
 67
     7
176
     1
 79
     5
176
     1
170
     0
176
     1
171
     0
176
     1
290
     0
176
     1
 93
        1
176
     1
 44
0.0
176
     1
173
     0
176
     1
1001
ACAD
1000
AcDbSavedByObjectVersion
1070
     0
  0
VISUALSTYLE
  5
9E
102
{ACAD_XDICTIONARY
360
2144
102
}
102
{ACAD_REACTORS
330
99
102
}
330
99
100
AcDbVisualStyle
  2
Basic
 70
     7
177
     2
291
     1
 71
     1
176
     1
 72
     0
176
     1
 73
     1
176
     1
 90
        0
176
     1
 40
0.6
176
     1
 41
30.0
176
     1
 63
     7
421
 16777215
176
     1
 74
     0
176
     1
 91
        4
176
     1
 64
     7
176
     1
 65
   257
176
     1
 75
     1
176
     1
175
     1
176
     1
 42
1.0
176
     1
 92
        8
176
     1
 66
     7
176
     1
 43
1.0
176
     1
 76
     1
176
     1
 77
     6
176
     1
 78
     2
176
     1
 67
     7
176
     1
 79
     5
176
     1
170
     0
176
     1
171
     0
176
     1
290
     0
176
     1
 93
        1
176
     1
 44
0.0
176
     1
173
     0
176
     1
1001
ACAD
1000
AcDbSavedByObjectVersion
1070
     0
  0
VISUALSTYLE
  5
A5
102
{ACAD_XDICTIONARY
360
2152
102
}
102
{ACAD_REACTORS
330
99
102
}
330
99
100
AcDbVisualStyle
  2
Brighten
 70
    12
177
     2
291
     1
 71
     2
176
     1
 72
     2
176
     1
 73
     1
176
     1
 90
        0
176
     1
 40
0.6
176
     1
 41
30.0
176
     1
 63
     7
421
 16777215
176
     1
 74
     1
176
     1
 91
        4
176
     1
 64
     7
176
     1
 65
   257
176
     1
 75
     1
176
     1
175
     1
176
     1
 42
1.0
176
     1
 92
        8
176
     1
 66
     7
176
     1
 43
1.0
176
     1
 76
     1
176
     1
 77
     6
176
     1
 78
     2
176
     1
 67
     7
176
     1
 79
     5
176
     1
170
     0
176
     1
171
     0
176
     1
290
     0
176
     1
 93
        1
176
     1
 44
50.0
176
     1
173
     0
176
     1
1001
ACAD
1000
AcDbSavedByObjectVersion
1070
     0
  0
VISUALSTYLE
  5
A9
102
{ACAD_XDICTIONARY
360
215A
102
}
102
{ACAD_REACTORS
330
99
102
}
330
99
100
AcDbVisualStyle
  2
ColorChange
 70
    16
177
     2
291
     1
 71
     2
176
     1
 72
     2
176
     1
 73
     3
176
     1
 90
        0
176
     1
 40
0.6
176
     1
 41
30.0
176
     1
 63
     8
421
  8421504
176
     1
 74
     1
176
     1
 91
        4
176
     1
 64
     7
176
     1
 65
   257
176
     1
 75
     1
176
     1
175
     1
176
     1
 42
1.0
176
     1
 92
        8
176
     1
 66
     8
424
  8421504
176
     1
 43
1.0
176
     1
 76
     1
176
     1
 77
     6
176
     1
 78
     2
176
     1
 67
     7
176
     1
 79
     5
176
     1
170
     0
176
     1
171
     0
176
     1
290
     0
176
     1
 93
        1
176
     1
 44
0.0
176
     1
173
     0
176
     1
1001
ACAD
1000
AcDbSavedByObjectVersion
1070
     0
  0
VISUALSTYLE
  5
A2
102
{ACAD_XDICTIONARY
360
214C
102
}
102
{ACAD_REACTORS
330
99
102
}
330
99
100
AcDbVisualStyle
  2
Conceptual
 70
     9
177
     2
291
     0
 71
     3
176
     1
 72
     2
176
     1
 73
     1
176
     1
 90
        0
176
     1
 40
0.6
176
     1
 41
30.0
176
     1
 63
     7
421
 16777215
176
     1
 74
     2
176
     1
 91
        2
176
     1
 64
     7
176
     1
 65
   257
176
     1
 75
     1
176
     1
175
     1
176
     1
 42
40.0
176
     1
 92
        8
176
     1
 66
     7
176
     1
 43
1.0
176
     1
 76
     1
176
     1
 77
     6
176
     1
 78
     2
176
     1
 67
     7
176
     1
 79
     3
176
     1
170
     0
176
     1
171
     0
176
     1
290
     0
176
     1
 93
        1
176
     1
 44
0.0
176
     1
173
     0
176
     1
1001
ACAD
1000
AcDbSavedByObjectVersion
1070
     0
  0
VISUALSTYLE
  5
A4
102
{ACAD_XDICTIONARY
360
2150
102
}
102
{ACAD_REACTORS
330
99
102
}
330
99
100
AcDbVisualStyle
  2
Dim
 70
    11
177
     2
291
     1
 71
     2
176
     1
 72
     2
176
     1
 73
     1
176
     1
 90
        0
176
     1
 40
0.6
176
     1
 41
30.0
176
     1
 63
     7
421
 16777215
176
     1
 74
     1
176
     1
 91
        4
176
     1
 64
     7
176
     1
 65
   257
176
     1
 75
     1
176
     1
175
     1
176
     1
 42
1.0
176
     1
 92
        8
176
     1
 66
     7
176
     1
 43
1.0
176
     1
 76
     1
176
     1
 77
     6
176
     1
 78
     2
176
     1
 67
     7
176
     1
 79
     5
176
     1
170
     0
176
     1
171
     0
176
     1
290
     0
176
     1
 93
        1
176
     1
 44
-50.0
176
     1
173
     0
176
     1
1001
ACAD
1000
AcDbSavedByObjectVersion
1070
     0
  0
VISUALSTYLE
  5
175
102
{ACAD_XDICTIONARY
360
2160
102
}
102
{ACAD_REACTORS
330
99
102
}
330
99
100
AcDbVisualStyle
  2
EdgeColorOff
 70
    22
177
     2
291
     1
 71
     2
176
     0
 72
     2
176
     0
 73
     0
176
     0
 90
        0
176
     0
 40
0.6
176
     0
 41
30.0
176
     0
 63
     7
421
 16777215
176
     0
 74
     1
176
     0
 91
        4
176
     0
 64
     7
176
     0
 65
   257
176
     0
 75
     1
176
     0
175
     1
176
     0
 42
1.0
176
     0
 92
        8
176
     2
 66
     7
176
     0
 43
1.0
176
     0
 76
     1
176
     0
 77
     6
176
     0
 78
     2
176
     0
 67
     7
176
     0
 79
     5
176
     0
170
     0
176
     0
171
     0
176
     0
290
     0
176
     0
 93
        1
176
     0
 44
0.0
176
     0
173
     0
176
     0
1001
ACAD
1000
AcDbSavedByObjectVersion
1070
     0
  0
VISUALSTYLE
  5
A8
102
{ACAD_XDICTIONARY
360
2158
102
}
102
{ACAD_REACTORS
330
99
102
}
330
99
100
AcDbVisualStyle
  2
Facepattern
 70
    15
177
     2
291
     1
 71
     2
176
     1
 72
     2
176
     1
 73
     1
176
     1
 90
        0
176
     1
 40
0.6
176
     1
 41
30.0
176
     1
 63
     7
421
 16777215
176
     1
 74
     1
176
     1
 91
        4
176
     1
 64
     7
176
     1
 65
   257
176
     1
 75
     1
176
     1
175
     1
176
     1
 42
1.0
176
     1
 92
        8
176
     1
 66
     7
176
     1
 43
1.0
176
     1
 76
     1
176
     1
 77
     6
176
     1
 78
     2
176
     1
 67
     7
176
     1
 79
     5
176
     1
170
     0
176
     1
171
     0
176
     1
290
     0
176
     1
 93
        1
176
     1
 44
0.0
176
     1
173
     0
176
     1
1001
ACAD
1000
AcDbSavedByObjectVersion
1070
     0
  0
VISUALSTYLE
  5
9A
102
{ACAD_XDICTIONARY
360
213C
102
}
102
{ACAD_REACTORS
330
99
102
}
330
99
100
AcDbVisualStyle
  2
Flat
 70
     0
177
     2
291
     1
 71
     2
176
     1
 72
     1
176
     1
 73
     1
176
     1
 90
        2
176
     1
 40
0.6
176
     1
 41
30.0
176
     1
 63
     7
421
 16777215
176
     1
 74
     0
176
     1
 91
        0
176
     1
 64
     7
176
     1
 65
   257
176
     1
 75
     1
176
     1
175
     1
176
     1
 42
1.0
176
     1
 92
        8
176
     1
 66
     7
176
     1
 43
1.0
176
     1
 76
     1
176
     1
 77
     6
176
     1
 78
     2
176
     1
 67
     7
176
     1
 79
     5
176
     1
170
     0
176
     1
171
     0
176
     1
290
     0
176
     1
 93
       13
176
     1
 44
0.0
176
     1
173
     0
176
     1
1001
ACAD
1000
AcDbSavedByObjectVersion
1070
     0
  0
VISUALSTYLE
  5
9B
102
{ACAD_XDICTIONARY
360
213E
102
}
102
{ACAD_REACTORS
330
99
102
}
330
99
100
AcDbVisualStyle
  2
FlatWithEdges
 70
     1
177
     2
291
     1
 71
     2
176
     1
 72
     1
176
     1
 73
     1
176
     1
 90
        2
176
     1
 40
0.6
176
     1
 41
30.0
176
     1
 63
     7
421
 16777215
176
     1
 74
     1
176
     1
 91
        0
176
     1
 64
     7
176
     1
 65
   257
176
     1
 75
     1
176
     1
175
     1
176
     1
 42
1.0
176
     1
 92
        0
176
     1
 66
   257
176
     1
 43
1.0
176
     1
 76
     1
176
     1
 77
     6
176
     1
 78
     2
176
     1
 67
     7
176
     1
 79
     5
176
     1
170
     0
176
     1
171
     0
176
     1
290
     0
176
     1
 93
       13
176
     1
 44
0.0
176
     1
173
     0
176
     1
1001
ACAD
1000
AcDbSavedByObjectVersion
1070
     0
  0
VISUALSTYLE
  5
9C
102
{ACAD_XDICTIONARY
360
2140
102
}
102
{ACAD_REACTORS
330
99
102
}
330
99
100
AcDbVisualStyle
  2
Gouraud
 70
     2
177
     2
291
     1
 71
     2
176
     1
 72
     2
176
     1
 73
     1
176
     1
 90
        2
176
     1
 40
0.6
176
     1
 41
30.0
176
     1
 63
     7
421
 16777215
176
     1
 74
     0
176
     1
 91
        0
176
     1
 64
     7
176
     1
 65
   257
176
     1
 75
     1
176
     1
175
     1
176
     1
 42
1.0
176
     1
 92
        0
176
     1
 66
     7
176
     1
 43
1.0
176
     1
 76
     1
176
     1
 77
     6
176
     1
 78
     2
176
     1
 67
     7
176
     1
 79
     5
176
     1
170
     0
176
     1
171
     0
176
     1
290
     0
176
     1
 93
       13
176
     1
 44
0.0
176
     1
173
     0
176
     1
1001
ACAD
1000
AcDbSavedByObjectVersion
1070
     0
  0
VISUALSTYLE
  5
9D
102
{ACAD_XDICTIONARY
360
2142
102
}
102
{ACAD_REACTORS
330
99
102
}
330
99
100
AcDbVisualStyle
  2
GouraudWithEdges
 70
     3
177
     2
291
     1
 71
     2
176
     1
 72
     2
176
     1
 73
     1
176
     1
 90
        2
176
     1
 40
0.6
176
     1
 41
30.0
176
     1
 63
     7
421
 16777215
176
     1
 74
     1
176
     1
 91
        0
176
     1
 64
     7
176
     1
 65
   257
176
     1
 75
     1
176
     1
175
     1
176
     1
 42
1.0
176
     1
 92
        0
176
     1
 66
   257
176
     1
 43
1.0
176
     1
 76
     1
176
     1
 77
     6
176
     1
 78
     2
176
     1
 67
     7
176
     1
 79
     5
176
     1
170
     0
176
     1
171
     0
176
     1
290
     0
176
     1
 93
       13
176
     1
 44
0.0
176
     1
173
     0
176
     1
1001
ACAD
1000
AcDbSavedByObjectVersion
1070
     0
  0
VISUALSTYLE
  5
A1
102
{ACAD_XDICTIONARY
360
214A
102
}
102
{ACAD_REACTORS
330
99
102
}
330
99
100
AcDbVisualStyle
  2
Hidden
 70
     6
177
     2
291
     0
 71
     1
176
     1
 72
     2
176
     1
 73
     2
176
     1
 90
        0
176
     1
 40
0.6
176
     1
 41
30.0
176
     1
 63
     7
421
 16777215
176
     1
 74
     2
176
     1
 91
        2
176
     1
 64
     7
176
     1
 65
   257
176
     1
 75
     2
176
     1
175
     1
176
     1
 42
40.0
176
     1
 92
        0
176
     1
 66
   257
176
     1
 43
1.0
176
     1
 76
     1
176
     1
 77
     6
176
     1
 78
     2
176
     1
 67
     7
176
     1
 79
     3
176
     1
170
     0
176
     1
171
     0
176
     1
290
     0
176
     1
 93
        1
176
     1
 44
0.0
176
     1
173
     0
176
     1
1001
ACAD
1000
AcDbSavedByObjectVersion
1070
     0
  0
VISUALSTYLE
  5
173
102
{ACAD_XDICTIONARY
360
215C
102
}
102
{ACAD_REACTORS
330
99
102
}
330
99
100
AcDbVisualStyle
  2
JitterOff
 70
    20
177
     2
291
     1
 71
     2
176
     0
 72
     2
176
     0
 73
     0
176
     0
 90
        0
176
     0
 40
0.6
176
     0
 41
30.0
176
     0
 63
     7
421
 16777215
176
     0
 74
     1
176
     0
 91
        4
176
     0
 64
     7
176
     0
 65
   257
176
     0
 75
     1
176
     0
175
     1
176
     0
 42
1.0
176
     0
 92
       10
176
     2
 66
     7
176
     0
 43
1.0
176
     0
 76
     1
176
     0
 77
     6
176
     0
 78
     2
176
     0
 67
     7
176
     0
 79
     5
176
     0
170
     0
176
     0
171
     0
176
     0
290
     0
176
     0
 93
        1
176
     0
 44
0.0
176
     0
173
     0
176
     0
1001
ACAD
1000
AcDbSavedByObjectVersion
1070
     0
  0
VISUALSTYLE
  5
A7
102
{ACAD_XDICTIONARY
360
2156
102
}
102
{ACAD_REACTORS
330
99
102
}
330
99
100
AcDbVisualStyle
  2
Linepattern
 70
    14
177
     2
291
     1
 71
     2
176
     1
 72
     2
176
     1
 73
     1
176
     1
 90
        0
176
     1
 40
0.6
176
     1
 41
30.0
176
     1
 63
     7
421
 16777215
176
     1
 74
     1
176
     1
 91
        4
176
     1
 64
     7
176
     1
 65
   257
176
     1
 75
     7
176
     1
175
     7
176
     1
 42
1.0
176
     1
 92
        8
176
     1
 66
     7
176
     1
 43
1.0
176
     1
 76
     1
176
     1
 77
     6
176
     1
 78
     2
176
     1
 67
     7
176
     1
 79
     5
176
     1
170
     0
176
     1
171
     0
176
     1
290
     0
176
     1
 93
        1
176
     1
 44
0.0
176
     1
173
     0
176
     1
1001
ACAD
1000
AcDbSavedByObjectVersion
1070
     0
  0
VISUALSTYLE
  5
174
102
{ACAD_XDICTIONARY
360
215E
102
}
102
{ACAD_REACTORS
330
99
102
}
330
99
100
AcDbVisualStyle
  2
OverhangOff
 70
    21
177
     2
291
     1
 71
     2
176
     0
 72
     2
176
     0
 73
     0
176
     0
 90
        0
176
     0
 40
0.6
176
     0
 41
30.0
176
     0
 63
     7
421
 16777215
176
     0
 74
     1
176
     0
 91
        4
176
     0
 64
     7
176
     0
 65
   257
176
     0
 75
     1
176
     0
175
     1
176
     0
 42
1.0
176
     0
 92
        9
176
     2
 66
     7
176
     0
 43
1.0
176
     0
 76
     1
176
     0
 77
     6
176
     0
 78
     2
176
     0
 67
     7
176
     0
 79
     5
176
     0
170
     0
176
     0
171
     0
176
     0
290
     0
176
     0
 93
        1
176
     0
 44
0.0
176
     0
173
     0
176
     0
1001
ACAD
1000
AcDbSavedByObjectVersion
1070
     0
  0
VISUALSTYLE
  5
A3
102
{ACAD_XDICTIONARY
360
214E
102
}
102
{ACAD_REACTORS
330
99
102
}
330
99
100
AcDbVisualStyle
  2
Realistic
 70
     8
177
     2
291
     0
 71
     2
176
     1
 72
     3
176
     1
 73
     0
176
     1
 90
        2
176
     1
 40
0.6
176
     1
 41
30.0
176
     1
 63
     7
421
 16777215
176
     1
 74
     0
176
     1
 91
        0
176
     1
 64
     7
176
     1
 65
   257
176
     1
 75
     1
176
     1
175
     1
176
     1
 42
1.0
176
     1
 92
        8
176
     1
 66
   257
176
     1
 43
1.0
176
     1
 76
     1
176
     1
 77
     6
176
     1
 78
     2
176
     1
 67
     7
176
     1
 79
     3
176
     1
170
     0
176
     1
171
     0
176
     1
290
     0
176
     1
 93
       13
176
     1
 44
0.0
176
     1
173
     0
176
     1
1001
ACAD
1000
AcDbSavedByObjectVersion
1070
     0
  0
VISUALSTYLE
  5
182
102
{ACAD_XDICTIONARY
360
216A
102
}
102
{ACAD_REACTORS
330
99
102
}
330
99
100
AcDbVisualStyle
  2
Shaded
 70
    27
177
     2
291
     0
 71
     2
176
     1
 72
     2
176
     1
 73
     1
176
     1
 90
        2
176
     1
 40
0.6
176
     1
 41
30.0
176
     1
 63
     7
421
 16777215
176
     1
 74
     0
176
     1
 91
        4
176
     1
 64
     7
176
     1
 65
   257
176
     1
 75
     1
176
     1
175
     1
176
     1
 42
1.0
176
     1
 92
        8
176
     1
 66
   257
176
     1
 43
1.0
176
     1
 76
     1
176
     1
 77
     6
176
     1
 78
     2
176
     1
 67
     8
425
  7895160
176
     1
 79
     3
176
     1
170
     0
176
     1
171
     0
176
     1
290
     0
176
     1
 93
        5
176
     1
 44
0.0
176
     1
173
     0
176
     1
1001
ACAD
1000
AcDbSavedByObjectVersion
1070
     0
  0
VISUALSTYLE
  5
181
102
{ACAD_XDICTIONARY
360
2168
102
}
102
{ACAD_REACTORS
330
99
102
}
330
99
100
AcDbVisualStyle
  2
Shaded with edges
 70
    26
177
     2
291
     0
 71
     2
176
     1
 72
     2
176
     1
 73
     1
176
     1
 90
        2
176
     1
 40
0.6
176
     1
 41
30.0
176
     1
 63
     7
421
 16777215
176
     1
 74
     1
176
     1
 91
        2
176
     1
 64
     7
176
     1
 65
   257
176
     1
 75
     2
176
     1
175
     1
176
     1
 42
1.0
176
     1
 92
        8
176
     1
 66
   257
176
     1
 43
1.0
176
     1
 76
     1
176
     1
 77
     6
176
     1
 78
     2
176
     1
 67
     7
176
     1
 79
     3
176
     1
170
     0
176
     1
171
     0
176
     1
290
     0
176
     1
 93
        5
176
     1
 44
0.0
176
     1
173
     0
176
     1
1001
ACAD
1000
AcDbSavedByObjectVersion
1070
     0
  0
VISUALSTYLE
  5
17E
102
{ACAD_XDICTIONARY
360
2162
102
}
102
{ACAD_REACTORS
330
99
102
}
330
99
100
AcDbVisualStyle
  2
Shades of Gray
 70
    23
177
     2
291
     0
 71
     2
176
     1
 72
     2
176
     1
 73
     3
176
     1
 90
        0
176
     1
 40
0.6
176
     1
 41
30.0
176
     1
 63
     7
421
 16777215
176
     1
 74
     2
176
     1
 91
        2
176
     1
 64
     7
176
     1
 65
     7
176
     1
 75
     1
176
     1
175
     1
176
     1
 42
40.0
176
     1
 92
        8
176
     1
 66
     7
176
     1
 43
1.0
176
     1
 76
     1
176
     1
 77
     6
176
     1
 78
     2
176
     1
 67
     7
176
     1
 79
     3
176
     1
170
     0
176
     1
171
     0
176
     1
290
     0
176
     1
 93
        1
176
     1
 44
0.0
176
     1
173
     0
176
     1
1001
ACAD
1000
AcDbSavedByObjectVersion
1070
     0
  0
VISUALSTYLE
  5
17F
102
{ACAD_XDICTIONARY
360
2164
102
}
102
{ACAD_REACTORS
330
99
102
}
330
99
100
AcDbVisualStyle
  2
Sketchy
 70
    24
177
     2
291
     0
 71
     1
176
     1
 72
     2
176
     1
 73
     2
176
     1
 90
        0
176
     1
 40
0.6
176
     1
 41
30.0
176
     1
 63
     7
421
 16777215
176
     1
 74
     2
176
     1
 91
        2
176
     1
 64
     7
176
     1
 65
     7
176
     1
 75
     1
176
     1
175
     1
176
     1
 42
40.0
176
     1
 92
       11
176
     1
 66
     7
176
     1
 43
1.0
176
     1
 76
     1
176
     1
 77
     6
176
     1
 78
     2
176
     1
 67
     7
176
     1
 79
     6
176
     1
170
     0
176
     1
171
     0
176
     1
290
     0
176
     1
 93
        1
176
     1
 44
0.0
176
     1
173
     0
176
     1
1001
ACAD
1000
AcDbSavedByObjectVersion
1070
     0
  0
VISUALSTYLE
  5
A6
102
{ACAD_XDICTIONARY
360
2154
102
}
102
{ACAD_REACTORS
330
99
102
}
330
99
100
AcDbVisualStyle
  2
Thicken
 70
    13
177
     2
291
     1
 71
     2
176
     1
 72
     2
176
     1
 73
     1
176
     1
 90
        0
176
     1
 40
0.6
176
     1
 41
30.0
176
     1
 63
     7
421
 16777215
176
     1
 74
     1
176
     1
 91
        4
176
     1
 64
     7
176
     1
 65
   257
176
     1
 75
     1
176
     1
175
     1
176
     1
 42
1.0
176
     1
 92
       12
176
     1
 66
     7
176
     1
 43
1.0
176
     1
 76
     1
176
     1
 77
     6
176
     1
 78
     2
176
     1
 67
     7
176
     1
 79
     5
176
     1
170
     0
176
     1
171
     0
176
     1
290
     0
176
     1
 93
        1
176
     1
 44
0.0
176
     1
173
     0
176
     1
1001
ACAD
1000
AcDbSavedByObjectVersion
1070
     0
  0
VISUALSTYLE
  5
A0
102
{ACAD_XDICTIONARY
360
2148
102
}
102
{ACAD_REACTORS
330
99
102
}
330
99
100
AcDbVisualStyle
  2
Wireframe
 70
     5
177
     2
291
     0
 71
     0
176
     1
 72
     2
176
     1
 73
     0
176
     1
 90
        0
176
     1
 40
0.6
176
     1
 41
30.0
176
     1
 63
     7
421
 16777215
176
     1
 74
     1
176
     1
 91
        4
176
     1
 64
     7
176
     1
 65
   257
176
     1
 75
     1
176
     1
175
     1
176
     1
 42
1.0
176
     1
 92
        0
176
     1
 66
   257
176
     1
 43
1.0
176
     1
 76
     1
176
     1
 77
     6
176
     1
 78
     2
176
     1
 67
     7
176
     1
 79
     3
176
     1
170
     0
176
     1
171
     0
176
     1
290
     0
176
     1
 93
        1
176
     1
 44
0.0
176
     1
173
     0
176
     1
1001
ACAD
1000
AcDbSavedByObjectVersion
1070
     0
  0
VISUALSTYLE
  5
180
102
{ACAD_XDICTIONARY
360
2166
102
}
102
{ACAD_REACTORS
330
99
102
}
330
99
100
AcDbVisualStyle
  2
X-Ray
 70
    25
177
     2
291
     0
 71
     2
176
     1
 72
     2
176
     1
 73
     1
176
     1
 90
        1
176
     1
 40
0.5
176
     1
 41
30.0
176
     1
 63
     7
421
 16777215
176
     1
 74
     1
176
     1
 91
        0
176
     1
 64
     7
176
     1
 65
   257
176
     1
 75
     1
176
     1
175
     1
176
     1
 42
1.0
176
     1
 92
        8
176
     1
 66
     7
176
     1
 43
1.0
176
     1
 76
     1
176
     1
 77
     6
176
     1
 78
     2
176
     1
 67
     7
176
     1
 79
     3
176
     1
170
     0
176
     1
171
     0
176
     1
290
     0
176
     1
 93
       13
176
     1
 44
0.0
176
     1
173
     0
176
     1
1001
ACAD
1000
AcDbSavedByObjectVersion
1070
     0
  0
DICTIONARYVAR
  5
F0
102
{ACAD_REACTORS
330
66
102
}
330
66
100
DictionaryVariables
280
     0
  1
1:1
  0
DICTIONARYVAR
  5
EF
102
{ACAD_REACTORS
330
66
102
}
330
66
100
DictionaryVariables
280
     0
  1
STANDARD
  0
DICTIONARYVAR
  5
89
102
{ACAD_REACTORS
330
66
102
}
330
66
100
DictionaryVariables
280
     0
  1
STANDARD
  0
DICTIONARYVAR
  5
1B7
102
{ACAD_REACTORS
330
66
102
}
330
66
100
DictionaryVariables
280
     0
  1
Imperial24
  0
DICTIONARYVAR
  5
1B8
102
{ACAD_REACTORS
330
66
102
}
330
66
100
DictionaryVariables
280
     0
  1
Imperial24
  0
DICTIONARYVAR
  5
67
102
{ACAD_REACTORS
330
66
102
}
330
66
100
DictionaryVariables
280
     0
  1
2
  0
DICTIONARYVAR
  5
6B
102
{ACAD_REACTORS
330
66
102
}
330
66
100
DictionaryVariables
280
     0
  1
1
  0
DICTIONARYVAR
  5
14D
102
{ACAD_REACTORS
330
66
102
}
330
66
100
DictionaryVariables
280
     0
  1
0
  0
DICTIONARYVAR
  5
14E
102
{ACAD_REACTORS
330
66
102
}
330
66
100
DictionaryVariables
280
     0
  1
0
  0
DICTIONARY
  5
213B
102
{ACAD_REACTORS
330
2139
102
}
330
2139
100
AcDbDictionary
281
     1
  0
DICTIONARY
  5
213A
102
{ACAD_REACTORS
330
2139
102
}
330
2139
100
AcDbDictionary
281
     1
  3
2456037778992
350
2133
  3
2456037779008
350
2134
  3
2456037779024
350
2135
  3
2456037779040
350
2136
  3
2456037779056
350
2137
  3
2456037779072
350
2138
  0
DICTIONARY
  5
216E
330
1AC
100
AcDbDictionary
280
     1
281
     1
  3
ACAD_XREC_ROUNDTRIP
360
216F
  0
DICTIONARY
  5
194
330
22
100
AcDbDictionary
280
     1
281
     1
  0
DICTIONARY
  5
188
330
97
100
AcDbDictionary
280
     1
281
     1
  3
FBXASSET
360
189
  0
DICTIONARY
  5
186
330
96
100
AcDbDictionary
280
     1
281
     1
  3
FBXASSET
360
187
  0
DICTIONARY
  5
110
330
98
100
AcDbDictionary
280
     1
281
     1
  3
BUMPTILE
360
112
  3
DIFFUSETILE
360
111
  3
FBXASSET
360
18A
  3
OPACITYTILE
360
113
  3
REFLECTIONTILE
360
114
  0
XRECORD
  5
2172
102
{ACAD_REACTORS
330
2171
102
}
330
2171
100
AcDbXrecord
280
     1
 70
     2
 71
     3
 72
     0
  0
DICTIONARY
  5
216C
330
1AA
100
AcDbDictionary
280
     1
281
     1
  3
ACAD_XREC_ROUNDTRIP
360
216D
  0
DICTIONARY
  5
104
330
87
100
AcDbDictionary
280
     1
281
     1
  3
ACAD_ROUNDTRIP_2008_TABLESTYLE_CELLSTYLEMAP
360
2131
  0
DICTIONARY
  5
2146
330
9F
100
AcDbDictionary
280
     1
281
     1
  3
ACAD_XREC_ROUNDTRIP
360
2147
  0
DICTIONARY
  5
2144
330
9E
100
AcDbDictionary
280
     1
281
     1
  3
ACAD_XREC_ROUNDTRIP
360
2145
  0
DICTIONARY
  5
2152
330
A5
100
AcDbDictionary
280
     1
281
     1
  3
ACAD_XREC_ROUNDTRIP
360
2153
  0
DICTIONARY
  5
215A
330
A9
100
AcDbDictionary
280
     1
281
     1
  3
ACAD_XREC_ROUNDTRIP
360
215B
  0
DICTIONARY
  5
214C
330
A2
100
AcDbDictionary
280
     1
281
     1
  3
ACAD_XREC_ROUNDTRIP
360
214D
  0
DICTIONARY
  5
2150
330
A4
100
AcDbDictionary
280
     1
281
     1
  3
ACAD_XREC_ROUNDTRIP
360
2151
  0
DICTIONARY
  5
2160
330
175
100
AcDbDictionary
280
     1
281
     1
  3
ACAD_XREC_ROUNDTRIP
360
2161
  0
DICTIONARY
  5
2158
330
A8
100
AcDbDictionary
280
     1
281
     1
  3
ACAD_XREC_ROUNDTRIP
360
2159
  0
DICTIONARY
  5
213C
330
9A
100
AcDbDictionary
280
     1
281
     1
  3
ACAD_XREC_ROUNDTRIP
360
213D
  0
DICTIONARY
  5
213E
330
9B
100
AcDbDictionary
280
     1
281
     1
  3
ACAD_XREC_ROUNDTRIP
360
213F
  0
DICTIONARY
  5
2140
330
9C
100
AcDbDictionary
280
     1
281
     1
  3
ACAD_XREC_ROUNDTRIP
360
2141
  0
DICTIONARY
  5
2142
330
9D
100
AcDbDictionary
280
     1
281
     1
  3
ACAD_XREC_ROUNDTRIP
360
2143
  0
DICTIONARY
  5
214A
330
A1
100
AcDbDictionary
280
     1
281
     1
  3
ACAD_XREC_ROUNDTRIP
360
214B
  0
DICTIONARY
  5
215C
330
173
100
AcDbDictionary
280
     1
281
     1
  3
ACAD_XREC_ROUNDTRIP
360
215D
  0
DICTIONARY
  5
2156
330
A7
100
AcDbDictionary
280
     1
281
     1
  3
ACAD_XREC_ROUNDTRIP
360
2157
  0
DICTIONARY
  5
215E
330
174
100
AcDbDictionary
280
     1
281
     1
  3
ACAD_XREC_ROUNDTRIP
360
215F
  0
DICTIONARY
  5
214E
330
A3
100
AcDbDictionary
280
     1
281
     1
  3
ACAD_XREC_ROUNDTRIP
360
214F
  0
DICTIONARY
  5
216A
330
182
100
AcDbDictionary
280
     1
281
     1
  3
ACAD_XREC_ROUNDTRIP
360
216B
  0
DICTIONARY
  5
2168
330
181
100
AcDbDictionary
280
     1
281
     1
  3
ACAD_XREC_ROUNDTRIP
360
2169
  0
DICTIONARY
  5
2162
330
17E
100
AcDbDictionary
280
     1
281
     1
  3
ACAD_XREC_ROUNDTRIP
360
2163
  0
DICTIONARY
  5
2164
330
17F
100
AcDbDictionary
280
     1
281
     1
  3
ACAD_XREC_ROUNDTRIP
360
2165
  0
DICTIONARY
  5
2154
330
A6
100
AcDbDictionary
280
     1
281
     1
  3
ACAD_XREC_ROUNDTRIP
360
2155
  0
DICTIONARY
  5
2148
330
A0
100
AcDbDictionary
280
     1
281
     1
  3
ACAD_XREC_ROUNDTRIP
360
2149
  0
DICTIONARY
  5
2166
330
180
100
AcDbDictionary
280
     1
281
     1
  3
ACAD_XREC_ROUNDTRIP
360
2167
  0
XRECORD
  5
2133
102
{ACAD_REACTORS
330
213A
102
}
330
213A
100
AcDbXrecord
280
     1
  1
AcDb_Thumbnail_Schema
102
{ATTRRECORD
341
2134
  2
AcDbDs::TreatedAsObjectData
280
     1
291
     1
102
ATTRRECORD}
102
{ATTRRECORD
341
2135
  2
AcDbDs::Legacy
280
     1
291
     1
102
ATTRRECORD}
  2
AcDbDs::ID
280
    10
 91
        8
102
{ATTRRECORD
341
2136
  2
AcDs:Indexable
280
     1
291
     1
102
ATTRRECORD}
102
{ATTRRECORD
341
2137
  2
AcDbDs::HandleAttribute
280
     7
282
     1
102
ATTRRECORD}
  2
Thumbnail_Data
280
    15
 91
        0
  0
XRECORD
  5
2134
102
{ACAD_REACTORS
330
213A
102
}
330
213A
100
AcDbXrecord
280
     1
  1
AcDbDs::TreatedAsObjectDataSchema
  2
AcDbDs::TreatedAsObjectData
280
     1
 91
        0
  0
XRECORD
  5
2135
102
{ACAD_REACTORS
330
213A
102
}
330
213A
100
AcDbXrecord
280
     1
  1
AcDbDs::LegacySchema
  2
AcDbDs::Legacy
280
     1
 91
        0
  0
XRECORD
  5
2136
102
{ACAD_REACTORS
330
213A
102
}
330
213A
100
AcDbXrecord
280
     1
  1
AcDbDs::IndexedPropertySchema
  2
AcDs:Indexable
280
     1
 91
        0
  0
XRECORD
  5
2137
102
{ACAD_REACTORS
330
213A
102
}
330
213A
100
AcDbXrecord
280
     1
  1
AcDbDs::HandleAttributeSchema
  2
AcDbDs::HandleAttribute
280
     7
 91
        1
284
     1
  0
XRECORD
  5
2138
102
{ACAD_REACTORS
330
213A
102
}
330
213A
100
AcDbXrecord
280
     1
  1
AcDb3DSolid_ASM_Data
102
{ATTRRECORD
341
2134
  2
AcDbDs::TreatedAsObjectData
280
     1
291
     1
102
ATTRRECORD}
102
{ATTRRECORD
341
2135
  2
AcDbDs::Legacy
280
     1
291
     1
102
ATTRRECORD}
  2
AcDbDs::ID
280
    10
 91
        8
102
{ATTRRECORD
341
2136
  2
AcDs:Indexable
280
     1
291
     1
102
ATTRRECORD}
102
{ATTRRECORD
341
2137
  2
AcDbDs::HandleAttribute
280
     7
282
     1
102
ATTRRECORD}
  2
ASM_Data
280
    15
 91
        0
  0
XRECORD
  5
216F
102
{ACAD_REACTORS
330
216E
102
}
330
216E
100
AcDbXrecord
280
     1
102
DISPLAYNAME
  1
Imperial24
102
FLAGS
 90
        0
  0
XRECORD
  5
189
102
{ACAD_REACTORS
330
188
102
}
330
188
100
AcDbXrecord
280
     1
 70
     1
 90
429727718
  1
508B35C9-AEE7-456F-BE74-D52651303AC6
310
504B03040A0000080000B670623B3DEE336E79000000790000001B0000006175746F6465736B2D64657369676E2D7061636B6167652E786D6C3C3F786D6C2076657273696F6E3D22312E302220656E636F64696E673D227574662D3822203F3E3C666F726D6174733E3C666F726D61743E687474703A2F2F736368656D612E
310
6175746F6465736B2E636F6D2F64657369676E2D7061636B6167652F323030393C2F666F726D61743E3C2F666F726D6174733E504B0304140006080800B670623BD486FD9CA0000000F4000000130000005B436F6E74656E745F54797065735D2E786D6C7D8EC10E82300C865F65E91D8A1E8C310C0EEA1BF002731658846E
310
D98AC1B77784ABF1D8FE5FBFBF75BBCE937A534CCEB38643598122B6FEE978D0B0485F9C41B54DDD7D022595594E1A469170414C76A4D9A4D207E29CF43ECE46F218070CC6BECC4078ACAA135ACF422C856C0E68EA1BF5669944DDD7BCDE7B1F8E415D77AECB980613C2E4AC91FC167A2B244592486606FC29C8FD7F045B9A
310
EF7053A7E60B504B0304140006080800B670623B28ED286BEB0000007C01000008000000636F72652E786D6C8D90416EC3201045AF82665B6183218D6D61A254764FD00B204C5C94182C03558F5F9C3852BBEB6A467FFE9B197D71FA9E6FE8CBACC17AD7012D0820E3B41FAD9B3A48F1826B40272956EFE32F1B20A766D3C1
310
268314D3EAD3B24BDABB685CCCAAF3A3D94515828980F42D371D04FD696655A814B3235C8B45E9AB9A4C419F5D8653B2237A1CB163DE672FD6AC209BF3C08E0D1B30EB19C3FC9D72FCC6EB231EFA33EDE96BDD341517E5064B11EDFCBCAF57A3A2194156843498524CAA0FCA5B7268F9E185D42D21A2DCEC7FA0B48CFF8492
310
759155FBBB0F2C80A4F991FB408A72CB22977B50B96EB9C91F504B0304140006080800B670623B55019EA25F0000007C00000007000000636E782E786D6C4DCB3B0E80201045D1AD90E915ED2CF8AC45050C11660C8261F98AB1B07AC9C97D42D718D865D3E909258CFD00CCE24AC6E326A164D74DC0B4128928FF32603847
310
2BA13128B1252AC747C6BAB984FC68F0B87FE8960A5C09FE86CFB69FBA01504B0304140006080800B670623B7BC41AC871010000D40300000C0000006662782F636F72652E786D6CC553ED6E8320147D15C2DF4501B56B6D90A64BBB27D80B50A5CE54C120983EFEAE1F4DD7A56BBA5FF3879273EEE59E7310BE393735EA95
310
ED2AA333CC428A91D2B9292A5D66D8BB63B0C26823B835C67D2BC348CB46657880B1E0A535BE9DA1DC68A7B403549B42CDA0EC3AE530CA6B5864B8CB3F552343E91D5474A7B095F949962A6421D0502778E72C0840D390E18DC5F170E664C205F7BE2A66B62A605A75AC94C522DDEEE3651AEF837817C741F2CE92E02D592D
310
83FD6ECB76EC7595A651C2C9D02CB8AB9A8BBADC2AE954814544691A3016D0E883256BBA58278B17BA5A53CAC9507ED3E4DBE2C9265F691747B3DCA9ADC382819091F8E1162272A8933DE82182932144F88C09DF060D8140C84E1EEA8B8F1340BDCA9DB1093085F157AA97B557309586747CD0EF0B4EA64E983A6E0EAEEFCE
310
889E9EF17847386AA94B30211D2C0FDE0D3AF9A4610EAD5536E8DD1969631B593F67E381C33F5157F17725E5A636F6BF1491F980C8FC7B90E13E8A2F504B0304140006080800B670623B70102A487D0000009D0000000B0000006662782F636E782E786D6C4DCCD10A83201886E15B91FFDC95A5C30335ACCDFB886521330D
310
A76397BF1A1DECE883878F57749FD5A3B74D2F17830472A901D9F088930B8B849267CC01754AA418F3DF0D5018572BE160506249B16C274D761E8BCFBB7A179E27F65CB39A0F14D396184C9921B81F34C3ACA1B4B99ABB6E6F062A25AA5F69DF23ACBE504B0304140006080800B670623B3610CA3329010000120200003100
310
00006662782F42384135303843342D343331462D343546312D424341352D3532343432364645413344462F636F72652E786D6C8D515B6EC32010BC0AE22B55850D0E446E848992B43E412FE000495162B07854397EA176A4F62F3F2C9A9D991D58BEBB8F37F0AD7D30CE76905418026DA553C65E3A98E219B510EC04F7CEC5
310
3F3408EC30EA0E16180A7EF12E4D0B249D8DDAC68C5AA7F4020E21E80881BCE54B0783FCD2E3500D296646B856D320AFC34557A4CAEDCC133C449F0380794839A138B47B86DB2345744D7A44594FD0E1B867883594369BFE63BF7EEF793D0B054FC9A8456E548E63CE46FB674D8A58F068C6477CE9F510B582A2C1F80D1182
310
70F349E816B32D65AFB8DD62CCEB42FF274A937A52948C8DEB66893BCB021484D7734370E5D2E9F608A3EF93F3119479ABA0E50B14B8C298119A43CCC4FCFCECB8A18B6388CEE7EF5D5D4F994BD86CBBA182D76543B9FCAE2FD7B24DF103504B0304140006080800B670623B1B8617914E0100003303000030000000666278
310
2F42384135303843342D343331462D343546312D424341352D3532343432364645413344462F636E782E786D6CD593C16EC32010447F0571AD6CE3D489D20813A9877E410FBD62D82434182CC055F3F75D1292E692438FBD206B7698593D61BEFD1E2DF982108D773D6D6B460938E5B571FB9ECE6957AD29D90A1EBC4F7736
310
4A9C1CA1A759A682EF839FA72269D8C9D92654AD71C72206887E0E0A22CAF926B15E498B01E0AA19451807D01A34B919F16B070157417138917400F2F6FA41FCF0092A45DEE414C19BDC21783E4BD39D891265658C3D8DEA00A3ACE59CBC8678ACB54CB26EEB6BD7839D7E9348BE70AD9C8321B9BCA7F9A4A26C542347DEE0
310
50F09802D22BA6749A800A394DD62899107273365E3C82CFC6A55557BC06C10774B7ABE7AEC3B0F34CF06446280E154026D0542C187BA9DAB6628BF7B6DBB0E5A65B3EB1F58631DE64BBE083F7B65CC218087E22CABB042E51D1F2268F1FE12B3EA24D40D63E9CFE00120194D60B9D5BC67FE6D39CDF37E20AF817881F504B
310
0304140006080800B670623BBFEF2E3B690500003C100000340000006662782F42384135303843342D343331462D343546312D424341352D3532343432364645413344462F6F626A656374732E786D6CAD575D739B3814FD2B0CFB0C98D84E931D4227B6938EA793B6534F3BFB90198F0099B001899144EAECAFDF231018B0
310
D37A3FFC609090EEE7B94757C1FB7D915B2F54C88CB31BDB7727B64559CC938CA53776A576CE956DBD0F03C1B9EA2DB32D460A7A63EB693B0C52C1ABD24C257447AA5C8D66EF177F5832A68CDA569C13296F6C193FD182B8A4523CA1F2D94D88226EBADBBBBEDB2C1C8A4D05299F46424B222853B014F30C52ACC6287F389C
310
D85E1878FA7B18E87FB36AFAF62AAFF667A83F635211161F291B8999FAB3D5DDC5FCDA99CF6653677679E13B8BFBC5CAF1DF4D27CBCBE5F2FAF6EE1A8AA51290642C117467871F101B91C581D77CEA2C36869F3229E68CD1B8F61F1ED6361B89092D294B90C78C4A68EB793D190E7D1D9BDEE7A91E1B95FDE9F3BCEAEFE809
310
6A6D6F9F7D4B79F4275C90E7A04248AA51D5C4C738DAE06F72885AC4796EBE65D22A88A22223B995679120E2D50EB1542F098381188D4EA111AE3DB043FF20AF6F2B4AE3D7D83D65E5AECA730D4D3BAC91BD05FEA992B565D95F549CD6069B90AB2A63EACA38A45E4B6A87D781574F86817E4C2FCCC72690D62E2729520E37
310
9BAF234797BAF6D62B3BFC781FED37BA1E4F2B2F052FA9501A3E80569BB8F6A9A364D4FA67654E6F803383981F82F21591FF84F23D9882BC896C3FDBCF8C162508933B2E0AE4C69DD43F6BD2BE38DDDBF10BF86CB4FA784D37F3AF16075E67EC9030DECA1FC0A55373F5DFF3378C591FA9BDF485C10B0A8C8BA909E5262639
310
A8E72163488806A595734C81CB77D1DE0ED7604A303B76913CEC0272F412782FF88EFF4636D8AA56DF7B322474C4B767303F625997056C7B032C473C592B36CEBD15F3F9FF5233B7ABCDC74D257624A60F8658567497B14CE1EC3C80B76FD02011038F9EE9EB0F2E12387A9C844D3F09855125116D1D731DF8B43D2CF4E0A0
310
79A020C6BE946BCE0B7EA1E1219331CD73C228AF5A2DDD31A4B1DA918CE91350854D40A71723140BFA92E94E62B0626016CEFA5864A50E5977E8753CEDBEE1CBB7F52780D20E17AF0BA0F5F9B02A3AD07DCC732EB6D1EBB661421BE0C39E21BABF0FE16D22EA6929407C8DE596724C88B749B6DB5512BC7B228ADFD7CB7EA6
310
3A22397E690BA8D5D8D4E40CEC8CDA23C2C0B7D5898640101CEC9C6D331CE328CB93CAFBBAC70A642DF70DF95155945B52F08AA973C23469FD69ADEF84F7BB18F983A8F8C90E37F5D35980B2139A1C523540813E824EF83448CF7C72B598CE97D7CEEDDDDD3B6736BFBC771677EF66CE6A7E7139F7A793E9EDF2B2B3A8B624
310
0CDA13AA5F8388264EC4A0129909F3B7F5A16CEDF08128E97D680ACA4B9BE7B7B58BB638F0B00700EF36AE8B32A705658A68F83EE897FC2B41573190D1CCAF0B92D233A47CFEB019D9809933F67DD1A5467F8CF69AD9A5AE859342D45355448C64F968A371DC2D596ADC6E43D93D1B466F877A64E2893E54F23C4B40388995
310
525E5005DA3983ED45412510D3EFCA13737B3863F74BD30F2A12E5B4B5E489A025CE25500DB855B11ACE5BBFA185D35DD48D8DC3CE7DC69F2944DB42AA6F6CF09BCA622ADD08C7A36E7C6AE18000BAB08E040135C2D21C9D75B3A91B77BB746C403F38018DFE6EC939DD92F16B40BC05294B9CDA035AAD6D330AE27FE4786B
310
8E45145EA34A75BE1C263A676A35A8ACC6297337400BF16C54EF515F3F77CB77EB3583889C754FFA29081AA98E2222ADEF05DA3E63D2EDEA8B8756C05A7FB6CABC4A91CBF325398202CC952E70A008A830324BA200D5E5EF8F5F04C75DB4B0EE3340E071C98B823333B83577596BF3849B69F2085AA0FAFA212F26BEFF5877
310
FDE622B28D88A42E49E43326DA82D31E8CB006401E1DA726059ECEC168F97A6599036306A135688F9AD2E61A6EA178F4CD51974A9F2CCB9F36FE5EBD14601068D9C3BF01504B0304140006080000B670623B000000000000000000000000350000006662782F42384135303843342D343331462D343546312D424341352D35
310
32343432364645413344462F76657274696365732E62696E504B0304140006080800B670623BF270F1330600000004000000360000006662782F42384135303843342D343331462D343546312D424341352D3532343432364645413344462F747269616E676C65732E62696E636660600000504B0304140006080000B67062
310
3B000000000000000000000000370000006662782F42384135303843342D343331462D343546312D424341352D3532343432364645413344462F617474726962757465732E62696E504B0304140006080800B670623B08DA0BD19000000041010000360000006662782F42384135303843342D343331462D343546312D4243
310
41352D3532343432364645413344462F6469726563746F72792E786D6C858F410AC3201045AF22B36F53E9A60B35CBEEBAE80D244E44489C6234F4F835464A48035D0DF398FF9F8AF63D0E6CC63039F212F8F9020C7D47C6792B21C5FE7403D62A1188E2E60C98D7234A5830286103A55745067B9D86B8A3CF9C7F90C11DE6
310
07FB144396D7B6A82D282E9A152AD114D5EF2CB866EEE831B8EEA07A7BB5A8D7D61A2BAAEB7FD5F70921FF497D00504B0304140006080800B670623B3B4606F3FE000000A00100003B0000006662782F42384135303843342D343331462D343546312D424341352D3532343432364645413344462F7265736F75726365732F
310
636F72652E786D6C8D504B6E833010BD0A9A6D65B08134808CA354A427E8052C332156828DFCA97AFC9A40A576D7CDCCE87D344F8F9FBEE647F689CE6B6B7A6039850C8DB2A336530F315C4903D94970676DF82583CCC8197B5861107C72362E3BA4AC096842428D1D7107A5F71820538F74F4E0D50D6799CB1892C2DFF345
310
AABB9C306779A2934E701F5C0A906D4FD609C2A1B7D129F4BCD858C163D4E3AED163FAA9AF1A1D88F67CA98E6D35906AA82A52BFB39ABCD5CD915C86331BD86BD3B665CD8BD52C78D0F34F46E550061C419494B6843142CB0F5677F4D0D58717DA7494F26295FF31C565FCA7296A13AA728FBBD93C0896823C09C18BB5AFB4
310
9E65A6BD762BBE01504B010214000A0000080000B670623B3DEE336E79000000790000001B00000000000000000000000000000000006175746F6465736B2D64657369676E2D7061636B6167652E786D6C504B01021400140006080800B670623BD486FD9CA0000000F40000001300000000000000000000000000B2000000
310
5B436F6E74656E745F54797065735D2E786D6C504B01021400140006080800B670623B28ED286BEB0000007C010000080000000000000000000000000083010000636F72652E786D6C504B01021400140006080800B670623B55019EA25F0000007C000000070000000000000000000000000094020000636E782E786D6C50
310
4B01021400140006080800B670623B7BC41AC871010000D40300000C00000000000000000000000000180300006662782F636F72652E786D6C504B01021400140006080800B670623B70102A487D0000009D0000000B00000000000000000000000000B30400006662782F636E782E786D6C504B01021400140006080800B6
310
70623B3610CA3329010000120200003100000000000000000000000000590500006662782F42384135303843342D343331462D343546312D424341352D3532343432364645413344462F636F72652E786D6C504B01021400140006080800B670623B1B8617914E010000330300003000000000000000000000000000D10600
310
006662782F42384135303843342D343331462D343546312D424341352D3532343432364645413344462F636E782E786D6C504B01021400140006080800B670623BBFEF2E3B690500003C10000034000000000000000000000000006D0800006662782F42384135303843342D343331462D343546312D424341352D35323434
310
32364645413344462F6F626A656374732E786D6C504B01021400140006080000B670623B0000000000000000000000003500000000000000000000000000280E00006662782F42384135303843342D343331462D343546312D424341352D3532343432364645413344462F76657274696365732E62696E504B010214001400
310
06080800B670623BF270F133060000000400000036000000000000000000000000007B0E00006662782F42384135303843342D343331462D343546312D424341352D3532343432364645413344462F747269616E676C65732E62696E504B01021400140006080000B670623B00000000000000000000000037000000000000
310
00000000000000D50E00006662782F42384135303843342D343331462D343546312D424341352D3532343432364645413344462F617474726962757465732E62696E504B01021400140006080800B670623B08DA0BD1900000004101000036000000000000000000000000002A0F00006662782F42384135303843342D3433
310
31462D343546312D424341352D3532343432364645413344462F6469726563746F72792E786D6C504B01021400140006080800B670623B3B4606F3FE000000A00100003B000000000000000000000000000E1000006662782F42384135303843342D343331462D343546312D424341352D3532343432364645413344462F72
310
65736F75726365732F636F72652E786D6C504B0506000000000E000E0080040000651100000000
  0
XRECORD
  5
187
102
{ACAD_REACTORS
330
186
102
}
330
186
100
AcDbXrecord
280
     1
 70
     1
 90
429727718
  1
887D55A9-D0DD-414E-B741-A7DCD4DA2B4C
310
504B03040A0000080000B670623B3DEE336E79000000790000001B0000006175746F6465736B2D64657369676E2D7061636B6167652E786D6C3C3F786D6C2076657273696F6E3D22312E302220656E636F64696E673D227574662D3822203F3E3C666F726D6174733E3C666F726D61743E687474703A2F2F736368656D612E
310
6175746F6465736B2E636F6D2F64657369676E2D7061636B6167652F323030393C2F666F726D61743E3C2F666F726D6174733E504B0304140006080800B670623BD486FD9CA0000000F4000000130000005B436F6E74656E745F54797065735D2E786D6C7D8EC10E82300C865F65E91D8A1E8C310C0EEA1BF002731658846E
310
D98AC1B77784ABF1D8FE5FBFBF75BBCE937A534CCEB38643598122B6FEE978D0B0485F9C41B54DDD7D022595594E1A469170414C76A4D9A4D207E29CF43ECE46F218070CC6BECC4078ACAA135ACF422C856C0E68EA1BF5669944DDD7BCDE7B1F8E415D77AECB980613C2E4AC91FC167A2B244592486606FC29C8FD7F045B9A
310
EF7053A7E60B504B0304140006080800B670623BBC1638F5EC0000007C01000008000000636F72652E786D6C8D90416EC3201045AF82665B61836BE2D8C24471DB9CA01740401C94182C03558F5F9C3852BBEB6A467FFE9B197D7EF89E6EE8CB2CC17AD7032D0820E394D7D68D3DA478C67B4007C117EFE32F1B202727D3C3
310
2A83E0E3E2D3BC49CABB685CCCAAF3DA6CA20CC14440EA969B1E82BA98491632C5EC08D76296EA2A4753D06797E194AC468F2356E77DF66CCD02825543D50CACC62D39ED70FDC68EB8FD68F6F8787A6784342D1DDA1D2F5758F068A7E77DB518198D065111D2624A31A93E69DD11D6D5EC85EC3B4278B9DAFF4069D6FF8492
310
75F1B5DADE7D600104CD8FDC0782976B16B9DC83CA75CD4DFC00504B0304140006080800B670623B55019EA25F0000007C00000007000000636E782E786D6C4DCB3B0E80201045D1AD90E915ED2CF8AC45050C11660C8261F98AB1B07AC9C97D42D718D865D3E909258CFD00CCE24AC6E326A164D74DC0B4128928FF326038
310
472BA13128B1252AC747C6BAB984FC68F0B87FE8960A5C09FE86CFB69FBA01504B0304140006080800B670623B3586FFB671010000D40300000C0000006662782F636F72652E786D6CC553ED6E8320147D15C2DF4541A76D6D90A6DDD627D80B50A4CE54C120983EFEAE1F4DD7A55BBA5FF3879273EEE59E7310B6393735EA
310
95ED2AA3731C851423A5A5292A5DE6D8BB63B0C268C39935C67D29C3488B46E578803167A535BE9D2169B453DA01AA4DA16650749D7218C91A1639EEE4876A4428BC838AEE14B6429E44A9C228041AEA38EB9C0501681A32BC313F1ECE8C4C3867DE57C5CC56054CAB8E95B298A7F12E5EEED224C8E87E11242FE936C8DE96
310
AB60BB7F4D295D66D12E5B30323473E6AAE6A24E5A259C2A308F29CD82280A68FC1E256B9AAE93F489AED694323294DF34F9B678B0C957DA3DC7B3DCA9ADC33C022123F1CD2D44E450277AD04338234388F01913BE0D1A0281909D38D4171F27807A259DB1093085F157AA17B557309586747CD0CF0B46A64E983A6E0EAEEF
310
CE881F9EF1FB8E70D44297604238581EBC1B74B249C31C5AAB6CD0BB33D2C636A27ECCC62F0EFF445DC5DF95244D6DEC7F2922F30191F9F720C37DE49F504B0304140006080800B670623B4220A0FF7D0000009D0000000B0000006662782F636E782E786D6C4DCCD10A83201886E15B91FFDCE542CB0335D0EC3E6259C84A
310
C3E9D8E5AF46073BFAE0E1E315DD675BD1DBA5978F41C2FD4600B9F088930F8B849267CC01754AA418F3DF0D50183727E164506249B1EC174D6E1ECB9A0F5D7D785E68DB8151CD286E5A5363CA6B8A39E90D36D40E96B086F55A43A544F52B1D7B86D517504B0304140006080800B670623B2FA3FEDE290100001202000031
310
0000006662782F45374635344235342D363743322D343832342D383044432D4334454645303536354442422F636F72652E786D6C8D515B6EC32010BC0AE22B55850D2E386E848994D7097A0117488A1283C5A3CAF10BB523B57FF961D1ECCCECC0F2ED7DBC816FED8371B687A4C210682B9D32F6D2C314CFA883602BB8772E
310
FEA141608751F7B0C050F08B77695A20E96CD43666D43AA5177008414708E42D5F7A18E4971E876A483133C2B59A06791D2EBA22556E679EE021FA1C00CC43CA09C5717D6274C7286AD7FB06D1AEA1A8C3873DDAD3E3E98859CB0EBB1DAF67A1E02919B5C88DCA71CCD968FFAC49110B1ECDF8882FBD1EA256503418BF2342
310
106E3E08DD60B6A1EC15771B8C795DE8FF4469524F8A92B1F1AD59E2CEB20005E1F5DC105CB9F4797B84D1F7C9F908CABC55D0F2050A5C61CC1AD2F27A26E6E767C7962E8E213A9FBF7775FDCC5CC266DB960A5E970DE5F2BBBE5CCB36C50F504B0304140006080800B670623B1B8617914E01000033030000300000006662
310
782F45374635344235342D363743322D343832342D383044432D4334454645303536354442422F636E782E786D6CD593C16EC32010447F0571AD6CE3D489D20813A9877E410FBD62D82434182CC055F3F75D1292E692438FBD206B7698593D61BEFD1E2DF982108D773D6D6B460938E5B571FB9ECE6957AD29D90A1EBC4F77
310
364A9C1CA1A759A682EF839FA72269D8C9D92654AD71C72206887E0E0A22CAF926B15E498B01E0AA19451807D01A34B919F16B070157417138917400F2F6FA41FCF0092A45DEE414C19BDC21783E4BD39D891265658C3D8DEA00A3ACE59CBC8678ACB54CB26EEB6BD7839D7E9348BE70AD9C8321B9BCA7F9A4A26C542347DE
310
E050F09802D22BA6749A800A394DD62899107273365E3C82CFC6A55557BC06C10774B7ABE7AEC3B0F34CF06446280E154026D0542C187BA9DAB6628BF7B6DBB0E5A65B3EB1F58631DE64BBE083F7B65CC218087E22CABB042E51D1F2268F1FE12B3EA24D40D63E9CFE00120194D60B9D5BC67FE6D39CDF37E20AF817881F50
310
4B0304140006080800B670623B29652116630500003C100000340000006662782F45374635344235342D363743322D343832342D383044432D4334454645303536354442422F6F626A656374732E786D6CAD575D739B3814FD2B0CFB0C989834C90EA1639B24E3E9A6EDD4D3CE3E64C623834CD8006224913AFDF57B040203
310
B65BEF871F0C12D2FD3CF7E8CA7FBFCB33E3957291B2E2D674ED8969D02262715A24B76625B7D6B569BC0F7CCE98EC2D338D82E4F4D654D366E0279C55A59E8AE99654991CCDDECFFF3444440B6A1A514684B83545F44C7362934AB2988A173B2692D8C97667BB76B3702836E1A47C1E092D09A78584A5982F20C5688C7287
310
C389E904BEA3BE07BEFAD7ABA6A75739B53F43FD69212429A20365233153D70BEF2E2E6FAC4BCF9B5ADEBB0BD79ADFCF43CBBD9A4E16EF168B9BD9DD0D140BC921495BC2E9D60C1E101B9E46BED37CEA2CD6861F3329624541A3DA7F7858DBAC25C6B4A4458C3CA654405BCFEBC970E8AAD8F43E4FD558ABEC4F9FE7557F47
310
4F506B7BFBEC5BCA367FC105710E2AB8A00A554D7CB4A30DFE26FBA86D18CBF4B75418399194A72433B274C3097F33032C554B027F2046A1932B842B0FCCC0DDCBEBDB8AD2F835768F59B9ADB24C41D30C6A64AF817F2A456D59FA83F2E3DA60137255A585BCD60EC9B7929AC18DEFD49381AF1ED30BFDB109A4B1CD488294
310
C3CDE6EBC8D185AABD6568061FEE37BB95AAC7E3CA4BCE4ACAA5820FA0D526AE7DAA2869B5EE5999531BE0CC20E6FBA07C41E43FA27CF7A6206F3CDD793B4F6B919C1462CB788EDCD893FA674CDA17AB7B3B7C019F8D561FAEE966FED562DFE98C1D12C6A9FC015C2A35D7FF3D7FC398F591DA4B5FE0BFA2C0189FEA50AE22
310
92817A1ED3020951A03432862970F976B33383259812CC8E5D240BBA801CBCF8CE2BBEE3BF910DB6AAD5F79E05123AE2DB33981FB1ACCB02B69D00CB014FD68AB573A7627EF9BFD4CC2C5C7D58557C4B22FAA88925A4DBB44825CECE3D78FB060D1231F0E885BE7D673C86A3874958F593906B5502D1563157814FDAC3420D
310
F69A070A22EC4B98E23CFF171A1E5311D12C23056555ABA53B8614563B92D17D02AAB009E8F46284624E5F53D5490C560CCCC2591FF1B45421EB0EBD8EA7ED13BE7C5D7E0428CD60FEF60779EB13E6664FF711CB185F6FDED60D139A001FF60CD1FD6D086F1D51474901E26B2CB794A343BC8ED3EDB612E0DD2351FCB65CF4
310
33D511C9E14B5B40ADC6A6263DB0336A8F700DDF56271A024E70B0B3629DE21847591E55DED73D56206AB927E46FAABC5C939C55853C274C93D69FD6FA4E78BF8B11DF898C9ECD60553FAD39283BA6F18984AA23E8884F83F45C5F5F859797B31B2B9C84A1E5B9DE9D35BFF25C6B76152E422F9C5DCC3D847F5801ED09D5AF
310
41441327A25FF15487F9EB725FB666F048A4701E9A827292E6F97569A32DF61DEC01C0BB8DCBBCCC684E0B49147C1FD54BF685A0AB18C868E6973949E819523E3DAC463660E68C7D9F55A9D1EFA3BD7A76A16AE1A810F95CE59B82A4D968A376DC2E8B44BBDD86B27B368CDE0ED548C7137DA860591A83706223A12CA712B4
310
7306DBF39C0A20A6DF95C7FAF670C6EED7A61F946493D1D6926782963813403548A78AE470DEF80D2D9CEAA26E4D1C76F60BFE74219A06527D6B82DF641A51616F703CAAC6A7160E08A00BEB4810A0274592A1B36E3675E36E978A0DE80727A0D6DF2D39A75BD27E0D8837276589537B40ABB56D5A41F48F1C6FCD3188C4EB
310
A6929D2FFB89CE995A4D00AE813BDD032DC48B56BD437DFDDC2DD7AED70C2272D63DE9A72068A45A92F0A4BE17A8A06B9366E16707AD80B1FC649459952097E74BB23805982B55E0401150A165964402AA8BDF9F3E7386BB686EDCA780C0D382E5392BF460A6EFB2C6EA1937D3F809B440D5F5435C4C5CF7A9EEFAF54564BD
310
2182DA24162F98680B4E7930C21A0079709CEAEB99A372305ABE0C0D7D6078105A83F6A0296DAEE1068A47DD1C55A9F4C9B2FC69E3EFD44B81028E963DF81B504B0304140006080000B670623B000000000000000000000000350000006662782F45374635344235342D363743322D343832342D383044432D433445464530
310
3536354442422F76657274696365732E62696E504B0304140006080800B670623BF270F1330600000004000000360000006662782F45374635344235342D363743322D343832342D383044432D4334454645303536354442422F747269616E676C65732E62696E636660600000504B0304140006080000B670623B00000000
310
0000000000000000370000006662782F45374635344235342D363743322D343832342D383044432D4334454645303536354442422F617474726962757465732E62696E504B0304140006080800B670623B08DA0BD19000000041010000360000006662782F45374635344235342D363743322D343832342D383044432D4334
310
454645303536354442422F6469726563746F72792E786D6C858F410AC3201045AF22B36F53E9A60B35CBEEBAE80D244E44489C6234F4F835464A48035D0DF398FF9F8AF63D0E6CC63039F212F8F9020C7D47C6792B21C5FE7403D62A1188E2E60C98D7234A5830286103A55745067B9D86B8A3CF9C7F90C11DE607FB144396
310
D7B6A82D282E9A152AD114D5EF2CB866EEE831B8EEA07A7BB5A8D7D61A2BAAEB7FD5F70921FF497D00504B0304140006080800B670623B6378F24DFF000000A00100003B0000006662782F45374635344235342D363743322D343832342D383044432D4334454645303536354442422F7265736F75726365732F636F72652E
310
786D6C8D504B6E833010BD0A9A6D65B0094E42641C85B639412F6099496225D8C89FAAC7AF09546A77DDCC8CDE47F3F4C4F16B7C149FE88371B603565228D06A37187BED20C50BD9437194C23B177FC9A0B06AC40E6618A4B87A97A615D2CE46B431A3D60DB8822A048C50E8473E3A08FA86A32A558A5911EEE5A4F45D5DB1
310
6465A6B34E8A107D0E502C4FE609D26370C96B0CA25A58295232C3AA3143FE692E063D485EF7F5AEE71BD2D2F39634AFFC44DAF7DD9E9CCE6F9CD25DCBFA762BAAD92C4534E34F46ED51451C40D694B6843142EB0FD61C283F34FC85EE0F948A6A96FF31A569F8A729191B37F51A77B105902C0779125254735F793DCBCC7B
310
EE567E03504B010214000A0000080000B670623B3DEE336E79000000790000001B00000000000000000000000000000000006175746F6465736B2D64657369676E2D7061636B6167652E786D6C504B01021400140006080800B670623BD486FD9CA0000000F40000001300000000000000000000000000B20000005B436F6E
310
74656E745F54797065735D2E786D6C504B01021400140006080800B670623BBC1638F5EC0000007C010000080000000000000000000000000083010000636F72652E786D6C504B01021400140006080800B670623B55019EA25F0000007C000000070000000000000000000000000095020000636E782E786D6C504B010214
310
00140006080800B670623B3586FFB671010000D40300000C00000000000000000000000000190300006662782F636F72652E786D6C504B01021400140006080800B670623B4220A0FF7D0000009D0000000B00000000000000000000000000B40400006662782F636E782E786D6C504B01021400140006080800B670623B2F
310
A3FEDE290100001202000031000000000000000000000000005A0500006662782F45374635344235342D363743322D343832342D383044432D4334454645303536354442422F636F72652E786D6C504B01021400140006080800B670623B1B8617914E010000330300003000000000000000000000000000D2060000666278
310
2F45374635344235342D363743322D343832342D383044432D4334454645303536354442422F636E782E786D6C504B01021400140006080800B670623B29652116630500003C10000034000000000000000000000000006E0800006662782F45374635344235342D363743322D343832342D383044432D4334454645303536
310
354442422F6F626A656374732E786D6C504B01021400140006080000B670623B0000000000000000000000003500000000000000000000000000230E00006662782F45374635344235342D363743322D343832342D383044432D4334454645303536354442422F76657274696365732E62696E504B01021400140006080800
310
B670623BF270F13306000000040000003600000000000000000000000000760E00006662782F45374635344235342D363743322D343832342D383044432D4334454645303536354442422F747269616E676C65732E62696E504B01021400140006080000B670623B0000000000000000000000003700000000000000000000
310
000000D00E00006662782F45374635344235342D363743322D343832342D383044432D4334454645303536354442422F617474726962757465732E62696E504B01021400140006080800B670623B08DA0BD190000000410100003600000000000000000000000000250F00006662782F45374635344235342D363743322D34
310
3832342D383044432D4334454645303536354442422F6469726563746F72792E786D6C504B01021400140006080800B670623B6378F24DFF000000A00100003B00000000000000000000000000091000006662782F45374635344235342D363743322D343832342D383044432D4334454645303536354442422F7265736F75
310
726365732F636F72652E786D6C504B0506000000000E000E0080040000611100000000
  0
XRECORD
  5
112
102
{ACAD_REACTORS
330
110
102
}
330
110
100
AcDbXrecord
280
     1
270
     1
271
     1
  0
XRECORD
  5
111
102
{ACAD_REACTORS
330
110
102
}
330
110
100
AcDbXrecord
280
     1
270
     1
271
     1
  0
XRECORD
  5
18A
102
{ACAD_REACTORS
330
110
102
}
330
110
100
AcDbXrecord
280
     1
 70
     0
 90
1778669749
  1
9BF507EE-FAF7-4A99-A33D-4EE51894BC40
310
504B03040A0000080000B670623B3DEE336E79000000790000001B0000006175746F6465736B2D64657369676E2D7061636B6167652E786D6C3C3F786D6C2076657273696F6E3D22312E302220656E636F64696E673D227574662D3822203F3E3C666F726D6174733E3C666F726D61743E687474703A2F2F736368656D612E
310
6175746F6465736B2E636F6D2F64657369676E2D7061636B6167652F323030393C2F666F726D61743E3C2F666F726D6174733E504B0304140006080800B670623BD486FD9CA0000000F4000000130000005B436F6E74656E745F54797065735D2E786D6C7D8EC10E82300C865F65E91D8A1E8C310C0EEA1BF002731658846E
310
D98AC1B77784ABF1D8FE5FBFBF75BBCE937A534CCEB38643598122B6FEE978D0B0485F9C41B54DDD7D022595594E1A469170414C76A4D9A4D207E29CF43ECE46F218070CC6BECC4078ACAA135ACF422C856C0E68EA1BF5669944DDD7BCDE7B1F8E415D77AECB980613C2E4AC91FC167A2B244592486606FC29C8FD7F045B9A
310
EF7053A7E60B504B0304140006080800B670623BCA089DFFEC0000007C01000008000000636F72652E786D6C8D90416E83301045AF62CDB632D8402020E32882F604BD80653BC44AB011B6AB1EBF262152BBEB6A467FFE9B197D76FA9EEFE84BAFDE38DB03CD08206DA553C64E3DC470C1474027CE56E7C22F1B202B66DDC3
310
260367D3EAE2B24BD2D9A06D48AA754AEFA2F05E0740F29E9A1EBCBCEA59642286E4F0B76C11F226269DD15797E0188D42CF2346A57DE662F40ABCAEC77628C6120F654571D50C04B7F5B9C1E3997CD4F550BE3745C3F20DE62C98F9755FAE5A04AD801784B498524C8A4F5A75E4D055873772EC0861F966FF03C545FD138A
310
C686B2D8DF7D621E384D8F3C069CE55B16A93C824A75CB8DFF00504B0304140006080800B670623B55019EA25F0000007C00000007000000636E782E786D6C4DCB3B0E80201045D1AD90E915ED2CF8AC45050C11660C8261F98AB1B07AC9C97D42D718D865D3E909258CFD00CCE24AC6E326A164D74DC0B4128928FF326038
310
472BA13128B1252AC747C6BAB984FC68F0B87FE8960A5C09FE86CFB69FBA01504B0304140006080800B670623B68FC0B7272010000D40300000C0000006662782F636F72652E786D6CC5535B6E833010BC8AE5DF0A6C1E8124328E22D29EA01770C0A128602363A31CBFCB234A53A555FA553EC09AD9F5CE8C31DB5DDA060D
310
D2F4B556190E7C8A9154852E6B5565D8D993B7C668C799D1DA7E29C3488956667884316795D1AE5BA0422B2B950554E9522EA0E87B69312A1A5864B82F3E642B7CE12C54F467BF13C55954D20F7CA0A18EB3DE1A1080E621E31BF3D3F1C2C88C73E65C5D2E6C5DC2B4FA544B8379921C36797888BC3C8A032F4E73EA6D927D
310
EA1DF6F42D49F2E8350D5346C666CE6CDD5ED515460A2B4BCC434A375E1078347C0FE22D5D6DE3D50B5D6F2965642CBF6B725DF96493AB958DC245EEDCD6631E809089F8E61622B2A81703E8219C913144F84C09DF070D8140C8561C9BAB8F3340832CAC363130A576376A108D933095FA747AD0CF0B46E64E983A6D0EAE1F
310
CE089F9EF1FB8E70D44255604258581E9D1D75B259C3125A278D37D80B52DAB4A279CEC62F0EFF44DDC43F9454E8469BFF5244960322CBEF41C6FBC83F01504B0304140006080800B670623B0F71DDB67E0000009D0000000B0000006662782F636E782E786D6C4DCCD10A83201886E15B91FFDCA54DB73F502386BB8F5816
310
32D3703976F9ABD1C18E3E78F87855FB990379BBFCF2296AE02706C4C5471A7C9C349475A408A4352AA7B4FEDD80C47E761A7606A3A69CCA72D0E0C6BE8475D3E0E3F3409428EA6B27A84079A782899AA2EC1A7AE3ECCC2FD858CB2D544655BFD2B67BD87C01504B0304140006080800B670623BE134B4FB28010000120200
310
00310000006662782F38353834323741342D343835462D343034322D383541392D4331303331363839454531452F636F72652E786D6C8D515B6EC32010BC0AE22B55850D0EA424C24451959EA0172086A42831583CAA1CBF503B52FB971F16CDCECC0EACD8DFC71BF836215AEF7A481A0C817183D7D65D7A98D3197108F652
310
04EFD31F1A044E8DA6871586525C82CFD3020DDE25E352419DD76601558C264130DCCAA58771F832A36A544E8511AFCDA486ABBA988634A55D7852C4144A00300FA927949C71DABD1D28A29C7D208A6987383B6CD13BC16BB2E1DBE3911C453B0BA5C8D9EA456E758963CFD684674DAA588A64C747FC2118958C86B2C3788B
310
0841B8FB247487D98EB257CC77188BB6D2FF89F2A49F1465EBD2BA5BE2CEB2082511EDDC9042FB7CBA3DC298FBE4430275DE2A9AE1054ADC60CC08E3A29D89E5F9C5714317C7987C28DFBBBA9E0A97B0D97643A568EB864AF95D5FA9759BF207504B0304140006080800B670623B1B8617914E010000330300003000000066
310
62782F38353834323741342D343835462D343034322D383541392D4331303331363839454531452F636E782E786D6CD593C16EC32010447F0571AD6CE3D489D20813A9877E410FBD62D82434182CC055F3F75D1292E692438FBD206B7698593D61BEFD1E2DF982108D773D6D6B460938E5B571FB9ECE6957AD29D90A1EBC4F
310
77364A9C1CA1A759A682EF839FA72269D8C9D92654AD71C72206887E0E0A22CAF926B15E498B01E0AA19451807D01A34B919F16B070157417138917400F2F6FA41FCF0092A45DEE414C19BDC21783E4BD39D891265658C3D8DEA00A3ACE59CBC8678ACB54CB26EEB6BD7839D7E9348BE70AD9C8321B9BCA7F9A4A26C542347
310
DEE050F09802D22BA6749A800A394DD62899107273365E3C82CFC6A55557BC06C10774B7ABE7AEC3B0F34CF06446280E154026D0542C187BA9DAB6628BF7B6DBB0E5A65B3EB1F58631DE64BBE083F7B65CC218087E22CABB042E51D1F2268F1FE12B3EA24D40D63E9CFE00120194D60B9D5BC67FE6D39CDF37E20AF817881F
310
504B0304140006080800B670623B5933D422630500003B100000340000006662782F38353834323741342D343835462D343034322D383541392D4331303331363839454531452F6F626A656374732E786D6CAD575B6FA33814FE2B887D0642934E9B156594264D158D3A534DD4D13E548A0C38942D60649B4EBABF7E3F8321
310
40924EF6928780CDF1B97EE762EFF32E4B8D37CA45C2F21BD3B547A641F39045491EDF98A5DC5AD7A6F1D9F73863B243661A39C9E88DA9B64DDF8B392B0BBD15D12D295339D85DDEFE618890E6D434C2940871638AF08566C426A5641115AF764424B1E3EDCE76ED9AB0CF36E6A47819302D08A7B984A6D8CFC1C5A89572FB
310
CB91E9F89EA3BEFB9EFAD754E3D3544E654F5F7E920B49F2F040D880CDD89D2CEE2E2EA7D6E56432B6269F2E5CEB7679BBB0DCABF168FE693E9FCEEEA6102C240727AD09A75BD3BF876F78127A4EFDA9D5582B7E4CA590E5390D2BFB6161A5B3E618D182E611E2985001691DAB47FDA5AB7CD3F93C566B2DB2BB7D9E55DD13
310
1D468DEECDB3AB290BFE8409E21C54704115AA6AFF68436BFC8DF65E0B184BF5B74418199194272435D224E084BF9B3E481589EFF5D828747285706581E9BB7B7E5D5D911ABFC6EE312DB7659A2A689A7E85EC0DF04FA5A8344BFEA2FCB834E8845895492EAFB541F2BDA0A63FF59C6AD3F7D4637CA13FD68E34B629891172
310
98597F1D183A57B9B75A98FE9765B05BAB7C3C2EBCE0ACA05C2AF8005A4DE09AA7F29216EB9E15397500C6F47CBE77CA7778FE2BD277AF0AE2C693DD6437D1522427B9D8329E2136F6A8FA19A3E6C56ADF0E5F50CF06D48734EDCEBF22F69C56D97EC138153F804B85E6FABFC7AFEFB32E523BE1F3BD372418E363EDCA7548
310
52949E8724474014288D94610BB57C1BEC4C7F854A89CA8E5324F55B871CBC78CE1BBEE3BFE68D6A5589EF3C730474506FCFA8FCF0659516D0ED04580EEA6425581B77CAE797FF4BCECC16EB2FEB926F49481F746159D06D922712BD730FDEAE42BD40F42C7AA5EF3F198F60E86110D6DD20645A9480B795CF95E3E3A659A8
310
C55E724F408873315335CFFB8584874484344D494E59D94869DB90C26A5B64F49C802CAC1D3ABE18A098D3B7444D123D8A9E5AE8F5214F0AE5B2B6E9B575DA3E61CBD3EA2B4009FA940524DD1305FB6A1FB294F14DF0BEA90BA109ECE1481FDC3FFAE8D60E75141700BE82725371B4873751B2DD960265F788137FACE6DD40
310
B575E4F0A5C99F46629D92131467A41EE11ABD8D4CCC039CA0AFB37C93A08B232B8F0AEFCA1E0A1015DF13FC83322B362463652ECF71D3A8B1A7D1BE65DE1D62C44F22C317D35F574FEB16153BA2D13E543D10A80E74C4A65E78A6B7CBCBD1D5DD9DB59C2DAFACC96C3AB566E3F1C29ADCDD5DBAD7D3C9ED7C822ED74F80A6
310
41755310DE4443F44A9E68373FADF6596BFA0F440AE7BECE2727AE9F4F2B1B53B1E7E00CF0DD1E5C65454A339A4BA2D0FBA05ED2EF0443458F47BDBFCA484CCFE0F2ED7E3DD0013B679C7B5499467F0ECEEADDB9CA85A34CE44B99053949D2C1416DB85DE4B136BB7165FBAC0B7AB3542BED4F8CA182A549847A1319316519
310
95A83A67147B9E5101C47487F2485F1ECE38FD568F839204296D3479219888530154036E6528FBFBC66F98E0D4107563A2D7D9AFF8D389681A08F58D89F22693900A3B407754734FC51C10C010D6D640809EE4718AC1BA3ED4AEDB53CA37283F68805A7E4B72CEB0A4EDEAD5DD8C14059A76AFAA56BA6901E13F32BC51C720
310
12AF41295B5BF61BAD3195181FB506E6B40F4C10AF5AF40EF9F5B159AE5DD1F43C72D635E94310D45C2D49785C5D0B94D3B54AB3C5A38349C0587D338AB48C11CBF339599C02CCA54A70A008A8D03C0B2201D5F9EFCF8F9CE12A9A19CB0410789EB32C63B95ECCF455D658BFE0621A3DA32C5075FB101723D77DAE867E7D0F
310
D90444509B44E2151B4DC2290B065803200FBAA9BE9D392A0603F2D5C2D00D6302A615680F66D2FA166E2079D4C551A54AB758161FCEFD4E450A14704CECFEDF504B0304140006080000B670623B000000000000000000000000350000006662782F38353834323741342D343835462D343034322D383541392D4331303331
310
363839454531452F76657274696365732E62696E504B0304140006080800B670623BF270F1330600000004000000360000006662782F38353834323741342D343835462D343034322D383541392D4331303331363839454531452F747269616E676C65732E62696E636660600000504B0304140006080000B670623B000000
310
000000000000000000370000006662782F38353834323741342D343835462D343034322D383541392D4331303331363839454531452F617474726962757465732E62696E504B0304140006080800B670623B08DA0BD19000000041010000360000006662782F38353834323741342D343835462D343034322D383541392D43
310
31303331363839454531452F6469726563746F72792E786D6C858F410AC3201045AF22B36F53E9A60B35CBEEBAE80D244E44489C6234F4F835464A48035D0DF398FF9F8AF63D0E6CC63039F212F8F9020C7D47C6792B21C5FE7403D62A1188E2E60C98D7234A5830286103A55745067B9D86B8A3CF9C7F90C11DE607FB1443
310
96D7B6A82D282E9A152AD114D5EF2CB866EEE831B8EEA07A7BB5A8D7D61A2BAAEB7FD5F70921FF497D00504B0304140006080800B670623BD9A3B367FE000000A00100003B0000006662782F38353834323741342D343835462D343034322D383541392D4331303331363839454531452F7265736F75726365732F636F7265
310
2E786D6C8D504B6E833010BD0A9A6D65B01D0201194711694FD00B586642AD043BF2A7EAF16B122AB5BB6E6646EFA3797AE2F8B5DC8A4FF4C1383B002B291468B59B8C9D0748F1420E501CA5F0CEC55F3228AC5A708015062966EFD27D83B4B3116DCCA875136EA00A012314FA968F0182FEC045952AC5AC08D7F2AEF455CD
310
58B232D3592745883E07289E4FD609D26370C96B0CA27AB252A464A64D63A6FCD35C0C7A904D73EE467EE664DCD58CD4ED4849D79C5A723ED1B7A61977AF2D6F45B59AA58866F9C9A83DAA8813484E6947182394BFB3BAA7FBBEDEBFD0434FA9A856F91F53BA4FFF342563E38E6F719FB60092E5200F428A6AED2BAF479979
310
AFDDCA6F504B010214000A0000080000B670623B3DEE336E79000000790000001B00000000000000000000000000000000006175746F6465736B2D64657369676E2D7061636B6167652E786D6C504B01021400140006080800B670623BD486FD9CA0000000F40000001300000000000000000000000000B20000005B436F6E
310
74656E745F54797065735D2E786D6C504B01021400140006080800B670623BCA089DFFEC0000007C010000080000000000000000000000000083010000636F72652E786D6C504B01021400140006080800B670623B55019EA25F0000007C000000070000000000000000000000000095020000636E782E786D6C504B010214
310
00140006080800B670623B68FC0B7272010000D40300000C00000000000000000000000000190300006662782F636F72652E786D6C504B01021400140006080800B670623B0F71DDB67E0000009D0000000B00000000000000000000000000B50400006662782F636E782E786D6C504B01021400140006080800B670623BE1
310
34B4FB280100001202000031000000000000000000000000005C0500006662782F38353834323741342D343835462D343034322D383541392D4331303331363839454531452F636F72652E786D6C504B01021400140006080800B670623B1B8617914E010000330300003000000000000000000000000000D3060000666278
310
2F38353834323741342D343835462D343034322D383541392D4331303331363839454531452F636E782E786D6C504B01021400140006080800B670623B5933D422630500003B10000034000000000000000000000000006F0800006662782F38353834323741342D343835462D343034322D383541392D4331303331363839
310
454531452F6F626A656374732E786D6C504B01021400140006080000B670623B0000000000000000000000003500000000000000000000000000240E00006662782F38353834323741342D343835462D343034322D383541392D4331303331363839454531452F76657274696365732E62696E504B01021400140006080800
310
B670623BF270F13306000000040000003600000000000000000000000000770E00006662782F38353834323741342D343835462D343034322D383541392D4331303331363839454531452F747269616E676C65732E62696E504B01021400140006080000B670623B0000000000000000000000003700000000000000000000
310
000000D10E00006662782F38353834323741342D343835462D343034322D383541392D4331303331363839454531452F617474726962757465732E62696E504B01021400140006080800B670623B08DA0BD190000000410100003600000000000000000000000000260F00006662782F38353834323741342D343835462D34
310
3034322D383541392D4331303331363839454531452F6469726563746F72792E786D6C504B01021400140006080800B670623BD9A3B367FE000000A00100003B000000000000000000000000000A1000006662782F38353834323741342D343835462D343034322D383541392D4331303331363839454531452F7265736F75
310
726365732F636F72652E786D6C504B0506000000000E000E0080040000611100000000
  0
XRECORD
  5
113
102
{ACAD_REACTORS
330
110
102
}
330
110
100
AcDbXrecord
280
     1
270
     1
271
     1
  0
XRECORD
  5
114
102
{ACAD_REACTORS
330
110
102
}
330
110
100
AcDbXrecord
280
     1
270
     1
271
     1
  0
XRECORD
  5
216D
102
{ACAD_REACTORS
330
216C
102
}
330
216C
100
AcDbXrecord
280
     1
102
DISPLAYNAME
  1
Imperial24
102
FLAGS
 90
        0
  0
CELLSTYLEMAP
  5
2131
102
{ACAD_REACTORS
330
104
102
}
330
104
100
AcDbCellStyleMap
 90
        3
300
CELLSTYLE
  1
TABLEFORMAT_BEGIN
 90
        5
170
     1
 91
        0
 92
    32768
 62
   257
 93
        1
300
CONTENTFORMAT
  1
CONTENTFORMAT_BEGIN
 90
        0
 91
        0
 92
      512
 93
        0
300

 40
0.0
140
1.0
 94
        5
 62
     0
340
11
144
0.25
309
CONTENTFORMAT_END
171
     1
301
MARGIN
  1
CELLMARGIN_BEGIN
 40
0.06
 40
0.06
 40
0.06
 40
0.06
 40
0.18
 40
0.18
309
CELLMARGIN_END
 94
        6
 95
        1
302
GRIDFORMAT
  1
GRIDFORMAT_BEGIN
 90
        0
 91
        1
 62
     0
 92
       -2
340
0
 93
        0
 40
0.045
309
GRIDFORMAT_END
 95
        2
302
GRIDFORMAT
  1
GRIDFORMAT_BEGIN
 90
        0
 91
        1
 62
     0
 92
       -2
340
0
 93
        0
 40
0.045
309
GRIDFORMAT_END
 95
        4
302
GRIDFORMAT
  1
GRIDFORMAT_BEGIN
 90
        0
 91
        1
 62
     0
 92
       -2
340
0
 93
        0
 40
0.045
309
GRIDFORMAT_END
 95
        8
302
GRIDFORMAT
  1
GRIDFORMAT_BEGIN
 90
        0
 91
        1
 62
     0
 92
       -2
340
0
 93
        0
 40
0.045
309
GRIDFORMAT_END
 95
       16
302
GRIDFORMAT
  1
GRIDFORMAT_BEGIN
 90
        0
 91
        1
 62
     0
 92
       -2
340
0
 93
        0
 40
0.045
309
GRIDFORMAT_END
 95
       32
302
GRIDFORMAT
  1
GRIDFORMAT_BEGIN
 90
        0
 91
        1
 62
     0
 92
       -2
340
0
 93
        0
 40
0.045
309
GRIDFORMAT_END
309
TABLEFORMAT_END
  1
CELLSTYLE_BEGIN
 90
        1
 91
        1
300
_TITLE
309
CELLSTYLE_END
300
CELLSTYLE
  1
TABLEFORMAT_BEGIN
 90
        5
170
     1
 91
        0
 92
        0
 62
   257
 93
        1
300
CONTENTFORMAT
  1
CONTENTFORMAT_BEGIN
 90
        0
 91
        0
 92
      512
 93
        0
300

 40
0.0
140
1.0
 94
        5
 62
     0
340
11
144
0.18
309
CONTENTFORMAT_END
171
     1
301
MARGIN
  1
CELLMARGIN_BEGIN
 40
0.06
 40
0.06
 40
0.06
 40
0.06
 40
0.18
 40
0.18
309
CELLMARGIN_END
 94
        6
 95
        1
302
GRIDFORMAT
  1
GRIDFORMAT_BEGIN
 90
        0
 91
        1
 62
     0
 92
       -2
340
0
 93
        0
 40
0.045
309
GRIDFORMAT_END
 95
        2
302
GRIDFORMAT
  1
GRIDFORMAT_BEGIN
 90
        0
 91
        1
 62
     0
 92
       -2
340
0
 93
        0
 40
0.045
309
GRIDFORMAT_END
 95
        4
302
GRIDFORMAT
  1
GRIDFORMAT_BEGIN
 90
        0
 91
        1
 62
     0
 92
       -2
340
0
 93
        0
 40
0.045
309
GRIDFORMAT_END
 95
        8
302
GRIDFORMAT
  1
GRIDFORMAT_BEGIN
 90
        0
 91
        1
 62
     0
 92
       -2
340
0
 93
        0
 40
0.045
309
GRIDFORMAT_END
 95
       16
302
GRIDFORMAT
  1
GRIDFORMAT_BEGIN
 90
        0
 91
        1
 62
     0
 92
       -2
340
0
 93
        0
 40
0.045
309
GRIDFORMAT_END
 95
       32
302
GRIDFORMAT
  1
GRIDFORMAT_BEGIN
 90
        0
 91
        1
 62
     0
 92
       -2
340
0
 93
        0
 40
0.045
309
GRIDFORMAT_END
309
TABLEFORMAT_END
  1
CELLSTYLE_BEGIN
 90
        2
 91
        1
300
_HEADER
309
CELLSTYLE_END
300
CELLSTYLE
  1
TABLEFORMAT_BEGIN
 90
        5
170
     1
 91
        0
 92
        0
 62
   257
 93
        1
300
CONTENTFORMAT
  1
CONTENTFORMAT_BEGIN
 90
        0
 91
        0
 92
      512
 93
        0
300

 40
0.0
140
1.0
 94
        2
 62
     0
340
11
144
0.18
309
CONTENTFORMAT_END
171
     1
301
MARGIN
  1
CELLMARGIN_BEGIN
 40
0.06
 40
0.06
 40
0.06
 40
0.06
 40
0.18
 40
0.18
309
CELLMARGIN_END
 94
        6
 95
        1
302
GRIDFORMAT
  1
GRIDFORMAT_BEGIN
 90
        0
 91
        1
 62
     0
 92
       -2
340
0
 93
        0
 40
0.045
309
GRIDFORMAT_END
 95
        2
302
GRIDFORMAT
  1
GRIDFORMAT_BEGIN
 90
        0
 91
        1
 62
     0
 92
       -2
340
0
 93
        0
 40
0.045
309
GRIDFORMAT_END
 95
        4
302
GRIDFORMAT
  1
GRIDFORMAT_BEGIN
 90
        0
 91
        1
 62
     0
 92
       -2
340
0
 93
        0
 40
0.045
309
GRIDFORMAT_END
 95
        8
302
GRIDFORMAT
  1
GRIDFORMAT_BEGIN
 90
        0
 91
        1
 62
     0
 92
       -2
340
0
 93
        0
 40
0.045
309
GRIDFORMAT_END
 95
       16
302
GRIDFORMAT
  1
GRIDFORMAT_BEGIN
 90
        0
 91
        1
 62
     0
 92
       -2
340
0
 93
        0
 40
0.045
309
GRIDFORMAT_END
 95
       32
302
GRIDFORMAT
  1
GRIDFORMAT_BEGIN
 90
        0
 91
        1
 62
     0
 92
       -2
340
0
 93
        0
 40
0.045
309
GRIDFORMAT_END
309
TABLEFORMAT_END
  1
CELLSTYLE_BEGIN
 90
        3
 91
        2
300
_DATA
309
CELLSTYLE_END
  0
XRECORD
  5
2147
102
{ACAD_REACTORS
330
2146
102
}
330
2146
100
AcDbXrecord
280
     1
102
RTVSPost2010Prop28
280
     1
102
RTVSPost2010PropOp28
 70
     1
102
RTVSPost2010Prop29
280
     1
102
RTVSPost2010PropOp29
 70
     1
102
RTVSPost2010Prop30
280
     0
102
RTVSPost2010PropOp30
 70
     1
102
RTVSPost2010Prop31
280
     0
102
RTVSPost2010PropOp31
 70
     1
102
RTVSPost2010Prop32
280
     0
102
RTVSPost2010PropOp32
 70
     1
102
RTVSPost2010Prop33
280
     0
102
RTVSPost2010PropOp33
 70
     1
102
RTVSPost2010Prop34
280
     0
102
RTVSPost2010PropOp34
 70
     1
102
RTVSPost2010Prop35
280
     0
102
RTVSPost2010PropOp35
 70
     1
102
RTVSPost2010Prop36
280
     0
102
RTVSPost2010PropOp36
 70
     1
102
RTVSPost2010Prop37
 90
       50
102
RTVSPost2010PropOp37
 70
     1
102
RTVSPost2010Prop38
140
0.0
102
RTVSPost2010PropOp38
 70
     1
102
RTVSPost2010Prop39
140
1.0
102
RTVSPost2010PropOp39
 70
     1
102
RTVSPost2010Prop40
 90
        0
102
RTVSPost2010PropOp40
 70
     1
102
RTVSPost2010Prop41ColorIndex
 90
       18
102
RTVSPost2010Prop41ColorRGB
 90
        0
102
RTVSPost2010PropOp41
 70
     1
102
RTVSPost2010Prop42
 90
       50
102
RTVSPost2010PropOp42
 70
     1
102
RTVSPost2010Prop43
 90
        3
102
RTVSPost2010PropOp43
 70
     1
102
RTVSPost2010Prop44ColorIndex
 90
        5
102
RTVSPost2010Prop44ColorRGB
 90
      255
102
RTVSPost2010PropOp44
 70
     1
102
RTVSPost2010Prop45
280
     0
102
RTVSPost2010PropOp45
 70
     1
102
RTVSPost2010Prop46
 90
       50
102
RTVSPost2010PropOp46
 70
     1
102
RTVSPost2010Prop47
 90
       50
102
RTVSPost2010PropOp47
 70
     1
102
RTVSPost2010Prop48
 90
       50
102
RTVSPost2010PropOp48
 70
     1
102
RTVSPost2010Prop49
280
     0
102
RTVSPost2010PropOp49
 70
     1
102
RTVSPost2010Prop50
 90
       50
102
RTVSPost2010PropOp50
 70
     1
102
RTVSPost2010Prop51ColorIndex
 90
      256
102
RTVSPost2010Prop51ColorRGB
 90
-16777216
102
RTVSPost2010PropOp51
 70
     0
102
RTVSPost2010Prop52
140
1.0
102
RTVSPost2010PropOp52
 70
     0
102
RTVSPost2010Prop53
 90
        2
102
RTVSPost2010PropOp53
 70
     1
102
RTVSPost2010Prop54
  1
strokes_ogs.tif
102
RTVSPost2010PropOp54
 70
     1
102
RTVSPost2010Prop55
280
     0
102
RTVSPost2010PropOp55
 70
     1
102
RTVSPost2010Prop56
140
1.0
102
RTVSPost2010PropOp56
 70
     1
102
RTVSPost2010Prop57
140
1.0
102
RTVSPost2010PropOp57
 70
     1
  0
XRECORD
  5
2145
102
{ACAD_REACTORS
330
2144
102
}
330
2144
100
AcDbXrecord
280
     1
102
RTVSPost2010Prop28
280
     0
102
RTVSPost2010PropOp28
 70
     1
102
RTVSPost2010Prop29
280
     1
102
RTVSPost2010PropOp29
 70
     1
102
RTVSPost2010Prop30
280
     1
102
RTVSPost2010PropOp30
 70
     1
102
RTVSPost2010Prop31
280
     0
102
RTVSPost2010PropOp31
 70
     1
102
RTVSPost2010Prop32
280
     0
102
RTVSPost2010PropOp32
 70
     1
102
RTVSPost2010Prop33
280
     0
102
RTVSPost2010PropOp33
 70
     1
102
RTVSPost2010Prop34
280
     0
102
RTVSPost2010PropOp34
 70
     1
102
RTVSPost2010Prop35
280
     0
102
RTVSPost2010PropOp35
 70
     1
102
RTVSPost2010Prop36
280
     0
102
RTVSPost2010PropOp36
 70
     1
102
RTVSPost2010Prop37
 90
       50
102
RTVSPost2010PropOp37
 70
     1
102
RTVSPost2010Prop38
140
0.0
102
RTVSPost2010PropOp38
 70
     1
102
RTVSPost2010Prop39
140
1.0
102
RTVSPost2010PropOp39
 70
     1
102
RTVSPost2010Prop40
 90
        0
102
RTVSPost2010PropOp40
 70
     1
102
RTVSPost2010Prop41ColorIndex
 90
       18
102
RTVSPost2010Prop41ColorRGB
 90
        0
102
RTVSPost2010PropOp41
 70
     1
102
RTVSPost2010Prop42
 90
       50
102
RTVSPost2010PropOp42
 70
     1
102
RTVSPost2010Prop43
 90
        3
102
RTVSPost2010PropOp43
 70
     1
102
RTVSPost2010Prop44ColorIndex
 90
        5
102
RTVSPost2010Prop44ColorRGB
 90
      255
102
RTVSPost2010PropOp44
 70
     1
102
RTVSPost2010Prop45
280
     0
102
RTVSPost2010PropOp45
 70
     1
102
RTVSPost2010Prop46
 90
       50
102
RTVSPost2010PropOp46
 70
     1
102
RTVSPost2010Prop47
 90
       50
102
RTVSPost2010PropOp47
 70
     1
102
RTVSPost2010Prop48
 90
       50
102
RTVSPost2010PropOp48
 70
     1
102
RTVSPost2010Prop49
280
     0
102
RTVSPost2010PropOp49
 70
     1
102
RTVSPost2010Prop50
 90
       50
102
RTVSPost2010PropOp50
 70
     1
102
RTVSPost2010Prop51ColorIndex
 90
      256
102
RTVSPost2010Prop51ColorRGB
 90
-16777216
102
RTVSPost2010PropOp51
 70
     0
102
RTVSPost2010Prop52
140
1.0
102
RTVSPost2010PropOp52
 70
     0
102
RTVSPost2010Prop53
 90
        2
102
RTVSPost2010PropOp53
 70
     1
102
RTVSPost2010Prop54
  1
strokes_ogs.tif
102
RTVSPost2010PropOp54
 70
     1
102
RTVSPost2010Prop55
280
     0
102
RTVSPost2010PropOp55
 70
     1
102
RTVSPost2010Prop56
140
1.0
102
RTVSPost2010PropOp56
 70
     1
102
RTVSPost2010Prop57
140
1.0
102
RTVSPost2010PropOp57
 70
     1
  0
XRECORD
  5
2153
102
{ACAD_REACTORS
330
2152
102
}
330
2152
100
AcDbXrecord
280
     1
102
RTVSPost2010Prop28
280
     0
102
RTVSPost2010PropOp28
 70
     1
102
RTVSPost2010Prop29
280
     1
102
RTVSPost2010PropOp29
 70
     1
102
RTVSPost2010Prop30
280
     1
102
RTVSPost2010PropOp30
 70
     1
102
RTVSPost2010Prop31
280
     0
102
RTVSPost2010PropOp31
 70
     1
102
RTVSPost2010Prop32
280
     0
102
RTVSPost2010PropOp32
 70
     1
102
RTVSPost2010Prop33
280
     0
102
RTVSPost2010PropOp33
 70
     1
102
RTVSPost2010Prop34
280
     0
102
RTVSPost2010PropOp34
 70
     1
102
RTVSPost2010Prop35
280
     0
102
RTVSPost2010PropOp35
 70
     1
102
RTVSPost2010Prop36
280
     0
102
RTVSPost2010PropOp36
 70
     1
102
RTVSPost2010Prop37
 90
       50
102
RTVSPost2010PropOp37
 70
     1
102
RTVSPost2010Prop38
140
0.0
102
RTVSPost2010PropOp38
 70
     1
102
RTVSPost2010Prop39
140
1.0
102
RTVSPost2010PropOp39
 70
     1
102
RTVSPost2010Prop40
 90
        0
102
RTVSPost2010PropOp40
 70
     1
102
RTVSPost2010Prop41ColorIndex
 90
       18
102
RTVSPost2010Prop41ColorRGB
 90
        0
102
RTVSPost2010PropOp41
 70
     1
102
RTVSPost2010Prop42
 90
       50
102
RTVSPost2010PropOp42
 70
     1
102
RTVSPost2010Prop43
 90
        3
102
RTVSPost2010PropOp43
 70
     1
102
RTVSPost2010Prop44ColorIndex
 90
        5
102
RTVSPost2010Prop44ColorRGB
 90
      255
102
RTVSPost2010PropOp44
 70
     1
102
RTVSPost2010Prop45
280
     0
102
RTVSPost2010PropOp45
 70
     1
102
RTVSPost2010Prop46
 90
       50
102
RTVSPost2010PropOp46
 70
     1
102
RTVSPost2010Prop47
 90
       50
102
RTVSPost2010PropOp47
 70
     1
102
RTVSPost2010Prop48
 90
       50
102
RTVSPost2010PropOp48
 70
     1
102
RTVSPost2010Prop49
280
     0
102
RTVSPost2010PropOp49
 70
     1
102
RTVSPost2010Prop50
 90
       50
102
RTVSPost2010PropOp50
 70
     1
102
RTVSPost2010Prop51ColorIndex
 90
      256
102
RTVSPost2010Prop51ColorRGB
 90
-16777216
102
RTVSPost2010PropOp51
 70
     0
102
RTVSPost2010Prop52
140
1.0
102
RTVSPost2010PropOp52
 70
     0
102
RTVSPost2010Prop53
 90
        2
102
RTVSPost2010PropOp53
 70
     1
102
RTVSPost2010Prop54
  1
strokes_ogs.tif
102
RTVSPost2010PropOp54
 70
     1
102
RTVSPost2010Prop55
280
     0
102
RTVSPost2010PropOp55
 70
     1
102
RTVSPost2010Prop56
140
1.0
102
RTVSPost2010PropOp56
 70
     1
102
RTVSPost2010Prop57
140
1.0
102
RTVSPost2010PropOp57
 70
     1
  0
XRECORD
  5
215B
102
{ACAD_REACTORS
330
215A
102
}
330
215A
100
AcDbXrecord
280
     1
102
RTVSPost2010Prop28
280
     0
102
RTVSPost2010PropOp28
 70
     1
102
RTVSPost2010Prop29
280
     1
102
RTVSPost2010PropOp29
 70
     1
102
RTVSPost2010Prop30
280
     1
102
RTVSPost2010PropOp30
 70
     1
102
RTVSPost2010Prop31
280
     0
102
RTVSPost2010PropOp31
 70
     1
102
RTVSPost2010Prop32
280
     0
102
RTVSPost2010PropOp32
 70
     1
102
RTVSPost2010Prop33
280
     0
102
RTVSPost2010PropOp33
 70
     1
102
RTVSPost2010Prop34
280
     0
102
RTVSPost2010PropOp34
 70
     1
102
RTVSPost2010Prop35
280
     0
102
RTVSPost2010PropOp35
 70
     1
102
RTVSPost2010Prop36
280
     0
102
RTVSPost2010PropOp36
 70
     1
102
RTVSPost2010Prop37
 90
       50
102
RTVSPost2010PropOp37
 70
     1
102
RTVSPost2010Prop38
140
0.0
102
RTVSPost2010PropOp38
 70
     1
102
RTVSPost2010Prop39
140
1.0
102
RTVSPost2010PropOp39
 70
     1
102
RTVSPost2010Prop40
 90
        0
102
RTVSPost2010PropOp40
 70
     1
102
RTVSPost2010Prop41ColorIndex
 90
       18
102
RTVSPost2010Prop41ColorRGB
 90
        0
102
RTVSPost2010PropOp41
 70
     1
102
RTVSPost2010Prop42
 90
       50
102
RTVSPost2010PropOp42
 70
     1
102
RTVSPost2010Prop43
 90
        3
102
RTVSPost2010PropOp43
 70
     1
102
RTVSPost2010Prop44ColorIndex
 90
        5
102
RTVSPost2010Prop44ColorRGB
 90
      255
102
RTVSPost2010PropOp44
 70
     1
102
RTVSPost2010Prop45
280
     0
102
RTVSPost2010PropOp45
 70
     1
102
RTVSPost2010Prop46
 90
       50
102
RTVSPost2010PropOp46
 70
     1
102
RTVSPost2010Prop47
 90
       50
102
RTVSPost2010PropOp47
 70
     1
102
RTVSPost2010Prop48
 90
       50
102
RTVSPost2010PropOp48
 70
     1
102
RTVSPost2010Prop49
280
     0
102
RTVSPost2010PropOp49
 70
     1
102
RTVSPost2010Prop50
 90
       50
102
RTVSPost2010PropOp50
 70
     1
102
RTVSPost2010Prop51ColorIndex
 90
      256
102
RTVSPost2010Prop51ColorRGB
 90
-16777216
102
RTVSPost2010PropOp51
 70
     0
102
RTVSPost2010Prop52
140
1.0
102
RTVSPost2010PropOp52
 70
     0
102
RTVSPost2010Prop53
 90
        2
102
RTVSPost2010PropOp53
 70
     1
102
RTVSPost2010Prop54
  1
strokes_ogs.tif
102
RTVSPost2010PropOp54
 70
     1
102
RTVSPost2010Prop55
280
     0
102
RTVSPost2010PropOp55
 70
     1
102
RTVSPost2010Prop56
140
1.0
102
RTVSPost2010PropOp56
 70
     1
102
RTVSPost2010Prop57
140
1.0
102
RTVSPost2010PropOp57
 70
     1
  0
XRECORD
  5
214D
102
{ACAD_REACTORS
330
214C
102
}
330
214C
100
AcDbXrecord
280
     1
102
RTVSPost2010Prop28
280
     0
102
RTVSPost2010PropOp28
 70
     1
102
RTVSPost2010Prop29
280
     1
102
RTVSPost2010PropOp29
 70
     1
102
RTVSPost2010Prop30
280
     1
102
RTVSPost2010PropOp30
 70
     1
102
RTVSPost2010Prop31
280
     0
102
RTVSPost2010PropOp31
 70
     1
102
RTVSPost2010Prop32
280
     0
102
RTVSPost2010PropOp32
 70
     1
102
RTVSPost2010Prop33
280
     0
102
RTVSPost2010PropOp33
 70
     1
102
RTVSPost2010Prop34
280
     0
102
RTVSPost2010PropOp34
 70
     1
102
RTVSPost2010Prop35
280
     0
102
RTVSPost2010PropOp35
 70
     1
102
RTVSPost2010Prop36
280
     0
102
RTVSPost2010PropOp36
 70
     1
102
RTVSPost2010Prop37
 90
       50
102
RTVSPost2010PropOp37
 70
     1
102
RTVSPost2010Prop38
140
0.0
102
RTVSPost2010PropOp38
 70
     1
102
RTVSPost2010Prop39
140
1.0
102
RTVSPost2010PropOp39
 70
     1
102
RTVSPost2010Prop40
 90
        0
102
RTVSPost2010PropOp40
 70
     1
102
RTVSPost2010Prop41ColorIndex
 90
       18
102
RTVSPost2010Prop41ColorRGB
 90
        0
102
RTVSPost2010PropOp41
 70
     1
102
RTVSPost2010Prop42
 90
       50
102
RTVSPost2010PropOp42
 70
     1
102
RTVSPost2010Prop43
 90
        3
102
RTVSPost2010PropOp43
 70
     1
102
RTVSPost2010Prop44ColorIndex
 90
        5
102
RTVSPost2010Prop44ColorRGB
 90
      255
102
RTVSPost2010PropOp44
 70
     1
102
RTVSPost2010Prop45
280
     0
102
RTVSPost2010PropOp45
 70
     1
102
RTVSPost2010Prop46
 90
       50
102
RTVSPost2010PropOp46
 70
     1
102
RTVSPost2010Prop47
 90
       50
102
RTVSPost2010PropOp47
 70
     1
102
RTVSPost2010Prop48
 90
       50
102
RTVSPost2010PropOp48
 70
     1
102
RTVSPost2010Prop49
280
     0
102
RTVSPost2010PropOp49
 70
     1
102
RTVSPost2010Prop50
 90
       50
102
RTVSPost2010PropOp50
 70
     1
102
RTVSPost2010Prop51ColorIndex
 90
      256
102
RTVSPost2010Prop51ColorRGB
 90
-16777216
102
RTVSPost2010PropOp51
 70
     0
102
RTVSPost2010Prop52
140
1.0
102
RTVSPost2010PropOp52
 70
     0
102
RTVSPost2010Prop53
 90
        2
102
RTVSPost2010PropOp53
 70
     1
102
RTVSPost2010Prop54
  1
strokes_ogs.tif
102
RTVSPost2010PropOp54
 70
     1
102
RTVSPost2010Prop55
280
     0
102
RTVSPost2010PropOp55
 70
     1
102
RTVSPost2010Prop56
140
1.0
102
RTVSPost2010PropOp56
 70
     1
102
RTVSPost2010Prop57
140
1.0
102
RTVSPost2010PropOp57
 70
     1
  0
XRECORD
  5
2151
102
{ACAD_REACTORS
330
2150
102
}
330
2150
100
AcDbXrecord
280
     1
102
RTVSPost2010Prop28
280
     0
102
RTVSPost2010PropOp28
 70
     1
102
RTVSPost2010Prop29
280
     1
102
RTVSPost2010PropOp29
 70
     1
102
RTVSPost2010Prop30
280
     1
102
RTVSPost2010PropOp30
 70
     1
102
RTVSPost2010Prop31
280
     0
102
RTVSPost2010PropOp31
 70
     1
102
RTVSPost2010Prop32
280
     0
102
RTVSPost2010PropOp32
 70
     1
102
RTVSPost2010Prop33
280
     0
102
RTVSPost2010PropOp33
 70
     1
102
RTVSPost2010Prop34
280
     0
102
RTVSPost2010PropOp34
 70
     1
102
RTVSPost2010Prop35
280
     0
102
RTVSPost2010PropOp35
 70
     1
102
RTVSPost2010Prop36
280
     0
102
RTVSPost2010PropOp36
 70
     1
102
RTVSPost2010Prop37
 90
       50
102
RTVSPost2010PropOp37
 70
     1
102
RTVSPost2010Prop38
140
0.0
102
RTVSPost2010PropOp38
 70
     1
102
RTVSPost2010Prop39
140
1.0
102
RTVSPost2010PropOp39
 70
     1
102
RTVSPost2010Prop40
 90
        0
102
RTVSPost2010PropOp40
 70
     1
102
RTVSPost2010Prop41ColorIndex
 90
       18
102
RTVSPost2010Prop41ColorRGB
 90
        0
102
RTVSPost2010PropOp41
 70
     1
102
RTVSPost2010Prop42
 90
       50
102
RTVSPost2010PropOp42
 70
     1
102
RTVSPost2010Prop43
 90
        3
102
RTVSPost2010PropOp43
 70
     1
102
RTVSPost2010Prop44ColorIndex
 90
        5
102
RTVSPost2010Prop44ColorRGB
 90
      255
102
RTVSPost2010PropOp44
 70
     1
102
RTVSPost2010Prop45
280
     0
102
RTVSPost2010PropOp45
 70
     1
102
RTVSPost2010Prop46
 90
       50
102
RTVSPost2010PropOp46
 70
     1
102
RTVSPost2010Prop47
 90
       50
102
RTVSPost2010PropOp47
 70
     1
102
RTVSPost2010Prop48
 90
       50
102
RTVSPost2010PropOp48
 70
     1
102
RTVSPost2010Prop49
280
     0
102
RTVSPost2010PropOp49
 70
     1
102
RTVSPost2010Prop50
 90
       50
102
RTVSPost2010PropOp50
 70
     1
102
RTVSPost2010Prop51ColorIndex
 90
      256
102
RTVSPost2010Prop51ColorRGB
 90
-16777216
102
RTVSPost2010PropOp51
 70
     0
102
RTVSPost2010Prop52
140
1.0
102
RTVSPost2010PropOp52
 70
     0
102
RTVSPost2010Prop53
 90
        2
102
RTVSPost2010PropOp53
 70
     1
102
RTVSPost2010Prop54
  1
strokes_ogs.tif
102
RTVSPost2010PropOp54
 70
     1
102
RTVSPost2010Prop55
280
     0
102
RTVSPost2010PropOp55
 70
     1
102
RTVSPost2010Prop56
140
1.0
102
RTVSPost2010PropOp56
 70
     1
102
RTVSPost2010Prop57
140
1.0
102
RTVSPost2010PropOp57
 70
     1
  0
XRECORD
  5
2161
102
{ACAD_REACTORS
330
2160
102
}
330
2160
100
AcDbXrecord
280
     1
102
RTVSPost2010Prop28
280
     0
102
RTVSPost2010PropOp28
 70
     1
102
RTVSPost2010Prop29
280
     1
102
RTVSPost2010PropOp29
 70
     1
102
RTVSPost2010Prop30
280
     1
102
RTVSPost2010PropOp30
 70
     1
102
RTVSPost2010Prop31
280
     0
102
RTVSPost2010PropOp31
 70
     1
102
RTVSPost2010Prop32
280
     0
102
RTVSPost2010PropOp32
 70
     1
102
RTVSPost2010Prop33
280
     0
102
RTVSPost2010PropOp33
 70
     1
102
RTVSPost2010Prop34
280
     0
102
RTVSPost2010PropOp34
 70
     1
102
RTVSPost2010Prop35
280
     0
102
RTVSPost2010PropOp35
 70
     1
102
RTVSPost2010Prop36
280
     0
102
RTVSPost2010PropOp36
 70
     1
102
RTVSPost2010Prop37
 90
       50
102
RTVSPost2010PropOp37
 70
     1
102
RTVSPost2010Prop38
140
0.0
102
RTVSPost2010PropOp38
 70
     1
102
RTVSPost2010Prop39
140
1.0
102
RTVSPost2010PropOp39
 70
     1
102
RTVSPost2010Prop40
 90
        0
102
RTVSPost2010PropOp40
 70
     1
102
RTVSPost2010Prop41ColorIndex
 90
       18
102
RTVSPost2010Prop41ColorRGB
 90
        0
102
RTVSPost2010PropOp41
 70
     1
102
RTVSPost2010Prop42
 90
       50
102
RTVSPost2010PropOp42
 70
     1
102
RTVSPost2010Prop43
 90
        3
102
RTVSPost2010PropOp43
 70
     1
102
RTVSPost2010Prop44ColorIndex
 90
        5
102
RTVSPost2010Prop44ColorRGB
 90
      255
102
RTVSPost2010PropOp44
 70
     1
102
RTVSPost2010Prop45
280
     0
102
RTVSPost2010PropOp45
 70
     1
102
RTVSPost2010Prop46
 90
       50
102
RTVSPost2010PropOp46
 70
     1
102
RTVSPost2010Prop47
 90
       50
102
RTVSPost2010PropOp47
 70
     1
102
RTVSPost2010Prop48
 90
       50
102
RTVSPost2010PropOp48
 70
     1
102
RTVSPost2010Prop49
280
     0
102
RTVSPost2010PropOp49
 70
     1
102
RTVSPost2010Prop50
 90
       50
102
RTVSPost2010PropOp50
 70
     1
102
RTVSPost2010Prop51ColorIndex
 90
      256
102
RTVSPost2010Prop51ColorRGB
 90
-16777216
102
RTVSPost2010PropOp51
 70
     0
102
RTVSPost2010Prop52
140
1.0
102
RTVSPost2010PropOp52
 70
     0
102
RTVSPost2010Prop53
 90
        2
102
RTVSPost2010PropOp53
 70
     1
102
RTVSPost2010Prop54
  1
strokes_ogs.tif
102
RTVSPost2010PropOp54
 70
     1
102
RTVSPost2010Prop55
280
     0
102
RTVSPost2010PropOp55
 70
     1
102
RTVSPost2010Prop56
140
1.0
102
RTVSPost2010PropOp56
 70
     1
102
RTVSPost2010Prop57
140
1.0
102
RTVSPost2010PropOp57
 70
     1
  0
XRECORD
  5
2159
102
{ACAD_REACTORS
330
2158
102
}
330
2158
100
AcDbXrecord
280
     1
102
RTVSPost2010Prop28
280
     0
102
RTVSPost2010PropOp28
 70
     1
102
RTVSPost2010Prop29
280
     1
102
RTVSPost2010PropOp29
 70
     1
102
RTVSPost2010Prop30
280
     1
102
RTVSPost2010PropOp30
 70
     1
102
RTVSPost2010Prop31
280
     0
102
RTVSPost2010PropOp31
 70
     1
102
RTVSPost2010Prop32
280
     0
102
RTVSPost2010PropOp32
 70
     1
102
RTVSPost2010Prop33
280
     0
102
RTVSPost2010PropOp33
 70
     1
102
RTVSPost2010Prop34
280
     0
102
RTVSPost2010PropOp34
 70
     1
102
RTVSPost2010Prop35
280
     0
102
RTVSPost2010PropOp35
 70
     1
102
RTVSPost2010Prop36
280
     0
102
RTVSPost2010PropOp36
 70
     1
102
RTVSPost2010Prop37
 90
       50
102
RTVSPost2010PropOp37
 70
     1
102
RTVSPost2010Prop38
140
0.0
102
RTVSPost2010PropOp38
 70
     1
102
RTVSPost2010Prop39
140
1.0
102
RTVSPost2010PropOp39
 70
     1
102
RTVSPost2010Prop40
 90
        0
102
RTVSPost2010PropOp40
 70
     1
102
RTVSPost2010Prop41ColorIndex
 90
       18
102
RTVSPost2010Prop41ColorRGB
 90
        0
102
RTVSPost2010PropOp41
 70
     1
102
RTVSPost2010Prop42
 90
       50
102
RTVSPost2010PropOp42
 70
     1
102
RTVSPost2010Prop43
 90
        3
102
RTVSPost2010PropOp43
 70
     1
102
RTVSPost2010Prop44ColorIndex
 90
        5
102
RTVSPost2010Prop44ColorRGB
 90
      255
102
RTVSPost2010PropOp44
 70
     1
102
RTVSPost2010Prop45
280
     0
102
RTVSPost2010PropOp45
 70
     1
102
RTVSPost2010Prop46
 90
       50
102
RTVSPost2010PropOp46
 70
     1
102
RTVSPost2010Prop47
 90
       50
102
RTVSPost2010PropOp47
 70
     1
102
RTVSPost2010Prop48
 90
       50
102
RTVSPost2010PropOp48
 70
     1
102
RTVSPost2010Prop49
280
     0
102
RTVSPost2010PropOp49
 70
     1
102
RTVSPost2010Prop50
 90
       50
102
RTVSPost2010PropOp50
 70
     1
102
RTVSPost2010Prop51ColorIndex
 90
      256
102
RTVSPost2010Prop51ColorRGB
 90
-16777216
102
RTVSPost2010PropOp51
 70
     0
102
RTVSPost2010Prop52
140
1.0
102
RTVSPost2010PropOp52
 70
     0
102
RTVSPost2010Prop53
 90
        2
102
RTVSPost2010PropOp53
 70
     1
102
RTVSPost2010Prop54
  1
strokes_ogs.tif
102
RTVSPost2010PropOp54
 70
     1
102
RTVSPost2010Prop55
280
     0
102
RTVSPost2010PropOp55
 70
     1
102
RTVSPost2010Prop56
140
1.0
102
RTVSPost2010PropOp56
 70
     1
102
RTVSPost2010Prop57
140
1.0
102
RTVSPost2010PropOp57
 70
     1
  0
XRECORD
  5
213D
102
{ACAD_REACTORS
330
213C
102
}
330
213C
100
AcDbXrecord
280
     1
102
RTVSPost2010Prop28
280
     0
102
RTVSPost2010PropOp28
 70
     1
102
RTVSPost2010Prop29
280
     1
102
RTVSPost2010PropOp29
 70
     1
102
RTVSPost2010Prop30
280
     1
102
RTVSPost2010PropOp30
 70
     1
102
RTVSPost2010Prop31
280
     0
102
RTVSPost2010PropOp31
 70
     1
102
RTVSPost2010Prop32
280
     0
102
RTVSPost2010PropOp32
 70
     1
102
RTVSPost2010Prop33
280
     0
102
RTVSPost2010PropOp33
 70
     1
102
RTVSPost2010Prop34
280
     0
102
RTVSPost2010PropOp34
 70
     1
102
RTVSPost2010Prop35
280
     0
102
RTVSPost2010PropOp35
 70
     1
102
RTVSPost2010Prop36
280
     0
102
RTVSPost2010PropOp36
 70
     1
102
RTVSPost2010Prop37
 90
       50
102
RTVSPost2010PropOp37
 70
     1
102
RTVSPost2010Prop38
140
0.0
102
RTVSPost2010PropOp38
 70
     1
102
RTVSPost2010Prop39
140
1.0
102
RTVSPost2010PropOp39
 70
     1
102
RTVSPost2010Prop40
 90
        0
102
RTVSPost2010PropOp40
 70
     1
102
RTVSPost2010Prop41ColorIndex
 90
       18
102
RTVSPost2010Prop41ColorRGB
 90
        0
102
RTVSPost2010PropOp41
 70
     1
102
RTVSPost2010Prop42
 90
       50
102
RTVSPost2010PropOp42
 70
     1
102
RTVSPost2010Prop43
 90
        3
102
RTVSPost2010PropOp43
 70
     1
102
RTVSPost2010Prop44ColorIndex
 90
        5
102
RTVSPost2010Prop44ColorRGB
 90
      255
102
RTVSPost2010PropOp44
 70
     1
102
RTVSPost2010Prop45
280
     0
102
RTVSPost2010PropOp45
 70
     1
102
RTVSPost2010Prop46
 90
       50
102
RTVSPost2010PropOp46
 70
     1
102
RTVSPost2010Prop47
 90
       50
102
RTVSPost2010PropOp47
 70
     1
102
RTVSPost2010Prop48
 90
       50
102
RTVSPost2010PropOp48
 70
     1
102
RTVSPost2010Prop49
280
     0
102
RTVSPost2010PropOp49
 70
     1
102
RTVSPost2010Prop50
 90
       50
102
RTVSPost2010PropOp50
 70
     1
102
RTVSPost2010Prop51ColorIndex
 90
      256
102
RTVSPost2010Prop51ColorRGB
 90
-16777216
102
RTVSPost2010PropOp51
 70
     0
102
RTVSPost2010Prop52
140
1.0
102
RTVSPost2010PropOp52
 70
     0
102
RTVSPost2010Prop53
 90
        2
102
RTVSPost2010PropOp53
 70
     1
102
RTVSPost2010Prop54
  1
strokes_ogs.tif
102
RTVSPost2010PropOp54
 70
     1
102
RTVSPost2010Prop55
280
     0
102
RTVSPost2010PropOp55
 70
     1
102
RTVSPost2010Prop56
140
1.0
102
RTVSPost2010PropOp56
 70
     1
102
RTVSPost2010Prop57
140
1.0
102
RTVSPost2010PropOp57
 70
     1
  0
XRECORD
  5
213F
102
{ACAD_REACTORS
330
213E
102
}
330
213E
100
AcDbXrecord
280
     1
102
RTVSPost2010Prop28
280
     0
102
RTVSPost2010PropOp28
 70
     1
102
RTVSPost2010Prop29
280
     1
102
RTVSPost2010PropOp29
 70
     1
102
RTVSPost2010Prop30
280
     1
102
RTVSPost2010PropOp30
 70
     1
102
RTVSPost2010Prop31
280
     0
102
RTVSPost2010PropOp31
 70
     1
102
RTVSPost2010Prop32
280
     0
102
RTVSPost2010PropOp32
 70
     1
102
RTVSPost2010Prop33
280
     0
102
RTVSPost2010PropOp33
 70
     1
102
RTVSPost2010Prop34
280
     0
102
RTVSPost2010PropOp34
 70
     1
102
RTVSPost2010Prop35
280
     0
102
RTVSPost2010PropOp35
 70
     1
102
RTVSPost2010Prop36
280
     0
102
RTVSPost2010PropOp36
 70
     1
102
RTVSPost2010Prop37
 90
       50
102
RTVSPost2010PropOp37
 70
     1
102
RTVSPost2010Prop38
140
0.0
102
RTVSPost2010PropOp38
 70
     1
102
RTVSPost2010Prop39
140
1.0
102
RTVSPost2010PropOp39
 70
     1
102
RTVSPost2010Prop40
 90
        0
102
RTVSPost2010PropOp40
 70
     1
102
RTVSPost2010Prop41ColorIndex
 90
       18
102
RTVSPost2010Prop41ColorRGB
 90
        0
102
RTVSPost2010PropOp41
 70
     1
102
RTVSPost2010Prop42
 90
       50
102
RTVSPost2010PropOp42
 70
     1
102
RTVSPost2010Prop43
 90
        3
102
RTVSPost2010PropOp43
 70
     1
102
RTVSPost2010Prop44ColorIndex
 90
        5
102
RTVSPost2010Prop44ColorRGB
 90
      255
102
RTVSPost2010PropOp44
 70
     1
102
RTVSPost2010Prop45
280
     0
102
RTVSPost2010PropOp45
 70
     1
102
RTVSPost2010Prop46
 90
       50
102
RTVSPost2010PropOp46
 70
     1
102
RTVSPost2010Prop47
 90
       50
102
RTVSPost2010PropOp47
 70
     1
102
RTVSPost2010Prop48
 90
       50
102
RTVSPost2010PropOp48
 70
     1
102
RTVSPost2010Prop49
280
     0
102
RTVSPost2010PropOp49
 70
     1
102
RTVSPost2010Prop50
 90
       50
102
RTVSPost2010PropOp50
 70
     1
102
RTVSPost2010Prop51ColorIndex
 90
      256
102
RTVSPost2010Prop51ColorRGB
 90
-16777216
102
RTVSPost2010PropOp51
 70
     0
102
RTVSPost2010Prop52
140
1.0
102
RTVSPost2010PropOp52
 70
     0
102
RTVSPost2010Prop53
 90
        2
102
RTVSPost2010PropOp53
 70
     1
102
RTVSPost2010Prop54
  1
strokes_ogs.tif
102
RTVSPost2010PropOp54
 70
     1
102
RTVSPost2010Prop55
280
     0
102
RTVSPost2010PropOp55
 70
     1
102
RTVSPost2010Prop56
140
1.0
102
RTVSPost2010PropOp56
 70
     1
102
RTVSPost2010Prop57
140
1.0
102
RTVSPost2010PropOp57
 70
     1
  0
XRECORD
  5
2141
102
{ACAD_REACTORS
330
2140
102
}
330
2140
100
AcDbXrecord
280
     1
102
RTVSPost2010Prop28
280
     0
102
RTVSPost2010PropOp28
 70
     1
102
RTVSPost2010Prop29
280
     1
102
RTVSPost2010PropOp29
 70
     1
102
RTVSPost2010Prop30
280
     1
102
RTVSPost2010PropOp30
 70
     1
102
RTVSPost2010Prop31
280
     0
102
RTVSPost2010PropOp31
 70
     1
102
RTVSPost2010Prop32
280
     0
102
RTVSPost2010PropOp32
 70
     1
102
RTVSPost2010Prop33
280
     0
102
RTVSPost2010PropOp33
 70
     1
102
RTVSPost2010Prop34
280
     0
102
RTVSPost2010PropOp34
 70
     1
102
RTVSPost2010Prop35
280
     0
102
RTVSPost2010PropOp35
 70
     1
102
RTVSPost2010Prop36
280
     0
102
RTVSPost2010PropOp36
 70
     1
102
RTVSPost2010Prop37
 90
       50
102
RTVSPost2010PropOp37
 70
     1
102
RTVSPost2010Prop38
140
0.0
102
RTVSPost2010PropOp38
 70
     1
102
RTVSPost2010Prop39
140
1.0
102
RTVSPost2010PropOp39
 70
     1
102
RTVSPost2010Prop40
 90
        0
102
RTVSPost2010PropOp40
 70
     1
102
RTVSPost2010Prop41ColorIndex
 90
       18
102
RTVSPost2010Prop41ColorRGB
 90
        0
102
RTVSPost2010PropOp41
 70
     1
102
RTVSPost2010Prop42
 90
       50
102
RTVSPost2010PropOp42
 70
     1
102
RTVSPost2010Prop43
 90
        3
102
RTVSPost2010PropOp43
 70
     1
102
RTVSPost2010Prop44ColorIndex
 90
        5
102
RTVSPost2010Prop44ColorRGB
 90
      255
102
RTVSPost2010PropOp44
 70
     1
102
RTVSPost2010Prop45
280
     0
102
RTVSPost2010PropOp45
 70
     1
102
RTVSPost2010Prop46
 90
       50
102
RTVSPost2010PropOp46
 70
     1
102
RTVSPost2010Prop47
 90
       50
102
RTVSPost2010PropOp47
 70
     1
102
RTVSPost2010Prop48
 90
       50
102
RTVSPost2010PropOp48
 70
     1
102
RTVSPost2010Prop49
280
     0
102
RTVSPost2010PropOp49
 70
     1
102
RTVSPost2010Prop50
 90
       50
102
RTVSPost2010PropOp50
 70
     1
102
RTVSPost2010Prop51ColorIndex
 90
      256
102
RTVSPost2010Prop51ColorRGB
 90
-16777216
102
RTVSPost2010PropOp51
 70
     0
102
RTVSPost2010Prop52
140
1.0
102
RTVSPost2010PropOp52
 70
     0
102
RTVSPost2010Prop53
 90
        2
102
RTVSPost2010PropOp53
 70
     1
102
RTVSPost2010Prop54
  1
strokes_ogs.tif
102
RTVSPost2010PropOp54
 70
     1
102
RTVSPost2010Prop55
280
     0
102
RTVSPost2010PropOp55
 70
     1
102
RTVSPost2010Prop56
140
1.0
102
RTVSPost2010PropOp56
 70
     1
102
RTVSPost2010Prop57
140
1.0
102
RTVSPost2010PropOp57
 70
     1
  0
XRECORD
  5
2143
102
{ACAD_REACTORS
330
2142
102
}
330
2142
100
AcDbXrecord
280
     1
102
RTVSPost2010Prop28
280
     0
102
RTVSPost2010PropOp28
 70
     1
102
RTVSPost2010Prop29
280
     1
102
RTVSPost2010PropOp29
 70
     1
102
RTVSPost2010Prop30
280
     1
102
RTVSPost2010PropOp30
 70
     1
102
RTVSPost2010Prop31
280
     0
102
RTVSPost2010PropOp31
 70
     1
102
RTVSPost2010Prop32
280
     0
102
RTVSPost2010PropOp32
 70
     1
102
RTVSPost2010Prop33
280
     0
102
RTVSPost2010PropOp33
 70
     1
102
RTVSPost2010Prop34
280
     0
102
RTVSPost2010PropOp34
 70
     1
102
RTVSPost2010Prop35
280
     0
102
RTVSPost2010PropOp35
 70
     1
102
RTVSPost2010Prop36
280
     0
102
RTVSPost2010PropOp36
 70
     1
102
RTVSPost2010Prop37
 90
       50
102
RTVSPost2010PropOp37
 70
     1
102
RTVSPost2010Prop38
140
0.0
102
RTVSPost2010PropOp38
 70
     1
102
RTVSPost2010Prop39
140
1.0
102
RTVSPost2010PropOp39
 70
     1
102
RTVSPost2010Prop40
 90
        0
102
RTVSPost2010PropOp40
 70
     1
102
RTVSPost2010Prop41ColorIndex
 90
       18
102
RTVSPost2010Prop41ColorRGB
 90
        0
102
RTVSPost2010PropOp41
 70
     1
102
RTVSPost2010Prop42
 90
       50
102
RTVSPost2010PropOp42
 70
     1
102
RTVSPost2010Prop43
 90
        3
102
RTVSPost2010PropOp43
 70
     1
102
RTVSPost2010Prop44ColorIndex
 90
        5
102
RTVSPost2010Prop44ColorRGB
 90
      255
102
RTVSPost2010PropOp44
 70
     1
102
RTVSPost2010Prop45
280
     0
102
RTVSPost2010PropOp45
 70
     1
102
RTVSPost2010Prop46
 90
       50
102
RTVSPost2010PropOp46
 70
     1
102
RTVSPost2010Prop47
 90
       50
102
RTVSPost2010PropOp47
 70
     1
102
RTVSPost2010Prop48
 90
       50
102
RTVSPost2010PropOp48
 70
     1
102
RTVSPost2010Prop49
280
     0
102
RTVSPost2010PropOp49
 70
     1
102
RTVSPost2010Prop50
 90
       50
102
RTVSPost2010PropOp50
 70
     1
102
RTVSPost2010Prop51ColorIndex
 90
      256
102
RTVSPost2010Prop51ColorRGB
 90
-16777216
102
RTVSPost2010PropOp51
 70
     0
102
RTVSPost2010Prop52
140
1.0
102
RTVSPost2010PropOp52
 70
     0
102
RTVSPost2010Prop53
 90
        2
102
RTVSPost2010PropOp53
 70
     1
102
RTVSPost2010Prop54
  1
strokes_ogs.tif
102
RTVSPost2010PropOp54
 70
     1
102
RTVSPost2010Prop55
280
     0
102
RTVSPost2010PropOp55
 70
     1
102
RTVSPost2010Prop56
140
1.0
102
RTVSPost2010PropOp56
 70
     1
102
RTVSPost2010Prop57
140
1.0
102
RTVSPost2010PropOp57
 70
     1
  0
XRECORD
  5
214B
102
{ACAD_REACTORS
330
214A
102
}
330
214A
100
AcDbXrecord
280
     1
102
RTVSPost2010Prop28
280
     0
102
RTVSPost2010PropOp28
 70
     1
102
RTVSPost2010Prop29
280
     1
102
RTVSPost2010PropOp29
 70
     1
102
RTVSPost2010Prop30
280
     1
102
RTVSPost2010PropOp30
 70
     1
102
RTVSPost2010Prop31
280
     0
102
RTVSPost2010PropOp31
 70
     1
102
RTVSPost2010Prop32
280
     0
102
RTVSPost2010PropOp32
 70
     1
102
RTVSPost2010Prop33
280
     0
102
RTVSPost2010PropOp33
 70
     1
102
RTVSPost2010Prop34
280
     0
102
RTVSPost2010PropOp34
 70
     1
102
RTVSPost2010Prop35
280
     0
102
RTVSPost2010PropOp35
 70
     1
102
RTVSPost2010Prop36
280
     0
102
RTVSPost2010PropOp36
 70
     1
102
RTVSPost2010Prop37
 90
       50
102
RTVSPost2010PropOp37
 70
     1
102
RTVSPost2010Prop38
140
0.0
102
RTVSPost2010PropOp38
 70
     1
102
RTVSPost2010Prop39
140
1.0
102
RTVSPost2010PropOp39
 70
     1
102
RTVSPost2010Prop40
 90
        0
102
RTVSPost2010PropOp40
 70
     1
102
RTVSPost2010Prop41ColorIndex
 90
       18
102
RTVSPost2010Prop41ColorRGB
 90
        0
102
RTVSPost2010PropOp41
 70
     1
102
RTVSPost2010Prop42
 90
       50
102
RTVSPost2010PropOp42
 70
     1
102
RTVSPost2010Prop43
 90
        3
102
RTVSPost2010PropOp43
 70
     1
102
RTVSPost2010Prop44ColorIndex
 90
        5
102
RTVSPost2010Prop44ColorRGB
 90
      255
102
RTVSPost2010PropOp44
 70
     1
102
RTVSPost2010Prop45
280
     0
102
RTVSPost2010PropOp45
 70
     1
102
RTVSPost2010Prop46
 90
       50
102
RTVSPost2010PropOp46
 70
     1
102
RTVSPost2010Prop47
 90
       50
102
RTVSPost2010PropOp47
 70
     1
102
RTVSPost2010Prop48
 90
       50
102
RTVSPost2010PropOp48
 70
     1
102
RTVSPost2010Prop49
280
     0
102
RTVSPost2010PropOp49
 70
     1
102
RTVSPost2010Prop50
 90
       50
102
RTVSPost2010PropOp50
 70
     1
102
RTVSPost2010Prop51ColorIndex
 90
      256
102
RTVSPost2010Prop51ColorRGB
 90
-16777216
102
RTVSPost2010PropOp51
 70
     0
102
RTVSPost2010Prop52
140
1.0
102
RTVSPost2010PropOp52
 70
     0
102
RTVSPost2010Prop53
 90
        2
102
RTVSPost2010PropOp53
 70
     1
102
RTVSPost2010Prop54
  1
strokes_ogs.tif
102
RTVSPost2010PropOp54
 70
     1
102
RTVSPost2010Prop55
280
     0
102
RTVSPost2010PropOp55
 70
     1
102
RTVSPost2010Prop56
140
1.0
102
RTVSPost2010PropOp56
 70
     1
102
RTVSPost2010Prop57
140
1.0
102
RTVSPost2010PropOp57
 70
     1
  0
XRECORD
  5
215D
102
{ACAD_REACTORS
330
215C
102
}
330
215C
100
AcDbXrecord
280
     1
102
RTVSPost2010Prop28
280
     0
102
RTVSPost2010PropOp28
 70
     1
102
RTVSPost2010Prop29
280
     1
102
RTVSPost2010PropOp29
 70
     1
102
RTVSPost2010Prop30
280
     1
102
RTVSPost2010PropOp30
 70
     1
102
RTVSPost2010Prop31
280
     0
102
RTVSPost2010PropOp31
 70
     1
102
RTVSPost2010Prop32
280
     0
102
RTVSPost2010PropOp32
 70
     1
102
RTVSPost2010Prop33
280
     0
102
RTVSPost2010PropOp33
 70
     1
102
RTVSPost2010Prop34
280
     0
102
RTVSPost2010PropOp34
 70
     1
102
RTVSPost2010Prop35
280
     0
102
RTVSPost2010PropOp35
 70
     1
102
RTVSPost2010Prop36
280
     0
102
RTVSPost2010PropOp36
 70
     1
102
RTVSPost2010Prop37
 90
       50
102
RTVSPost2010PropOp37
 70
     1
102
RTVSPost2010Prop38
140
0.0
102
RTVSPost2010PropOp38
 70
     1
102
RTVSPost2010Prop39
140
1.0
102
RTVSPost2010PropOp39
 70
     1
102
RTVSPost2010Prop40
 90
        0
102
RTVSPost2010PropOp40
 70
     1
102
RTVSPost2010Prop41ColorIndex
 90
       18
102
RTVSPost2010Prop41ColorRGB
 90
        0
102
RTVSPost2010PropOp41
 70
     1
102
RTVSPost2010Prop42
 90
       50
102
RTVSPost2010PropOp42
 70
     1
102
RTVSPost2010Prop43
 90
        3
102
RTVSPost2010PropOp43
 70
     1
102
RTVSPost2010Prop44ColorIndex
 90
        5
102
RTVSPost2010Prop44ColorRGB
 90
      255
102
RTVSPost2010PropOp44
 70
     1
102
RTVSPost2010Prop45
280
     0
102
RTVSPost2010PropOp45
 70
     1
102
RTVSPost2010Prop46
 90
       50
102
RTVSPost2010PropOp46
 70
     1
102
RTVSPost2010Prop47
 90
       50
102
RTVSPost2010PropOp47
 70
     1
102
RTVSPost2010Prop48
 90
       50
102
RTVSPost2010PropOp48
 70
     1
102
RTVSPost2010Prop49
280
     0
102
RTVSPost2010PropOp49
 70
     1
102
RTVSPost2010Prop50
 90
       50
102
RTVSPost2010PropOp50
 70
     1
102
RTVSPost2010Prop51ColorIndex
 90
      256
102
RTVSPost2010Prop51ColorRGB
 90
-16777216
102
RTVSPost2010PropOp51
 70
     0
102
RTVSPost2010Prop52
140
1.0
102
RTVSPost2010PropOp52
 70
     0
102
RTVSPost2010Prop53
 90
        2
102
RTVSPost2010PropOp53
 70
     1
102
RTVSPost2010Prop54
  1
strokes_ogs.tif
102
RTVSPost2010PropOp54
 70
     1
102
RTVSPost2010Prop55
280
     0
102
RTVSPost2010PropOp55
 70
     1
102
RTVSPost2010Prop56
140
1.0
102
RTVSPost2010PropOp56
 70
     1
102
RTVSPost2010Prop57
140
1.0
102
RTVSPost2010PropOp57
 70
     1
  0
XRECORD
  5
2157
102
{ACAD_REACTORS
330
2156
102
}
330
2156
100
AcDbXrecord
280
     1
102
RTVSPost2010Prop28
280
     0
102
RTVSPost2010PropOp28
 70
     1
102
RTVSPost2010Prop29
280
     1
102
RTVSPost2010PropOp29
 70
     1
102
RTVSPost2010Prop30
280
     1
102
RTVSPost2010PropOp30
 70
     1
102
RTVSPost2010Prop31
280
     0
102
RTVSPost2010PropOp31
 70
     1
102
RTVSPost2010Prop32
280
     0
102
RTVSPost2010PropOp32
 70
     1
102
RTVSPost2010Prop33
280
     0
102
RTVSPost2010PropOp33
 70
     1
102
RTVSPost2010Prop34
280
     0
102
RTVSPost2010PropOp34
 70
     1
102
RTVSPost2010Prop35
280
     0
102
RTVSPost2010PropOp35
 70
     1
102
RTVSPost2010Prop36
280
     0
102
RTVSPost2010PropOp36
 70
     1
102
RTVSPost2010Prop37
 90
       50
102
RTVSPost2010PropOp37
 70
     1
102
RTVSPost2010Prop38
140
0.0
102
RTVSPost2010PropOp38
 70
     1
102
RTVSPost2010Prop39
140
1.0
102
RTVSPost2010PropOp39
 70
     1
102
RTVSPost2010Prop40
 90
        0
102
RTVSPost2010PropOp40
 70
     1
102
RTVSPost2010Prop41ColorIndex
 90
       18
102
RTVSPost2010Prop41ColorRGB
 90
        0
102
RTVSPost2010PropOp41
 70
     1
102
RTVSPost2010Prop42
 90
       50
102
RTVSPost2010PropOp42
 70
     1
102
RTVSPost2010Prop43
 90
        3
102
RTVSPost2010PropOp43
 70
     1
102
RTVSPost2010Prop44ColorIndex
 90
        5
102
RTVSPost2010Prop44ColorRGB
 90
      255
102
RTVSPost2010PropOp44
 70
     1
102
RTVSPost2010Prop45
280
     0
102
RTVSPost2010PropOp45
 70
     1
102
RTVSPost2010Prop46
 90
       50
102
RTVSPost2010PropOp46
 70
     1
102
RTVSPost2010Prop47
 90
       50
102
RTVSPost2010PropOp47
 70
     1
102
RTVSPost2010Prop48
 90
       50
102
RTVSPost2010PropOp48
 70
     1
102
RTVSPost2010Prop49
280
     0
102
RTVSPost2010PropOp49
 70
     1
102
RTVSPost2010Prop50
 90
       50
102
RTVSPost2010PropOp50
 70
     1
102
RTVSPost2010Prop51ColorIndex
 90
      256
102
RTVSPost2010Prop51ColorRGB
 90
-16777216
102
RTVSPost2010PropOp51
 70
     0
102
RTVSPost2010Prop52
140
1.0
102
RTVSPost2010PropOp52
 70
     0
102
RTVSPost2010Prop53
 90
        2
102
RTVSPost2010PropOp53
 70
     1
102
RTVSPost2010Prop54
  1
strokes_ogs.tif
102
RTVSPost2010PropOp54
 70
     1
102
RTVSPost2010Prop55
280
     0
102
RTVSPost2010PropOp55
 70
     1
102
RTVSPost2010Prop56
140
1.0
102
RTVSPost2010PropOp56
 70
     1
102
RTVSPost2010Prop57
140
1.0
102
RTVSPost2010PropOp57
 70
     1
  0
XRECORD
  5
215F
102
{ACAD_REACTORS
330
215E
102
}
330
215E
100
AcDbXrecord
280
     1
102
RTVSPost2010Prop28
280
     0
102
RTVSPost2010PropOp28
 70
     1
102
RTVSPost2010Prop29
280
     1
102
RTVSPost2010PropOp29
 70
     1
102
RTVSPost2010Prop30
280
     1
102
RTVSPost2010PropOp30
 70
     1
102
RTVSPost2010Prop31
280
     0
102
RTVSPost2010PropOp31
 70
     1
102
RTVSPost2010Prop32
280
     0
102
RTVSPost2010PropOp32
 70
     1
102
RTVSPost2010Prop33
280
     0
102
RTVSPost2010PropOp33
 70
     1
102
RTVSPost2010Prop34
280
     0
102
RTVSPost2010PropOp34
 70
     1
102
RTVSPost2010Prop35
280
     0
102
RTVSPost2010PropOp35
 70
     1
102
RTVSPost2010Prop36
280
     0
102
RTVSPost2010PropOp36
 70
     1
102
RTVSPost2010Prop37
 90
       50
102
RTVSPost2010PropOp37
 70
     1
102
RTVSPost2010Prop38
140
0.0
102
RTVSPost2010PropOp38
 70
     1
102
RTVSPost2010Prop39
140
1.0
102
RTVSPost2010PropOp39
 70
     1
102
RTVSPost2010Prop40
 90
        0
102
RTVSPost2010PropOp40
 70
     1
102
RTVSPost2010Prop41ColorIndex
 90
       18
102
RTVSPost2010Prop41ColorRGB
 90
        0
102
RTVSPost2010PropOp41
 70
     1
102
RTVSPost2010Prop42
 90
       50
102
RTVSPost2010PropOp42
 70
     1
102
RTVSPost2010Prop43
 90
        3
102
RTVSPost2010PropOp43
 70
     1
102
RTVSPost2010Prop44ColorIndex
 90
        5
102
RTVSPost2010Prop44ColorRGB
 90
      255
102
RTVSPost2010PropOp44
 70
     1
102
RTVSPost2010Prop45
280
     0
102
RTVSPost2010PropOp45
 70
     1
102
RTVSPost2010Prop46
 90
       50
102
RTVSPost2010PropOp46
 70
     1
102
RTVSPost2010Prop47
 90
       50
102
RTVSPost2010PropOp47
 70
     1
102
RTVSPost2010Prop48
 90
       50
102
RTVSPost2010PropOp48
 70
     1
102
RTVSPost2010Prop49
280
     0
102
RTVSPost2010PropOp49
 70
     1
102
RTVSPost2010Prop50
 90
       50
102
RTVSPost2010PropOp50
 70
     1
102
RTVSPost2010Prop51ColorIndex
 90
      256
102
RTVSPost2010Prop51ColorRGB
 90
-16777216
102
RTVSPost2010PropOp51
 70
     0
102
RTVSPost2010Prop52
140
1.0
102
RTVSPost2010PropOp52
 70
     0
102
RTVSPost2010Prop53
 90
        2
102
RTVSPost2010PropOp53
 70
     1
102
RTVSPost2010Prop54
  1
strokes_ogs.tif
102
RTVSPost2010PropOp54
 70
     1
102
RTVSPost2010Prop55
280
     0
102
RTVSPost2010PropOp55
 70
     1
102
RTVSPost2010Prop56
140
1.0
102
RTVSPost2010PropOp56
 70
     1
102
RTVSPost2010Prop57
140
1.0
102
RTVSPost2010PropOp57
 70
     1
  0
XRECORD
  5
214F
102
{ACAD_REACTORS
330
214E
102
}
330
214E
100
AcDbXrecord
280
     1
102
RTVSPost2010Prop28
280
     0
102
RTVSPost2010PropOp28
 70
     1
102
RTVSPost2010Prop29
280
     1
102
RTVSPost2010PropOp29
 70
     1
102
RTVSPost2010Prop30
280
     1
102
RTVSPost2010PropOp30
 70
     1
102
RTVSPost2010Prop31
280
     0
102
RTVSPost2010PropOp31
 70
     1
102
RTVSPost2010Prop32
280
     0
102
RTVSPost2010PropOp32
 70
     1
102
RTVSPost2010Prop33
280
     0
102
RTVSPost2010PropOp33
 70
     1
102
RTVSPost2010Prop34
280
     0
102
RTVSPost2010PropOp34
 70
     1
102
RTVSPost2010Prop35
280
     0
102
RTVSPost2010PropOp35
 70
     1
102
RTVSPost2010Prop36
280
     0
102
RTVSPost2010PropOp36
 70
     1
102
RTVSPost2010Prop37
 90
       50
102
RTVSPost2010PropOp37
 70
     1
102
RTVSPost2010Prop38
140
0.0
102
RTVSPost2010PropOp38
 70
     1
102
RTVSPost2010Prop39
140
1.0
102
RTVSPost2010PropOp39
 70
     1
102
RTVSPost2010Prop40
 90
        0
102
RTVSPost2010PropOp40
 70
     1
102
RTVSPost2010Prop41ColorIndex
 90
       18
102
RTVSPost2010Prop41ColorRGB
 90
        0
102
RTVSPost2010PropOp41
 70
     1
102
RTVSPost2010Prop42
 90
       50
102
RTVSPost2010PropOp42
 70
     1
102
RTVSPost2010Prop43
 90
        3
102
RTVSPost2010PropOp43
 70
     1
102
RTVSPost2010Prop44ColorIndex
 90
        5
102
RTVSPost2010Prop44ColorRGB
 90
      255
102
RTVSPost2010PropOp44
 70
     1
102
RTVSPost2010Prop45
280
     0
102
RTVSPost2010PropOp45
 70
     1
102
RTVSPost2010Prop46
 90
       50
102
RTVSPost2010PropOp46
 70
     1
102
RTVSPost2010Prop47
 90
       50
102
RTVSPost2010PropOp47
 70
     1
102
RTVSPost2010Prop48
 90
       50
102
RTVSPost2010PropOp48
 70
     1
102
RTVSPost2010Prop49
280
     0
102
RTVSPost2010PropOp49
 70
     1
102
RTVSPost2010Prop50
 90
       50
102
RTVSPost2010PropOp50
 70
     1
102
RTVSPost2010Prop51ColorIndex
 90
      256
102
RTVSPost2010Prop51ColorRGB
 90
-16777216
102
RTVSPost2010PropOp51
 70
     0
102
RTVSPost2010Prop52
140
1.0
102
RTVSPost2010PropOp52
 70
     0
102
RTVSPost2010Prop53
 90
        2
102
RTVSPost2010PropOp53
 70
     1
102
RTVSPost2010Prop54
  1
strokes_ogs.tif
102
RTVSPost2010PropOp54
 70
     1
102
RTVSPost2010Prop55
280
     0
102
RTVSPost2010PropOp55
 70
     1
102
RTVSPost2010Prop56
140
1.0
102
RTVSPost2010PropOp56
 70
     1
102
RTVSPost2010Prop57
140
1.0
102
RTVSPost2010PropOp57
 70
     1
  0
XRECORD
  5
216B
102
{ACAD_REACTORS
330
216A
102
}
330
216A
100
AcDbXrecord
280
     1
102
RTVSPost2010Prop28
280
     0
102
RTVSPost2010PropOp28
 70
     1
102
RTVSPost2010Prop29
280
     1
102
RTVSPost2010PropOp29
 70
     1
102
RTVSPost2010Prop30
280
     1
102
RTVSPost2010PropOp30
 70
     1
102
RTVSPost2010Prop31
280
     0
102
RTVSPost2010PropOp31
 70
     1
102
RTVSPost2010Prop32
280
     0
102
RTVSPost2010PropOp32
 70
     1
102
RTVSPost2010Prop33
280
     0
102
RTVSPost2010PropOp33
 70
     1
102
RTVSPost2010Prop34
280
     0
102
RTVSPost2010PropOp34
 70
     1
102
RTVSPost2010Prop35
280
     0
102
RTVSPost2010PropOp35
 70
     1
102
RTVSPost2010Prop36
280
     0
102
RTVSPost2010PropOp36
 70
     1
102
RTVSPost2010Prop37
 90
       50
102
RTVSPost2010PropOp37
 70
     1
102
RTVSPost2010Prop38
140
0.0
102
RTVSPost2010PropOp38
 70
     1
102
RTVSPost2010Prop39
140
1.0
102
RTVSPost2010PropOp39
 70
     1
102
RTVSPost2010Prop40
 90
        0
102
RTVSPost2010PropOp40
 70
     1
102
RTVSPost2010Prop41ColorIndex
 90
       18
102
RTVSPost2010Prop41ColorRGB
 90
        0
102
RTVSPost2010PropOp41
 70
     1
102
RTVSPost2010Prop42
 90
       50
102
RTVSPost2010PropOp42
 70
     1
102
RTVSPost2010Prop43
 90
        3
102
RTVSPost2010PropOp43
 70
     1
102
RTVSPost2010Prop44ColorIndex
 90
        5
102
RTVSPost2010Prop44ColorRGB
 90
      255
102
RTVSPost2010PropOp44
 70
     1
102
RTVSPost2010Prop45
280
     0
102
RTVSPost2010PropOp45
 70
     1
102
RTVSPost2010Prop46
 90
       50
102
RTVSPost2010PropOp46
 70
     1
102
RTVSPost2010Prop47
 90
       50
102
RTVSPost2010PropOp47
 70
     1
102
RTVSPost2010Prop48
 90
       50
102
RTVSPost2010PropOp48
 70
     1
102
RTVSPost2010Prop49
280
     0
102
RTVSPost2010PropOp49
 70
     1
102
RTVSPost2010Prop50
 90
       50
102
RTVSPost2010PropOp50
 70
     1
102
RTVSPost2010Prop51ColorIndex
 90
      256
102
RTVSPost2010Prop51ColorRGB
 90
-16777216
102
RTVSPost2010PropOp51
 70
     0
102
RTVSPost2010Prop52
140
1.0
102
RTVSPost2010PropOp52
 70
     0
102
RTVSPost2010Prop53
 90
        2
102
RTVSPost2010PropOp53
 70
     1
102
RTVSPost2010Prop54
  1
strokes_ogs.tif
102
RTVSPost2010PropOp54
 70
     1
102
RTVSPost2010Prop55
280
     0
102
RTVSPost2010PropOp55
 70
     1
102
RTVSPost2010Prop56
140
1.0
102
RTVSPost2010PropOp56
 70
     1
102
RTVSPost2010Prop57
140
1.0
102
RTVSPost2010PropOp57
 70
     1
  0
XRECORD
  5
2169
102
{ACAD_REACTORS
330
2168
102
}
330
2168
100
AcDbXrecord
280
     1
102
RTVSPost2010Prop28
280
     0
102
RTVSPost2010PropOp28
 70
     1
102
RTVSPost2010Prop29
280
     1
102
RTVSPost2010PropOp29
 70
     1
102
RTVSPost2010Prop30
280
     1
102
RTVSPost2010PropOp30
 70
     1
102
RTVSPost2010Prop31
280
     0
102
RTVSPost2010PropOp31
 70
     1
102
RTVSPost2010Prop32
280
     0
102
RTVSPost2010PropOp32
 70
     1
102
RTVSPost2010Prop33
280
     0
102
RTVSPost2010PropOp33
 70
     1
102
RTVSPost2010Prop34
280
     0
102
RTVSPost2010PropOp34
 70
     1
102
RTVSPost2010Prop35
280
     0
102
RTVSPost2010PropOp35
 70
     1
102
RTVSPost2010Prop36
280
     0
102
RTVSPost2010PropOp36
 70
     1
102
RTVSPost2010Prop37
 90
       50
102
RTVSPost2010PropOp37
 70
     1
102
RTVSPost2010Prop38
140
0.0
102
RTVSPost2010PropOp38
 70
     1
102
RTVSPost2010Prop39
140
1.0
102
RTVSPost2010PropOp39
 70
     1
102
RTVSPost2010Prop40
 90
        0
102
RTVSPost2010PropOp40
 70
     1
102
RTVSPost2010Prop41ColorIndex
 90
       18
102
RTVSPost2010Prop41ColorRGB
 90
        0
102
RTVSPost2010PropOp41
 70
     1
102
RTVSPost2010Prop42
 90
       50
102
RTVSPost2010PropOp42
 70
     1
102
RTVSPost2010Prop43
 90
        3
102
RTVSPost2010PropOp43
 70
     1
102
RTVSPost2010Prop44ColorIndex
 90
        5
102
RTVSPost2010Prop44ColorRGB
 90
      255
102
RTVSPost2010PropOp44
 70
     1
102
RTVSPost2010Prop45
280
     0
102
RTVSPost2010PropOp45
 70
     1
102
RTVSPost2010Prop46
 90
       50
102
RTVSPost2010PropOp46
 70
     1
102
RTVSPost2010Prop47
 90
       50
102
RTVSPost2010PropOp47
 70
     1
102
RTVSPost2010Prop48
 90
       50
102
RTVSPost2010PropOp48
 70
     1
102
RTVSPost2010Prop49
280
     0
102
RTVSPost2010PropOp49
 70
     1
102
RTVSPost2010Prop50
 90
       50
102
RTVSPost2010PropOp50
 70
     1
102
RTVSPost2010Prop51ColorIndex
 90
      256
102
RTVSPost2010Prop51ColorRGB
 90
-16777216
102
RTVSPost2010PropOp51
 70
     0
102
RTVSPost2010Prop52
140
1.0
102
RTVSPost2010PropOp52
 70
     0
102
RTVSPost2010Prop53
 90
        2
102
RTVSPost2010PropOp53
 70
     1
102
RTVSPost2010Prop54
  1
strokes_ogs.tif
102
RTVSPost2010PropOp54
 70
     1
102
RTVSPost2010Prop55
280
     0
102
RTVSPost2010PropOp55
 70
     1
102
RTVSPost2010Prop56
140
1.0
102
RTVSPost2010PropOp56
 70
     1
102
RTVSPost2010Prop57
140
1.0
102
RTVSPost2010PropOp57
 70
     1
  0
XRECORD
  5
2163
102
{ACAD_REACTORS
330
2162
102
}
330
2162
100
AcDbXrecord
280
     1
102
RTVSPost2010Prop28
280
     0
102
RTVSPost2010PropOp28
 70
     1
102
RTVSPost2010Prop29
280
     1
102
RTVSPost2010PropOp29
 70
     1
102
RTVSPost2010Prop30
280
     1
102
RTVSPost2010PropOp30
 70
     1
102
RTVSPost2010Prop31
280
     0
102
RTVSPost2010PropOp31
 70
     1
102
RTVSPost2010Prop32
280
     0
102
RTVSPost2010PropOp32
 70
     1
102
RTVSPost2010Prop33
280
     0
102
RTVSPost2010PropOp33
 70
     1
102
RTVSPost2010Prop34
280
     0
102
RTVSPost2010PropOp34
 70
     1
102
RTVSPost2010Prop35
280
     0
102
RTVSPost2010PropOp35
 70
     1
102
RTVSPost2010Prop36
280
     0
102
RTVSPost2010PropOp36
 70
     1
102
RTVSPost2010Prop37
 90
       50
102
RTVSPost2010PropOp37
 70
     1
102
RTVSPost2010Prop38
140
0.0
102
RTVSPost2010PropOp38
 70
     1
102
RTVSPost2010Prop39
140
1.0
102
RTVSPost2010PropOp39
 70
     1
102
RTVSPost2010Prop40
 90
        0
102
RTVSPost2010PropOp40
 70
     1
102
RTVSPost2010Prop41ColorIndex
 90
       18
102
RTVSPost2010Prop41ColorRGB
 90
        0
102
RTVSPost2010PropOp41
 70
     1
102
RTVSPost2010Prop42
 90
       50
102
RTVSPost2010PropOp42
 70
     1
102
RTVSPost2010Prop43
 90
        3
102
RTVSPost2010PropOp43
 70
     1
102
RTVSPost2010Prop44ColorIndex
 90
        5
102
RTVSPost2010Prop44ColorRGB
 90
      255
102
RTVSPost2010PropOp44
 70
     1
102
RTVSPost2010Prop45
280
     0
102
RTVSPost2010PropOp45
 70
     1
102
RTVSPost2010Prop46
 90
       50
102
RTVSPost2010PropOp46
 70
     1
102
RTVSPost2010Prop47
 90
       50
102
RTVSPost2010PropOp47
 70
     1
102
RTVSPost2010Prop48
 90
       50
102
RTVSPost2010PropOp48
 70
     1
102
RTVSPost2010Prop49
280
     0
102
RTVSPost2010PropOp49
 70
     1
102
RTVSPost2010Prop50
 90
       50
102
RTVSPost2010PropOp50
 70
     1
102
RTVSPost2010Prop51ColorIndex
 90
      256
102
RTVSPost2010Prop51ColorRGB
 90
-16777216
102
RTVSPost2010PropOp51
 70
     0
102
RTVSPost2010Prop52
140
1.0
102
RTVSPost2010PropOp52
 70
     0
102
RTVSPost2010Prop53
 90
        2
102
RTVSPost2010PropOp53
 70
     1
102
RTVSPost2010Prop54
  1
strokes_ogs.tif
102
RTVSPost2010PropOp54
 70
     1
102
RTVSPost2010Prop55
280
     0
102
RTVSPost2010PropOp55
 70
     1
102
RTVSPost2010Prop56
140
1.0
102
RTVSPost2010PropOp56
 70
     1
102
RTVSPost2010Prop57
140
1.0
102
RTVSPost2010PropOp57
 70
     1
  0
XRECORD
  5
2165
102
{ACAD_REACTORS
330
2164
102
}
330
2164
100
AcDbXrecord
280
     1
102
RTVSPost2010Prop28
280
     0
102
RTVSPost2010PropOp28
 70
     1
102
RTVSPost2010Prop29
280
     1
102
RTVSPost2010PropOp29
 70
     1
102
RTVSPost2010Prop30
280
     1
102
RTVSPost2010PropOp30
 70
     1
102
RTVSPost2010Prop31
280
     0
102
RTVSPost2010PropOp31
 70
     1
102
RTVSPost2010Prop32
280
     0
102
RTVSPost2010PropOp32
 70
     1
102
RTVSPost2010Prop33
280
     0
102
RTVSPost2010PropOp33
 70
     1
102
RTVSPost2010Prop34
280
     0
102
RTVSPost2010PropOp34
 70
     1
102
RTVSPost2010Prop35
280
     0
102
RTVSPost2010PropOp35
 70
     1
102
RTVSPost2010Prop36
280
     0
102
RTVSPost2010PropOp36
 70
     1
102
RTVSPost2010Prop37
 90
       50
102
RTVSPost2010PropOp37
 70
     1
102
RTVSPost2010Prop38
140
0.0
102
RTVSPost2010PropOp38
 70
     1
102
RTVSPost2010Prop39
140
1.0
102
RTVSPost2010PropOp39
 70
     1
102
RTVSPost2010Prop40
 90
        0
102
RTVSPost2010PropOp40
 70
     1
102
RTVSPost2010Prop41ColorIndex
 90
       18
102
RTVSPost2010Prop41ColorRGB
 90
        0
102
RTVSPost2010PropOp41
 70
     1
102
RTVSPost2010Prop42
 90
       50
102
RTVSPost2010PropOp42
 70
     1
102
RTVSPost2010Prop43
 90
        3
102
RTVSPost2010PropOp43
 70
     1
102
RTVSPost2010Prop44ColorIndex
 90
        5
102
RTVSPost2010Prop44ColorRGB
 90
      255
102
RTVSPost2010PropOp44
 70
     1
102
RTVSPost2010Prop45
280
     0
102
RTVSPost2010PropOp45
 70
     1
102
RTVSPost2010Prop46
 90
       50
102
RTVSPost2010PropOp46
 70
     1
102
RTVSPost2010Prop47
 90
       50
102
RTVSPost2010PropOp47
 70
     1
102
RTVSPost2010Prop48
 90
       50
102
RTVSPost2010PropOp48
 70
     1
102
RTVSPost2010Prop49
280
     0
102
RTVSPost2010PropOp49
 70
     1
102
RTVSPost2010Prop50
 90
       50
102
RTVSPost2010PropOp50
 70
     1
102
RTVSPost2010Prop51ColorIndex
 90
      256
102
RTVSPost2010Prop51ColorRGB
 90
-16777216
102
RTVSPost2010PropOp51
 70
     0
102
RTVSPost2010Prop52
140
1.0
102
RTVSPost2010PropOp52
 70
     0
102
RTVSPost2010Prop53
 90
        2
102
RTVSPost2010PropOp53
 70
     1
102
RTVSPost2010Prop54
  1
strokes_ogs.tif
102
RTVSPost2010PropOp54
 70
     1
102
RTVSPost2010Prop55
280
     0
102
RTVSPost2010PropOp55
 70
     1
102
RTVSPost2010Prop56
140
1.0
102
RTVSPost2010PropOp56
 70
     1
102
RTVSPost2010Prop57
140
1.0
102
RTVSPost2010PropOp57
 70
     1
  0
XRECORD
  5
2155
102
{ACAD_REACTORS
330
2154
102
}
330
2154
100
AcDbXrecord
280
     1
102
RTVSPost2010Prop28
280
     0
102
RTVSPost2010PropOp28
 70
     1
102
RTVSPost2010Prop29
280
     1
102
RTVSPost2010PropOp29
 70
     1
102
RTVSPost2010Prop30
280
     1
102
RTVSPost2010PropOp30
 70
     1
102
RTVSPost2010Prop31
280
     0
102
RTVSPost2010PropOp31
 70
     1
102
RTVSPost2010Prop32
280
     0
102
RTVSPost2010PropOp32
 70
     1
102
RTVSPost2010Prop33
280
     0
102
RTVSPost2010PropOp33
 70
     1
102
RTVSPost2010Prop34
280
     0
102
RTVSPost2010PropOp34
 70
     1
102
RTVSPost2010Prop35
280
     0
102
RTVSPost2010PropOp35
 70
     1
102
RTVSPost2010Prop36
280
     0
102
RTVSPost2010PropOp36
 70
     1
102
RTVSPost2010Prop37
 90
       50
102
RTVSPost2010PropOp37
 70
     1
102
RTVSPost2010Prop38
140
0.0
102
RTVSPost2010PropOp38
 70
     1
102
RTVSPost2010Prop39
140
1.0
102
RTVSPost2010PropOp39
 70
     1
102
RTVSPost2010Prop40
 90
        0
102
RTVSPost2010PropOp40
 70
     1
102
RTVSPost2010Prop41ColorIndex
 90
       18
102
RTVSPost2010Prop41ColorRGB
 90
        0
102
RTVSPost2010PropOp41
 70
     1
102
RTVSPost2010Prop42
 90
       50
102
RTVSPost2010PropOp42
 70
     1
102
RTVSPost2010Prop43
 90
        3
102
RTVSPost2010PropOp43
 70
     1
102
RTVSPost2010Prop44ColorIndex
 90
        5
102
RTVSPost2010Prop44ColorRGB
 90
      255
102
RTVSPost2010PropOp44
 70
     1
102
RTVSPost2010Prop45
280
     0
102
RTVSPost2010PropOp45
 70
     1
102
RTVSPost2010Prop46
 90
       50
102
RTVSPost2010PropOp46
 70
     1
102
RTVSPost2010Prop47
 90
       50
102
RTVSPost2010PropOp47
 70
     1
102
RTVSPost2010Prop48
 90
       50
102
RTVSPost2010PropOp48
 70
     1
102
RTVSPost2010Prop49
280
     0
102
RTVSPost2010PropOp49
 70
     1
102
RTVSPost2010Prop50
 90
       50
102
RTVSPost2010PropOp50
 70
     1
102
RTVSPost2010Prop51ColorIndex
 90
      256
102
RTVSPost2010Prop51ColorRGB
 90
-16777216
102
RTVSPost2010PropOp51
 70
     0
102
RTVSPost2010Prop52
140
1.0
102
RTVSPost2010PropOp52
 70
     0
102
RTVSPost2010Prop53
 90
        2
102
RTVSPost2010PropOp53
 70
     1
102
RTVSPost2010Prop54
  1
strokes_ogs.tif
102
RTVSPost2010PropOp54
 70
     1
102
RTVSPost2010Prop55
280
     0
102
RTVSPost2010PropOp55
 70
     1
102
RTVSPost2010Prop56
140
1.0
102
RTVSPost2010PropOp56
 70
     1
102
RTVSPost2010Prop57
140
1.0
102
RTVSPost2010PropOp57
 70
     1
  0
XRECORD
  5
2149
102
{ACAD_REACTORS
330
2148
102
}
330
2148
100
AcDbXrecord
280
     1
102
RTVSPost2010Prop28
280
     0
102
RTVSPost2010PropOp28
 70
     1
102
RTVSPost2010Prop29
280
     1
102
RTVSPost2010PropOp29
 70
     1
102
RTVSPost2010Prop30
280
     1
102
RTVSPost2010PropOp30
 70
     1
102
RTVSPost2010Prop31
280
     0
102
RTVSPost2010PropOp31
 70
     1
102
RTVSPost2010Prop32
280
     0
102
RTVSPost2010PropOp32
 70
     1
102
RTVSPost2010Prop33
280
     0
102
RTVSPost2010PropOp33
 70
     1
102
RTVSPost2010Prop34
280
     0
102
RTVSPost2010PropOp34
 70
     1
102
RTVSPost2010Prop35
280
     0
102
RTVSPost2010PropOp35
 70
     1
102
RTVSPost2010Prop36
280
     0
102
RTVSPost2010PropOp36
 70
     1
102
RTVSPost2010Prop37
 90
       50
102
RTVSPost2010PropOp37
 70
     1
102
RTVSPost2010Prop38
140
0.0
102
RTVSPost2010PropOp38
 70
     1
102
RTVSPost2010Prop39
140
1.0
102
RTVSPost2010PropOp39
 70
     1
102
RTVSPost2010Prop40
 90
        0
102
RTVSPost2010PropOp40
 70
     1
102
RTVSPost2010Prop41ColorIndex
 90
       18
102
RTVSPost2010Prop41ColorRGB
 90
        0
102
RTVSPost2010PropOp41
 70
     1
102
RTVSPost2010Prop42
 90
       50
102
RTVSPost2010PropOp42
 70
     1
102
RTVSPost2010Prop43
 90
        3
102
RTVSPost2010PropOp43
 70
     1
102
RTVSPost2010Prop44ColorIndex
 90
        5
102
RTVSPost2010Prop44ColorRGB
 90
      255
102
RTVSPost2010PropOp44
 70
     1
102
RTVSPost2010Prop45
280
     0
102
RTVSPost2010PropOp45
 70
     1
102
RTVSPost2010Prop46
 90
       50
102
RTVSPost2010PropOp46
 70
     1
102
RTVSPost2010Prop47
 90
       50
102
RTVSPost2010PropOp47
 70
     1
102
RTVSPost2010Prop48
 90
       50
102
RTVSPost2010PropOp48
 70
     1
102
RTVSPost2010Prop49
280
     0
102
RTVSPost2010PropOp49
 70
     1
102
RTVSPost2010Prop50
 90
       50
102
RTVSPost2010PropOp50
 70
     1
102
RTVSPost2010Prop51ColorIndex
 90
      256
102
RTVSPost2010Prop51ColorRGB
 90
-16777216
102
RTVSPost2010PropOp51
 70
     0
102
RTVSPost2010Prop52
140
1.0
102
RTVSPost2010PropOp52
 70
     0
102
RTVSPost2010Prop53
 90
        2
102
RTVSPost2010PropOp53
 70
     1
102
RTVSPost2010Prop54
  1
strokes_ogs.tif
102
RTVSPost2010PropOp54
 70
     1
102
RTVSPost2010Prop55
280
     0
102
RTVSPost2010PropOp55
 70
     1
102
RTVSPost2010Prop56
140
1.0
102
RTVSPost2010PropOp56
 70
     1
102
RTVSPost2010Prop57
140
1.0
102
RTVSPost2010PropOp57
 70
     1
  0
XRECORD
  5
2167
102
{ACAD_REACTORS
330
2166
102
}
330
2166
100
AcDbXrecord
280
     1
102
RTVSPost2010Prop28
280
     0
102
RTVSPost2010PropOp28
 70
     1
102
RTVSPost2010Prop29
280
     1
102
RTVSPost2010PropOp29
 70
     1
102
RTVSPost2010Prop30
280
     1
102
RTVSPost2010PropOp30
 70
     1
102
RTVSPost2010Prop31
280
     0
102
RTVSPost2010PropOp31
 70
     1
102
RTVSPost2010Prop32
280
     0
102
RTVSPost2010PropOp32
 70
     1
102
RTVSPost2010Prop33
280
     0
102
RTVSPost2010PropOp33
 70
     1
102
RTVSPost2010Prop34
280
     0
102
RTVSPost2010PropOp34
 70
     1
102
RTVSPost2010Prop35
280
     0
102
RTVSPost2010PropOp35
 70
     1
102
RTVSPost2010Prop36
280
     0
102
RTVSPost2010PropOp36
 70
     1
102
RTVSPost2010Prop37
 90
       50
102
RTVSPost2010PropOp37
 70
     1
102
RTVSPost2010Prop38
140
0.0
102
RTVSPost2010PropOp38
 70
     1
102
RTVSPost2010Prop39
140
1.0
102
RTVSPost2010PropOp39
 70
     1
102
RTVSPost2010Prop40
 90
        0
102
RTVSPost2010PropOp40
 70
     1
102
RTVSPost2010Prop41ColorIndex
 90
       18
102
RTVSPost2010Prop41ColorRGB
 90
        0
102
RTVSPost2010PropOp41
 70
     1
102
RTVSPost2010Prop42
 90
       50
102
RTVSPost2010PropOp42
 70
     1
102
RTVSPost2010Prop43
 90
        3
102
RTVSPost2010PropOp43
 70
     1
102
RTVSPost2010Prop44ColorIndex
 90
        5
102
RTVSPost2010Prop44ColorRGB
 90
      255
102
RTVSPost2010PropOp44
 70
     1
102
RTVSPost2010Prop45
280
     0
102
RTVSPost2010PropOp45
 70
     1
102
RTVSPost2010Prop46
 90
       50
102
RTVSPost2010PropOp46
 70
     1
102
RTVSPost2010Prop47
 90
       50
102
RTVSPost2010PropOp47
 70
     1
102
RTVSPost2010Prop48
 90
       50
102
RTVSPost2010PropOp48
 70
     1
102
RTVSPost2010Prop49
280
     0
102
RTVSPost2010PropOp49
 70
     1
102
RTVSPost2010Prop50
 90
       50
102
RTVSPost2010PropOp50
 70
     1
102
RTVSPost2010Prop51ColorIndex
 90
      256
102
RTVSPost2010Prop51ColorRGB
 90
-16777216
102
RTVSPost2010PropOp51
 70
     0
102
RTVSPost2010Prop52
140
1.0
102
RTVSPost2010PropOp52
 70
     0
102
RTVSPost2010Prop53
 90
        2
102
RTVSPost2010PropOp53
 70
     1
102
RTVSPost2010Prop54
  1
strokes_ogs.tif
102
RTVSPost2010PropOp54
 70
     1
102
RTVSPost2010Prop55
280
     0
102
RTVSPost2010PropOp55
 70
     1
102
RTVSPost2010Prop56
140
1.0
102
RTVSPost2010PropOp56
 70
     1
102
RTVSPost2010Prop57
140
1.0
102
RTVSPost2010PropOp57
 70
     1
  0
ENDSEC
  0
EOF
