  0
SECTION
  2
HEADER
  9
$ACADVER
  1
AC1024
  9
$ACADMAINTVER
 70
   226
  9
$DWGCODEPAGE
  3
ANSI_1252
  9
$LASTSAVEDBY
  1
OH
  9
$INSBASE
 10
0.0
 20
0.0
 30
0.0
  9
$EXTMIN
 10
2402.921675319783
 20
796.041702577666
 30
-893.0000010182757
  9
$EXTMAX
 10
4678.821145370005
 20
3900.979875603037
 30
1224.225345236251
  9
$LIMMIN
 10
0.0
 20
0.0
  9
$LIMMAX
 10
12.0
 20
9.0
  9
$ORTHOMODE
 70
     0
  9
$REGENMODE
 70
     1
  9
$FILLMODE
 70
     1
  9
$QTEXTMODE
 70
     0
  9
$MIRRTEXT
 70
     0
  9
$LTSCALE
 40
1.0
  9
$ATTMODE
 70
     1
  9
$TEXTSIZE
 40
0.2
  9
$TRACEWID
 40
0.05
  9
$TEXTSTYLE
  7
Standard
  9
$CLAYER
  8
ASPIRATOR
  9
$CELTYPE
  6
ByLayer
  9
$CECOLOR
 62
     2
  9
$CELTSCALE
 40
1.0
  9
$DISPSILH
 70
     0
  9
$DIMSCALE
 40
1.0
  9
$DIMASZ
 40
0.18
  9
$DIMEXO
 40
0.0625
  9
$DIMDLI
 40
0.38
  9
$DIMRND
 40
0.0
  9
$DIMDLE
 40
0.0
  9
$DIMEXE
 40
0.18
  9
$DIMTP
 40
0.0
  9
$DIMTM
 40
0.0
  9
$DIMTXT
 40
0.18
  9
$DIMCEN
 40
0.09
  9
$DIMTSZ
 40
0.0
  9
$DIMTOL
 70
     0
  9
$DIMLIM
 70
     0
  9
$DIMTIH
 70
     1
  9
$DIMTOH
 70
     1
  9
$DIMSE1
 70
     0
  9
$DIMSE2
 70
     0
  9
$DIMTAD
 70
     0
  9
$DIMZIN
 70
     0
  9
$DIMBLK
  1

  9
$DIMASO
 70
     1
  9
$DIMSHO
 70
     1
  9
$DIMPOST
  1

  9
$DIMAPOST
  1

  9
$DIMALT
 70
     0
  9
$DIMALTD
 70
     2
  9
$DIMALTF
 40
25.4
  9
$DIMLFAC
 40
1.0
  9
$DIMTOFL
 70
     0
  9
$DIMTVP
 40
0.0
  9
$DIMTIX
 70
     0
  9
$DIMSOXD
 70
     0
  9
$DIMSAH
 70
     0
  9
$DIMBLK1
  1

  9
$DIMBLK2
  1

  9
$DIMSTYLE
  2
Standard
  9
$DIMCLRD
 70
     0
  9
$DIMCLRE
 70
     0
  9
$DIMCLRT
 70
     0
  9
$DIMTFAC
 40
1.0
  9
$DIMGAP
 40
0.09
  9
$DIMJUST
 70
     0
  9
$DIMSD1
 70
     0
  9
$DIMSD2
 70
     0
  9
$DIMTOLJ
 70
     1
  9
$DIMTZIN
 70
     0
  9
$DIMALTZ
 70
     0
  9
$DIMALTTZ
 70
     0
  9
$DIMUPT
 70
     0
  9
$DIMDEC
 70
     4
  9
$DIMTDEC
 70
     4
  9
$DIMALTU
 70
     2
  9
$DIMALTTD
 70
     2
  9
$DIMTXSTY
  7
Standard
  9
$DIMAUNIT
 70
     0
  9
$DIMADEC
 70
     0
  9
$DIMALTRND
 40
0.0
  9
$DIMAZIN
 70
     0
  9
$DIMDSEP
 70
    46
  9
$DIMATFIT
 70
     3
  9
$DIMFRAC
 70
     0
  9
$DIMLDRBLK
  1

  9
$DIMLUNIT
 70
     2
  9
$DIMLWD
 70
    -2
  9
$DIMLWE
 70
    -2
  9
$DIMTMOVE
 70
     0
  9
$DIMFXL
 40
1.0
  9
$DIMFXLON
 70
     0
  9
$DIMJOGANG
 40
0.7853981633974483
  9
$DIMTFILL
 70
     0
  9
$DIMTFILLCLR
 70
     0
  9
$DIMARCSYM
 70
     0
  9
$DIMLTYPE
  6

  9
$DIMLTEX1
  6

  9
$DIMLTEX2
  6

  9
$DIMTXTDIRECTION
 70
     0
  9
$LUNITS
 70
     2
  9
$LUPREC
 70
     4
  9
$SKETCHINC
 40
0.1
  9
$FILLETRAD
 40
0.0
  9
$AUNITS
 70
     0
  9
$AUPREC
 70
     0
  9
$MENU
  1
.
  9
$ELEVATION
 40
0.0
  9
$PELEVATION
 40
0.0
  9
$THICKNESS
 40
0.0
  9
$LIMCHECK
 70
     0
  9
$CHAMFERA
 40
0.0
  9
$CHAMFERB
 40
0.0
  9
$CHAMFERC
 40
0.0
  9
$CHAMFERD
 40
0.0
  9
$SKPOLY
 70
     0
  9
$TDCREATE
 40
2461196.458715278
  9
$TDUCREATE
 40
2461196.375381944
  9
$TDUPDATE
 40
2461203.426655093
  9
$TDUUPDATE
 40
2461203.343321759
  9
$TDINDWG
 40
0.2712615741
  9
$TDUSRTIMER
 40
0.2712615741
  9
$USRTIMER
 70
     1
  9
$ANGBASE
 50
0.0
  9
$ANGDIR
 70
     0
  9
$PDMODE
 70
     0
  9
$PDSIZE
 40
0.0
  9
$PLINEWID
 40
0.0
  9
$SPLFRAME
 70
     0
  9
$SPLINETYPE
 70
     6
  9
$SPLINESEGS
 70
     8
  9
$HANDSEED
  5
22F7
  9
$SURFTAB1
 70
     6
  9
$SURFTAB2
 70
     6
  9
$SURFTYPE
 70
     6
  9
$SURFU
 70
     6
  9
$SURFV
 70
     6
  9
$UCSBASE
  2

  9
$UCSNAME
  2

  9
$UCSORG
 10
0.0
 20
0.0
 30
0.0
  9
$UCSXDIR
 10
1.0
 20
0.0
 30
0.0
  9
$UCSYDIR
 10
0.0
 20
1.0
 30
0.0
  9
$UCSORTHOREF
  2

  9
$UCSORTHOVIEW
 70
     0
  9
$UCSORGTOP
 10
0.0
 20
0.0
 30
0.0
  9
$UCSORGBOTTOM
 10
0.0
 20
0.0
 30
0.0
  9
$UCSORGLEFT
 10
0.0
 20
0.0
 30
0.0
  9
$UCSORGRIGHT
 10
0.0
 20
0.0
 30
0.0
  9
$UCSORGFRONT
 10
0.0
 20
0.0
 30
0.0
  9
$UCSORGBACK
 10
0.0
 20
0.0
 30
0.0
  9
$PUCSBASE
  2

  9
$PUCSNAME
  2

  9
$PUCSORG
 10
0.0
 20
0.0
 30
0.0
  9
$PUCSXDIR
 10
1.0
 20
0.0
 30
0.0
  9
$PUCSYDIR
 10
0.0
 20
1.0
 30
0.0
  9
$PUCSORTHOREF
  2

  9
$PUCSORTHOVIEW
 70
     0
  9
$PUCSORGTOP
 10
0.0
 20
0.0
 30
0.0
  9
$PUCSORGBOTTOM
 10
0.0
 20
0.0
 30
0.0
  9
$PUCSORGLEFT
 10
0.0
 20
0.0
 30
0.0
  9
$PUCSORGRIGHT
 10
0.0
 20
0.0
 30
0.0
  9
$PUCSORGFRONT
 10
0.0
 20
0.0
 30
0.0
  9
$PUCSORGBACK
 10
0.0
 20
0.0
 30
0.0
  9
$USERI1
 70
     0
  9
$USERI2
 70
     0
  9
$USERI3
 70
     0
  9
$USERI4
 70
     0
  9
$USERI5
 70
     0
  9
$USERR1
 40
0.0
  9
$USERR2
 40
0.0
  9
$USERR3
 40
0.0
  9
$USERR4
 40
0.0
  9
$USERR5
 40
0.0
  9
$WORLDVIEW
 70
     1
  9
$SHADEDGE
 70
     3
  9
$SHADEDIF
 70
    70
  9
$TILEMODE
 70
     1
  9
$MAXACTVP
 70
    64
  9
$PINSBASE
 10
0.0
 20
0.0
 30
0.0
  9
$PLIMCHECK
 70
     0
  9
$PEXTMIN
 10
0.0
 20
0.0
 30
0.0
  9
$PEXTMAX
 10
0.0
 20
0.0
 30
0.0
  9
$PLIMMIN
 10
0.0
 20
0.0
  9
$PLIMMAX
 10
12.0
 20
9.0
  9
$UNITMODE
 70
     0
  9
$VISRETAIN
 70
     1
  9
$PLINEGEN
 70
     0
  9
$PSLTSCALE
 70
     1
  9
$TREEDEPTH
 70
  3020
  9
$CMLSTYLE
  2
Standard
  9
$CMLJUST
 70
     0
  9
$CMLSCALE
 40
1.0
  9
$PROXYGRAPHICS
 70
     1
  9
$MEASUREMENT
 70
     0
  9
$CELWEIGHT
370
    -1
  9
$ENDCAPS
280
     0
  9
$JOINSTYLE
280
     0
  9
$LWDISPLAY
290
     0
  9
$INSUNITS
 70
     4
  9
$HYPERLINKBASE
  1

  9
$STYLESHEET
  1

  9
$XEDIT
290
     1
  9
$CEPSNTYPE
380
     0
  9
$PSTYLEMODE
290
     1
  9
$FINGERPRINTGUID
  2
{95F6C143-F67C-3B4C-A184-A9C16247DBD9}
  9
$VERSIONGUID
  2
{F5684FA8-6C09-814D-BDCD-C294F12EA2B0}
  9
$EXTNAMES
290
     1
  9
$PSVPSCALE
 40
0.0
  9
$OLESTARTUP
290
     0
  9
$SORTENTS
280
   127
  9
$INDEXCTL
280
     0
  9
$HIDETEXT
280
     1
  9
$XCLIPFRAME
280
     2
  9
$HALOGAP
280
     0
  9
$OBSCOLOR
 70
   257
  9
$OBSLTYPE
280
     0
  9
$INTERSECTIONDISPLAY
280
     0
  9
$INTERSECTIONCOLOR
 70
   257
  9
$DIMASSOC
280
     2
  9
$PROJECTNAME
  1

  9
$CAMERADISPLAY
290
     0
  9
$LENSLENGTH
 40
50.0
  9
$CAMERAHEIGHT
 40
0.0
  9
$STEPSPERSEC
 40
2.0
  9
$STEPSIZE
 40
6.0
  9
$3DDWFPREC
 40
2.0
  9
$PSOLWIDTH
 40
0.25
  9
$PSOLHEIGHT
 40
4.0
  9
$LOFTANG1
 40
1.570796326794896
  9
$LOFTANG2
 40
1.570796326794896
  9
$LOFTMAG1
 40
0.0
  9
$LOFTMAG2
 40
0.0
  9
$LOFTPARAM
 70
     7
  9
$LOFTNORMALS
280
     1
  9
$LATITUDE
 40
37.795
  9
$LONGITUDE
 40
-122.394
  9
$NORTHDIRECTION
 40
0.0
  9
$TIMEZONE
 70
 -8000
  9
$LIGHTGLYPHDISPLAY
280
     1
  9
$TILEMODELIGHTSYNCH
280
     1
  9
$CMATERIAL
347
96
  9
$SOLIDHIST
280
     0
  9
$SHOWHIST
280
     1
  9
$DWFFRAME
280
     2
  9
$DGNFRAME
280
     0
  9
$REALWORLDSCALE
290
     1
  9
$INTERFERECOLOR
 62
     1
  9
$INTERFEREOBJVS
345
A3
  9
$INTERFEREVPVS
346
A0
  9
$CSHADOW
280
     0
  9
$SHADOWPLANELOCATION
 40
0.0
  0
ENDSEC
  0
SECTION
  2
CLASSES
  0
CLASS
  1
ACDBDICTIONARYWDFLT
  2
AcDbDictionaryWithDefault
  3
ObjectDBX Classes
 90
        0
 91
        1
280
     0
281
     0
  0
CLASS
  1
ACDBPLACEHOLDER
  2
AcDbPlaceHolder
  3
ObjectDBX Classes
 90
        0
 91
        1
280
     0
281
     0
  0
CLASS
  1
LAYOUT
  2
AcDbLayout
  3
ObjectDBX Classes
 90
        0
 91
        3
280
     0
281
     0
  0
CLASS
  1
DICTIONARYVAR
  2
AcDbDictionaryVar
  3
ObjectDBX Classes
 90
        0
 91
        9
280
     0
281
     0
  0
CLASS
  1
TABLESTYLE
  2
AcDbTableStyle
  3
ObjectDBX Classes
 90
     4095
 91
        1
280
     0
281
     0
  0
CLASS
  1
MATERIAL
  2
AcDbMaterial
  3
ObjectDBX Classes
 90
     1153
 91
        3
280
     0
281
     0
  0
CLASS
  1
VISUALSTYLE
  2
AcDbVisualStyle
  3
ObjectDBX Classes
 90
     4095
 91
       24
280
     0
281
     0
  0
CLASS
  1
SCALE
  2
AcDbScale
  3
ObjectDBX Classes
 90
     1153
 91
       33
280
     0
281
     0
  0
CLASS
  1
MLEADERSTYLE
  2
AcDbMLeaderStyle
  3
ACDB_MLEADERSTYLE_CLASS
 90
     4095
 91
        2
280
     0
281
     0
  0
CLASS
  1
CELLSTYLEMAP
  2
AcDbCellStyleMap
  3
ObjectDBX Classes
 90
     1152
 91
        1
280
     0
281
     0
  0
CLASS
  1
EXACXREFPANELOBJECT
  2
ExAcXREFPanelObject
  3
EXAC_ESW
 90
     1025
 91
        0
280
     0
281
     0
  0
CLASS
  1
NPOCOLLECTION
  2
AcDbImpNonPersistentObjectsCollection
  3
ObjectDBX Classes
 90
     1153
 91
        1
280
     0
281
     0
  0
CLASS
  1
LAYER_INDEX
  2
AcDbLayerIndex
  3
ObjectDBX Classes
 90
        0
 91
        0
280
     0
281
     0
  0
CLASS
  1
SPATIAL_INDEX
  2
AcDbSpatialIndex
  3
ObjectDBX Classes
 90
        0
 91
        0
280
     0
281
     0
  0
CLASS
  1
IDBUFFER
  2
AcDbIdBuffer
  3
ObjectDBX Classes
 90
        0
 91
        0
280
     0
281
     0
  0
CLASS
  1
ACDBSECTIONVIEWSTYLE
  2
AcDbSectionViewStyle
  3
ObjectDBX Classes
 90
     1025
 91
        1
280
     0
281
     0
  0
CLASS
  1
ACDBDETAILVIEWSTYLE
  2
AcDbDetailViewStyle
  3
ObjectDBX Classes
 90
     1025
 91
        1
280
     0
281
     0
  0
CLASS
  1
RAPIDRTRENDERSETTINGS
  2
AcDbRapidRTRenderSettings
  3
ObjectDBX Classes
 90
     1024
 91
       21
280
     0
281
     0
  0
CLASS
  1
SOLID_BACKGROUND
  2
AcDbSolidBackground
  3
SCENEOE
 90
     4095
 91
        1
280
     0
281
     0
  0
CLASS
  1
ACDBASSOCPERSSUBENTMANAGER
  2
AcDbAssocPersSubentManager
  3
ObjectDBX Classes
 90
     1024
 91
        1
280
     0
281
     0
  0
CLASS
  1
EXTRUDEDSURFACE
  2
AcDbExtrudedSurface
  3
ObjectDBX Classes
 90
        0
 91
        0
280
     0
281
     1
  0
CLASS
  1
ACDBPERSSUBENTMANAGER
  2
AcDbPersSubentManager
  3
AcDbPersSubentManager
 90
     1024
 91
        1
280
     0
281
     0
  0
CLASS
  1
ACSH_EXTRUSION_CLASS
  2
AcDbShExtrusion
  3
ObjectDBX Classes
 90
     1153
 91
        0
280
     0
281
     0
  0
CLASS
  1
ACAD_EVALUATION_GRAPH
  2
AcDbEvalGraph
  3
ObjectDBX Classes
 90
     1153
 91
        0
280
     0
281
     0
  0
CLASS
  1
ACSH_HISTORY_CLASS
  2
AcDbShHistory
  3
ObjectDBX Classes
 90
     1153
 91
        0
280
     0
281
     0
  0
CLASS
  1
SORTENTSTABLE
  2
AcDbSortentsTable
  3
ObjectDBX Classes
 90
        0
 91
        3
280
     0
281
     0
  0
CLASS
  1
SURFACE
  2
AcDbSurface
  3
ObjectDBX Classes
 90
     4095
 91
       72
280
     0
281
     1
  0
CLASS
  1
ACDBASSOCNETWORK
  2
AcDbAssocNetwork
  3
ObjectDBX Classes
 90
     1025
 91
        0
280
     0
281
     0
  0
CLASS
  1
ACDBASSOCACTION
  2
AcDbAssocAction
  3
ObjectDBX Classes
 90
     1025
 91
        0
280
     0
281
     0
  0
CLASS
  1
ACDBASSOCROTATEDDIMACTIONBODY
  2
AcDbAssocRotatedDimActionBody
  3
ObjectDBX Classes
 90
     1025
 91
        0
280
     0
281
     0
  0
CLASS
  1
ACDBASSOCOSNAPPOINTREFACTIONPARAM
  2
AcDbAssocOsnapPointRefActionParam
  3
ObjectDBX Classes
 90
     1025
 91
        0
280
     0
281
     0
  0
CLASS
  1
ACDBASSOCVERTEXACTIONPARAM
  2
AcDbAssocVertexActionParam
  3
ObjectDBX Classes
 90
     1025
 91
        0
280
     0
281
     0
  0
CLASS
  1
ACDBASSOCGEOMDEPENDENCY
  2
AcDbAssocGeomDependency
  3
ObjectDBX Classes
 90
     1025
 91
        0
280
     0
281
     0
  0
CLASS
  1
ACDBASSOCDEPENDENCY
  2
AcDbAssocDependency
  3
ObjectDBX Classes
 90
     1025
 91
        0
280
     0
281
     0
  0
CLASS
  1
ACDBASSOCEDGEACTIONPARAM
  2
AcDbAssocEdgeActionParam
  3
ObjectDBX Classes
 90
     1025
 91
        0
280
     0
281
     0
  0
CLASS
  1
ACAECUSTOBJ
  2
AcAeEditorObj
  3
AcAeEditorObj
 90
     1024
 91
        0
280
     0
281
     0
  0
CLASS
  1
DIMASSOC
  2
AcDbDimAssoc
  3
"AcDbDimAssoc|Product Desc:     AcDim ARX App For Dimension|Company:          Autodesk, Inc.|WEB Address:      www.autodesk.com"
 90
        0
 91
        0
280
     0
281
     0
  0
CLASS
  1
ACDB_DYNAMICBLOCKPURGEPREVENTER_VERSION
  2
AcDbDynamicBlockPurgePreventer
  3
ObjectDBX Classes
 90
     1153
 91
        0
280
     0
281
     0
  0
CLASS
  1
MENTALRAYRENDERSETTINGS
  2
AcDbMentalRayRenderSettings
  3
SCENEOE
 90
     1024
 91
        1
280
     0
281
     0
  0
ENDSEC
  0
SECTION
  2
TABLES
  0
TABLE
  2
VPORT
  5
8
330
0
100
AcDbSymbolTable
 70
     1
  0
VPORT
  5
94
330
8
100
AcDbSymbolTableRecord
100
AcDbViewportTableRecord
  2
*Active
 70
     0
 10
0.0
 20
0.0
 11
1.0
 21
1.0
 12
-282.2389738389075
 22
195.13806883902
 13
0.0
 23
0.0
 14
0.5
 24
0.5
 15
0.5
 25
0.5
 16
14826.90444835134
 26
-8969.339188738954
 36
6348.166782827923
 17
3220.930925521764
 27
1193.847124164638
 37
-314.1240368210815
 40
5516.795932715191
 41
1.68513853904282
 42
50.0
 43
0.0
 44
0.0
 50
0.0
 51
0.0000000000000045
 71
     0
 72
  1000
 73
     1
 74
     3
 75
     0
 76
     1
 77
     0
 78
     0
281
     0
 65
     1
110
0.0
120
0.0
130
0.0
111
1.0
121
0.0
131
0.0
112
0.0
122
1.0
132
0.0
 79
     0
146
0.0
348
9F
 60
     3
 61
     5
292
     1
282
     1
141
0.0
142
0.0
 63
   250
421
  3355443
1001
ACAD_NAV_VCDISPLAY
1070
     3
  0
ENDTAB
  0
TABLE
  2
LTYPE
  5
5
330
0
100
AcDbSymbolTable
 70
     2
  0
LTYPE
  5
14
330
5
100
AcDbSymbolTableRecord
100
AcDbLinetypeTableRecord
  2
ByBlock
 70
     0
  3

 72
    65
 73
     0
 40
0.0
  0
LTYPE
  5
15
330
5
100
AcDbSymbolTableRecord
100
AcDbLinetypeTableRecord
  2
ByLayer
 70
     0
  3

 72
    65
 73
     0
 40
0.0
  0
LTYPE
  5
16
330
5
100
AcDbSymbolTableRecord
100
AcDbLinetypeTableRecord
  2
Continuous
 70
     0
  3
Solid line
 72
    65
 73
     0
 40
0.0
  0
ENDTAB
  0
TABLE
  2
LAYER
  5
2
102
{ACAD_XDICTIONARY
360
18E
102
}
330
0
100
AcDbSymbolTable
 70
    12
  0
LAYER
  5
10
102
{ACAD_XDICTIONARY
360
E6
102
}
330
2
100
AcDbSymbolTableRecord
100
AcDbLayerTableRecord
  2
0
 70
     0
 62
     7
  6
Continuous
370
    -3
390
F
347
98
  0
LAYER
  5
6C5
330
2
100
AcDbSymbolTableRecord
100
AcDbLayerTableRecord
  2
TOP - 600_1
 70
     0
 62
     7
  6
Continuous
370
    -3
390
F
347
98
1001
AcAecLayerStandard
1000

1000

1001
AcCmTransparency
1071
        0
  0
LAYER
  5
6C6
330
2
100
AcDbSymbolTableRecord
100
AcDbLayerTableRecord
  2
BASE
 70
     0
 62
     7
  6
Continuous
370
    -3
390
F
347
98
1001
AcAecLayerStandard
1000

1000

1001
AcCmTransparency
1071
        0
  0
LAYER
  5
8D0
330
2
100
AcDbSymbolTableRecord
100
AcDbLayerTableRecord
  2
BOTTOM - 400_1
 70
     0
 62
     7
  6
Continuous
370
    -3
390
F
347
98
1001
AcAecLayerStandard
1000

1000

1001
AcCmTransparency
1071
        0
  0
LAYER
  5
B03
330
2
100
AcDbSymbolTableRecord
100
AcDbLayerTableRecord
  2
Defpoints
 70
     0
 62
     7
  6
Continuous
290
     0
370
    -3
390
F
347
98
  0
LAYER
  5
B1E
330
2
100
AcDbSymbolTableRecord
100
AcDbLayerTableRecord
  2
BOTTOM - 500_1
 70
     0
 62
     7
  6
Continuous
370
    -3
390
F
347
98
1001
AcAecLayerStandard
1000

1000

1001
AcCmTransparency
1071
        0
  0
LAYER
  5
E7E
330
2
100
AcDbSymbolTableRecord
100
AcDbLayerTableRecord
  2
DISHWASHER
 70
     0
 62
     7
  6
Continuous
370
    -3
390
F
347
98
1001
AcAecLayerStandard
1000

1000

1001
AcCmTransparency
1071
        0
  0
LAYER
  5
EE8
330
2
100
AcDbSymbolTableRecord
100
AcDbLayerTableRecord
  2
BOTTOM - 300
 70
     0
 62
     7
  6
Continuous
370
    -3
390
F
347
98
1001
AcAecLayerStandard
1000

1000

1001
AcCmTransparency
1071
        0
  0
LAYER
  5
16B6
330
2
100
AcDbSymbolTableRecord
100
AcDbLayerTableRecord
  2
TOP - 400_1
 70
     0
 62
     7
  6
Continuous
370
    -3
390
F
347
98
1001
AcAecLayerStandard
1000

1000

1001
AcCmTransparency
1071
        0
  0
LAYER
  5
173A
330
2
100
AcDbSymbolTableRecord
100
AcDbLayerTableRecord
  2
ASPIRATOR
 70
     0
 62
     7
  6
Continuous
370
    -3
390
F
347
98
1001
AcAecLayerStandard
1000

1000

1001
AcCmTransparency
1071
        0
  0
LAYER
  5
188E
330
2
100
AcDbSymbolTableRecord
100
AcDbLayerTableRecord
  2
TOP - 500_1
 70
     0
 62
     7
  6
Continuous
370
    -3
390
F
347
98
1001
AcAecLayerStandard
1000

1000

1001
AcCmTransparency
1071
        0
  0
LAYER
  5
1FE4
330
2
100
AcDbSymbolTableRecord
100
AcDbLayerTableRecord
  2
REFRIGERATOR
 70
     0
 62
     7
  6
Continuous
370
    -3
390
F
347
98
1001
AcAecLayerStandard
1000

1000

1001
AcCmTransparency
1071
        0
  0
ENDTAB
  0
TABLE
  2
STYLE
  5
3
330
0
100
AcDbSymbolTable
 70
     2
  0
STYLE
  5
11
330
3
100
AcDbSymbolTableRecord
100
AcDbTextStyleTableRecord
  2
Standard
 70
     0
 40
0.0
 41
1.0
 50
0.0
 71
     0
 42
0.2
  3
arial.ttf
  4

1001
ACAD
1000
Arial
1071
       34
  0
STYLE
  5
DC
330
3
100
AcDbSymbolTableRecord
100
AcDbTextStyleTableRecord
  2
Annotative
 70
     0
 40
0.0
 41
1.0
 50
0.0
 71
     0
 42
0.2
  3
arial.ttf
  4

1001
AcadAnnotative
1000
AnnotativeData
1002
{
1070
     1
1070
     1
1002
}
1001
ACAD
1000
Arial
1071
       34
  0
ENDTAB
  0
TABLE
  2
VIEW
  5
6
330
0
100
AcDbSymbolTable
 70
     2
  0
ENDTAB
  0
TABLE
  2
UCS
  5
7
330
0
100
AcDbSymbolTable
 70
     0
  0
ENDTAB
  0
TABLE
  2
APPID
  5
9
330
0
100
AcDbSymbolTable
 70
    18
  0
APPID
  5
12
330
9
100
AcDbSymbolTableRecord
100
AcDbRegAppTableRecord
  2
ACAD
 70
     0
  0
APPID
  5
DD
330
9
100
AcDbSymbolTableRecord
100
AcDbRegAppTableRecord
  2
AcadAnnoPO
 70
     0
  0
APPID
  5
DE
330
9
100
AcDbSymbolTableRecord
100
AcDbRegAppTableRecord
  2
AcadAnnotative
 70
     0
  0
APPID
  5
DF
330
9
100
AcDbSymbolTableRecord
100
AcDbRegAppTableRecord
  2
ACAD_DSTYLE_DIMJAG
 70
     0
  0
APPID
  5
E0
330
9
100
AcDbSymbolTableRecord
100
AcDbRegAppTableRecord
  2
ACAD_DSTYLE_DIMTALN
 70
     0
  0
APPID
  5
107
330
9
100
AcDbSymbolTableRecord
100
AcDbRegAppTableRecord
  2
ACAD_MLEADERVER
 70
     0
  0
APPID
  5
1A6
330
9
100
AcDbSymbolTableRecord
100
AcDbRegAppTableRecord
  2
ACAD_NAV_VCDISPLAY
 70
     0
  0
APPID
  5
265
330
9
100
AcDbSymbolTableRecord
100
AcDbRegAppTableRecord
  2
ACAD_EXEMPT_FROM_CAD_STANDARDS
 70
     0
  0
APPID
  5
280
330
9
100
AcDbSymbolTableRecord
100
AcDbRegAppTableRecord
  2
ACAD_STEPID
 70
     0
  0
APPID
  5
6C7
330
9
100
AcDbSymbolTableRecord
100
AcDbRegAppTableRecord
  2
AcAecLayerStandard
 70
     0
  0
APPID
  5
6C8
330
9
100
AcDbSymbolTableRecord
100
AcDbRegAppTableRecord
  2
AcCmTransparency
 70
     0
  0
APPID
  5
AFF
330
9
100
AcDbSymbolTableRecord
100
AcDbRegAppTableRecord
  2
ACAD_DSTYLE_DIMRADIAL_EXTENSION
 70
     0
  0
APPID
  5
B00
330
9
100
AcDbSymbolTableRecord
100
AcDbRegAppTableRecord
  2
Acad_TC
 70
     0
  0
APPID
  5
E7F
330
9
100
AcDbSymbolTableRecord
100
AcDbRegAppTableRecord
  2
AcDbDynamicBlockGUID
 70
     0
  0
APPID
  5
16AE
330
9
100
AcDbSymbolTableRecord
100
AcDbRegAppTableRecord
  2
ACAUTHENVIRON
 70
     0
  0
APPID
  5
1FE2
330
9
100
AcDbSymbolTableRecord
100
AcDbRegAppTableRecord
  2
AcDbDynamicBlockTrueName
 70
     0
  0
APPID
  5
1FE5
330
9
100
AcDbSymbolTableRecord
100
AcDbRegAppTableRecord
  2
PE_URL
 70
     0
  0
APPID
  5
22F6
330
9
100
AcDbSymbolTableRecord
100
AcDbRegAppTableRecord
  2
ACAD_OBJECT_CHANGE_GUID
 70
     0
  0
ENDTAB
  0
TABLE
  2
DIMSTYLE
  5
A
330
0
100
AcDbSymbolTable
 70
     3
100
AcDbDimStyleTable
 71
     2
340
27
340
E1
  0
DIMSTYLE
105
27
330
A
100
AcDbSymbolTableRecord
100
AcDbDimStyleTableRecord
  2
Standard
 70
     0
340
11
  0
DIMSTYLE
105
E1
330
A
100
AcDbSymbolTableRecord
100
AcDbDimStyleTableRecord
  2
Annotative
 70
     0
 40
0.0
340
11
1001
AcadAnnotative
1000
AnnotativeData
1002
{
1070
     1
1070
     1
1002
}
1001
ACAD_DSTYLE_DIMJAG
1070
   388
1040
1.5
1001
ACAD_DSTYLE_DIMTALN
1070
   392
1070
     0
  0
ENDTAB
  0
TABLE
  2
BLOCK_RECORD
  5
1
330
0
100
AcDbSymbolTable
 70
     5
  0
BLOCK_RECORD
  5
1F
102
{ACAD_XDICTIONARY
360
15D
102
}
330
1
100
AcDbSymbolTableRecord
100
AcDbBlockTableRecord
  2
*Model_Space
340
22
 70
     0
280
     1
281
     0
  0
BLOCK_RECORD
  5
58
330
1
100
AcDbSymbolTableRecord
100
AcDbBlockTableRecord
  2
*Paper_Space
340
59
 70
     0
280
     1
281
     0
  0
BLOCK_RECORD
  5
5D
330
1
100
AcDbSymbolTableRecord
100
AcDbBlockTableRecord
  2
*Paper_Space0
340
5E
 70
     0
280
     1
281
     0
  0
BLOCK_RECORD
  5
B31
102
{ACAD_XDICTIONARY
360
1FDF
102
}
330
1
100
AcDbSymbolTableRecord
100
AcDbBlockTableRecord
  2
1
340
0
310
28000000200000002000000001002000000000000010000001000000010000000000000000000000302821FF302821FF302821FF302821FF302821FF302821FF302821FF302821FF302821FF302821FF302821FF302821FF302821FF302821FF302821FF302821FF302821FF302821FF302821FF302821FF302821FF302821
310
FF302821FF302821FF302821FF302821FF302821FF302821FF302821FF302821FF302821FF302821FF302821FF302821FF302821FF302821FF302821FF302821FF302821FF302821FF302821FF302821FF302821FF302821FF302821FF302821FF302821FF302821FF302821FF302821FF302821FF302821FF302821FF3028
310
21FF302821FF302821FF302821FF302821FF302821FF302821FF302821FF302821FF302821FF302821FF302821FF808080FF808080FF808080FF808080FF808080FF808080FF808080FF808080FF808080FF808080FF808080FF808080FF808080FF808080FF808080FF808080FF808080FF808080FF808080FF808080FF80
310
8080FF808080FF808080FF808080FF808080FF808080FF808080FF808080FF808080FF808080FF302821FF302821FF808080FF808080FF808080FF808080FF808080FF808080FF808080FF808080FF808080FF808080FF808080FF808080FF808080FF808080FF808080FF808080FF808080FF808080FF808080FF808080FF
310
808080FF808080FF808080FF808080FF808080FF808080FF808080FF808080FF808080FF808080FF302821FF302821FF302821FF808080FF808080FF808080FF808080FF808080FF808080FF808080FF808080FF808080FF808080FF808080FF808080FF808080FF808080FF808080FF808080FF808080FF808080FF808080
310
FF808080FF808080FF808080FF808080FF808080FF808080FF808080FF808080FF808080FF302821FF302821FF302821FF302821FF808080FF302821FF302821FF302821FF302821FF302821FF302821FF302821FF302821FF302821FF302821FF302821FF302821FF302821FF302821FF302821FF302821FF302821FF3028
310
21FF302821FF302821FF302821FF302821FF302821FF302821FF302821FF302821FF808080FF302821FF302821FF302821FF302821FF808080FF302821FF302821FF302821FF302821FF302821FF302821FF302821FF302821FF302821FF302821FF302821FF302821FF302821FF302821FF302821FF302821FF302821FF30
310
2821FF302821FF302821FF302821FF302821FF302821FF302821FF302821FF302821FF808080FF302821FF302821FF302821FF302821FF808080FF302821FF302821FF302821FF302821FF302821FF302821FF302821FF302821FF302821FF302821FF302821FF302821FF302821FF302821FF302821FF302821FF302821FF
310
302821FF302821FF302821FF302821FF302821FF302821FF302821FF302821FF302821FF808080FF302821FF302821FF302821FF302821FF808080FF302821FF302821FF302821FF808080FF808080FF808080FF808080FF808080FF808080FF808080FF808080FF808080FF808080FF808080FF808080FF808080FF808080
310
FF808080FF808080FF808080FF808080FF808080FF302821FF302821FF302821FF302821FF808080FF302821FF302821FF302821FF302821FF808080FF302821FF302821FF808080FF808080FF808080FF808080FF808080FF808080FF808080FF808080FF808080FF808080FF808080FF808080FF808080FF808080FF8080
310
80FF808080FF808080FF808080FF808080FF808080FF808080FF808080FF302821FF302821FF808080FF302821FF302821FF302821FF302821FF808080FF302821FF302821FF808080FF808080FF808080FF808080FF808080FF808080FF808080FF808080FF808080FF808080FF808080FF808080FF808080FF808080FF80
310
8080FF808080FF808080FF808080FF808080FF808080FF808080FF808080FF302821FF302821FF808080FF302821FF302821FF302821FF302821FF808080FF302821FF302821FF808080FF808080FF302821FF808080FF808080FF808080FF808080FF302821FF808080FF302821FF808080FF808080FF302821FF808080FF
310
808080FF808080FF808080FF302821FF808080FF808080FF808080FF808080FF302821FF302821FF808080FF302821FF302821FF302821FF302821FF808080FF302821FF302821FF808080FF808080FF808080FF302821FF808080FF302821FF808080FF302821FF808080FF302821FF808080FF808080FF302821FF808080
310
FF302821FF808080FF302821FF808080FF808080FF808080FF808080FF808080FF302821FF302821FF808080FF302821FF302821FF302821FF302821FF808080FF302821FF808080FF808080FF808080FF808080FF808080FF808080FF808080FF302821FF808080FF302821FF808080FF808080FF302821FF808080FF8080
310
80FF808080FF808080FF302821FF808080FF302821FF808080FF302821FF808080FF808080FF302821FF808080FF302821FF302821FF302821FF302821FF808080FF302821FF808080FF808080FF808080FF808080FF808080FF808080FF808080FF302821FF808080FF302821FF808080FF808080FF302821FF808080FF30
310
2821FF808080FF808080FF808080FF808080FF302821FF808080FF302821FF808080FF808080FF302821FF808080FF302821FF302821FF302821FF302821FF808080FF302821FF808080FF808080FF808080FF302821FF808080FF302821FF808080FF302821FF808080FF302821FF808080FF808080FF302821FF808080FF
310
302821FF808080FF302821FF808080FF302821FF808080FF808080FF302821FF808080FF808080FF302821FF808080FF302821FF302821FF302821FF302821FF808080FF808080FF808080FF808080FF808080FF808080FF808080FF808080FF808080FF808080FF808080FF808080FF808080FF808080FF808080FF808080
310
FF808080FF808080FF808080FF808080FF808080FF808080FF808080FF808080FF808080FF808080FF808080FF808080FF302821FF302821FF302821FF302821FF808080FF808080FF808080FF808080FF808080FF808080FF808080FF808080FF808080FF808080FF808080FF808080FF808080FF808080FF808080FF8080
310
80FF808080FF808080FF808080FF808080FF808080FF808080FF808080FF808080FF808080FF808080FF808080FF808080FF302821FF302821FF302821FF302821FF808080FF808080FF808080FF808080FF808080FF808080FF808080FF808080FF808080FF808080FF808080FF808080FF808080FF808080FF808080FF80
310
8080FF808080FF808080FF808080FF808080FF808080FF808080FF808080FF808080FF808080FF808080FF808080FF808080FF302821FF302821FF302821FF302821FF808080FF808080FF302821FF302821FF302821FF302821FF302821FF302821FF302821FF302821FF302821FF302821FF302821FF302821FF302821FF
310
302821FF302821FF302821FF302821FF302821FF302821FF302821FF302821FF302821FF302821FF302821FF808080FF808080FF302821FF302821FF302821FF302821FF302821FF808080FF808080FF808080FF808080FF808080FF808080FF808080FF808080FF808080FF808080FF808080FF808080FF808080FF808080
310
FF808080FF808080FF808080FF808080FF808080FF808080FF808080FF808080FF808080FF808080FF808080FF808080FF302821FF302821FF302821FF302821FF808080FF808080FF808080FF808080FF808080FF808080FF808080FF808080FF808080FF808080FF808080FF808080FF808080FF808080FF808080FF8080
310
80FF808080FF808080FF808080FF808080FF808080FF808080FF808080FF808080FF808080FF808080FF808080FF808080FF808080FF808080FF302821FF302821FF302821FF302821FF302821FF302821FF302821FF302821FF302821FF302821FF302821FF302821FF302821FF302821FF302821FF302821FF302821FF30
310
2821FF302821FF302821FF302821FF302821FF302821FF302821FF302821FF302821FF302821FF302821FF302821FF302821FF302821FF302821FF302821FF302821FF302821FF302821FF302821FF302821FF302821FF302821FF302821FF302821FF302821FF302821FF302821FF302821FF302821FF302821FF302821FF
310
302821FF302821FF302821FF302821FF302821FF302821FF302821FF302821FF302821FF302821FF302821FF302821FF302821FF302821FF302821FF302821FF302821FF302821FF302821FF302821FF302821FF808080FF808080FF808080FF808080FF808080FF302821FF302821FF302821FF302821FF302821FF302821
310
FF302821FF302821FF302821FF302821FF302821FF302821FF302821FF808080FF808080FF808080FF808080FF808080FF302821FF302821FF302821FF302821FF302821FF302821FF302821FF302821FF302821FF808080FF808080FF808080FF808080FF808080FF302821FF302821FF302821FF302821FF302821FF3028
310
21FF302821FF302821FF302821FF302821FF302821FF302821FF302821FF808080FF808080FF808080FF808080FF808080FF302821FF302821FF302821FF302821FF302821FF302821FF302821FF302821FF302821FF808080FF808080FF808080FF808080FF808080FF302821FF302821FF302821FF302821FF302821FF30
310
2821FF302821FF302821FF302821FF302821FF302821FF302821FF302821FF808080FF808080FF808080FF808080FF808080FF302821FF302821FF302821FF302821FF302821FF302821FF302821FF302821FF302821FF808080FF808080FF808080FF808080FF808080FF808080FF808080FF808080FF808080FF808080FF
310
808080FF808080FF808080FF808080FF808080FF808080FF808080FF808080FF808080FF808080FF808080FF808080FF808080FF302821FF302821FF302821FF302821FF302821FF808080FF808080FF808080FF808080FF808080FF808080FF808080FF808080FF808080FF808080FF808080FF808080FF808080FF808080
310
FF808080FF808080FF808080FF808080FF808080FF808080FF808080FF808080FF808080FF808080FF808080FF808080FF808080FF808080FF808080FF808080FF302821FF302821FF808080FF808080FF808080FF808080FF808080FF808080FF808080FF808080FF808080FF808080FF808080FF808080FF808080FF8080
310
80FF808080FF808080FF808080FF808080FF808080FF808080FF808080FF808080FF808080FF808080FF808080FF808080FF808080FF808080FF808080FF808080FF302821FF302821FF302821FF302821FF302821FF302821FF302821FF302821FF302821FF302821FF302821FF302821FF302821FF302821FF302821FF30
310
2821FF302821FF302821FF302821FF302821FF302821FF302821FF302821FF302821FF302821FF302821FF302821FF302821FF302821FF302821FF302821FF302821FF302821FF302821FF302821FF302821FF302821FF302821FF302821FF302821FF302821FF302821FF302821FF302821FF302821FF302821FF302821FF
310
302821FF302821FF302821FF302821FF302821FF302821FF302821FF302821FF302821FF302821FF302821FF302821FF302821FF302821FF302821FF302821FF302821FF302821FF
102
{BLKREFS
331
EA1
102
}
 70
     4
280
     1
281
     0
1001
AcDbDynamicBlockGUID
1000
{95636755-E169-2D4E-B960-185DAF721723}
  0
BLOCK_RECORD
  5
1FE6
102
{ACAD_XDICTIONARY
360
1FF6
102
}
330
1
100
AcDbSymbolTableRecord
100
AcDbBlockTableRecord
  2
A$C25877339
340
0
 70
     4
280
     1
281
     0
  0
ENDTAB
  0
ENDSEC
  0
SECTION
  2
BLOCKS
  0
BLOCK
  5
20
330
1F
100
AcDbEntity
  8
0
100
AcDbBlockBegin
  2
*Model_Space
 70
     0
 10
0.0
 20
0.0
 30
0.0
  3
*Model_Space
  1

  0
ENDBLK
  5
21
330
1F
100
AcDbEntity
  8
0
100
AcDbBlockEnd
  0
BLOCK
  5
5A
330
58
100
AcDbEntity
 67
     1
  8
0
100
AcDbBlockBegin
  2
*Paper_Space
 70
     0
 10
0.0
 20
0.0
 30
0.0
  3
*Paper_Space
  1

  0
ENDBLK
  5
5B
330
58
100
AcDbEntity
 67
     1
  8
0
100
AcDbBlockEnd
  0
BLOCK
  5
5F
330
5D
100
AcDbEntity
 67
     1
  8
0
100
AcDbBlockBegin
  2
*Paper_Space0
 70
     0
 10
0.0
 20
0.0
 30
0.0
  3
*Paper_Space0
  1

  0
ENDBLK
  5
60
330
5D
100
AcDbEntity
 67
     1
  8
0
100
AcDbBlockEnd
  0
BLOCK
  5
B33
330
B31
100
AcDbEntity
  8
0
 62
     1
100
AcDbBlockBegin
  2
1
 70
     0
 10
0.0
 20
0.0
 30
0.0
  3
1
  1

  0
LINE
  5
1CAE
330
B31
100
AcDbEntity
  8
0
 62
     7
420
 15790320
370
     0
100
AcDbLine
 10
568.0502783998572
 20
340.3266963161777
 30
0.0
 11
568.0502783998572
 21
340.3950915241751
 31
0.0
  0
LINE
  5
1CAF
330
B31
100
AcDbEntity
  8
0
 62
     7
420
 15790320
370
     0
100
AcDbLine
 10
568.0502783998572
 20
336.380601924176
 30
0.0
 11
568.0502783998572
 21
336.4489971321734
 31
0.0
  0
LINE
  5
1CB0
330
B31
100
AcDbEntity
  8
0
 62
     7
420
 15790320
370
     0
100
AcDbLine
 10
568.0502783998572
 20
340.3950915241751
 30
0.0
 11
568.0073477560626
 21
340.3950915241751
 31
0.0
  0
LINE
  5
1CB1
330
B31
100
AcDbEntity
  8
0
 62
     7
420
 15790320
370
     0
100
AcDbLine
 10
567.8792903798685
 20
340.3950915241751
 30
0.0
 11
567.6682973685173
 21
340.3950915241751
 31
0.0
  0
LINE
  5
1CB2
330
B31
100
AcDbEntity
  8
0
 62
     7
420
 15790320
370
     0
100
AcDbLine
 10
555.3851682312024
 20
340.3950915241751
 30
0.0
 11
555.174175219855
 21
340.3950915241751
 31
0.0
  0
LINE
  5
1CB3
330
B31
100
AcDbEntity
  8
0
 62
     7
420
 15790320
370
     0
100
AcDbLine
 10
568.0502783998572
 20
336.380601924176
 30
0.0
 11
568.0073477560626
 21
336.380601924176
 31
0.0
  0
LINE
  5
1CB4
330
B31
100
AcDbEntity
  8
0
 62
     7
420
 15790320
370
     0
100
AcDbLine
 10
567.8792903798685
 20
336.380601924176
 30
0.0
 11
567.6682973685173
 21
336.380601924176
 31
0.0
  0
LINE
  5
1CB5
330
B31
100
AcDbEntity
  8
0
 62
     7
420
 15790320
370
     0
100
AcDbLine
 10
555.3851682312024
 20
336.380601924176
 30
0.0
 11
555.174175219855
 21
336.380601924176
 31
0.0
  0
LINE
  5
1CB6
330
B31
100
AcDbEntity
  8
0
 62
     7
420
 15790320
370
     0
100
AcDbLine
 10
558.7225162438053
 20
351.2639499041766
 30
0.0
 11
558.1009508756988
 21
351.0529568928185
 31
0.0
  0
LINE
  5
1CB7
330
B31
100
AcDbEntity
  8
0
 62
     7
420
 15790320
370
     0
100
AcDbLine
 10
555.0461178436608
 20
329.7038724726842
 30
0.0
 11
555.0031871998481
 21
330.3588675241829
 31
0.0
  0
LINE
  5
1CB8
330
B31
100
AcDbEntity
  8
0
 62
     7
420
 15790320
370
     0
100
AcDbLine
 10
555.6754867288336
 20
348.9258819241704
 30
0.0
 11
555.3851682312024
 21
348.3371742483253
 31
0.0
  0
LINE
  5
1CB9
330
B31
100
AcDbEntity
  8
0
 62
     7
420
 15790320
370
     0
100
AcDbLine
 10
555.0031871998481
 20
340.3950915241751
 30
0.0
 11
555.0031871998481
 21
340.4658994538636
 31
0.0
  0
LINE
  5
1CBA
330
B31
100
AcDbEntity
  8
0
 62
     7
420
 15790320
370
     0
100
AcDbLine
 10
555.3851682312024
 20
348.3371742483253
 30
0.0
 11
555.174175219855
 21
347.715608880228
 31
0.0
  0
LINE
  5
1CBB
330
B31
100
AcDbEntity
  8
0
 62
     7
420
 15790320
370
     0
100
AcDbLine
 10
555.0031871998481
 20
336.380601924176
 30
0.0
 11
555.0461178436608
 21
336.380601924176
 31
0.0
  0
LINE
  5
1CBC
330
B31
100
AcDbEntity
  8
0
 62
     7
420
 15790320
370
     0
100
AcDbLine
 10
557.5122431998688
 20
350.7626383952061
 30
0.0
 11
556.9664661678116
 21
350.3979618413252
 31
0.0
  0
LINE
  5
1CBD
330
B31
100
AcDbEntity
  8
0
 62
     7
420
 15790320
370
     0
100
AcDbLine
 10
555.174175219855
 20
347.715608880228
 30
0.0
 11
555.0461178436608
 21
347.0718209756615
 31
0.0
  0
LINE
  5
1CBE
330
B31
100
AcDbEntity
  8
0
 62
     7
420
 15790320
370
     0
100
AcDbLine
 10
556.4729581759065
 20
349.9651669481222
 30
0.0
 11
556.040163282706
 21
349.4716589562159
 31
0.0
  0
LINE
  5
1CBF
330
B31
100
AcDbEntity
  8
0
 62
     7
420
 15790320
370
     0
100
AcDbLine
 10
556.040163282706
 20
349.4716589562159
 30
0.0
 11
555.6754867288336
 21
348.9258819241704
 31
0.0
  0
LINE
  5
1CC0
330
B31
100
AcDbEntity
  8
0
 62
     7
420
 15790320
370
     0
100
AcDbLine
 10
555.0031871998481
 20
346.4168259241683
 30
0.0
 11
555.0461178436608
 21
346.4168259241683
 31
0.0
  0
LINE
  5
1CC1
330
B31
100
AcDbEntity
  8
0
 62
     7
420
 15790320
370
     0
100
AcDbLine
 10
555.174175219855
 20
346.4168259241683
 30
0.0
 11
555.3851682312024
 21
346.4168259241683
 31
0.0
  0
LINE
  5
1CC2
330
B31
100
AcDbEntity
  8
0
 62
     7
420
 15790320
370
     0
100
AcDbLine
 10
555.3851682312024
 20
328.4385192000257
 30
0.0
 11
555.174175219855
 21
329.0600845681231
 31
0.0
  0
LINE
  5
1CC3
330
B31
100
AcDbEntity
  8
0
 62
     7
420
 15790320
370
     0
100
AcDbLine
 10
555.0031871998481
 20
330.3588675241829
 30
0.0
 11
555.0461178436608
 21
330.3588675241829
 31
0.0
  0
LINE
  5
1CC4
330
B31
100
AcDbEntity
  8
0
 62
     7
420
 15790320
370
     0
100
AcDbLine
 10
555.174175219855
 20
330.3588675241829
 30
0.0
 11
555.3851682312024
 21
330.3588675241829
 31
0.0
  0
LINE
  5
1CC5
330
B31
100
AcDbEntity
  8
0
 62
     7
420
 15790320
370
     0
100
AcDbLine
 10
555.0461178436608
 20
347.0718209756615
 30
0.0
 11
555.0031871998481
 21
346.4168259241683
 31
0.0
  0
LINE
  5
1CC6
330
B31
100
AcDbEntity
  8
0
 62
     7
420
 15790320
370
     0
100
AcDbLine
 10
558.1009508756988
 20
351.0529568928185
 30
0.0
 11
557.5122431998688
 21
350.7626383952061
 31
0.0
  0
LINE
  5
1CC7
330
B31
100
AcDbEntity
  8
0
 62
     7
420
 15790320
370
     0
100
AcDbLine
 10
556.9664661678116
 20
350.3979618413252
 30
0.0
 11
556.4729581759065
 21
349.9651669481222
 31
0.0
  0
LINE
  5
1CC8
330
B31
100
AcDbEntity
  8
0
 62
     7
420
 15790320
370
     0
100
AcDbLine
 10
559.3663041483641
 20
351.3920072803671
 30
0.0
 11
558.7225162438053
 21
351.2639499041766
 31
0.0
  0
LINE
  5
1CC9
330
B31
100
AcDbEntity
  8
0
 62
     7
420
 15790320
370
     0
100
AcDbLine
 10
560.0212991998496
 20
351.4349379241726
 30
0.0
 11
559.3663041483641
 21
351.3920072803671
 31
0.0
  0
LINE
  5
1CCA
330
B31
100
AcDbEntity
  8
0
 62
     7
420
 15790320
370
     0
100
AcDbLine
 10
564.3309493559181
 20
325.5117435441694
 30
0.0
 11
564.9525147240028
 21
325.722736555527
 31
0.0
  0
LINE
  5
1CCB
330
B31
100
AcDbEntity
  8
0
 62
     7
420
 15790320
370
     0
100
AcDbLine
 10
567.6682973685173
 20
328.4385192000257
 30
0.0
 11
567.8792903798685
 21
329.0600845681231
 31
0.0
  0
LINE
  5
1CCC
330
B31
100
AcDbEntity
  8
0
 62
     7
420
 15790320
370
     0
100
AcDbLine
 10
567.6682973685173
 20
348.3371742483253
 30
0.0
 11
567.8792903798685
 21
347.715608880228
 31
0.0
  0
LINE
  5
1CCD
330
B31
100
AcDbEntity
  8
0
 62
     7
420
 15790320
370
     0
100
AcDbLine
 10
568.0073477560626
 20
347.0718209756615
 30
0.0
 11
568.0502783998572
 21
346.4168259241683
 31
0.0
  0
LINE
  5
1CCE
330
B31
100
AcDbEntity
  8
0
 62
     7
420
 15790320
370
     0
100
AcDbLine
 10
568.0502783998572
 20
330.6324483561668
 30
0.0
 11
568.0502783998572
 21
330.3588675241829
 31
0.0
  0
LINE
  5
1CCF
330
B31
100
AcDbEntity
  8
0
 62
     7
420
 15790320
370
     0
100
AcDbLine
 10
564.9525147240028
 20
325.722736555527
 30
0.0
 11
565.5412223998546
 21
326.0130550531449
 31
0.0
  0
LINE
  5
1CD0
330
B31
100
AcDbEntity
  8
0
 62
     7
420
 15790320
370
     0
100
AcDbLine
 10
567.3779788709079
 20
327.849811524175
 30
0.0
 11
567.6682973685173
 21
328.4385192000257
 31
0.0
  0
LINE
  5
1CD1
330
B31
100
AcDbEntity
  8
0
 62
     7
420
 15790320
370
     0
100
AcDbLine
 10
568.0502783998572
 20
340.4658994538636
 30
0.0
 11
568.0502783998572
 21
340.3950915241751
 31
0.0
  0
LINE
  5
1CD2
330
B31
100
AcDbEntity
  8
0
 62
     7
420
 15790320
370
     0
100
AcDbLine
 10
568.0502783998572
 20
336.380601924176
 30
0.0
 11
568.0502783998572
 21
336.3097939944878
 31
0.0
  0
LINE
  5
1CD3
330
B31
100
AcDbEntity
  8
0
 62
     7
420
 15790320
370
     0
100
AcDbLine
 10
566.0869994319118
 20
326.3777316070204
 30
0.0
 11
566.5805074238169
 21
326.8105265002232
 31
0.0
  0
LINE
  5
1CD4
330
B31
100
AcDbEntity
  8
0
 62
     7
420
 15790320
370
     0
100
AcDbLine
 10
567.8792903798685
 20
329.0600845681231
 30
0.0
 11
568.0073477560626
 21
329.7038724726842
 31
0.0
  0
LINE
  5
1CD5
330
B31
100
AcDbEntity
  8
0
 62
     7
420
 15790320
370
     0
100
AcDbLine
 10
568.0073477560626
 20
329.7038724726842
 30
0.0
 11
568.0502783998572
 21
330.3588675241829
 31
0.0
  0
LINE
  5
1CD6
330
B31
100
AcDbEntity
  8
0
 62
     7
420
 15790320
370
     0
100
AcDbLine
 10
565.5412223998546
 20
326.0130550531449
 30
0.0
 11
566.0869994319118
 21
326.3777316070204
 31
0.0
  0
LINE
  5
1CD7
330
B31
100
AcDbEntity
  8
0
 62
     7
420
 15790320
370
     0
100
AcDbLine
 10
563.6871614513556
 20
325.383686167984
 30
0.0
 11
564.3309493559181
 21
325.5117435441694
 31
0.0
  0
LINE
  5
1CD8
330
B31
100
AcDbEntity
  8
0
 62
     7
420
 15790320
370
     0
100
AcDbLine
 10
568.0502783998572
 20
330.3588675241829
 30
0.0
 11
568.0073477560626
 21
330.3588675241829
 31
0.0
  0
LINE
  5
1CD9
330
B31
100
AcDbEntity
  8
0
 62
     7
420
 15790320
370
     0
100
AcDbLine
 10
567.8792903798685
 20
330.3588675241829
 30
0.0
 11
567.6682973685173
 21
330.3588675241829
 31
0.0
  0
LINE
  5
1CDA
330
B31
100
AcDbEntity
  8
0
 62
     7
420
 15790320
370
     0
100
AcDbLine
 10
568.0502783998572
 20
346.4168259241683
 30
0.0
 11
568.0073477560626
 21
346.4168259241683
 31
0.0
  0
LINE
  5
1CDB
330
B31
100
AcDbEntity
  8
0
 62
     7
420
 15790320
370
     0
100
AcDbLine
 10
567.8792903798685
 20
346.4168259241683
 30
0.0
 11
567.6682973685173
 21
346.4168259241683
 31
0.0
  0
LINE
  5
1CDC
330
B31
100
AcDbEntity
  8
0
 62
     7
420
 15790320
370
     0
100
AcDbLine
 10
563.0321663998593
 20
325.3407555241783
 30
0.0
 11
563.6871614513556
 21
325.383686167984
 31
0.0
  0
LINE
  5
1CDD
330
B31
100
AcDbEntity
  8
0
 62
     7
420
 15790320
370
     0
100
AcDbLine
 10
567.0133023170137
 20
327.3040344921353
 30
0.0
 11
567.3779788709079
 21
327.849811524175
 31
0.0
  0
LINE
  5
1CDE
330
B31
100
AcDbEntity
  8
0
 62
     7
420
 15790320
370
     0
100
AcDbLine
 10
566.5805074238169
 20
326.8105265002232
 30
0.0
 11
567.0133023170137
 21
327.3040344921353
 31
0.0
  0
LINE
  5
1CDF
330
B31
100
AcDbEntity
  8
0
 62
     7
420
 15790320
370
     0
100
AcDbLine
 10
568.0502783998572
 20
305.3367027321858
 30
0.0
 11
568.0502783998572
 21
305.2683075241939
 31
0.0
  0
LINE
  5
1CE0
330
B31
100
AcDbEntity
  8
0
 62
     7
420
 15790320
370
     0
100
AcDbLine
 10
568.0502783998572
 20
309.2827971241931
 30
0.0
 11
568.0073477560626
 21
309.2827971241931
 31
0.0
  0
LINE
  5
1CE1
330
B31
100
AcDbEntity
  8
0
 62
     7
420
 15790320
370
     0
100
AcDbLine
 10
567.8792903798685
 20
309.2827971241931
 30
0.0
 11
567.6682973685173
 21
309.2827971241931
 31
0.0
  0
LINE
  5
1CE2
330
B31
100
AcDbEntity
  8
0
 62
     7
420
 15790320
370
     0
100
AcDbLine
 10
555.3851682312024
 20
309.2827971241931
 30
0.0
 11
555.174175219855
 21
309.2827971241931
 31
0.0
  0
LINE
  5
1CE3
330
B31
100
AcDbEntity
  8
0
 62
     7
420
 15790320
370
     0
100
AcDbLine
 10
568.0502783998572
 20
305.2683075241939
 30
0.0
 11
568.0073477560626
 21
305.2683075241939
 31
0.0
  0
LINE
  5
1CE4
330
B31
100
AcDbEntity
  8
0
 62
     7
420
 15790320
370
     0
100
AcDbLine
 10
567.8792903798685
 20
305.2683075241939
 30
0.0
 11
567.6682973685173
 21
305.2683075241939
 31
0.0
  0
LINE
  5
1CE5
330
B31
100
AcDbEntity
  8
0
 62
     7
420
 15790320
370
     0
100
AcDbLine
 10
555.3851682312024
 20
305.2683075241939
 30
0.0
 11
555.174175219855
 21
305.2683075241939
 31
0.0
  0
LINE
  5
1CE6
330
B31
100
AcDbEntity
  8
0
 62
     7
420
 15790320
370
     0
100
AcDbLine
 10
36.96304078000503
 20
309.2827971241875
 30
0.0
 11
36.75204776865939
 21
309.2827971241875
 31
0.0
  0
LINE
  5
1CE7
330
B31
100
AcDbEntity
  8
0
 62
     7
420
 15790320
370
     0
100
AcDbLine
 10
24.46891863135898
 20
309.2827971241875
 30
0.0
 11
24.25792561999515
 21
309.2827971241875
 31
0.0
  0
LINE
  5
1CE8
330
B31
100
AcDbEntity
  8
0
 62
     7
420
 15790320
370
     0
100
AcDbLine
 10
24.12986824380096
 20
309.2827971241875
 30
0.0
 11
24.0869376000046
 21
309.2827971241875
 31
0.0
  0
LINE
  5
1CE9
330
B31
100
AcDbEntity
  8
0
 62
     7
420
 15790320
370
     0
100
AcDbLine
 10
539.8293518708278
 20
310.2706871390569
 30
0.0
 11
539.9488511998688
 21
310.2864195241873
 31
0.0
  0
LINE
  5
1CEA
330
B31
100
AcDbEntity
  8
0
 62
     7
420
 15790320
370
     0
100
AcDbLine
 10
542.8571255878678
 20
308.0548220978217
 30
0.0
 11
542.9597183998566
 21
307.2755523241824
 31
0.0
  0
LINE
  5
1CEB
330
B31
100
AcDbEntity
  8
0
 62
     7
420
 15790320
370
     0
100
AcDbLine
 10
540.7281209734801
 20
310.1838267121939
 30
0.0
 11
541.4542847998718
 21
309.883039806803
 31
0.0
  0
LINE
  5
1CEC
330
B31
100
AcDbEntity
  8
0
 62
     7
420
 15790320
370
     0
100
AcDbLine
 10
51.40909502636532
 20
310.1838267121884
 30
0.0
 11
50.68293119998998
 21
309.883039806803
 31
0.0
  0
LINE
  5
1CED
330
B31
100
AcDbEntity
  8
0
 62
     7
420
 15790320
370
     0
100
AcDbLine
 10
50.0593601856217
 20
309.4045569385548
 30
0.0
 11
49.96593059400765
 21
309.2827971241875
 31
0.0
  0
LINE
  5
1CEE
330
B31
100
AcDbEntity
  8
0
 62
     7
420
 15790320
370
     0
100
AcDbLine
 10
52.18836479997662
 20
310.2864195241816
 30
0.0
 11
51.40909502636532
 21
310.1838267121884
 31
0.0
  0
LINE
  5
1CEF
330
B31
100
AcDbEntity
  8
0
 62
     7
420
 15790320
370
     0
100
AcDbLine
 10
539.9488511998688
 20
310.2864195241873
 30
0.0
 11
540.7281209734801
 21
310.1838267121939
 31
0.0
  0
LINE
  5
1CF0
330
B31
100
AcDbEntity
  8
0
 62
     7
420
 15790320
370
     0
100
AcDbLine
 10
542.5563386824806
 20
308.7809859241847
 30
0.0
 11
542.8571255878678
 21
308.0548220978217
 31
0.0
  0
LINE
  5
1CF1
330
B31
100
AcDbEntity
  8
0
 62
     7
420
 15790320
370
     0
100
AcDbLine
 10
49.58087731738487
 20
308.7809859241793
 30
0.0
 11
49.28009041199402
 21
308.0548220978162
 31
0.0
  0
LINE
  5
1CF2
330
B31
100
AcDbEntity
  8
0
 62
     7
420
 15790320
370
     0
100
AcDbLine
 10
49.28009041199402
 20
308.0548220978162
 30
0.0
 11
49.17749759998696
 21
307.2755523241824
 31
0.0
  0
LINE
  5
1CF3
330
B31
100
AcDbEntity
  8
0
 62
     7
420
 15790320
370
     0
100
AcDbLine
 10
52.30786412901761
 20
310.2706871390569
 30
0.0
 11
52.18836479997662
 21
310.2864195241816
 31
0.0
  0
LINE
  5
1CF4
330
B31
100
AcDbEntity
  8
0
 62
     7
420
 15790320
370
     0
100
AcDbLine
 10
53.11794030738565
 20
310.2864195241816
 30
0.0
 11
52.42659533735786
 21
310.2864195241816
 31
0.0
  0
LINE
  5
1CF5
330
B31
100
AcDbEntity
  8
0
 62
     7
420
 15790320
370
     0
100
AcDbLine
 10
146.0776198074709
 20
304.2646851241832
 30
0.0
 11
184.1836470836497
 21
304.2646851241832
 31
0.0
  0
LINE
  5
1CF6
330
B31
100
AcDbEntity
  8
0
 62
     7
420
 15790320
370
     0
100
AcDbLine
 10
186.2225158074743
 20
304.2646851241832
 30
0.0
 11
224.3285430836531
 21
304.2646851241832
 31
0.0
  0
LINE
  5
1CF7
330
B31
100
AcDbEntity
  8
0
 62
     7
420
 15790320
370
     0
100
AcDbLine
 10
226.3674118074541
 20
304.2646851241832
 30
0.0
 11
264.4734390836529
 21
304.2646851241832
 31
0.0
  0
LINE
  5
1CF8
330
B31
100
AcDbEntity
  8
0
 62
     7
420
 15790320
370
     0
100
AcDbLine
 10
298.0758527999224
 20
304.2646851241832
 30
0.0
 11
327.6321529924317
 21
304.2646851241832
 31
0.0
  0
LINE
  5
1CF9
330
B31
100
AcDbEntity
  8
0
 62
     7
420
 15790320
370
     0
100
AcDbLine
 10
329.6710217162581
 20
304.2646851241832
 30
0.0
 11
367.7770489924342
 21
304.2646851241832
 31
0.0
  0
LINE
  5
1CFA
330
B31
100
AcDbEntity
  8
0
 62
     7
420
 15790320
370
     0
100
AcDbLine
 10
369.815917716257
 20
304.2646851241832
 30
0.0
 11
407.9219449924321
 21
304.2646851241832
 31
0.0
  0
LINE
  5
1CFB
330
B31
100
AcDbEntity
  8
0
 62
     7
420
 15790320
370
     0
100
AcDbLine
 10
409.9608137162549
 20
304.2646851241832
 30
0.0
 11
448.0668409924337
 21
304.2646851241832
 31
0.0
  0
LINE
  5
1CFC
330
B31
100
AcDbEntity
  8
0
 62
     7
420
 15790320
370
     0
100
AcDbLine
 10
49.58087731738487
 20
305.7701187241855
 30
0.0
 11
49.28009041199402
 21
306.4962825505488
 31
0.0
  0
LINE
  5
1CFD
330
B31
100
AcDbEntity
  8
0
 62
     7
420
 15790320
370
     0
100
AcDbLine
 10
49.28009041199402
 20
306.4962825505488
 30
0.0
 11
49.17749759998696
 21
307.2755523241824
 31
0.0
  0
LINE
  5
1CFE
330
B31
100
AcDbEntity
  8
0
 62
     7
420
 15790320
370
     0
100
AcDbLine
 10
541.5339374588702
 20
304.7291844764795
 30
0.0
 11
542.0778558142346
 21
305.1465477098102
 31
0.0
  0
LINE
  5
1CFF
330
B31
100
AcDbEntity
  8
0
 62
     7
420
 15790320
370
     0
100
AcDbLine
 10
540.7281209734801
 20
304.3672779361764
 30
0.0
 11
541.4542847998718
 21
304.668064841562
 31
0.0
  0
LINE
  5
1D00
330
B31
100
AcDbEntity
  8
0
 62
     7
420
 15790320
370
     0
100
AcDbLine
 10
539.9488511998688
 20
304.2646851241832
 30
0.0
 11
540.7281209734801
 21
304.3672779361764
 31
0.0
  0
LINE
  5
1D01
330
B31
100
AcDbEntity
  8
0
 62
     7
420
 15790320
370
     0
100
AcDbLine
 10
51.40909502636532
 20
304.3672779361821
 30
0.0
 11
50.68293119998998
 21
304.668064841562
 31
0.0
  0
LINE
  5
1D02
330
B31
100
AcDbEntity
  8
0
 62
     7
420
 15790320
370
     0
100
AcDbLine
 10
52.18836479997662
 20
304.2646851241832
 30
0.0
 11
51.40909502636532
 21
304.3672779361821
 31
0.0
  0
LINE
  5
1D03
330
B31
100
AcDbEntity
  8
0
 62
     7
420
 15790320
370
     0
100
AcDbLine
 10
542.5563386824806
 20
305.7701187241855
 30
0.0
 11
542.8571255878678
 21
306.4962825505488
 31
0.0
  0
LINE
  5
1D04
330
B31
100
AcDbEntity
  8
0
 62
     7
420
 15790320
370
     0
100
AcDbLine
 10
542.0778558142346
 20
305.1465477098102
 30
0.0
 11
542.1712854058723
 21
305.2683075241939
 31
0.0
  0
LINE
  5
1D05
330
B31
100
AcDbEntity
  8
0
 62
     7
420
 15790320
370
     0
100
AcDbLine
 10
542.8571255878678
 20
306.4962825505488
 30
0.0
 11
542.9597183998566
 21
307.2755523241824
 31
0.0
  0
LINE
  5
1D06
330
B31
100
AcDbEntity
  8
0
 62
     7
420
 15790320
370
     0
100
AcDbLine
 10
487.8127707528046
 20
135.9250417357582
 30
0.0
 11
487.3286615352198
 21
135.7245171321679
 31
0.0
  0
LINE
  5
1D07
330
B31
100
AcDbEntity
  8
0
 62
     7
420
 15790320
370
     0
100
AcDbLine
 10
486.8091483527905
 20
135.6561219241762
 30
0.0
 11
486.2896351703757
 21
135.7245171321624
 31
0.0
  0
LINE
  5
1D08
330
B31
100
AcDbEntity
  8
0
 62
     7
420
 15790320
370
     0
100
AcDbLine
 10
484.8019035527804
 20
335.3769795241872
 30
0.0
 11
484.8019035527804
 21
310.2864195241873
 31
0.0
  0
LINE
  5
1D09
330
B31
100
AcDbEntity
  8
0
 62
     7
420
 15790320
370
     0
100
AcDbLine
 10
484.8019035527804
 20
304.2646851241832
 30
0.0
 11
484.8019035527804
 21
285.1306486399092
 31
0.0
  0
LINE
  5
1D0A
330
B31
100
AcDbEntity
  8
0
 62
     7
420
 15790320
370
     0
100
AcDbLine
 10
484.8019035527804
 20
273.6896826107854
 30
0.0
 11
484.801903552795
 21
159.536035101918
 31
0.0
  0
LINE
  5
1D0B
330
B31
100
AcDbEntity
  8
0
 62
     7
420
 15790320
370
     0
100
AcDbLine
 10
488.816393152786
 20
335.3769795241872
 30
0.0
 11
488.816393152786
 21
310.2864195241873
 31
0.0
  0
LINE
  5
1D0C
330
B31
100
AcDbEntity
  8
0
 62
     7
420
 15790320
370
     0
100
AcDbLine
 10
488.816393152786
 20
296.2167038953801
 30
0.0
 11
488.8163931528006
 21
159.536035101918
 31
0.0
  0
LINE
  5
1D0D
330
B31
100
AcDbEntity
  8
0
 62
     7
420
 15790320
370
     0
100
AcDbLine
 10
488.7479979447971
 20
137.1438535417551
 30
0.0
 11
488.5474733412129
 21
136.6597443241758
 31
0.0
  0
LINE
  5
1D0E
330
B31
100
AcDbEntity
  8
0
 62
     7
420
 15790320
370
     0
100
AcDbLine
 10
488.8163931528006
 20
137.6633667241756
 30
0.0
 11
488.7479979447971
 21
137.1438535417551
 31
0.0
  0
LINE
  5
1D0F
330
B31
100
AcDbEntity
  8
0
 62
     7
420
 15790320
370
     0
100
AcDbLine
 10
488.5474733412129
 20
136.6597443241758
 30
0.0
 11
488.2284847623641
 21
136.244030314594
 31
0.0
  0
LINE
  5
1D10
330
B31
100
AcDbEntity
  8
0
 62
     7
420
 15790320
370
     0
100
AcDbLine
 10
485.8055259527946
 20
135.9250417357582
 30
0.0
 11
485.3898119432133
 21
136.2440303145997
 31
0.0
  0
LINE
  5
1D11
330
B31
100
AcDbEntity
  8
0
 62
     7
420
 15790320
370
     0
100
AcDbLine
 10
485.3898119432133
 20
136.2440303145997
 30
0.0
 11
485.0708233643826
 21
136.6597443241758
 31
0.0
  0
LINE
  5
1D12
330
B31
100
AcDbEntity
  8
0
 62
     7
420
 15790320
370
     0
100
AcDbLine
 10
485.0708233643826
 20
136.6597443241758
 30
0.0
 11
484.8702987607985
 21
137.1438535417496
 31
0.0
  0
LINE
  5
1D13
330
B31
100
AcDbEntity
  8
0
 62
     7
420
 15790320
370
     0
100
AcDbLine
 10
486.2896351703757
 20
135.7245171321624
 30
0.0
 11
485.8055259527946
 21
135.9250417357582
 31
0.0
  0
LINE
  5
1D14
330
B31
100
AcDbEntity
  8
0
 62
     7
420
 15790320
370
     0
100
AcDbLine
 10
484.8702987607985
 20
137.1438535417496
 30
0.0
 11
484.801903552795
 21
137.6633667241756
 31
0.0
  0
LINE
  5
1D15
330
B31
100
AcDbEntity
  8
0
 62
     7
420
 15790320
370
     0
100
AcDbLine
 10
484.801903552795
 20
137.6633667241756
 30
0.0
 11
484.8702987607985
 21
138.1828799065963
 31
0.0
  0
LINE
  5
1D16
330
B31
100
AcDbEntity
  8
0
 62
     7
420
 15790320
370
     0
100
AcDbLine
 10
488.7479979447971
 20
138.1828799066018
 30
0.0
 11
488.8163931528006
 21
137.6633667241756
 31
0.0
  0
LINE
  5
1D17
330
B31
100
AcDbEntity
  8
0
 62
     7
420
 15790320
370
     0
100
AcDbLine
 10
488.2284847623641
 20
136.244030314594
 30
0.0
 11
487.8127707528046
 21
135.9250417357582
 31
0.0
  0
LINE
  5
1D18
330
B31
100
AcDbEntity
  8
0
 62
     7
420
 15790320
370
     0
100
AcDbLine
 10
36.96304078000503
 20
340.3950915241808
 30
0.0
 11
36.75204776865939
 21
340.3950915241808
 31
0.0
  0
LINE
  5
1D19
330
B31
100
AcDbEntity
  8
0
 62
     7
420
 15790320
370
     0
100
AcDbLine
 10
24.46891863135898
 20
340.3950915241808
 30
0.0
 11
24.25792561999515
 21
340.3950915241808
 31
0.0
  0
LINE
  5
1D1A
330
B31
100
AcDbEntity
  8
0
 62
     7
420
 15790320
370
     0
100
AcDbLine
 10
24.12986824380096
 20
340.3950915241808
 30
0.0
 11
24.0869376000046
 21
340.3950915241808
 31
0.0
  0
LINE
  5
1D1B
330
B31
100
AcDbEntity
  8
0
 62
     7
420
 15790320
370
     0
100
AcDbLine
 10
24.0869376000046
 20
340.3950915241808
 30
0.0
 11
24.0869376000046
 21
340.3266963161832
 31
0.0
  0
LINE
  5
1D1C
330
B31
100
AcDbEntity
  8
0
 62
     7
420
 15790320
370
     0
100
AcDbLine
 10
36.96304078000503
 20
336.380601924176
 30
0.0
 11
36.75204776865939
 21
336.380601924176
 31
0.0
  0
LINE
  5
1D1D
330
B31
100
AcDbEntity
  8
0
 62
     7
420
 15790320
370
     0
100
AcDbLine
 10
24.46891863135898
 20
336.380601924176
 30
0.0
 11
24.25792561999515
 21
336.380601924176
 31
0.0
  0
LINE
  5
1D1E
330
B31
100
AcDbEntity
  8
0
 62
     7
420
 15790320
370
     0
100
AcDbLine
 10
24.12986824380096
 20
336.380601924176
 30
0.0
 11
24.0869376000046
 21
336.380601924176
 31
0.0
  0
LINE
  5
1D1F
330
B31
100
AcDbEntity
  8
0
 62
     7
420
 15790320
370
     0
100
AcDbLine
 10
36.96304078000503
 20
305.2683075241885
 30
0.0
 11
36.75204776865939
 21
305.2683075241885
 31
0.0
  0
LINE
  5
1D20
330
B31
100
AcDbEntity
  8
0
 62
     7
420
 15790320
370
     0
100
AcDbLine
 10
24.46891863135898
 20
305.2683075241885
 30
0.0
 11
24.25792561999515
 21
305.2683075241885
 31
0.0
  0
LINE
  5
1D21
330
B31
100
AcDbEntity
  8
0
 62
     7
420
 15790320
370
     0
100
AcDbLine
 10
24.12986824380096
 20
305.2683075241885
 30
0.0
 11
24.0869376000046
 21
305.2683075241885
 31
0.0
  0
LINE
  5
1D22
330
B31
100
AcDbEntity
  8
0
 62
     7
420
 15790320
370
     0
100
AcDbLine
 10
297.0722303999264
 20
135.9250417357636
 30
0.0
 11
296.5881211823671
 21
135.7245171321733
 31
0.0
  0
LINE
  5
1D23
330
B31
100
AcDbEntity
  8
0
 62
     7
420
 15790320
370
     0
100
AcDbLine
 10
296.0686079999287
 20
135.6561219241814
 30
0.0
 11
295.5490948175157
 21
135.7245171321733
 31
0.0
  0
LINE
  5
1D24
330
B31
100
AcDbEntity
  8
0
 62
     7
420
 15790320
370
     0
100
AcDbLine
 10
297.8069329883565
 20
138.6669891241808
 30
0.0
 11
298.007457591937
 21
138.1828799066018
 31
0.0
  0
LINE
  5
1D25
330
B31
100
AcDbEntity
  8
0
 62
     7
420
 15790320
370
     0
100
AcDbLine
 10
294.0613631999168
 20
335.3769795241872
 30
0.0
 11
294.0613631999168
 21
310.2864195241816
 31
0.0
  0
LINE
  5
1D26
330
B31
100
AcDbEntity
  8
0
 62
     7
420
 15790320
370
     0
100
AcDbLine
 10
294.0613631999168
 20
304.2646851241832
 30
0.0
 11
294.0613631999422
 21
159.536035101918
 31
0.0
  0
LINE
  5
1D27
330
B31
100
AcDbEntity
  8
0
 62
     7
420
 15790320
370
     0
100
AcDbLine
 10
296.5881211823671
 20
135.7245171321733
 30
0.0
 11
296.0686079999287
 21
135.6561219241814
 31
0.0
  0
LINE
  5
1D28
330
B31
100
AcDbEntity
  8
0
 62
     7
420
 15790320
370
     0
100
AcDbLine
 10
298.007457591937
 20
137.1438535417551
 30
0.0
 11
297.8069329883565
 21
136.6597443241758
 31
0.0
  0
LINE
  5
1D29
330
B31
100
AcDbEntity
  8
0
 62
     7
420
 15790320
370
     0
100
AcDbLine
 10
298.0758527999224
 20
137.663366724181
 30
0.0
 11
298.007457591937
 21
137.1438535417551
 31
0.0
  0
LINE
  5
1D2A
330
B31
100
AcDbEntity
  8
0
 62
     7
420
 15790320
370
     0
100
AcDbLine
 10
297.8069329883565
 20
136.6597443241758
 30
0.0
 11
297.4879444095204
 21
136.2440303145997
 31
0.0
  0
LINE
  5
1D2B
330
B31
100
AcDbEntity
  8
0
 62
     7
420
 15790320
370
     0
100
AcDbLine
 10
295.0649855999345
 20
135.9250417357636
 30
0.0
 11
294.6492715903569
 21
136.2440303145997
 31
0.0
  0
LINE
  5
1D2C
330
B31
100
AcDbEntity
  8
0
 62
     7
420
 15790320
370
     0
100
AcDbLine
 10
294.6492715903569
 20
136.2440303145997
 30
0.0
 11
294.3302830115208
 21
136.6597443241758
 31
0.0
  0
LINE
  5
1D2D
330
B31
100
AcDbEntity
  8
0
 62
     7
420
 15790320
370
     0
100
AcDbLine
 10
294.3302830115208
 20
136.6597443241758
 30
0.0
 11
294.1297584079202
 21
137.1438535417551
 31
0.0
  0
LINE
  5
1D2E
330
B31
100
AcDbEntity
  8
0
 62
     7
420
 15790320
370
     0
100
AcDbLine
 10
295.5490948175157
 20
135.7245171321733
 30
0.0
 11
295.0649855999345
 21
135.9250417357636
 31
0.0
  0
LINE
  5
1D2F
330
B31
100
AcDbEntity
  8
0
 62
     7
420
 15790320
370
     0
100
AcDbLine
 10
298.0758527999224
 20
335.3769795241872
 30
0.0
 11
298.0758527999224
 21
310.2864195241816
 31
0.0
  0
LINE
  5
1D30
330
B31
100
AcDbEntity
  8
0
 62
     7
420
 15790320
370
     0
100
AcDbLine
 10
294.1297584079202
 20
137.1438535417551
 30
0.0
 11
294.0613631999422
 21
137.663366724181
 31
0.0
  0
LINE
  5
1D31
330
B31
100
AcDbEntity
  8
0
 62
     7
420
 15790320
370
     0
100
AcDbLine
 10
294.0613631999422
 20
137.663366724181
 30
0.0
 11
294.1297584079202
 21
138.1828799066018
 31
0.0
  0
LINE
  5
1D32
330
B31
100
AcDbEntity
  8
0
 62
     7
420
 15790320
370
     0
100
AcDbLine
 10
294.1297584079202
 20
138.1828799066018
 30
0.0
 11
294.3302830115208
 21
138.6669891241808
 31
0.0
  0
LINE
  5
1D33
330
B31
100
AcDbEntity
  8
0
 62
     7
420
 15790320
370
     0
100
AcDbLine
 10
297.4879444095204
 20
136.2440303145997
 30
0.0
 11
297.0722303999264
 21
135.9250417357636
 31
0.0
  0
LINE
  5
1D34
330
B31
100
AcDbEntity
  8
0
 62
     7
420
 15790320
370
     0
100
AcDbLine
 10
539.8293518708278
 20
335.3927119093121
 30
0.0
 11
539.9488511998688
 21
335.3769795241872
 31
0.0
  0
LINE
  5
1D35
330
B31
100
AcDbEntity
  8
0
 62
     7
420
 15790320
370
     0
100
AcDbLine
 10
542.0778558142346
 20
336.2588421098089
 30
0.0
 11
542.171285405836
 21
336.380601924176
 31
0.0
  0
LINE
  5
1D36
330
B31
100
AcDbEntity
  8
0
 62
     7
420
 15790320
370
     0
100
AcDbLine
 10
541.9560959998425
 20
336.1654125181733
 30
0.0
 11
542.0778558142346
 21
336.2588421098089
 31
0.0
  0
LINE
  5
1D37
330
B31
100
AcDbEntity
  8
0
 62
     7
420
 15790320
370
     0
100
AcDbLine
 10
542.8571255878678
 20
337.6085769505476
 30
0.0
 11
542.9597183998566
 21
338.3878467241866
 31
0.0
  0
LINE
  5
1D38
330
B31
100
AcDbEntity
  8
0
 62
     7
420
 15790320
370
     0
100
AcDbLine
 10
540.7281209734801
 20
335.4795723361806
 30
0.0
 11
541.4542847998718
 21
335.7803592415605
 31
0.0
  0
LINE
  5
1D39
330
B31
100
AcDbEntity
  8
0
 62
     7
420
 15790320
370
     0
100
AcDbLine
 10
51.40909502636532
 20
335.4795723361806
 30
0.0
 11
50.68293119998998
 21
335.780359241566
 31
0.0
  0
LINE
  5
1D3A
330
B31
100
AcDbEntity
  8
0
 62
     7
420
 15790320
370
     0
100
AcDbLine
 10
52.18836479997662
 20
335.3769795241872
 30
0.0
 11
51.40909502636532
 21
335.4795723361806
 31
0.0
  0
LINE
  5
1D3B
330
B31
100
AcDbEntity
  8
0
 62
     7
420
 15790320
370
     0
100
AcDbLine
 10
539.9488511998688
 20
335.3769795241872
 30
0.0
 11
540.7281209734801
 21
335.4795723361806
 31
0.0
  0
LINE
  5
1D3C
330
B31
100
AcDbEntity
  8
0
 62
     7
420
 15790320
370
     0
100
AcDbLine
 10
542.5563386824806
 20
336.8824131241843
 30
0.0
 11
542.8571255878678
 21
337.6085769505476
 31
0.0
  0
LINE
  5
1D3D
330
B31
100
AcDbEntity
  8
0
 62
     7
420
 15790320
370
     0
100
AcDbLine
 10
49.58087731738487
 20
336.8824131241843
 30
0.0
 11
49.28009041199402
 21
337.608576950553
 31
0.0
  0
LINE
  5
1D3E
330
B31
100
AcDbEntity
  8
0
 62
     7
420
 15790320
370
     0
100
AcDbLine
 10
49.28009041199402
 20
337.608576950553
 30
0.0
 11
49.17749759998696
 21
338.3878467241812
 31
0.0
  0
LINE
  5
1D3F
330
B31
100
AcDbEntity
  8
0
 62
     7
420
 15790320
370
     0
100
AcDbLine
 10
52.30786412901761
 20
335.3927119093121
 30
0.0
 11
52.18836479997662
 21
335.3769795241872
 31
0.0
  0
LINE
  5
1D40
330
B31
100
AcDbEntity
  8
0
 62
     7
420
 15790320
370
     0
100
AcDbLine
 10
49.58087731738487
 20
339.8932803241835
 30
0.0
 11
49.28009041199402
 21
339.1671164978147
 31
0.0
  0
LINE
  5
1D41
330
B31
100
AcDbEntity
  8
0
 62
     7
420
 15790320
370
     0
100
AcDbLine
 10
50.68293119998998
 20
340.9953342068015
 30
0.0
 11
50.0593601856217
 21
340.5168513385533
 31
0.0
  0
LINE
  5
1D42
330
B31
100
AcDbEntity
  8
0
 62
     7
420
 15790320
370
     0
100
AcDbLine
 10
49.28009041199402
 20
339.1671164978147
 30
0.0
 11
49.17749759998696
 21
338.3878467241812
 31
0.0
  0
LINE
  5
1D43
330
B31
100
AcDbEntity
  8
0
 62
     7
420
 15790320
370
     0
100
AcDbLine
 10
541.4542847998718
 20
340.9953342068072
 30
0.0
 11
542.0778558142346
 21
340.516851338559
 31
0.0
  0
LINE
  5
1D44
330
B31
100
AcDbEntity
  8
0
 62
     7
420
 15790320
370
     0
100
AcDbLine
 10
540.7281209734801
 20
341.2961211121926
 30
0.0
 11
541.4542847998718
 21
340.9953342068072
 31
0.0
  0
LINE
  5
1D45
330
B31
100
AcDbEntity
  8
0
 62
     7
420
 15790320
370
     0
100
AcDbLine
 10
539.9488511998688
 20
341.398713924186
 30
0.0
 11
540.7281209734801
 21
341.2961211121926
 31
0.0
  0
LINE
  5
1D46
330
B31
100
AcDbEntity
  8
0
 62
     7
420
 15790320
370
     0
100
AcDbLine
 10
50.0593601856217
 20
340.5168513385533
 30
0.0
 11
49.96593059400765
 21
340.3950915241808
 31
0.0
  0
LINE
  5
1D47
330
B31
100
AcDbEntity
  8
0
 62
     7
420
 15790320
370
     0
100
AcDbLine
 10
51.40909502636532
 20
341.2961211121869
 30
0.0
 11
50.68293119998998
 21
340.9953342068015
 31
0.0
  0
LINE
  5
1D48
330
B31
100
AcDbEntity
  8
0
 62
     7
420
 15790320
370
     0
100
AcDbLine
 10
52.18836479997662
 20
341.3987139241803
 30
0.0
 11
51.40909502636532
 21
341.2961211121869
 31
0.0
  0
LINE
  5
1D49
330
B31
100
AcDbEntity
  8
0
 62
     7
420
 15790320
370
     0
100
AcDbLine
 10
542.5563386824806
 20
339.8932803241835
 30
0.0
 11
542.8571255878678
 21
339.1671164978202
 31
0.0
  0
LINE
  5
1D4A
330
B31
100
AcDbEntity
  8
0
 62
     7
420
 15790320
370
     0
100
AcDbLine
 10
542.8571255878678
 20
339.1671164978202
 30
0.0
 11
542.9597183998566
 21
338.3878467241866
 31
0.0
  0
LINE
  5
1D4B
330
B31
100
AcDbEntity
  8
0
 62
     7
420
 15790320
370
     0
100
AcDbLine
 10
76.84710184959659
 20
157.4638468699208
 30
0.0
 11
79.77685287243184
 21
150.3908022161713
 31
0.0
  0
LINE
  5
1D4C
330
B31
100
AcDbEntity
  8
0
 62
     7
420
 15790320
370
     0
100
AcDbLine
 10
50.18111999998291
 20
336.165412518207
 30
0.0
 11
50.18111999998291
 21
309.4979865301623
 31
0.0
  0
LINE
  5
1D4D
330
B31
100
AcDbEntity
  8
0
 62
     7
420
 15790320
370
     0
100
AcDbLine
 10
50.60327854095885
 20
304.7291844765127
 30
0.0
 11
76.84710184959659
 21
157.4638468699208
 31
0.0
  0
LINE
  5
1D4E
330
B31
100
AcDbEntity
  8
0
 62
     7
420
 15790320
370
     0
100
AcDbLine
 10
54.19560959997216
 20
335.3857133024046
 30
0.0
 11
54.19560959997216
 21
310.2776857459644
 31
0.0
  0
LINE
  5
1D4F
330
B31
100
AcDbEntity
  8
0
 62
     7
420
 15790320
370
     0
100
AcDbLine
 10
501.5611490810124
 20
139.5915881698035
 30
0.0
 11
507.671627854791
 21
144.2803234423959
 31
0.0
  0
LINE
  5
1D50
330
B31
100
AcDbEntity
  8
0
 62
     7
420
 15790320
370
     0
100
AcDbLine
 10
512.3603631273736
 20
150.3908022161713
 30
0.0
 11
515.2901141502488
 21
157.4638468699208
 31
0.0
  0
LINE
  5
1D51
330
B31
100
AcDbEntity
  8
0
 62
     7
420
 15790320
370
     0
100
AcDbLine
 10
507.671627854791
 20
144.2803234423959
 30
0.0
 11
512.3603631273736
 21
150.3908022161713
 31
0.0
  0
LINE
  5
1D52
330
B31
100
AcDbEntity
  8
0
 62
     7
420
 15790320
370
     0
100
AcDbLine
 10
90.57606691881119
 20
139.5915881698035
 30
0.0
 11
97.69187016338765
 21
136.6441259587211
 31
0.0
  0
LINE
  5
1D53
330
B31
100
AcDbEntity
  8
0
 62
     7
420
 15790320
370
     0
100
AcDbLine
 10
494.4453458364523
 20
136.6441259587211
 30
0.0
 11
501.5611490810124
 21
139.5915881698035
 31
0.0
  0
LINE
  5
1D54
330
B31
100
AcDbEntity
  8
0
 62
     7
420
 15790320
370
     0
100
AcDbLine
 10
515.2901141502488
 20
157.4638468699208
 30
0.0
 11
541.5339374588702
 21
304.7291844764795
 31
0.0
  0
LINE
  5
1D55
330
B31
100
AcDbEntity
  8
0
 62
     7
420
 15790320
370
     0
100
AcDbLine
 10
537.9416063998369
 20
310.2864195241873
 30
0.0
 11
537.9416063998369
 21
335.3769795241872
 31
0.0
  0
LINE
  5
1D56
330
B31
100
AcDbEntity
  8
0
 62
     7
420
 15790320
370
     0
100
AcDbLine
 10
541.9560959998425
 20
309.49798653019
 30
0.0
 11
541.9560959998425
 21
336.1654125181733
 31
0.0
  0
LINE
  5
1D57
330
B31
100
AcDbEntity
  8
0
 62
     7
420
 15790320
370
     0
100
AcDbLine
 10
79.77685287243184
 20
150.3908022161713
 30
0.0
 11
84.46558814503077
 21
144.2803234423959
 31
0.0
  0
LINE
  5
1D58
330
B31
100
AcDbEntity
  8
0
 62
     7
420
 15790320
370
     0
100
AcDbLine
 10
84.46558814503077
 20
144.2803234423959
 30
0.0
 11
90.57606691881119
 21
139.5915881698035
 31
0.0
  0
LINE
  5
1D59
330
B31
100
AcDbEntity
  8
0
 62
     7
420
 15790320
370
     0
100
AcDbLine
 10
555.6754867288336
 20
327.849811524175
 30
0.0
 11
555.3851682312024
 21
328.4385192000257
 31
0.0
  0
LINE
  5
1D5A
330
B31
100
AcDbEntity
  8
0
 62
     7
420
 15790320
370
     0
100
AcDbLine
 10
558.1009508756988
 20
325.722736555527
 30
0.0
 11
557.5122431998688
 21
326.0130550531449
 31
0.0
  0
LINE
  5
1D5B
330
B31
100
AcDbEntity
  8
0
 62
     7
420
 15790320
370
     0
100
AcDbLine
 10
555.0031871998481
 20
340.3950915241751
 30
0.0
 11
555.0461178436608
 21
340.3950915241751
 31
0.0
  0
LINE
  5
1D5C
330
B31
100
AcDbEntity
  8
0
 62
     7
420
 15790320
370
     0
100
AcDbLine
 10
555.0031871998481
 20
340.3266963161777
 30
0.0
 11
555.0031871998481
 21
340.3950915241751
 31
0.0
  0
LINE
  5
1D5D
330
B31
100
AcDbEntity
  8
0
 62
     7
420
 15790320
370
     0
100
AcDbLine
 10
556.040163282706
 20
327.3040344921353
 30
0.0
 11
555.6754867288336
 21
327.849811524175
 31
0.0
  0
LINE
  5
1D5E
330
B31
100
AcDbEntity
  8
0
 62
     7
420
 15790320
370
     0
100
AcDbLine
 10
559.3663041483641
 20
325.383686167984
 30
0.0
 11
558.7225162438053
 21
325.5117435441694
 31
0.0
  0
LINE
  5
1D5F
330
B31
100
AcDbEntity
  8
0
 62
     7
420
 15790320
370
     0
100
AcDbLine
 10
560.0212991998496
 20
325.3407555241783
 30
0.0
 11
559.3663041483641
 21
325.383686167984
 31
0.0
  0
LINE
  5
1D60
330
B31
100
AcDbEntity
  8
0
 62
     7
420
 15790320
370
     0
100
AcDbLine
 10
557.5122431998688
 20
326.0130550531449
 30
0.0
 11
556.9664661678116
 21
326.3777316070204
 31
0.0
  0
LINE
  5
1D61
330
B31
100
AcDbEntity
  8
0
 62
     7
420
 15790320
370
     0
100
AcDbLine
 10
560.0212991998496
 20
351.4349379241726
 30
0.0
 11
563.0321663998593
 21
351.4349379241726
 31
0.0
  0
LINE
  5
1D62
330
B31
100
AcDbEntity
  8
0
 62
     7
420
 15790320
370
     0
100
AcDbLine
 10
558.7225162438053
 20
325.5117435441694
 30
0.0
 11
558.1009508756988
 21
325.722736555527
 31
0.0
  0
LINE
  5
1D63
330
B31
100
AcDbEntity
  8
0
 62
     7
420
 15790320
370
     0
100
AcDbLine
 10
556.9664661678116
 20
326.3777316070204
 30
0.0
 11
556.4729581759065
 21
326.8105265002291
 31
0.0
  0
LINE
  5
1D64
330
B31
100
AcDbEntity
  8
0
 62
     7
420
 15790320
370
     0
100
AcDbLine
 10
555.174175219855
 20
329.0600845681231
 30
0.0
 11
555.0461178436608
 21
329.7038724726842
 31
0.0
  0
LINE
  5
1D65
330
B31
100
AcDbEntity
  8
0
 62
     7
420
 15790320
370
     0
100
AcDbLine
 10
556.4729581759065
 20
326.8105265002291
 30
0.0
 11
556.040163282706
 21
327.3040344921353
 31
0.0
  0
LINE
  5
1D66
330
B31
100
AcDbEntity
  8
0
 62
     7
420
 15790320
370
     0
100
AcDbLine
 10
560.0212991998496
 20
325.3407555241783
 30
0.0
 11
563.0321663998593
 21
325.3407555241783
 31
0.0
  0
LINE
  5
1D67
330
B31
100
AcDbEntity
  8
0
 62
     7
420
 15790320
370
     0
100
AcDbLine
 10
565.5412223998546
 20
350.7626383952061
 30
0.0
 11
566.0869994319118
 21
350.3979618413252
 31
0.0
  0
LINE
  5
1D68
330
B31
100
AcDbEntity
  8
0
 62
     7
420
 15790320
370
     0
100
AcDbLine
 10
563.6871614513556
 20
351.3920072803671
 30
0.0
 11
564.3309493559181
 21
351.2639499041766
 31
0.0
  0
LINE
  5
1D69
330
B31
100
AcDbEntity
  8
0
 62
     7
420
 15790320
370
     0
100
AcDbLine
 10
564.3309493559181
 20
351.2639499041766
 30
0.0
 11
564.9525147240028
 21
351.0529568928185
 31
0.0
  0
LINE
  5
1D6A
330
B31
100
AcDbEntity
  8
0
 62
     7
420
 15790320
370
     0
100
AcDbLine
 10
566.0869994319118
 20
350.3979618413252
 30
0.0
 11
566.5805074238169
 21
349.9651669481222
 31
0.0
  0
LINE
  5
1D6B
330
B31
100
AcDbEntity
  8
0
 62
     7
420
 15790320
370
     0
100
AcDbLine
 10
567.0133023170137
 20
349.4716589562159
 30
0.0
 11
567.3779788709079
 21
348.9258819241704
 31
0.0
  0
LINE
  5
1D6C
330
B31
100
AcDbEntity
  8
0
 62
     7
420
 15790320
370
     0
100
AcDbLine
 10
567.3779788709079
 20
348.9258819241704
 30
0.0
 11
567.6682973685173
 21
348.3371742483253
 31
0.0
  0
LINE
  5
1D6D
330
B31
100
AcDbEntity
  8
0
 62
     7
420
 15790320
370
     0
100
AcDbLine
 10
566.5805074238169
 20
349.9651669481222
 30
0.0
 11
567.0133023170137
 21
349.4716589562159
 31
0.0
  0
LINE
  5
1D6E
330
B31
100
AcDbEntity
  8
0
 62
     7
420
 15790320
370
     0
100
AcDbLine
 10
563.0321663998593
 20
351.4349379241726
 30
0.0
 11
563.6871614513556
 21
351.3920072803671
 31
0.0
  0
LINE
  5
1D6F
330
B31
100
AcDbEntity
  8
0
 62
     7
420
 15790320
370
     0
100
AcDbLine
 10
567.8792903798685
 20
347.715608880228
 30
0.0
 11
568.0073477560626
 21
347.0718209756615
 31
0.0
  0
LINE
  5
1D70
330
B31
100
AcDbEntity
  8
0
 62
     7
420
 15790320
370
     0
100
AcDbLine
 10
564.9525147240028
 20
351.0529568928185
 30
0.0
 11
565.5412223998546
 21
350.7626383952061
 31
0.0
  0
LINE
  5
1D71
330
B31
100
AcDbEntity
  8
0
 62
     7
420
 15790320
370
     0
100
AcDbLine
 10
24.75923712897202
 20
327.8498115241805
 30
0.0
 11
24.46891863135898
 21
328.4385192000257
 31
0.0
  0
LINE
  5
1D72
330
B31
100
AcDbEntity
  8
0
 62
     7
420
 15790320
370
     0
100
AcDbLine
 10
27.80626664394004
 20
351.263949904182
 30
0.0
 11
27.18470127585352
 21
351.0529568928185
 31
0.0
  0
LINE
  5
1D73
330
B31
100
AcDbEntity
  8
0
 62
     7
420
 15790320
370
     0
100
AcDbLine
 10
24.12986824380096
 20
329.7038724726842
 30
0.0
 11
24.0869376000046
 21
330.3588675241829
 31
0.0
  0
LINE
  5
1D74
330
B31
100
AcDbEntity
  8
0
 62
     7
420
 15790320
370
     0
100
AcDbLine
 10
27.18470127585352
 20
325.722736555527
 30
0.0
 11
26.59599360000721
 21
326.0130550531449
 31
0.0
  0
LINE
  5
1D75
330
B31
100
AcDbEntity
  8
0
 62
     7
420
 15790320
370
     0
100
AcDbLine
 10
24.75923712897202
 20
348.9258819241704
 30
0.0
 11
24.46891863135898
 21
348.3371742483253
 31
0.0
  0
LINE
  5
1D76
330
B31
100
AcDbEntity
  8
0
 62
     7
420
 15790320
370
     0
100
AcDbLine
 10
24.0869376000046
 20
340.3950915241808
 30
0.0
 11
24.0869376000046
 21
340.4658994538636
 31
0.0
  0
LINE
  5
1D77
330
B31
100
AcDbEntity
  8
0
 62
     7
420
 15790320
370
     0
100
AcDbLine
 10
24.46891863135898
 20
348.3371742483253
 30
0.0
 11
24.25792561999515
 21
347.715608880228
 31
0.0
  0
LINE
  5
1D78
330
B31
100
AcDbEntity
  8
0
 62
     7
420
 15790320
370
     0
100
AcDbLine
 10
24.0869376000046
 20
336.3097939944878
 30
0.0
 11
24.0869376000046
 21
336.380601924176
 31
0.0
  0
LINE
  5
1D79
330
B31
100
AcDbEntity
  8
0
 62
     7
420
 15790320
370
     0
100
AcDbLine
 10
25.12391368284625
 20
327.3040344921353
 30
0.0
 11
24.75923712897202
 21
327.8498115241805
 31
0.0
  0
LINE
  5
1D7A
330
B31
100
AcDbEntity
  8
0
 62
     7
420
 15790320
370
     0
100
AcDbLine
 10
26.59599360000721
 20
350.7626383952061
 30
0.0
 11
26.05021656795179
 21
350.3979618413252
 31
0.0
  0
LINE
  5
1D7B
330
B31
100
AcDbEntity
  8
0
 62
     7
420
 15790320
370
     0
100
AcDbLine
 10
24.25792561999515
 20
347.715608880228
 30
0.0
 11
24.12986824380096
 21
347.0718209756669
 31
0.0
  0
LINE
  5
1D7C
330
B31
100
AcDbEntity
  8
0
 62
     7
420
 15790320
370
     0
100
AcDbLine
 10
25.55670857603946
 20
349.9651669481279
 30
0.0
 11
25.12391368284625
 21
349.4716589562213
 31
0.0
  0
LINE
  5
1D7D
330
B31
100
AcDbEntity
  8
0
 62
     7
420
 15790320
370
     0
100
AcDbLine
 10
25.12391368284625
 20
349.4716589562213
 30
0.0
 11
24.75923712897202
 21
348.9258819241704
 31
0.0
  0
LINE
  5
1D7E
330
B31
100
AcDbEntity
  8
0
 62
     7
420
 15790320
370
     0
100
AcDbLine
 10
24.0869376000046
 20
346.4168259241683
 30
0.0
 11
24.12986824380096
 21
346.4168259241683
 31
0.0
  0
LINE
  5
1D7F
330
B31
100
AcDbEntity
  8
0
 62
     7
420
 15790320
370
     0
100
AcDbLine
 10
24.25792561999515
 20
346.4168259241683
 30
0.0
 11
24.46891863135898
 21
346.4168259241683
 31
0.0
  0
LINE
  5
1D80
330
B31
100
AcDbEntity
  8
0
 62
     7
420
 15790320
370
     0
100
AcDbLine
 10
28.45005454852253
 20
325.383686167984
 30
0.0
 11
27.80626664394004
 21
325.5117435441748
 31
0.0
  0
LINE
  5
1D81
330
B31
100
AcDbEntity
  8
0
 62
     7
420
 15790320
370
     0
100
AcDbLine
 10
29.10504960000253
 20
325.340755524184
 30
0.0
 11
28.45005454852253
 21
325.383686167984
 31
0.0
  0
LINE
  5
1D82
330
B31
100
AcDbEntity
  8
0
 62
     7
420
 15790320
370
     0
100
AcDbLine
 10
24.46891863135898
 20
328.4385192000257
 30
0.0
 11
24.25792561999515
 21
329.0600845681231
 31
0.0
  0
LINE
  5
1D83
330
B31
100
AcDbEntity
  8
0
 62
     7
420
 15790320
370
     0
100
AcDbLine
 10
26.59599360000721
 20
326.0130550531449
 30
0.0
 11
26.05021656795179
 21
326.3777316070257
 31
0.0
  0
LINE
  5
1D84
330
B31
100
AcDbEntity
  8
0
 62
     7
420
 15790320
370
     0
100
AcDbLine
 10
29.10504960000253
 20
351.4349379241726
 30
0.0
 11
32.11591679999219
 21
351.4349379241726
 31
0.0
  0
LINE
  5
1D85
330
B31
100
AcDbEntity
  8
0
 62
     7
420
 15790320
370
     0
100
AcDbLine
 10
24.0869376000046
 20
330.3588675241829
 30
0.0
 11
24.12986824380096
 21
330.3588675241829
 31
0.0
  0
LINE
  5
1D86
330
B31
100
AcDbEntity
  8
0
 62
     7
420
 15790320
370
     0
100
AcDbLine
 10
24.24664817368648
 20
330.3588675241829
 30
0.0
 11
24.46891863135898
 21
330.3588675241829
 31
0.0
  0
LINE
  5
1D87
330
B31
100
AcDbEntity
  8
0
 62
     7
420
 15790320
370
     0
100
AcDbLine
 10
24.12986824380096
 20
347.0718209756669
 30
0.0
 11
24.0869376000046
 21
346.4168259241683
 31
0.0
  0
LINE
  5
1D88
330
B31
100
AcDbEntity
  8
0
 62
     7
420
 15790320
370
     0
100
AcDbLine
 10
27.18470127585352
 20
351.0529568928185
 30
0.0
 11
26.59599360000721
 21
350.7626383952061
 31
0.0
  0
LINE
  5
1D89
330
B31
100
AcDbEntity
  8
0
 62
     7
420
 15790320
370
     0
100
AcDbLine
 10
27.80626664394004
 20
325.5117435441748
 30
0.0
 11
27.18470127585352
 21
325.722736555527
 31
0.0
  0
LINE
  5
1D8A
330
B31
100
AcDbEntity
  8
0
 62
     7
420
 15790320
370
     0
100
AcDbLine
 10
26.05021656795179
 20
350.3979618413252
 30
0.0
 11
25.55670857603946
 21
349.9651669481279
 31
0.0
  0
LINE
  5
1D8B
330
B31
100
AcDbEntity
  8
0
 62
     7
420
 15790320
370
     0
100
AcDbLine
 10
28.45005454852253
 20
351.3920072803671
 30
0.0
 11
27.80626664394004
 21
351.263949904182
 31
0.0
  0
LINE
  5
1D8C
330
B31
100
AcDbEntity
  8
0
 62
     7
420
 15790320
370
     0
100
AcDbLine
 10
26.05021656795179
 20
326.3777316070257
 30
0.0
 11
25.55670857603946
 21
326.8105265002291
 31
0.0
  0
LINE
  5
1D8D
330
B31
100
AcDbEntity
  8
0
 62
     7
420
 15790320
370
     0
100
AcDbLine
 10
29.10504960000253
 20
351.4349379241726
 30
0.0
 11
28.45005454852253
 21
351.3920072803671
 31
0.0
  0
LINE
  5
1D8E
330
B31
100
AcDbEntity
  8
0
 62
     7
420
 15790320
370
     0
100
AcDbLine
 10
24.25792561999515
 20
329.0600845681231
 30
0.0
 11
24.12986824380096
 21
329.7038724726842
 31
0.0
  0
LINE
  5
1D8F
330
B31
100
AcDbEntity
  8
0
 62
     7
420
 15790320
370
     0
100
AcDbLine
 10
25.55670857603946
 20
326.8105265002291
 30
0.0
 11
25.12391368284625
 21
327.3040344921353
 31
0.0
  0
LINE
  5
1D90
330
B31
100
AcDbEntity
  8
0
 62
     7
420
 15790320
370
     0
100
AcDbLine
 10
29.10504960000253
 20
325.340755524184
 30
0.0
 11
32.11591679999219
 21
325.340755524184
 31
0.0
  0
LINE
  5
1D91
330
B31
100
AcDbEntity
  8
0
 62
     7
420
 15790320
370
     0
100
AcDbLine
 10
33.41469975607288
 20
325.5117435441748
 30
0.0
 11
34.0362651241594
 21
325.722736555527
 31
0.0
  0
LINE
  5
1D92
330
B31
100
AcDbEntity
  8
0
 62
     7
420
 15790320
370
     0
100
AcDbLine
 10
34.62497279999479
 20
350.7626383952061
 30
0.0
 11
35.17074983205203
 21
350.3979618413252
 31
0.0
  0
LINE
  5
1D93
330
B31
100
AcDbEntity
  8
0
 62
     7
420
 15790320
370
     0
100
AcDbLine
 10
32.77091185149766
 20
351.3920072803671
 30
0.0
 11
33.41469975607288
 21
351.263949904182
 31
0.0
  0
LINE
  5
1D94
330
B31
100
AcDbEntity
  8
0
 62
     7
420
 15790320
370
     0
100
AcDbLine
 10
33.41469975607288
 20
351.263949904182
 30
0.0
 11
34.0362651241594
 21
351.0529568928185
 31
0.0
  0
LINE
  5
1D95
330
B31
100
AcDbEntity
  8
0
 62
     7
420
 15790320
370
     0
100
AcDbLine
 10
36.75204776865939
 20
328.4385192000257
 30
0.0
 11
36.96304078000503
 21
329.0600845681231
 31
0.0
  0
LINE
  5
1D96
330
B31
100
AcDbEntity
  8
0
 62
     7
420
 15790320
370
     0
100
AcDbLine
 10
36.75204776865939
 20
348.3371742483253
 30
0.0
 11
36.96304078000503
 21
347.715608880228
 31
0.0
  0
LINE
  5
1D97
330
B31
100
AcDbEntity
  8
0
 62
     7
420
 15790320
370
     0
100
AcDbLine
 10
35.17074983205203
 20
350.3979618413252
 30
0.0
 11
35.66425782395891
 21
349.9651669481279
 31
0.0
  0
LINE
  5
1D98
330
B31
100
AcDbEntity
  8
0
 62
     7
420
 15790320
370
     0
100
AcDbLine
 10
36.09705271715393
 20
349.4716589562213
 30
0.0
 11
36.46172927102998
 21
348.9258819241704
 31
0.0
  0
LINE
  5
1D99
330
B31
100
AcDbEntity
  8
0
 62
     7
420
 15790320
370
     0
100
AcDbLine
 10
36.46172927102998
 20
348.9258819241704
 30
0.0
 11
36.75204776865939
 21
348.3371742483253
 31
0.0
  0
LINE
  5
1D9A
330
B31
100
AcDbEntity
  8
0
 62
     7
420
 15790320
370
     0
100
AcDbLine
 10
37.09109815620286
 20
347.0718209756669
 30
0.0
 11
37.1340287999974
 21
346.4168259241683
 31
0.0
  0
LINE
  5
1D9B
330
B31
100
AcDbEntity
  8
0
 62
     7
420
 15790320
370
     0
100
AcDbLine
 10
37.1340287999974
 20
330.3588675241829
 30
0.0
 11
37.1340287999974
 21
330.6324483561668
 31
0.0
  0
LINE
  5
1D9C
330
B31
100
AcDbEntity
  8
0
 62
     7
420
 15790320
370
     0
100
AcDbLine
 10
34.0362651241594
 20
325.722736555527
 30
0.0
 11
34.62497279999479
 21
326.0130550531449
 31
0.0
  0
LINE
  5
1D9D
330
B31
100
AcDbEntity
  8
0
 62
     7
420
 15790320
370
     0
100
AcDbLine
 10
36.46172927102998
 20
327.8498115241805
 30
0.0
 11
36.75204776865939
 21
328.4385192000257
 31
0.0
  0
LINE
  5
1D9E
330
B31
100
AcDbEntity
  8
0
 62
     7
420
 15790320
370
     0
100
AcDbLine
 10
37.1340287999974
 20
336.3097939944878
 30
0.0
 11
37.1340287999974
 21
336.380601924176
 31
0.0
  0
LINE
  5
1D9F
330
B31
100
AcDbEntity
  8
0
 62
     7
420
 15790320
370
     0
100
AcDbLine
 10
37.1340287999974
 20
340.3950915241808
 30
0.0
 11
37.1340287999974
 21
340.4658994538636
 31
0.0
  0
LINE
  5
1DA0
330
B31
100
AcDbEntity
  8
0
 62
     7
420
 15790320
370
     0
100
AcDbLine
 10
37.1340287999974
 20
340.3266963161832
 30
0.0
 11
37.1340287999974
 21
340.3950915241808
 31
0.0
  0
LINE
  5
1DA1
330
B31
100
AcDbEntity
  8
0
 62
     7
420
 15790320
370
     0
100
AcDbLine
 10
37.1340287999974
 20
336.380601924176
 30
0.0
 11
37.1340287999974
 21
336.4489971321734
 31
0.0
  0
LINE
  5
1DA2
330
B31
100
AcDbEntity
  8
0
 62
     7
420
 15790320
370
     0
100
AcDbLine
 10
37.1340287999974
 20
340.3950915241808
 30
0.0
 11
37.09109815620286
 21
340.3950915241808
 31
0.0
  0
LINE
  5
1DA3
330
B31
100
AcDbEntity
  8
0
 62
     7
420
 15790320
370
     0
100
AcDbLine
 10
37.1340287999974
 20
336.380601924176
 30
0.0
 11
37.09109815620286
 21
336.380601924176
 31
0.0
  0
LINE
  5
1DA4
330
B31
100
AcDbEntity
  8
0
 62
     7
420
 15790320
370
     0
100
AcDbLine
 10
35.17074983205203
 20
326.3777316070257
 30
0.0
 11
35.66425782395891
 21
326.8105265002291
 31
0.0
  0
LINE
  5
1DA5
330
B31
100
AcDbEntity
  8
0
 62
     7
420
 15790320
370
     0
100
AcDbLine
 10
36.96304078000503
 20
329.0600845681231
 30
0.0
 11
37.09109815620286
 21
329.7038724726842
 31
0.0
  0
LINE
  5
1DA6
330
B31
100
AcDbEntity
  8
0
 62
     7
420
 15790320
370
     0
100
AcDbLine
 10
37.09109815620286
 20
329.7038724726842
 30
0.0
 11
37.1340287999974
 21
330.3588675241829
 31
0.0
  0
LINE
  5
1DA7
330
B31
100
AcDbEntity
  8
0
 62
     7
420
 15790320
370
     0
100
AcDbLine
 10
34.62497279999479
 20
326.0130550531449
 30
0.0
 11
35.17074983205203
 21
326.3777316070257
 31
0.0
  0
LINE
  5
1DA8
330
B31
100
AcDbEntity
  8
0
 62
     7
420
 15790320
370
     0
100
AcDbLine
 10
32.77091185149766
 20
325.383686167984
 30
0.0
 11
33.41469975607288
 21
325.5117435441748
 31
0.0
  0
LINE
  5
1DA9
330
B31
100
AcDbEntity
  8
0
 62
     7
420
 15790320
370
     0
100
AcDbLine
 10
37.1340287999974
 20
330.3588675241829
 30
0.0
 11
37.09109815620286
 21
330.3588675241829
 31
0.0
  0
LINE
  5
1DAA
330
B31
100
AcDbEntity
  8
0
 62
     7
420
 15790320
370
     0
100
AcDbLine
 10
36.97431822633189
 20
330.3588675241829
 30
0.0
 11
36.75204776865939
 21
330.3588675241829
 31
0.0
  0
LINE
  5
1DAB
330
B31
100
AcDbEntity
  8
0
 62
     7
420
 15790320
370
     0
100
AcDbLine
 10
37.1340287999974
 20
346.4168259241683
 30
0.0
 11
37.09109815620286
 21
346.4168259241683
 31
0.0
  0
LINE
  5
1DAC
330
B31
100
AcDbEntity
  8
0
 62
     7
420
 15790320
370
     0
100
AcDbLine
 10
36.97431822631552
 20
346.4168259241683
 30
0.0
 11
36.75204776865939
 21
346.4168259241683
 31
0.0
  0
LINE
  5
1DAD
330
B31
100
AcDbEntity
  8
0
 62
     7
420
 15790320
370
     0
100
AcDbLine
 10
32.11591679999219
 20
325.340755524184
 30
0.0
 11
32.77091185149766
 21
325.383686167984
 31
0.0
  0
LINE
  5
1DAE
330
B31
100
AcDbEntity
  8
0
 62
     7
420
 15790320
370
     0
100
AcDbLine
 10
35.66425782395891
 20
349.9651669481279
 30
0.0
 11
36.09705271715393
 21
349.4716589562213
 31
0.0
  0
LINE
  5
1DAF
330
B31
100
AcDbEntity
  8
0
 62
     7
420
 15790320
370
     0
100
AcDbLine
 10
32.11591679999219
 20
351.4349379241726
 30
0.0
 11
32.77091185149766
 21
351.3920072803671
 31
0.0
  0
LINE
  5
1DB0
330
B31
100
AcDbEntity
  8
0
 62
     7
420
 15790320
370
     0
100
AcDbLine
 10
36.09705271715393
 20
327.3040344921353
 30
0.0
 11
36.46172927102998
 21
327.8498115241805
 31
0.0
  0
LINE
  5
1DB1
330
B31
100
AcDbEntity
  8
0
 62
     7
420
 15790320
370
     0
100
AcDbLine
 10
36.96304078000503
 20
347.715608880228
 30
0.0
 11
37.09109815620286
 21
347.0718209756669
 31
0.0
  0
LINE
  5
1DB2
330
B31
100
AcDbEntity
  8
0
 62
     7
420
 15790320
370
     0
100
AcDbLine
 10
35.66425782395891
 20
326.8105265002291
 30
0.0
 11
36.09705271715393
 21
327.3040344921353
 31
0.0
  0
LINE
  5
1DB3
330
B31
100
AcDbEntity
  8
0
 62
     7
420
 15790320
370
     0
100
AcDbLine
 10
34.0362651241594
 20
351.0529568928185
 30
0.0
 11
34.62497279999479
 21
350.7626383952061
 31
0.0
  0
LINE
  5
1DB4
330
B31
100
AcDbEntity
  8
0
 62
     7
420
 15790320
370
     0
100
AcDbLine
 10
106.3316900470836
 20
135.9250417357693
 30
0.0
 11
105.8475808295043
 21
135.7245171321733
 31
0.0
  0
LINE
  5
1DB5
330
B31
100
AcDbEntity
  8
0
 62
     7
420
 15790320
370
     0
100
AcDbLine
 10
103.320822847063
 20
335.3769795241872
 30
0.0
 11
103.320822847063
 21
310.2864195241816
 31
0.0
  0
LINE
  5
1DB6
330
B31
100
AcDbEntity
  8
0
 62
     7
420
 15790320
370
     0
100
AcDbLine
 10
103.320822847063
 20
304.2646851241832
 30
0.0
 11
103.3208228470794
 21
159.536035101918
 31
0.0
  0
LINE
  5
1DB7
330
B31
100
AcDbEntity
  8
0
 62
     7
420
 15790320
370
     0
100
AcDbLine
 10
107.3353124470614
 20
335.3769795241872
 30
0.0
 11
107.3353124470614
 21
310.2864195241816
 31
0.0
  0
LINE
  5
1DB8
330
B31
100
AcDbEntity
  8
0
 62
     7
420
 15790320
370
     0
100
AcDbLine
 10
107.3353124470614
 20
304.2646851241832
 30
0.0
 11
107.3353124470614
 21
296.3941592825606
 31
0.0
  0
LINE
  5
1DB9
330
B31
100
AcDbEntity
  8
0
 62
     7
420
 15790320
370
     0
100
AcDbLine
 10
107.3353124470614
 20
284.9531932534203
 30
0.0
 11
107.3353124470832
 21
159.536035101918
 31
0.0
  0
LINE
  5
1DBA
330
B31
100
AcDbEntity
  8
0
 62
     7
420
 15790320
370
     0
100
AcDbLine
 10
105.8475808295043
 20
135.7245171321733
 30
0.0
 11
105.3280676470895
 21
135.6561219241871
 31
0.0
  0
LINE
  5
1DBB
330
B31
100
AcDbEntity
  8
0
 62
     7
420
 15790320
370
     0
100
AcDbLine
 10
107.2669172390979
 20
137.1438535417605
 30
0.0
 11
107.0663926354973
 21
136.6597443241815
 31
0.0
  0
LINE
  5
1DBC
330
B31
100
AcDbEntity
  8
0
 62
     7
420
 15790320
370
     0
100
AcDbLine
 10
107.3353124470832
 20
137.663366724181
 30
0.0
 11
107.2669172390979
 21
137.1438535417605
 31
0.0
  0
LINE
  5
1DBD
330
B31
100
AcDbEntity
  8
0
 62
     7
420
 15790320
370
     0
100
AcDbLine
 10
107.0663926354973
 20
136.6597443241815
 30
0.0
 11
106.7474040566649
 21
136.2440303145997
 31
0.0
  0
LINE
  5
1DBE
330
B31
100
AcDbEntity
  8
0
 62
     7
420
 15790320
370
     0
100
AcDbLine
 10
104.3244452470899
 20
135.9250417357636
 30
0.0
 11
103.9087312374977
 21
136.2440303146052
 31
0.0
  0
LINE
  5
1DBF
330
B31
100
AcDbEntity
  8
0
 62
     7
420
 15790320
370
     0
100
AcDbLine
 10
103.9087312374977
 20
136.2440303146052
 30
0.0
 11
103.5897426586652
 21
136.6597443241815
 31
0.0
  0
LINE
  5
1DC0
330
B31
100
AcDbEntity
  8
0
 62
     7
420
 15790320
370
     0
100
AcDbLine
 10
103.5897426586652
 20
136.6597443241815
 30
0.0
 11
103.3892180550829
 21
137.1438535417605
 31
0.0
  0
LINE
  5
1DC1
330
B31
100
AcDbEntity
  8
0
 62
     7
420
 15790320
370
     0
100
AcDbLine
 10
104.8085544646583
 20
135.7245171321733
 30
0.0
 11
104.3244452470899
 21
135.9250417357636
 31
0.0
  0
LINE
  5
1DC2
330
B31
100
AcDbEntity
  8
0
 62
     7
420
 15790320
370
     0
100
AcDbLine
 10
103.3892180550829
 20
137.1438535417605
 30
0.0
 11
103.3208228470794
 21
137.663366724181
 31
0.0
  0
LINE
  5
1DC3
330
B31
100
AcDbEntity
  8
0
 62
     7
420
 15790320
370
     0
100
AcDbLine
 10
103.3208228470794
 20
137.663366724181
 30
0.0
 11
103.3892180550829
 21
138.1828799066074
 31
0.0
  0
LINE
  5
1DC4
330
B31
100
AcDbEntity
  8
0
 62
     7
420
 15790320
370
     0
100
AcDbLine
 10
107.2669172390979
 20
138.1828799066074
 30
0.0
 11
107.3353124470832
 21
137.663366724181
 31
0.0
  0
LINE
  5
1DC5
330
B31
100
AcDbEntity
  8
0
 62
     7
420
 15790320
370
     0
100
AcDbLine
 10
106.7474040566649
 20
136.2440303145997
 30
0.0
 11
106.3316900470836
 21
135.9250417357693
 31
0.0
  0
LINE
  5
1DC6
330
B31
100
AcDbEntity
  8
0
 62
     7
420
 15790320
370
     0
100
AcDbLine
 10
555.6754867288336
 20
296.7375171241931
 30
0.0
 11
555.3851682312024
 21
297.3262248000383
 31
0.0
  0
LINE
  5
1DC7
330
B31
100
AcDbEntity
  8
0
 62
     7
420
 15790320
370
     0
100
AcDbLine
 10
558.7225162438053
 20
320.1516555041997
 30
0.0
 11
558.1009508756988
 21
319.9406624928361
 31
0.0
  0
LINE
  5
1DC8
330
B31
100
AcDbEntity
  8
0
 62
     7
420
 15790320
370
     0
100
AcDbLine
 10
555.0461178436608
 20
298.5915780727023
 30
0.0
 11
555.0031871998481
 21
299.2465731242007
 31
0.0
  0
LINE
  5
1DC9
330
B31
100
AcDbEntity
  8
0
 62
     7
420
 15790320
370
     0
100
AcDbLine
 10
558.1009508756988
 20
294.6104421555451
 30
0.0
 11
557.5122431998688
 21
294.9007606531627
 31
0.0
  0
LINE
  5
1DCA
330
B31
100
AcDbEntity
  8
0
 62
     7
420
 15790320
370
     0
100
AcDbLine
 10
555.6754867288336
 20
317.8135875241883
 30
0.0
 11
555.3851682312024
 21
317.2248798483431
 31
0.0
  0
LINE
  5
1DCB
330
B31
100
AcDbEntity
  8
0
 62
     7
420
 15790320
370
     0
100
AcDbLine
 10
555.0031871998481
 20
309.2827971241931
 30
0.0
 11
555.0461178436608
 21
309.2827971241931
 31
0.0
  0
LINE
  5
1DCC
330
B31
100
AcDbEntity
  8
0
 62
     7
420
 15790320
370
     0
100
AcDbLine
 10
555.3851682312024
 20
317.2248798483431
 30
0.0
 11
555.174175219855
 21
316.6033144802459
 31
0.0
  0
LINE
  5
1DCD
330
B31
100
AcDbEntity
  8
0
 62
     7
420
 15790320
370
     0
100
AcDbLine
 10
555.0031871998481
 20
305.3367027321915
 30
0.0
 11
555.0031871998481
 21
305.2683075241939
 31
0.0
  0
LINE
  5
1DCE
330
B31
100
AcDbEntity
  8
0
 62
     7
420
 15790320
370
     0
100
AcDbLine
 10
556.040163282706
 20
296.1917400921534
 30
0.0
 11
555.6754867288336
 21
296.7375171241931
 31
0.0
  0
LINE
  5
1DCF
330
B31
100
AcDbEntity
  8
0
 62
     7
420
 15790320
370
     0
100
AcDbLine
 10
555.0031871998481
 20
305.2683075241939
 30
0.0
 11
555.0461178436608
 21
305.2683075241939
 31
0.0
  0
LINE
  5
1DD0
330
B31
100
AcDbEntity
  8
0
 62
     7
420
 15790320
370
     0
100
AcDbLine
 10
557.5122431998688
 20
319.6503439952239
 30
0.0
 11
556.9664661678116
 21
319.2856674413431
 31
0.0
  0
LINE
  5
1DD1
330
B31
100
AcDbEntity
  8
0
 62
     7
420
 15790320
370
     0
100
AcDbLine
 10
555.174175219855
 20
316.6033144802459
 30
0.0
 11
555.0461178436608
 21
315.9595265756796
 31
0.0
  0
LINE
  5
1DD2
330
B31
100
AcDbEntity
  8
0
 62
     7
420
 15790320
370
     0
100
AcDbLine
 10
556.4729581759065
 20
318.8528725481396
 30
0.0
 11
556.040163282706
 21
318.3593645562335
 31
0.0
  0
LINE
  5
1DD3
330
B31
100
AcDbEntity
  8
0
 62
     7
420
 15790320
370
     0
100
AcDbLine
 10
556.040163282706
 20
318.3593645562335
 30
0.0
 11
555.6754867288336
 21
317.8135875241883
 31
0.0
  0
LINE
  5
1DD4
330
B31
100
AcDbEntity
  8
0
 62
     7
420
 15790320
370
     0
100
AcDbLine
 10
555.0031871998481
 20
315.3045315241862
 30
0.0
 11
555.0461178436608
 21
315.3045315241862
 31
0.0
  0
LINE
  5
1DD5
330
B31
100
AcDbEntity
  8
0
 62
     7
420
 15790320
370
     0
100
AcDbLine
 10
555.1628977735463
 20
315.3045315241862
 30
0.0
 11
555.3851682312024
 21
315.3045315241862
 31
0.0
  0
LINE
  5
1DD6
330
B31
100
AcDbEntity
  8
0
 62
     7
420
 15790320
370
     0
100
AcDbLine
 10
559.3663041483641
 20
294.2713917680021
 30
0.0
 11
558.7225162438053
 21
294.3994491441872
 31
0.0
  0
LINE
  5
1DD7
330
B31
100
AcDbEntity
  8
0
 62
     7
420
 15790320
370
     0
100
AcDbLine
 10
560.0212991998496
 20
294.2284611241967
 30
0.0
 11
559.3663041483641
 21
294.2713917680021
 31
0.0
  0
LINE
  5
1DD8
330
B31
100
AcDbEntity
  8
0
 62
     7
420
 15790320
370
     0
100
AcDbLine
 10
555.3851682312024
 20
297.3262248000383
 30
0.0
 11
555.174175219855
 21
297.947790168141
 31
0.0
  0
LINE
  5
1DD9
330
B31
100
AcDbEntity
  8
0
 62
     7
420
 15790320
370
     0
100
AcDbLine
 10
557.5122431998688
 20
294.9007606531627
 30
0.0
 11
556.9664661678116
 21
295.2654372070437
 31
0.0
  0
LINE
  5
1DDA
330
B31
100
AcDbEntity
  8
0
 62
     7
420
 15790320
370
     0
100
AcDbLine
 10
560.0212991998496
 20
320.322643524185
 30
0.0
 11
563.0321663998593
 21
320.322643524185
 31
0.0
  0
LINE
  5
1DDB
330
B31
100
AcDbEntity
  8
0
 62
     7
420
 15790320
370
     0
100
AcDbLine
 10
555.0031871998481
 20
299.2465731242007
 30
0.0
 11
555.0461178436608
 21
299.2465731242007
 31
0.0
  0
LINE
  5
1DDC
330
B31
100
AcDbEntity
  8
0
 62
     7
420
 15790320
370
     0
100
AcDbLine
 10
555.1628977735463
 20
299.2465731242007
 30
0.0
 11
555.3851682312024
 21
299.2465731242007
 31
0.0
  0
LINE
  5
1DDD
330
B31
100
AcDbEntity
  8
0
 62
     7
420
 15790320
370
     0
100
AcDbLine
 10
555.0461178436608
 20
315.9595265756796
 30
0.0
 11
555.0031871998481
 21
315.3045315241862
 31
0.0
  0
LINE
  5
1DDE
330
B31
100
AcDbEntity
  8
0
 62
     7
420
 15790320
370
     0
100
AcDbLine
 10
558.1009508756988
 20
319.9406624928361
 30
0.0
 11
557.5122431998688
 21
319.6503439952239
 31
0.0
  0
LINE
  5
1DDF
330
B31
100
AcDbEntity
  8
0
 62
     7
420
 15790320
370
     0
100
AcDbLine
 10
558.7225162438053
 20
294.3994491441872
 30
0.0
 11
558.1009508756988
 21
294.6104421555451
 31
0.0
  0
LINE
  5
1DE0
330
B31
100
AcDbEntity
  8
0
 62
     7
420
 15790320
370
     0
100
AcDbLine
 10
556.9664661678116
 20
319.2856674413431
 30
0.0
 11
556.4729581759065
 21
318.8528725481396
 31
0.0
  0
LINE
  5
1DE1
330
B31
100
AcDbEntity
  8
0
 62
     7
420
 15790320
370
     0
100
AcDbLine
 10
559.3663041483641
 20
320.279712880385
 30
0.0
 11
558.7225162438053
 21
320.1516555041997
 31
0.0
  0
LINE
  5
1DE2
330
B31
100
AcDbEntity
  8
0
 62
     7
420
 15790320
370
     0
100
AcDbLine
 10
556.9664661678116
 20
295.2654372070437
 30
0.0
 11
556.4729581759065
 21
295.698232100247
 31
0.0
  0
LINE
  5
1DE3
330
B31
100
AcDbEntity
  8
0
 62
     7
420
 15790320
370
     0
100
AcDbLine
 10
560.0212991998496
 20
320.322643524185
 30
0.0
 11
559.3663041483641
 21
320.279712880385
 31
0.0
  0
LINE
  5
1DE4
330
B31
100
AcDbEntity
  8
0
 62
     7
420
 15790320
370
     0
100
AcDbLine
 10
555.174175219855
 20
297.947790168141
 30
0.0
 11
555.0461178436608
 21
298.5915780727023
 31
0.0
  0
LINE
  5
1DE5
330
B31
100
AcDbEntity
  8
0
 62
     7
420
 15790320
370
     0
100
AcDbLine
 10
556.4729581759065
 20
295.698232100247
 30
0.0
 11
556.040163282706
 21
296.1917400921534
 31
0.0
  0
LINE
  5
1DE6
330
B31
100
AcDbEntity
  8
0
 62
     7
420
 15790320
370
     0
100
AcDbLine
 10
560.0212991998496
 20
294.2284611241967
 30
0.0
 11
563.0321663998593
 21
294.2284611241967
 31
0.0
  0
LINE
  5
1DE7
330
B31
100
AcDbEntity
  8
0
 62
     7
420
 15790320
370
     0
100
AcDbLine
 10
564.3309493559181
 20
294.3994491441872
 30
0.0
 11
564.9525147240028
 21
294.6104421555451
 31
0.0
  0
LINE
  5
1DE8
330
B31
100
AcDbEntity
  8
0
 62
     7
420
 15790320
370
     0
100
AcDbLine
 10
565.5412223998546
 20
319.6503439952239
 30
0.0
 11
566.0869994319118
 21
319.2856674413431
 31
0.0
  0
LINE
  5
1DE9
330
B31
100
AcDbEntity
  8
0
 62
     7
420
 15790320
370
     0
100
AcDbLine
 10
563.6871614513556
 20
320.279712880385
 30
0.0
 11
564.3309493559181
 21
320.1516555041997
 31
0.0
  0
LINE
  5
1DEA
330
B31
100
AcDbEntity
  8
0
 62
     7
420
 15790320
370
     0
100
AcDbLine
 10
564.3309493559181
 20
320.1516555041997
 30
0.0
 11
564.9525147240028
 21
319.9406624928361
 31
0.0
  0
LINE
  5
1DEB
330
B31
100
AcDbEntity
  8
0
 62
     7
420
 15790320
370
     0
100
AcDbLine
 10
567.6682973685173
 20
297.3262248000383
 30
0.0
 11
567.8792903798685
 21
297.947790168141
 31
0.0
  0
LINE
  5
1DEC
330
B31
100
AcDbEntity
  8
0
 62
     7
420
 15790320
370
     0
100
AcDbLine
 10
567.6682973685173
 20
317.2248798483431
 30
0.0
 11
567.8792903798685
 21
316.6033144802459
 31
0.0
  0
LINE
  5
1DED
330
B31
100
AcDbEntity
  8
0
 62
     7
420
 15790320
370
     0
100
AcDbLine
 10
566.0869994319118
 20
319.2856674413431
 30
0.0
 11
566.5805074238169
 21
318.8528725481396
 31
0.0
  0
LINE
  5
1DEE
330
B31
100
AcDbEntity
  8
0
 62
     7
420
 15790320
370
     0
100
AcDbLine
 10
567.0133023170137
 20
318.3593645562335
 30
0.0
 11
567.3779788709079
 21
317.8135875241883
 31
0.0
  0
LINE
  5
1DEF
330
B31
100
AcDbEntity
  8
0
 62
     7
420
 15790320
370
     0
100
AcDbLine
 10
567.3779788709079
 20
317.8135875241883
 30
0.0
 11
567.6682973685173
 21
317.2248798483431
 31
0.0
  0
LINE
  5
1DF0
330
B31
100
AcDbEntity
  8
0
 62
     7
420
 15790320
370
     0
100
AcDbLine
 10
568.0073477560626
 20
315.9595265756796
 30
0.0
 11
568.0502783998572
 21
315.3045315243189
 31
0.0
  0
LINE
  5
1DF1
330
B31
100
AcDbEntity
  8
0
 62
     7
420
 15790320
370
     0
100
AcDbLine
 10
564.9525147240028
 20
294.6104421555451
 30
0.0
 11
565.5412223998546
 21
294.9007606531627
 31
0.0
  0
LINE
  5
1DF2
330
B31
100
AcDbEntity
  8
0
 62
     7
420
 15790320
370
     0
100
AcDbLine
 10
567.3779788709079
 20
296.7375171241931
 30
0.0
 11
567.6682973685173
 21
297.3262248000383
 31
0.0
  0
LINE
  5
1DF3
330
B31
100
AcDbEntity
  8
0
 62
     7
420
 15790320
370
     0
100
AcDbLine
 10
566.0869994319118
 20
295.2654372070437
 30
0.0
 11
566.5805074238169
 21
295.698232100247
 31
0.0
  0
LINE
  5
1DF4
330
B31
100
AcDbEntity
  8
0
 62
     7
420
 15790320
370
     0
100
AcDbLine
 10
567.8792903798685
 20
297.947790168141
 30
0.0
 11
568.0073477560626
 21
298.5915780727023
 31
0.0
  0
LINE
  5
1DF5
330
B31
100
AcDbEntity
  8
0
 62
     7
420
 15790320
370
     0
100
AcDbLine
 10
568.0073477560626
 20
298.5915780727023
 30
0.0
 11
568.0502783998572
 21
299.2465731242007
 31
0.0
  0
LINE
  5
1DF6
330
B31
100
AcDbEntity
  8
0
 62
     7
420
 15790320
370
     0
100
AcDbLine
 10
565.5412223998546
 20
294.9007606531627
 30
0.0
 11
566.0869994319118
 21
295.2654372070437
 31
0.0
  0
LINE
  5
1DF7
330
B31
100
AcDbEntity
  8
0
 62
     7
420
 15790320
370
     0
100
AcDbLine
 10
563.6871614513556
 20
294.2713917680021
 30
0.0
 11
564.3309493559181
 21
294.3994491441872
 31
0.0
  0
LINE
  5
1DF8
330
B31
100
AcDbEntity
  8
0
 62
     7
420
 15790320
370
     0
100
AcDbLine
 10
568.0502783998572
 20
299.2465731242007
 30
0.0
 11
568.0073477560626
 21
299.2465731242007
 31
0.0
  0
LINE
  5
1DF9
330
B31
100
AcDbEntity
  8
0
 62
     7
420
 15790320
370
     0
100
AcDbLine
 10
567.8905678261917
 20
299.2465731242007
 30
0.0
 11
567.6682973685173
 21
299.2465731242007
 31
0.0
  0
LINE
  5
1DFA
330
B31
100
AcDbEntity
  8
0
 62
     7
420
 15790320
370
     0
100
AcDbLine
 10
568.0502783998572
 20
315.3045315243189
 30
0.0
 11
568.0073477560626
 21
315.3045315241862
 31
0.0
  0
LINE
  5
1DFB
330
B31
100
AcDbEntity
  8
0
 62
     7
420
 15790320
370
     0
100
AcDbLine
 10
567.8905678261917
 20
315.3045315241862
 30
0.0
 11
567.6682973685173
 21
315.3045315241862
 31
0.0
  0
LINE
  5
1DFC
330
B31
100
AcDbEntity
  8
0
 62
     7
420
 15790320
370
     0
100
AcDbLine
 10
563.0321663998593
 20
294.2284611241967
 30
0.0
 11
563.6871614513556
 21
294.2713917680021
 31
0.0
  0
LINE
  5
1DFD
330
B31
100
AcDbEntity
  8
0
 62
     7
420
 15790320
370
     0
100
AcDbLine
 10
566.5805074238169
 20
318.8528725481396
 30
0.0
 11
567.0133023170137
 21
318.3593645562335
 31
0.0
  0
LINE
  5
1DFE
330
B31
100
AcDbEntity
  8
0
 62
     7
420
 15790320
370
     0
100
AcDbLine
 10
563.0321663998593
 20
320.322643524185
 30
0.0
 11
563.6871614513556
 21
320.279712880385
 31
0.0
  0
LINE
  5
1DFF
330
B31
100
AcDbEntity
  8
0
 62
     7
420
 15790320
370
     0
100
AcDbLine
 10
567.0133023170137
 20
296.1917400921534
 30
0.0
 11
567.3779788709079
 21
296.7375171241931
 31
0.0
  0
LINE
  5
1E00
330
B31
100
AcDbEntity
  8
0
 62
     7
420
 15790320
370
     0
100
AcDbLine
 10
567.8792903798685
 20
316.6033144802459
 30
0.0
 11
568.0073477560626
 21
315.9595265756796
 31
0.0
  0
LINE
  5
1E01
330
B31
100
AcDbEntity
  8
0
 62
     7
420
 15790320
370
     0
100
AcDbLine
 10
566.5805074238169
 20
295.698232100247
 30
0.0
 11
567.0133023170137
 21
296.1917400921534
 31
0.0
  0
LINE
  5
1E02
330
B31
100
AcDbEntity
  8
0
 62
     7
420
 15790320
370
     0
100
AcDbLine
 10
564.9525147240028
 20
319.9406624928361
 30
0.0
 11
565.5412223998546
 21
319.6503439952239
 31
0.0
  0
LINE
  5
1E03
330
B31
100
AcDbEntity
  8
0
 62
     7
420
 15790320
370
     0
100
AcDbLine
 10
27.80626664394004
 20
320.1516555041944
 30
0.0
 11
27.18470127585352
 21
319.9406624928308
 31
0.0
  0
LINE
  5
1E04
330
B31
100
AcDbEntity
  8
0
 62
     7
420
 15790320
370
     0
100
AcDbLine
 10
24.12986824380096
 20
298.5915780727023
 30
0.0
 11
24.0869376000046
 21
299.2465731241953
 31
0.0
  0
LINE
  5
1E05
330
B31
100
AcDbEntity
  8
0
 62
     7
420
 15790320
370
     0
100
AcDbLine
 10
24.75923712897202
 20
317.8135875241828
 30
0.0
 11
24.46891863135898
 21
317.2248798483376
 31
0.0
  0
LINE
  5
1E06
330
B31
100
AcDbEntity
  8
0
 62
     7
420
 15790320
370
     0
100
AcDbLine
 10
24.0869376000046
 20
309.2827971241875
 30
0.0
 11
24.0869376000046
 21
309.353605053876
 31
0.0
  0
LINE
  5
1E07
330
B31
100
AcDbEntity
  8
0
 62
     7
420
 15790320
370
     0
100
AcDbLine
 10
24.46891863135898
 20
317.2248798483376
 30
0.0
 11
24.25792561999515
 21
316.6033144802404
 31
0.0
  0
LINE
  5
1E08
330
B31
100
AcDbEntity
  8
0
 62
     7
420
 15790320
370
     0
100
AcDbLine
 10
26.59599360000721
 20
319.6503439952187
 30
0.0
 11
26.05021656795179
 21
319.2856674413377
 31
0.0
  0
LINE
  5
1E09
330
B31
100
AcDbEntity
  8
0
 62
     7
420
 15790320
370
     0
100
AcDbLine
 10
24.25792561999515
 20
316.6033144802404
 30
0.0
 11
24.12986824380096
 21
315.9595265756796
 31
0.0
  0
LINE
  5
1E0A
330
B31
100
AcDbEntity
  8
0
 62
     7
420
 15790320
370
     0
100
AcDbLine
 10
25.55670857603946
 20
318.8528725481396
 30
0.0
 11
25.12391368284625
 21
318.3593645562282
 31
0.0
  0
LINE
  5
1E0B
330
B31
100
AcDbEntity
  8
0
 62
     7
420
 15790320
370
     0
100
AcDbLine
 10
25.12391368284625
 20
318.3593645562282
 30
0.0
 11
24.75923712897202
 21
317.8135875241828
 31
0.0
  0
LINE
  5
1E0C
330
B31
100
AcDbEntity
  8
0
 62
     7
420
 15790320
370
     0
100
AcDbLine
 10
24.0869376000046
 20
315.3045315241807
 30
0.0
 11
24.12986824380096
 21
315.3045315241807
 31
0.0
  0
LINE
  5
1E0D
330
B31
100
AcDbEntity
  8
0
 62
     7
420
 15790320
370
     0
100
AcDbLine
 10
24.25792561999515
 20
315.3045315241807
 30
0.0
 11
24.46891863135898
 21
315.3045315241807
 31
0.0
  0
LINE
  5
1E0E
330
B31
100
AcDbEntity
  8
0
 62
     7
420
 15790320
370
     0
100
AcDbLine
 10
24.46891863135898
 20
297.3262248000383
 30
0.0
 11
24.25792561999515
 21
297.9477901681353
 31
0.0
  0
LINE
  5
1E0F
330
B31
100
AcDbEntity
  8
0
 62
     7
420
 15790320
370
     0
100
AcDbLine
 10
24.0869376000046
 20
299.2465731241953
 30
0.0
 11
24.12986824380096
 21
299.2465731241953
 31
0.0
  0
LINE
  5
1E10
330
B31
100
AcDbEntity
  8
0
 62
     7
420
 15790320
370
     0
100
AcDbLine
 10
24.25792561999515
 20
299.2465731241953
 30
0.0
 11
24.46891863135898
 21
299.2465731241953
 31
0.0
  0
LINE
  5
1E11
330
B31
100
AcDbEntity
  8
0
 62
     7
420
 15790320
370
     0
100
AcDbLine
 10
24.12986824380096
 20
315.9595265756796
 30
0.0
 11
24.0869376000046
 21
315.3045315241807
 31
0.0
  0
LINE
  5
1E12
330
B31
100
AcDbEntity
  8
0
 62
     7
420
 15790320
370
     0
100
AcDbLine
 10
27.18470127585352
 20
319.9406624928308
 30
0.0
 11
26.59599360000721
 21
319.6503439952187
 31
0.0
  0
LINE
  5
1E13
330
B31
100
AcDbEntity
  8
0
 62
     7
420
 15790320
370
     0
100
AcDbLine
 10
26.05021656795179
 20
319.2856674413377
 30
0.0
 11
25.55670857603946
 21
318.8528725481396
 31
0.0
  0
LINE
  5
1E14
330
B31
100
AcDbEntity
  8
0
 62
     7
420
 15790320
370
     0
100
AcDbLine
 10
28.45005454852253
 20
320.2797128803795
 30
0.0
 11
27.80626664394004
 21
320.1516555041944
 31
0.0
  0
LINE
  5
1E15
330
B31
100
AcDbEntity
  8
0
 62
     7
420
 15790320
370
     0
100
AcDbLine
 10
29.10504960000253
 20
320.322643524185
 30
0.0
 11
28.45005454852253
 21
320.2797128803795
 31
0.0
  0
LINE
  5
1E16
330
B31
100
AcDbEntity
  8
0
 62
     7
420
 15790320
370
     0
100
AcDbLine
 10
29.10504960000253
 20
294.2284611241967
 30
0.0
 11
32.11591679999219
 21
294.2284611241967
 31
0.0
  0
LINE
  5
1E17
330
B31
100
AcDbEntity
  8
0
 62
     7
420
 15790320
370
     0
100
AcDbLine
 10
33.41469975607288
 20
294.3994491441872
 30
0.0
 11
34.0362651241594
 21
294.6104421555396
 31
0.0
  0
LINE
  5
1E18
330
B31
100
AcDbEntity
  8
0
 62
     7
420
 15790320
370
     0
100
AcDbLine
 10
36.75204776865939
 20
297.3262248000383
 30
0.0
 11
36.96304078000503
 21
297.9477901681353
 31
0.0
  0
LINE
  5
1E19
330
B31
100
AcDbEntity
  8
0
 62
     7
420
 15790320
370
     0
100
AcDbLine
 10
36.75204776865939
 20
317.2248798483376
 30
0.0
 11
36.96304078000503
 21
316.6033144802404
 31
0.0
  0
LINE
  5
1E1A
330
B31
100
AcDbEntity
  8
0
 62
     7
420
 15790320
370
     0
100
AcDbLine
 10
37.09109815620286
 20
315.9595265756796
 30
0.0
 11
37.1340287999974
 21
315.3045315241807
 31
0.0
  0
LINE
  5
1E1B
330
B31
100
AcDbEntity
  8
0
 62
     7
420
 15790320
370
     0
100
AcDbLine
 10
34.0362651241594
 20
294.6104421555396
 30
0.0
 11
34.62497279999479
 21
294.9007606531572
 31
0.0
  0
LINE
  5
1E1C
330
B31
100
AcDbEntity
  8
0
 62
     7
420
 15790320
370
     0
100
AcDbLine
 10
36.46172927102998
 20
296.7375171241931
 30
0.0
 11
36.75204776865939
 21
297.3262248000383
 31
0.0
  0
LINE
  5
1E1D
330
B31
100
AcDbEntity
  8
0
 62
     7
420
 15790320
370
     0
100
AcDbLine
 10
37.1340287999974
 20
315.3045315241807
 30
0.0
 11
37.1340287999974
 21
315.0309506922022
 31
0.0
  0
LINE
  5
1E1E
330
B31
100
AcDbEntity
  8
0
 62
     7
420
 15790320
370
     0
100
AcDbLine
 10
37.1340287999974
 20
309.353605053876
 30
0.0
 11
37.1340287999974
 21
309.2827971241875
 31
0.0
  0
LINE
  5
1E1F
330
B31
100
AcDbEntity
  8
0
 62
     7
420
 15790320
370
     0
100
AcDbLine
 10
37.1340287999974
 20
305.2683075241885
 30
0.0
 11
37.1340287999974
 21
305.1974995945002
 31
0.0
  0
LINE
  5
1E20
330
B31
100
AcDbEntity
  8
0
 62
     7
420
 15790320
370
     0
100
AcDbLine
 10
37.1340287999974
 20
309.2827971241875
 30
0.0
 11
37.09109815620286
 21
309.2827971241875
 31
0.0
  0
LINE
  5
1E21
330
B31
100
AcDbEntity
  8
0
 62
     7
420
 15790320
370
     0
100
AcDbLine
 10
35.17074983205203
 20
295.2654372070326
 30
0.0
 11
35.66425782395891
 21
295.6982321002415
 31
0.0
  0
LINE
  5
1E22
330
B31
100
AcDbEntity
  8
0
 62
     7
420
 15790320
370
     0
100
AcDbLine
 10
36.96304078000503
 20
297.9477901681353
 30
0.0
 11
37.09109815620286
 21
298.5915780726966
 31
0.0
  0
LINE
  5
1E23
330
B31
100
AcDbEntity
  8
0
 62
     7
420
 15790320
370
     0
100
AcDbLine
 10
37.09109815620286
 20
298.5915780726966
 30
0.0
 11
37.1340287999974
 21
299.2465731241953
 31
0.0
  0
LINE
  5
1E24
330
B31
100
AcDbEntity
  8
0
 62
     7
420
 15790320
370
     0
100
AcDbLine
 10
34.62497279999479
 20
294.9007606531572
 30
0.0
 11
35.17074983205203
 21
295.2654372070326
 31
0.0
  0
LINE
  5
1E25
330
B31
100
AcDbEntity
  8
0
 62
     7
420
 15790320
370
     0
100
AcDbLine
 10
32.77091185149766
 20
294.2713917679964
 30
0.0
 11
33.41469975607288
 21
294.3994491441872
 31
0.0
  0
LINE
  5
1E26
330
B31
100
AcDbEntity
  8
0
 62
     7
420
 15790320
370
     0
100
AcDbLine
 10
37.1340287999974
 20
299.2465731241953
 30
0.0
 11
37.09109815620286
 21
299.2465731241953
 31
0.0
  0
LINE
  5
1E27
330
B31
100
AcDbEntity
  8
0
 62
     7
420
 15790320
370
     0
100
AcDbLine
 10
36.96304078000503
 20
299.2465731241953
 30
0.0
 11
36.75204776865939
 21
299.2465731241953
 31
0.0
  0
LINE
  5
1E28
330
B31
100
AcDbEntity
  8
0
 62
     7
420
 15790320
370
     0
100
AcDbLine
 10
37.1340287999974
 20
315.3045315241807
 30
0.0
 11
37.09109815620286
 21
315.3045315241807
 31
0.0
  0
LINE
  5
1E29
330
B31
100
AcDbEntity
  8
0
 62
     7
420
 15790320
370
     0
100
AcDbLine
 10
36.96304078000503
 20
315.3045315241807
 30
0.0
 11
36.75204776865939
 21
315.3045315241807
 31
0.0
  0
LINE
  5
1E2A
330
B31
100
AcDbEntity
  8
0
 62
     7
420
 15790320
370
     0
100
AcDbLine
 10
32.11591679999219
 20
294.2284611241967
 30
0.0
 11
32.77091185149766
 21
294.2713917679964
 31
0.0
  0
LINE
  5
1E2B
330
B31
100
AcDbEntity
  8
0
 62
     7
420
 15790320
370
     0
100
AcDbLine
 10
36.09705271715393
 20
296.1917400921479
 30
0.0
 11
36.46172927102998
 21
296.7375171241931
 31
0.0
  0
LINE
  5
1E2C
330
B31
100
AcDbEntity
  8
0
 62
     7
420
 15790320
370
     0
100
AcDbLine
 10
35.66425782395891
 20
295.6982321002415
 30
0.0
 11
36.09705271715393
 21
296.1917400921479
 31
0.0
  0
LINE
  5
1E2D
330
B31
100
AcDbEntity
  8
0
 62
     7
420
 15790320
370
     0
100
AcDbLine
 10
24.75923712897202
 20
296.7375171241931
 30
0.0
 11
24.46891863135898
 21
297.3262248000383
 31
0.0
  0
LINE
  5
1E2E
330
B31
100
AcDbEntity
  8
0
 62
     7
420
 15790320
370
     0
100
AcDbLine
 10
27.18470127585352
 20
294.6104421555396
 30
0.0
 11
26.59599360000721
 21
294.9007606531572
 31
0.0
  0
LINE
  5
1E2F
330
B31
100
AcDbEntity
  8
0
 62
     7
420
 15790320
370
     0
100
AcDbLine
 10
25.12391368284625
 20
296.1917400921479
 30
0.0
 11
24.75923712897202
 21
296.7375171241931
 31
0.0
  0
LINE
  5
1E30
330
B31
100
AcDbEntity
  8
0
 62
     7
420
 15790320
370
     0
100
AcDbLine
 10
28.45005454852253
 20
294.2713917679964
 30
0.0
 11
27.80626664394004
 21
294.3994491441872
 31
0.0
  0
LINE
  5
1E31
330
B31
100
AcDbEntity
  8
0
 62
     7
420
 15790320
370
     0
100
AcDbLine
 10
29.10504960000253
 20
294.2284611241967
 30
0.0
 11
28.45005454852253
 21
294.2713917679964
 31
0.0
  0
LINE
  5
1E32
330
B31
100
AcDbEntity
  8
0
 62
     7
420
 15790320
370
     0
100
AcDbLine
 10
26.59599360000721
 20
294.9007606531572
 30
0.0
 11
26.05021656795179
 21
295.2654372070383
 31
0.0
  0
LINE
  5
1E33
330
B31
100
AcDbEntity
  8
0
 62
     7
420
 15790320
370
     0
100
AcDbLine
 10
29.10504960000253
 20
320.322643524185
 30
0.0
 11
32.11591679999219
 21
320.322643524185
 31
0.0
  0
LINE
  5
1E34
330
B31
100
AcDbEntity
  8
0
 62
     7
420
 15790320
370
     0
100
AcDbLine
 10
27.80626664394004
 20
294.3994491441872
 30
0.0
 11
27.18470127585352
 21
294.6104421555396
 31
0.0
  0
LINE
  5
1E35
330
B31
100
AcDbEntity
  8
0
 62
     7
420
 15790320
370
     0
100
AcDbLine
 10
26.05021656795179
 20
295.2654372070383
 30
0.0
 11
25.55670857603946
 21
295.6982321002415
 31
0.0
  0
LINE
  5
1E36
330
B31
100
AcDbEntity
  8
0
 62
     7
420
 15790320
370
     0
100
AcDbLine
 10
24.25792561999515
 20
297.9477901681353
 30
0.0
 11
24.12986824380096
 21
298.5915780727023
 31
0.0
  0
LINE
  5
1E37
330
B31
100
AcDbEntity
  8
0
 62
     7
420
 15790320
370
     0
100
AcDbLine
 10
25.55670857603946
 20
295.6982321002415
 30
0.0
 11
25.12391368284625
 21
296.1917400921479
 31
0.0
  0
LINE
  5
1E38
330
B31
100
AcDbEntity
  8
0
 62
     7
420
 15790320
370
     0
100
AcDbLine
 10
34.62497279999479
 20
319.6503439952187
 30
0.0
 11
35.17074983205203
 21
319.2856674413377
 31
0.0
  0
LINE
  5
1E39
330
B31
100
AcDbEntity
  8
0
 62
     7
420
 15790320
370
     0
100
AcDbLine
 10
32.77091185149766
 20
320.2797128803795
 30
0.0
 11
33.41469975607288
 21
320.1516555041944
 31
0.0
  0
LINE
  5
1E3A
330
B31
100
AcDbEntity
  8
0
 62
     7
420
 15790320
370
     0
100
AcDbLine
 10
33.41469975607288
 20
320.1516555041944
 30
0.0
 11
34.0362651241594
 21
319.9406624928308
 31
0.0
  0
LINE
  5
1E3B
330
B31
100
AcDbEntity
  8
0
 62
     7
420
 15790320
370
     0
100
AcDbLine
 10
35.17074983205203
 20
319.2856674413377
 30
0.0
 11
35.66425782395891
 21
318.8528725481396
 31
0.0
  0
LINE
  5
1E3C
330
B31
100
AcDbEntity
  8
0
 62
     7
420
 15790320
370
     0
100
AcDbLine
 10
36.09705271715393
 20
318.3593645562282
 30
0.0
 11
36.46172927102998
 21
317.8135875241828
 31
0.0
  0
LINE
  5
1E3D
330
B31
100
AcDbEntity
  8
0
 62
     7
420
 15790320
370
     0
100
AcDbLine
 10
36.46172927102998
 20
317.8135875241828
 30
0.0
 11
36.75204776865939
 21
317.2248798483376
 31
0.0
  0
LINE
  5
1E3E
330
B31
100
AcDbEntity
  8
0
 62
     7
420
 15790320
370
     0
100
AcDbLine
 10
37.1340287999974
 20
309.2144019161901
 30
0.0
 11
37.1340287999974
 21
309.2827971241875
 31
0.0
  0
LINE
  5
1E3F
330
B31
100
AcDbEntity
  8
0
 62
     7
420
 15790320
370
     0
100
AcDbLine
 10
37.1340287999974
 20
305.2683075241885
 30
0.0
 11
37.1340287999974
 21
305.3367027321858
 31
0.0
  0
LINE
  5
1E40
330
B31
100
AcDbEntity
  8
0
 62
     7
420
 15790320
370
     0
100
AcDbLine
 10
37.1340287999974
 20
305.2683075241885
 30
0.0
 11
37.09109815620286
 21
305.2683075241885
 31
0.0
  0
LINE
  5
1E41
330
B31
100
AcDbEntity
  8
0
 62
     7
420
 15790320
370
     0
100
AcDbLine
 10
35.66425782395891
 20
318.8528725481396
 30
0.0
 11
36.09705271715393
 21
318.3593645562282
 31
0.0
  0
LINE
  5
1E42
330
B31
100
AcDbEntity
  8
0
 62
     7
420
 15790320
370
     0
100
AcDbLine
 10
32.11591679999219
 20
320.322643524185
 30
0.0
 11
32.77091185149766
 21
320.2797128803795
 31
0.0
  0
LINE
  5
1E43
330
B31
100
AcDbEntity
  8
0
 62
     7
420
 15790320
370
     0
100
AcDbLine
 10
36.96304078000503
 20
316.6033144802404
 30
0.0
 11
37.09109815620286
 21
315.9595265756796
 31
0.0
  0
LINE
  5
1E44
330
B31
100
AcDbEntity
  8
0
 62
     7
420
 15790320
370
     0
100
AcDbLine
 10
34.0362651241594
 20
319.9406624928308
 30
0.0
 11
34.62497279999479
 21
319.6503439952187
 31
0.0
  0
LINE
  5
1E45
330
B31
100
AcDbEntity
  8
0
 62
     7
420
 15790320
370
     0
100
AcDbLine
 10
555.0031871998481
 20
305.1974995945057
 30
0.0
 11
555.0031871998481
 21
305.2683075241939
 31
0.0
  0
LINE
  5
1E46
330
B31
100
AcDbEntity
  8
0
 62
     7
420
 15790320
370
     0
100
AcDbLine
 10
493.3973537540487
 20
140.5552856561264
 30
0.0
 11
499.5365838447514
 21
143.0982380222276
 31
0.0
  0
LINE
  5
1E47
330
B31
100
AcDbEntity
  8
0
 62
     7
420
 15790320
370
     0
100
AcDbLine
 10
87.32875576003607
 20
147.1434910574132
 30
0.0
 11
92.6006321550558
 21
143.0982380222331
 31
0.0
  0
LINE
  5
1E48
330
B31
100
AcDbEntity
  8
0
 62
     7
420
 15790320
370
     0
100
AcDbLine
 10
499.5365838447514
 20
143.0982380222276
 30
0.0
 11
504.8084602397693
 21
147.1434910574132
 31
0.0
  0
LINE
  5
1E49
330
B31
100
AcDbEntity
  8
0
 62
     7
420
 15790320
370
     0
100
AcDbLine
 10
92.6006321550558
 20
143.0982380222331
 30
0.0
 11
98.73986224577492
 21
140.5552856561264
 31
0.0
  0
LINE
  5
1E4A
330
B31
100
AcDbEntity
  8
0
 62
     7
420
 15790320
370
     0
100
AcDbLine
 10
83.28350272487297
 20
152.4153674524257
 30
0.0
 11
87.32875576003607
 21
147.1434910574132
 31
0.0
  0
LINE
  5
1E4B
330
B31
100
AcDbEntity
  8
0
 62
     7
420
 15790320
370
     0
100
AcDbLine
 10
297.8069329883565
 20
139.6706115241752
 30
0.0
 11
298.007457591937
 21
139.6706115241752
 31
0.0
  0
LINE
  5
1E4C
330
B31
100
AcDbEntity
  8
0
 62
     7
420
 15790320
370
     0
100
AcDbLine
 10
504.8084602397693
 20
147.1434910574132
 30
0.0
 11
508.8537132749561
 21
152.4153674524257
 31
0.0
  0
LINE
  5
1E4D
330
B31
100
AcDbEntity
  8
0
 62
     7
420
 15790320
370
     0
100
AcDbLine
 10
169.8396584420315
 20
159.4847386959216
 30
0.0
 11
169.8664597196803
 21
159.3343452432313
 31
0.0
  0
LINE
  5
1E4E
330
B31
100
AcDbEntity
  8
0
 62
     7
420
 15790320
370
     0
100
AcDbLine
 10
424.3048023578348
 20
159.4847386959216
 30
0.0
 11
424.2780010802062
 21
159.3343452432313
 31
0.0
  0
LINE
  5
1E4F
330
B31
100
AcDbEntity
  8
0
 62
     7
420
 15790320
370
     0
100
AcDbLine
 10
422.265933634052
 20
159.4847386959216
 30
0.0
 11
422.2391323564234
 21
159.3343452432313
 31
0.0
  0
LINE
  5
1E50
330
B31
100
AcDbEntity
  8
0
 62
     7
420
 15790320
370
     0
100
AcDbLine
 10
448.0668409924337
 20
304.2646851241832
 30
0.0
 11
422.2750750507375
 21
159.536035101918
 31
0.0
  0
LINE
  5
1E51
330
B31
100
AcDbEntity
  8
0
 62
     7
420
 15790320
370
     0
100
AcDbLine
 10
171.8785271658162
 20
159.4847386959216
 30
0.0
 11
171.9053284434667
 21
159.3343452432313
 31
0.0
  0
LINE
  5
1E52
330
B31
100
AcDbEntity
  8
0
 62
     7
420
 15790320
370
     0
100
AcDbLine
 10
146.0776198074709
 20
304.2646851241832
 30
0.0
 11
171.8693857491343
 21
159.536035101918
 31
0.0
  0
LINE
  5
1E53
330
B31
100
AcDbEntity
  8
0
 62
     7
420
 15790320
370
     0
100
AcDbLine
 10
89.54986644205019
 20
159.4847386959216
 30
0.0
 11
89.57666771968069
 21
159.3343452432313
 31
0.0
  0
LINE
  5
1E54
330
B31
100
AcDbEntity
  8
0
 62
     7
420
 15790320
370
     0
100
AcDbLine
 10
344.0241517745253
 20
159.5360351019126
 30
0.0
 11
382.1301790507578
 21
159.536035101918
 31
0.0
  0
LINE
  5
1E55
330
B31
100
AcDbEntity
  8
0
 62
     7
420
 15790320
370
     0
100
AcDbLine
 10
504.6037357745235
 20
159.5360351019126
 30
0.0
 11
511.5816566887487
 21
159.536035101918
 31
0.0
  0
LINE
  5
1E56
330
B31
100
AcDbEntity
  8
0
 62
     7
420
 15790320
370
     0
100
AcDbLine
 10
424.313943774524
 20
159.5360351019126
 30
0.0
 11
462.4199710507427
 21
159.536035101918
 31
0.0
  0
LINE
  5
1E57
330
B31
100
AcDbEntity
  8
0
 62
     7
420
 15790320
370
     0
100
AcDbLine
 10
384.1690477745442
 20
159.5360351019126
 30
0.0
 11
422.2750750507375
 21
159.536035101918
 31
0.0
  0
LINE
  5
1E58
330
B31
100
AcDbEntity
  8
0
 62
     7
420
 15790320
370
     0
100
AcDbLine
 10
252.159177749134
 20
159.536035101918
 30
0.0
 11
290.2652050253437
 21
159.536035101918
 31
0.0
  0
LINE
  5
1E59
330
B31
100
AcDbEntity
  8
0
 62
     7
420
 15790320
370
     0
100
AcDbLine
 10
212.0142817491305
 20
159.536035101918
 30
0.0
 11
250.1203090253475
 21
159.536035101918
 31
0.0
  0
LINE
  5
1E5A
330
B31
100
AcDbEntity
  8
0
 62
     7
420
 15790320
370
     0
100
AcDbLine
 10
171.8693857491343
 20
159.536035101918
 30
0.0
 11
209.9754130253441
 21
159.536035101918
 31
0.0
  0
LINE
  5
1E5B
330
B31
100
AcDbEntity
  8
0
 62
     7
420
 15790320
370
     0
100
AcDbLine
 10
131.7244897491309
 20
159.536035101918
 30
0.0
 11
169.8305170253479
 21
159.536035101918
 31
0.0
  0
LINE
  5
1E5C
330
B31
100
AcDbEntity
  8
0
 62
     7
420
 15790320
370
     0
100
AcDbLine
 10
80.55555931107482
 20
159.536035101918
 30
0.0
 11
89.54072502534472
 21
159.536035101918
 31
0.0
  0
LINE
  5
1E5D
330
B31
100
AcDbEntity
  8
0
 62
     7
420
 15790320
370
     0
100
AcDbLine
 10
297.8069329883565
 20
156.5251679019188
 30
0.0
 11
298.007457591937
 21
156.5251679019188
 31
0.0
  0
LINE
  5
1E5E
330
B31
100
AcDbEntity
  8
0
 62
     7
420
 15790320
370
     0
100
AcDbLine
 10
129.6947624420336
 20
159.4847386959216
 30
0.0
 11
129.7215637196623
 21
159.3343452432313
 31
0.0
  0
LINE
  5
1E5F
330
B31
100
AcDbEntity
  8
0
 62
     7
420
 15790320
370
     0
100
AcDbLine
 10
504.5945943578417
 20
159.4847386959216
 30
0.0
 11
504.5677930802058
 21
159.3343452432313
 31
0.0
  0
LINE
  5
1E60
330
B31
100
AcDbEntity
  8
0
 62
     7
420
 15790320
370
     0
100
AcDbLine
 10
131.7336311658182
 20
159.4847386959216
 30
0.0
 11
131.7604324434469
 21
159.3343452432313
 31
0.0
  0
LINE
  5
1E61
330
B31
100
AcDbEntity
  8
0
 62
     7
420
 15790320
370
     0
100
AcDbLine
 10
341.9761416340516
 20
159.4847386959216
 30
0.0
 11
341.9493403564247
 21
159.3343452432313
 31
0.0
  0
LINE
  5
1E62
330
B31
100
AcDbEntity
  8
0
 62
     7
420
 15790320
370
     0
100
AcDbLine
 10
502.5557256340553
 20
159.4847386959216
 30
0.0
 11
502.5289243564047
 21
159.3343452432313
 31
0.0
  0
LINE
  5
1E63
330
B31
100
AcDbEntity
  8
0
 62
     7
420
 15790320
370
     0
100
AcDbLine
 10
464.4496983578401
 20
159.4847386959216
 30
0.0
 11
464.4228970801896
 21
159.3343452432313
 31
0.0
  0
LINE
  5
1E64
330
B31
100
AcDbEntity
  8
0
 62
     7
420
 15790320
370
     0
100
AcDbLine
 10
344.0150103578381
 20
159.4847386959216
 30
0.0
 11
343.9882090802094
 21
159.3343452432313
 31
0.0
  0
LINE
  5
1E65
330
B31
100
AcDbEntity
  8
0
 62
     7
420
 15790320
370
     0
100
AcDbLine
 10
65.78782780747315
 20
304.2646851241889
 30
0.0
 11
91.57959374912753
 21
159.536035101918
 31
0.0
  0
LINE
  5
1E66
330
B31
100
AcDbEntity
  8
0
 62
     7
420
 15790320
370
     0
100
AcDbLine
 10
407.9219449924321
 20
304.2646851241832
 30
0.0
 11
382.1301790507578
 21
159.536035101918
 31
0.0
  0
LINE
  5
1E67
330
B31
100
AcDbEntity
  8
0
 62
     7
420
 15790320
370
     0
100
AcDbLine
 10
382.1210376340723
 20
159.4847386959216
 30
0.0
 11
382.0942363564218
 21
159.3343452432313
 31
0.0
  0
LINE
  5
1E68
330
B31
100
AcDbEntity
  8
0
 62
     7
420
 15790320
370
     0
100
AcDbLine
 10
462.4108296340536
 20
159.4847386959216
 30
0.0
 11
462.3840283564213
 21
159.3343452432313
 31
0.0
  0
LINE
  5
1E69
330
B31
100
AcDbEntity
  8
0
 62
     7
420
 15790320
370
     0
100
AcDbLine
 10
528.3566329924333
 20
304.2646851241832
 30
0.0
 11
502.5648670507589
 21
159.536035101918
 31
0.0
  0
LINE
  5
1E6A
330
B31
100
AcDbEntity
  8
0
 62
     7
420
 15790320
370
     0
100
AcDbLine
 10
91.58873516583481
 20
159.4847386959216
 30
0.0
 11
91.61553644346895
 21
159.3343452432313
 31
0.0
  0
LINE
  5
1E6B
330
B31
100
AcDbEntity
  8
0
 62
     7
420
 15790320
370
     0
100
AcDbLine
 10
367.7770489924342
 20
304.2646851241832
 30
0.0
 11
341.9852830507407
 21
159.536035101918
 31
0.0
  0
LINE
  5
1E6C
330
B31
100
AcDbEntity
  8
0
 62
     7
420
 15790320
370
     0
100
AcDbLine
 10
212.0234231658342
 20
159.4847386959216
 30
0.0
 11
212.0502244434519
 21
159.3343452432313
 31
0.0
  0
LINE
  5
1E6D
330
B31
100
AcDbEntity
  8
0
 62
     7
420
 15790320
370
     0
100
AcDbLine
 10
186.2225158074743
 20
304.2646851241832
 30
0.0
 11
212.0142817491305
 21
159.536035101918
 31
0.0
  0
LINE
  5
1E6E
330
B31
100
AcDbEntity
  8
0
 62
     7
420
 15790320
370
     0
100
AcDbLine
 10
209.9845544420495
 20
159.4847386959216
 30
0.0
 11
210.0113557196837
 21
159.3343452432313
 31
0.0
  0
LINE
  5
1E6F
330
B31
100
AcDbEntity
  8
0
 62
     7
420
 15790320
370
     0
100
AcDbLine
 10
384.1599063578406
 20
159.4847386959216
 30
0.0
 11
384.1331050802082
 21
159.3343452432313
 31
0.0
  0
LINE
  5
1E70
330
B31
100
AcDbEntity
  8
0
 62
     7
420
 15790320
370
     0
100
AcDbLine
 10
226.3674118074541
 20
304.2646851241832
 30
0.0
 11
252.159177749134
 21
159.536035101918
 31
0.0
  0
LINE
  5
1E71
330
B31
100
AcDbEntity
  8
0
 62
     7
420
 15790320
370
     0
100
AcDbLine
 10
252.1683191658212
 20
159.4847386959216
 30
0.0
 11
252.1951204434663
 21
159.3343452432313
 31
0.0
  0
LINE
  5
1E72
330
B31
100
AcDbEntity
  8
0
 62
     7
420
 15790320
370
     0
100
AcDbLine
 10
250.1294504420348
 20
159.4847386959216
 30
0.0
 11
250.1562517196617
 21
159.3343452432313
 31
0.0
  0
LINE
  5
1E73
330
B31
100
AcDbEntity
  8
0
 62
     7
420
 15790320
370
     0
100
AcDbLine
 10
327.6321529924317
 20
304.2646851241832
 30
0.0
 11
301.8403870507373
 21
159.536035101918
 31
0.0
  0
LINE
  5
1E74
330
B31
100
AcDbEntity
  8
0
 62
     7
420
 15790320
370
     0
100
AcDbLine
 10
301.8312456340555
 20
159.4847386959216
 30
0.0
 11
301.8044443564231
 21
159.3343452432313
 31
0.0
  0
LINE
  5
1E75
330
B31
100
AcDbEntity
  8
0
 62
     7
420
 15790320
370
     0
100
AcDbLine
 10
303.8701143578419
 20
159.4847386959216
 30
0.0
 11
303.8433130802077
 21
159.3343452432313
 31
0.0
  0
LINE
  5
1E76
330
B31
100
AcDbEntity
  8
0
 62
     7
420
 15790320
370
     0
100
AcDbLine
 10
290.2743464420328
 20
159.4847386959216
 30
0.0
 11
290.3011477196815
 21
159.3343452432313
 31
0.0
  0
LINE
  5
1E77
330
B31
100
AcDbEntity
  8
0
 62
     7
420
 15790320
370
     0
100
AcDbLine
 10
292.3132151658338
 20
159.4847386959216
 30
0.0
 11
292.3400164434679
 21
159.3343452432313
 31
0.0
  0
LINE
  5
1E78
330
B31
100
AcDbEntity
  8
0
 62
     7
420
 15790320
370
     0
100
AcDbLine
 10
266.5123078074721
 20
304.2646851241832
 30
0.0
 11
292.3040737491283
 21
159.536035101918
 31
0.0
  0
LINE
  5
1E79
330
B31
100
AcDbEntity
  8
0
 62
     7
420
 15790320
370
     0
100
AcDbLine
 10
297.8069329883565
 20
159.536035101918
 30
0.0
 11
298.007457591937
 21
159.536035101918
 31
0.0
  0
LINE
  5
1E7A
330
B31
100
AcDbEntity
  8
0
 62
     7
420
 15790320
370
     0
100
AcDbLine
 10
298.0758527999388
 20
159.536035101918
 30
0.0
 11
301.8403870507373
 21
159.536035101918
 31
0.0
  0
LINE
  5
1E7B
330
B31
100
AcDbEntity
  8
0
 62
     7
420
 15790320
370
     0
100
AcDbLine
 10
303.8792557745237
 20
159.5360351019126
 30
0.0
 11
341.9852830507407
 21
159.536035101918
 31
0.0
  0
LINE
  5
1E7C
330
B31
100
AcDbEntity
  8
0
 62
     7
420
 15790320
370
     0
100
AcDbLine
 10
551.844739721816
 20
310.3719135341744
 30
0.0
 11
551.2396031998514
 21
310.6225692886651
 31
0.0
  0
LINE
  5
1E7D
330
B31
100
AcDbEntity
  8
0
 62
     7
420
 15790320
370
     0
100
AcDbLine
 10
569.6209015742251
 20
306.3052836070249
 30
0.0
 11
569.2260951806938
 21
306.7380785002279
 31
0.0
  0
LINE
  5
1E7E
330
B31
100
AcDbEntity
  8
0
 62
     7
420
 15790320
370
     0
100
AcDbLine
 10
568.0846229148929
 20
309.6314244726887
 30
0.0
 11
568.0502783998572
 21
310.2864195241764
 31
0.0
  0
LINE
  5
1E7F
330
B31
100
AcDbEntity
  8
0
 62
     7
420
 15790320
370
     0
100
AcDbLine
 10
568.187068815846
 20
308.9876365681221
 30
0.0
 11
568.0846229148929
 21
309.6314244726887
 31
0.0
  0
LINE
  5
1E80
330
B31
100
AcDbEntity
  8
0
 62
     7
420
 15790320
370
     0
100
AcDbLine
 10
568.3558632249233
 20
308.3660712000303
 30
0.0
 11
568.187068815846
 21
308.9876365681221
 31
0.0
  0
LINE
  5
1E81
330
B31
100
AcDbEntity
  8
0
 62
     7
420
 15790320
370
     0
100
AcDbLine
 10
568.5881180230253
 20
307.7773635241797
 30
0.0
 11
568.3558632249233
 21
308.3660712000303
 31
0.0
  0
LINE
  5
1E82
330
B31
100
AcDbEntity
  8
0
 62
     7
420
 15790320
370
     0
100
AcDbLine
 10
568.8798592661233
 20
307.2315864921343
 30
0.0
 11
568.5881180230253
 21
307.7773635241797
 31
0.0
  0
LINE
  5
1E83
330
B31
100
AcDbEntity
  8
0
 62
     7
420
 15790320
370
     0
100
AcDbLine
 10
569.2260951806938
 20
306.7380785002279
 30
0.0
 11
568.8798592661233
 21
307.2315864921343
 31
0.0
  0
LINE
  5
1E84
330
B31
100
AcDbEntity
  8
0
 62
     7
420
 15790320
370
     0
100
AcDbLine
 10
570.0575231998527
 20
305.9406070531441
 30
0.0
 11
569.6209015742251
 21
306.3052836070249
 31
0.0
  0
LINE
  5
1E85
330
B31
100
AcDbEntity
  8
0
 62
     7
420
 15790320
370
     0
100
AcDbLine
 10
570.5284893405414
 20
305.6502885555314
 30
0.0
 11
570.0575231998527
 21
305.9406070531441
 31
0.0
  0
LINE
  5
1E86
330
B31
100
AcDbEntity
  8
0
 62
     7
420
 15790320
370
     0
100
AcDbLine
 10
571.0257416350113
 20
305.4392955441681
 30
0.0
 11
570.5284893405414
 21
305.6502885555314
 31
0.0
  0
LINE
  5
1E87
330
B31
100
AcDbEntity
  8
0
 62
     7
420
 15790320
370
     0
100
AcDbLine
 10
571.5407719586482
 20
305.311238167983
 30
0.0
 11
571.0257416350113
 21
305.4392955441681
 31
0.0
  0
LINE
  5
1E88
330
B31
100
AcDbEntity
  8
0
 62
     7
420
 15790320
370
     0
100
AcDbLine
 10
572.064767999841
 20
305.268307524183
 30
0.0
 11
571.5407719586482
 21
305.311238167983
 31
0.0
  0
LINE
  5
1E89
330
B31
100
AcDbEntity
  8
0
 62
     7
420
 15790320
370
     0
100
AcDbLine
 10
572.064767999841
 20
305.268307524183
 30
0.0
 11
572.064767999841
 21
340.3950915241808
 31
0.0
  0
LINE
  5
1E8A
330
B31
100
AcDbEntity
  8
0
 62
     7
420
 15790320
370
     0
100
AcDbLine
 10
572.064767999841
 20
340.3950915241808
 30
0.0
 11
571.5407719586482
 21
340.3521608803808
 31
0.0
  0
LINE
  5
1E8B
330
B31
100
AcDbEntity
  8
0
 62
     7
420
 15790320
370
     0
100
AcDbLine
 10
571.5407719586482
 20
340.3521608803808
 30
0.0
 11
571.0257416350113
 21
340.2241035041898
 31
0.0
  0
LINE
  5
1E8C
330
B31
100
AcDbEntity
  8
0
 62
     7
420
 15790320
370
     0
100
AcDbLine
 10
571.0257416350113
 20
340.2241035041898
 30
0.0
 11
570.5284893405414
 21
340.0131104928318
 31
0.0
  0
LINE
  5
1E8D
330
B31
100
AcDbEntity
  8
0
 62
     7
420
 15790320
370
     0
100
AcDbLine
 10
570.5284893405414
 20
340.0131104928318
 30
0.0
 11
570.0575231998527
 21
339.7227919952143
 31
0.0
  0
LINE
  5
1E8E
330
B31
100
AcDbEntity
  8
0
 62
     7
420
 15790320
370
     0
100
AcDbLine
 10
570.0575231998527
 20
339.7227919952143
 30
0.0
 11
569.6209015742251
 21
339.3581154413332
 31
0.0
  0
LINE
  5
1E8F
330
B31
100
AcDbEntity
  8
0
 62
     7
420
 15790320
370
     0
100
AcDbLine
 10
569.6209015742251
 20
339.3581154413332
 30
0.0
 11
569.2260951806938
 21
338.9253205481357
 31
0.0
  0
LINE
  5
1E90
330
B31
100
AcDbEntity
  8
0
 62
     7
420
 15790320
370
     0
100
AcDbLine
 10
569.2260951806938
 20
338.9253205481357
 30
0.0
 11
568.8798592661233
 21
338.4318125562238
 31
0.0
  0
LINE
  5
1E91
330
B31
100
AcDbEntity
  8
0
 62
     7
420
 15790320
370
     0
100
AcDbLine
 10
568.8798592661233
 20
338.4318125562238
 30
0.0
 11
568.5881180230253
 21
337.8860355241784
 31
0.0
  0
LINE
  5
1E92
330
B31
100
AcDbEntity
  8
0
 62
     7
420
 15790320
370
     0
100
AcDbLine
 10
568.5881180230253
 20
337.8860355241784
 30
0.0
 11
568.3558632249233
 21
337.297327848333
 31
0.0
  0
LINE
  5
1E93
330
B31
100
AcDbEntity
  8
0
 62
     7
420
 15790320
370
     0
100
AcDbLine
 10
568.3558632249233
 20
337.297327848333
 30
0.0
 11
568.187068815846
 21
336.6757624802362
 31
0.0
  0
LINE
  5
1E94
330
B31
100
AcDbEntity
  8
0
 62
     7
420
 15790320
370
     0
100
AcDbLine
 10
568.187068815846
 20
336.6757624802362
 30
0.0
 11
568.0846229148929
 21
336.0319745756751
 31
0.0
  0
LINE
  5
1E95
330
B31
100
AcDbEntity
  8
0
 62
     7
420
 15790320
370
     0
100
AcDbLine
 10
568.0846229148929
 20
336.0319745756751
 30
0.0
 11
568.0502783998572
 21
335.3769795241817
 31
0.0
  0
LINE
  5
1E96
330
B31
100
AcDbEntity
  8
0
 62
     7
420
 15790320
370
     0
100
AcDbLine
 10
555.0031871998481
 20
332.8679235241795
 30
0.0
 11
554.9176931898736
 21
333.5173150022038
 31
0.0
  0
LINE
  5
1E97
330
B31
100
AcDbEntity
  8
0
 62
     7
420
 15790320
370
     0
100
AcDbLine
 10
554.9176931898736
 20
333.5173150022038
 30
0.0
 11
554.6670374353643
 21
334.1224515241806
 31
0.0
  0
LINE
  5
1E98
330
B31
100
AcDbEntity
  8
0
 62
     7
420
 15790320
370
     0
100
AcDbLine
 10
554.6670374353643
 20
334.1224515241806
 30
0.0
 11
554.2683017118406
 21
334.6420940361536
 31
0.0
  0
LINE
  5
1E99
330
B31
100
AcDbEntity
  8
0
 62
     7
420
 15790320
370
     0
100
AcDbLine
 10
554.2683017118406
 20
334.6420940361536
 30
0.0
 11
553.7486591998467
 21
335.0408297596982
 31
0.0
  0
LINE
  5
1E9A
330
B31
100
AcDbEntity
  8
0
 62
     7
420
 15790320
370
     0
100
AcDbLine
 10
553.7486591998467
 20
335.0408297596982
 30
0.0
 11
553.1435226778821
 21
335.2914855141837
 31
0.0
  0
LINE
  5
1E9B
330
B31
100
AcDbEntity
  8
0
 62
     7
420
 15790320
370
     0
100
AcDbLine
 10
553.1435226778821
 20
335.2914855141837
 30
0.0
 11
552.4941311998454
 21
335.3769795241817
 31
0.0
  0
LINE
  5
1E9C
330
B31
100
AcDbEntity
  8
0
 62
     7
420
 15790320
370
     0
100
AcDbLine
 10
552.4941311998454
 20
335.3769795241817
 30
0.0
 11
551.844739721816
 21
335.2914855141837
 31
0.0
  0
LINE
  5
1E9D
330
B31
100
AcDbEntity
  8
0
 62
     7
420
 15790320
370
     0
100
AcDbLine
 10
551.844739721816
 20
335.2914855141837
 30
0.0
 11
551.2396031998514
 21
335.0408297596982
 31
0.0
  0
LINE
  5
1E9E
330
B31
100
AcDbEntity
  8
0
 62
     7
420
 15790320
370
     0
100
AcDbLine
 10
551.2396031998514
 20
335.0408297596982
 30
0.0
 11
550.7199606878794
 21
334.6420940361536
 31
0.0
  0
LINE
  5
1E9F
330
B31
100
AcDbEntity
  8
0
 62
     7
420
 15790320
370
     0
100
AcDbLine
 10
550.7199606878794
 20
334.6420940361536
 30
0.0
 11
550.3212249643338
 21
334.1224515241806
 31
0.0
  0
LINE
  5
1EA0
330
B31
100
AcDbEntity
  8
0
 62
     7
420
 15790320
370
     0
100
AcDbLine
 10
550.3212249643338
 20
334.1224515241806
 30
0.0
 11
550.0705692098427
 21
333.5173150022038
 31
0.0
  0
LINE
  5
1EA1
330
B31
100
AcDbEntity
  8
0
 62
     7
420
 15790320
370
     0
100
AcDbLine
 10
550.0705692098427
 20
333.5173150022038
 30
0.0
 11
549.9850751998501
 21
332.8679235241795
 31
0.0
  0
LINE
  5
1EA2
330
B31
100
AcDbEntity
  8
0
 62
     7
420
 15790320
370
     0
100
AcDbLine
 10
549.9850751998501
 20
332.8679235241795
 30
0.0
 11
549.9850751998501
 21
312.795475524184
 31
0.0
  0
LINE
  5
1EA3
330
B31
100
AcDbEntity
  8
0
 62
     7
420
 15790320
370
     0
100
AcDbLine
 10
550.0705692098427
 20
312.1460840461541
 30
0.0
 11
549.9850751998501
 21
312.795475524184
 31
0.0
  0
LINE
  5
1EA4
330
B31
100
AcDbEntity
  8
0
 62
     7
420
 15790320
370
     0
100
AcDbLine
 10
550.3212249643338
 20
311.5409475241831
 30
0.0
 11
550.0705692098427
 21
312.1460840461541
 31
0.0
  0
LINE
  5
1EA5
330
B31
100
AcDbEntity
  8
0
 62
     7
420
 15790320
370
     0
100
AcDbLine
 10
550.7199606878794
 20
311.0213050122043
 30
0.0
 11
550.3212249643338
 21
311.5409475241831
 31
0.0
  0
LINE
  5
1EA6
330
B31
100
AcDbEntity
  8
0
 62
     7
420
 15790320
370
     0
100
AcDbLine
 10
551.2396031998514
 20
310.6225692886651
 30
0.0
 11
550.7199606878794
 21
311.0213050122043
 31
0.0
  0
LINE
  5
1EA7
330
B31
100
AcDbEntity
  8
0
 62
     7
420
 15790320
370
     0
100
AcDbLine
 10
552.4941311998454
 20
310.2864195241816
 30
0.0
 11
551.844739721816
 21
310.3719135341744
 31
0.0
  0
LINE
  5
1EA8
330
B31
100
AcDbEntity
  8
0
 62
     7
420
 15790320
370
     0
100
AcDbLine
 10
553.1435226778821
 20
310.3719135341744
 30
0.0
 11
552.4941311998454
 21
310.2864195241816
 31
0.0
  0
LINE
  5
1EA9
330
B31
100
AcDbEntity
  8
0
 62
     7
420
 15790320
370
     0
100
AcDbLine
 10
553.7486591998467
 20
310.6225692886651
 30
0.0
 11
553.1435226778821
 21
310.3719135341744
 31
0.0
  0
LINE
  5
1EAA
330
B31
100
AcDbEntity
  8
0
 62
     7
420
 15790320
370
     0
100
AcDbLine
 10
554.2683017118406
 20
311.0213050122043
 30
0.0
 11
553.7486591998467
 21
310.6225692886651
 31
0.0
  0
LINE
  5
1EAB
330
B31
100
AcDbEntity
  8
0
 62
     7
420
 15790320
370
     0
100
AcDbLine
 10
554.6670374353643
 20
311.5409475241831
 30
0.0
 11
554.2683017118406
 21
311.0213050122043
 31
0.0
  0
LINE
  5
1EAC
330
B31
100
AcDbEntity
  8
0
 62
     7
420
 15790320
370
     0
100
AcDbLine
 10
554.9176931898736
 20
312.1460840461541
 30
0.0
 11
554.6670374353643
 21
311.5409475241831
 31
0.0
  0
LINE
  5
1EAD
330
B31
100
AcDbEntity
  8
0
 62
     7
420
 15790320
370
     0
100
AcDbLine
 10
555.0031871998481
 20
312.795475524184
 30
0.0
 11
554.9176931898736
 21
312.1460840461541
 31
0.0
  0
LINE
  5
1EAE
330
B31
100
AcDbEntity
  8
0
 62
     7
420
 15790320
370
     0
100
AcDbLine
 10
38.99369332197966
 20
335.2914855141894
 30
0.0
 11
39.64308479999454
 21
335.3769795241872
 31
0.0
  0
LINE
  5
1EAF
330
B31
100
AcDbEntity
  8
0
 62
     7
420
 15790320
370
     0
100
AcDbLine
 10
40.89761280001039
 20
335.0408297597041
 30
0.0
 11
41.41725531198426
 21
334.6420940361647
 31
0.0
  0
LINE
  5
1EB0
330
B31
100
AcDbEntity
  8
0
 62
     7
420
 15790320
370
     0
100
AcDbLine
 10
22.51631442563485
 20
339.3581154413389
 30
0.0
 11
22.91112081916799
 21
338.9253205481357
 31
0.0
  0
LINE
  5
1EB1
330
B31
100
AcDbEntity
  8
0
 62
     7
420
 15790320
370
     0
100
AcDbLine
 10
22.91112081916799
 20
338.9253205481357
 30
0.0
 11
23.25735673372401
 21
338.4318125562292
 31
0.0
  0
LINE
  5
1EB2
330
B31
100
AcDbEntity
  8
0
 62
     7
420
 15790320
370
     0
100
AcDbLine
 10
20.59644404119717
 20
340.352160880386
 30
0.0
 11
21.1114743648468
 21
340.2241035041955
 31
0.0
  0
LINE
  5
1EB3
330
B31
100
AcDbEntity
  8
0
 62
     7
420
 15790320
370
     0
100
AcDbLine
 10
37.1340287999974
 20
312.7954755241897
 30
0.0
 11
37.21952280998812
 21
312.1460840461596
 31
0.0
  0
LINE
  5
1EB4
330
B31
100
AcDbEntity
  8
0
 62
     7
420
 15790320
370
     0
100
AcDbLine
 10
37.21952280998812
 20
312.1460840461596
 30
0.0
 11
37.47017856447929
 21
311.5409475241831
 31
0.0
  0
LINE
  5
1EB5
330
B31
100
AcDbEntity
  8
0
 62
     7
420
 15790320
370
     0
100
AcDbLine
 10
37.47017856447929
 20
311.5409475241831
 30
0.0
 11
37.86891428801937
 21
311.0213050122097
 31
0.0
  0
LINE
  5
1EB6
330
B31
100
AcDbEntity
  8
0
 62
     7
420
 15790320
370
     0
100
AcDbLine
 10
37.86891428801937
 20
311.0213050122097
 30
0.0
 11
38.38855680001507
 21
310.6225692886708
 31
0.0
  0
LINE
  5
1EB7
330
B31
100
AcDbEntity
  8
0
 62
     7
420
 15790320
370
     0
100
AcDbLine
 10
38.38855680001507
 20
310.6225692886708
 30
0.0
 11
38.99369332197966
 21
310.3719135341801
 31
0.0
  0
LINE
  5
1EB8
330
B31
100
AcDbEntity
  8
0
 62
     7
420
 15790320
370
     0
100
AcDbLine
 10
38.99369332197966
 20
310.3719135341801
 30
0.0
 11
39.64308479999454
 21
310.2864195241873
 31
0.0
  0
LINE
  5
1EB9
330
B31
100
AcDbEntity
  8
0
 62
     7
420
 15790320
370
     0
100
AcDbLine
 10
39.64308479999454
 20
310.2864195241873
 30
0.0
 11
40.2924762780276
 21
310.3719135341801
 31
0.0
  0
LINE
  5
1EBA
330
B31
100
AcDbEntity
  8
0
 62
     7
420
 15790320
370
     0
100
AcDbLine
 10
40.2924762780276
 20
310.3719135341801
 30
0.0
 11
40.89761280001039
 21
310.6225692886708
 31
0.0
  0
LINE
  5
1EBB
330
B31
100
AcDbEntity
  8
0
 62
     7
420
 15790320
370
     0
100
AcDbLine
 10
40.89761280001039
 20
310.6225692886708
 30
0.0
 11
41.41725531198426
 21
311.0213050122097
 31
0.0
  0
LINE
  5
1EBC
330
B31
100
AcDbEntity
  8
0
 62
     7
420
 15790320
370
     0
100
AcDbLine
 10
41.41725531198426
 20
311.0213050122097
 30
0.0
 11
41.8159910355298
 21
311.5409475241831
 31
0.0
  0
LINE
  5
1EBD
330
B31
100
AcDbEntity
  8
0
 62
     7
420
 15790320
370
     0
100
AcDbLine
 10
41.8159910355298
 20
311.5409475241831
 30
0.0
 11
42.06664679001915
 21
312.1460840461596
 31
0.0
  0
LINE
  5
1EBE
330
B31
100
AcDbEntity
  8
0
 62
     7
420
 15790320
370
     0
100
AcDbLine
 10
42.06664679001915
 20
312.1460840461596
 30
0.0
 11
42.15214079999532
 21
312.7954755241897
 31
0.0
  0
LINE
  5
1EBF
330
B31
100
AcDbEntity
  8
0
 62
     7
420
 15790320
370
     0
100
AcDbLine
 10
42.15214079999532
 20
332.8679235241795
 30
0.0
 11
42.15214079999532
 21
312.7954755241897
 31
0.0
  0
LINE
  5
1EC0
330
B31
100
AcDbEntity
  8
0
 62
     7
420
 15790320
370
     0
100
AcDbLine
 10
42.06664679001915
 20
333.5173150022094
 30
0.0
 11
42.15214079999532
 21
332.8679235241795
 31
0.0
  0
LINE
  5
1EC1
330
B31
100
AcDbEntity
  8
0
 62
     7
420
 15790320
370
     0
100
AcDbLine
 10
41.8159910355298
 20
334.1224515241806
 30
0.0
 11
42.06664679001915
 21
333.5173150022094
 31
0.0
  0
LINE
  5
1EC2
330
B31
100
AcDbEntity
  8
0
 62
     7
420
 15790320
370
     0
100
AcDbLine
 10
41.41725531198426
 20
334.6420940361647
 30
0.0
 11
41.8159910355298
 21
334.1224515241806
 31
0.0
  0
LINE
  5
1EC3
330
B31
100
AcDbEntity
  8
0
 62
     7
420
 15790320
370
     0
100
AcDbLine
 10
40.2924762780276
 20
335.2914855141894
 30
0.0
 11
40.89761280001039
 21
335.0408297597041
 31
0.0
  0
LINE
  5
1EC4
330
B31
100
AcDbEntity
  8
0
 62
     7
420
 15790320
370
     0
100
AcDbLine
 10
39.64308479999454
 20
335.3769795241872
 30
0.0
 11
40.2924762780276
 21
335.2914855141894
 31
0.0
  0
LINE
  5
1EC5
330
B31
100
AcDbEntity
  8
0
 62
     7
420
 15790320
370
     0
100
AcDbLine
 10
38.38855680001507
 20
335.0408297597041
 30
0.0
 11
38.99369332197966
 21
335.2914855141894
 31
0.0
  0
LINE
  5
1EC6
330
B31
100
AcDbEntity
  8
0
 62
     7
420
 15790320
370
     0
100
AcDbLine
 10
37.86891428801937
 20
334.6420940361647
 30
0.0
 11
38.38855680001507
 21
335.0408297597041
 31
0.0
  0
LINE
  5
1EC7
330
B31
100
AcDbEntity
  8
0
 62
     7
420
 15790320
370
     0
100
AcDbLine
 10
37.47017856447929
 20
334.1224515241806
 30
0.0
 11
37.86891428801937
 21
334.6420940361647
 31
0.0
  0
LINE
  5
1EC8
330
B31
100
AcDbEntity
  8
0
 62
     7
420
 15790320
370
     0
100
AcDbLine
 10
37.21952280998812
 20
333.5173150022094
 30
0.0
 11
37.47017856447929
 21
334.1224515241806
 31
0.0
  0
LINE
  5
1EC9
330
B31
100
AcDbEntity
  8
0
 62
     7
420
 15790320
370
     0
100
AcDbLine
 10
37.1340287999974
 20
332.8679235241795
 30
0.0
 11
37.21952280998812
 21
333.5173150022094
 31
0.0
  0
LINE
  5
1ECA
330
B31
100
AcDbEntity
  8
0
 62
     7
420
 15790320
370
     0
100
AcDbLine
 10
24.05259308495079
 20
336.0319745756806
 30
0.0
 11
24.0869376000046
 21
335.3769795241872
 31
0.0
  0
LINE
  5
1ECB
330
B31
100
AcDbEntity
  8
0
 62
     7
420
 15790320
370
     0
100
AcDbLine
 10
23.95014718401581
 20
336.6757624802415
 30
0.0
 11
24.05259308495079
 21
336.0319745756806
 31
0.0
  0
LINE
  5
1ECC
330
B31
100
AcDbEntity
  8
0
 62
     7
420
 15790320
370
     0
100
AcDbLine
 10
23.78135277491492
 20
337.2973278483387
 30
0.0
 11
23.95014718401581
 21
336.6757624802415
 31
0.0
  0
LINE
  5
1ECD
330
B31
100
AcDbEntity
  8
0
 62
     7
420
 15790320
370
     0
100
AcDbLine
 10
23.54909797682922
 20
337.8860355241843
 30
0.0
 11
23.78135277491492
 21
337.2973278483387
 31
0.0
  0
LINE
  5
1ECE
330
B31
100
AcDbEntity
  8
0
 62
     7
420
 15790320
370
     0
100
AcDbLine
 10
23.25735673372401
 20
338.4318125562292
 30
0.0
 11
23.54909797682922
 21
337.8860355241843
 31
0.0
  0
LINE
  5
1ECF
330
B31
100
AcDbEntity
  8
0
 62
     7
420
 15790320
370
     0
100
AcDbLine
 10
22.07969280001089
 20
339.7227919952197
 30
0.0
 11
22.51631442563485
 21
339.3581154413389
 31
0.0
  0
LINE
  5
1ED0
330
B31
100
AcDbEntity
  8
0
 62
     7
420
 15790320
370
     0
100
AcDbLine
 10
21.60872665931675
 20
340.0131104928318
 30
0.0
 11
22.07969280001089
 21
339.7227919952197
 31
0.0
  0
LINE
  5
1ED1
330
B31
100
AcDbEntity
  8
0
 62
     7
420
 15790320
370
     0
100
AcDbLine
 10
21.1114743648468
 20
340.2241035041955
 30
0.0
 11
21.60872665931675
 21
340.0131104928318
 31
0.0
  0
LINE
  5
1ED2
330
B31
100
AcDbEntity
  8
0
 62
     7
420
 15790320
370
     0
100
AcDbLine
 10
20.07244799999899
 20
340.3950915241862
 30
0.0
 11
20.59644404119717
 21
340.352160880386
 31
0.0
  0
LINE
  5
1ED3
330
B31
100
AcDbEntity
  8
0
 62
     7
420
 15790320
370
     0
100
AcDbLine
 10
20.07244799999899
 20
305.268307524183
 30
0.0
 11
20.59644404119717
 21
305.3112381679885
 31
0.0
  0
LINE
  5
1ED4
330
B31
100
AcDbEntity
  8
0
 62
     7
420
 15790320
370
     0
100
AcDbLine
 10
20.59644404119717
 20
305.3112381679885
 30
0.0
 11
21.1114743648468
 21
305.4392955441735
 31
0.0
  0
LINE
  5
1ED5
330
B31
100
AcDbEntity
  8
0
 62
     7
420
 15790320
370
     0
100
AcDbLine
 10
21.1114743648468
 20
305.4392955441735
 30
0.0
 11
21.60872665931675
 21
305.6502885555371
 31
0.0
  0
LINE
  5
1ED6
330
B31
100
AcDbEntity
  8
0
 62
     7
420
 15790320
370
     0
100
AcDbLine
 10
21.60872665931675
 20
305.6502885555371
 30
0.0
 11
22.07969280001089
 21
305.9406070531495
 31
0.0
  0
LINE
  5
1ED7
330
B31
100
AcDbEntity
  8
0
 62
     7
420
 15790320
370
     0
100
AcDbLine
 10
22.07969280001089
 20
305.9406070531495
 30
0.0
 11
22.51631442563485
 21
306.3052836070306
 31
0.0
  0
LINE
  5
1ED8
330
B31
100
AcDbEntity
  8
0
 62
     7
420
 15790320
370
     0
100
AcDbLine
 10
22.51631442563485
 20
306.3052836070306
 30
0.0
 11
22.91112081916799
 21
306.7380785002279
 31
0.0
  0
LINE
  5
1ED9
330
B31
100
AcDbEntity
  8
0
 62
     7
420
 15790320
370
     0
100
AcDbLine
 10
22.91112081916799
 20
306.7380785002279
 30
0.0
 11
23.25735673372401
 21
307.23158649214
 31
0.0
  0
LINE
  5
1EDA
330
B31
100
AcDbEntity
  8
0
 62
     7
420
 15790320
370
     0
100
AcDbLine
 10
23.25735673372401
 20
307.23158649214
 30
0.0
 11
23.54909797682922
 21
307.7773635241852
 31
0.0
  0
LINE
  5
1EDB
330
B31
100
AcDbEntity
  8
0
 62
     7
420
 15790320
370
     0
100
AcDbLine
 10
23.54909797682922
 20
307.7773635241852
 30
0.0
 11
23.78135277491492
 21
308.3660712000303
 31
0.0
  0
LINE
  5
1EDC
330
B31
100
AcDbEntity
  8
0
 62
     7
420
 15790320
370
     0
100
AcDbLine
 10
23.78135277491492
 20
308.3660712000303
 30
0.0
 11
23.95014718401581
 21
308.9876365681275
 31
0.0
  0
LINE
  5
1EDD
330
B31
100
AcDbEntity
  8
0
 62
     7
420
 15790320
370
     0
100
AcDbLine
 10
23.95014718401581
 20
308.9876365681275
 30
0.0
 11
24.05259308495079
 21
309.6314244726887
 31
0.0
  0
LINE
  5
1EDE
330
B31
100
AcDbEntity
  8
0
 62
     7
420
 15790320
370
     0
100
AcDbLine
 10
24.05259308495079
 20
309.6314244726887
 30
0.0
 11
24.0869376000046
 21
310.2864195241873
 31
0.0
  0
LINE
  5
1EDF
330
B31
100
AcDbEntity
  8
0
 62
     7
420
 15790320
370
     0
100
AcDbLine
 10
555.0031871998481
 20
340.3950915241751
 30
0.0
 11
542.1712854058723
 21
340.3950915241751
 31
0.0
  0
LINE
  5
1EE0
330
B31
100
AcDbEntity
  8
0
 62
     7
420
 15790320
370
     0
100
AcDbLine
 10
555.0031871998481
 20
336.380601924176
 30
0.0
 11
542.171285405836
 21
336.380601924176
 31
0.0
  0
LINE
  5
1EE1
330
B31
100
AcDbEntity
  8
0
 62
     7
420
 15790320
370
     0
100
AcDbLine
 10
568.0846229148929
 20
336.0319745756751
 30
0.0
 11
568.0502783998572
 21
336.3097939944878
 31
0.0
  0
LINE
  5
1EE2
330
B31
100
AcDbEntity
  8
0
 62
     7
420
 15790320
370
     0
100
AcDbLine
 10
568.0073477560626
 20
340.3950915241751
 30
0.0
 11
568.0502783998572
 21
340.4658994538636
 31
0.0
  0
LINE
  5
1EE3
330
B31
100
AcDbEntity
  8
0
 62
     7
420
 15790320
370
     0
100
AcDbLine
 10
555.0031871998481
 20
309.2827971241931
 30
0.0
 11
542.171285405836
 21
309.2827971241931
 31
0.0
  0
LINE
  5
1EE4
330
B31
100
AcDbEntity
  8
0
 62
     7
420
 15790320
370
     0
100
AcDbLine
 10
555.0031871998481
 20
305.2683075241939
 30
0.0
 11
542.1712854058723
 21
305.2683075241939
 31
0.0
  0
LINE
  5
1EE5
330
B31
100
AcDbEntity
  8
0
 62
     7
420
 15790320
370
     0
100
AcDbLine
 10
49.96593059400765
 20
309.2827971241875
 30
0.0
 11
37.1340287999974
 21
309.2827971241875
 31
0.0
  0
LINE
  5
1EE6
330
B31
100
AcDbEntity
  8
0
 62
     7
420
 15790320
370
     0
100
AcDbLine
 10
539.8293518708278
 20
310.2706871390569
 30
0.0
 11
539.7106206625039
 21
310.2864195241873
 31
0.0
  0
LINE
  5
1EE7
330
B31
100
AcDbEntity
  8
0
 62
     7
420
 15790320
370
     0
100
AcDbLine
 10
541.4542847998718
 20
309.883039806803
 30
0.0
 11
541.9560959998425
 21
309.49798653019
 31
0.0
  0
LINE
  5
1EE8
330
B31
100
AcDbEntity
  8
0
 62
     7
420
 15790320
370
     0
100
AcDbLine
 10
541.9560959998425
 20
309.49798653019
 30
0.0
 11
542.0778558142346
 21
309.4045569385605
 31
0.0
  0
LINE
  5
1EE9
330
B31
100
AcDbEntity
  8
0
 62
     7
420
 15790320
370
     0
100
AcDbLine
 10
542.0778558142346
 20
309.4045569385605
 30
0.0
 11
542.171285405836
 21
309.2827971241931
 31
0.0
  0
LINE
  5
1EEA
330
B31
100
AcDbEntity
  8
0
 62
     7
420
 15790320
370
     0
100
AcDbLine
 10
542.171285405836
 20
309.2827971241931
 30
0.0
 11
542.5563386824806
 21
308.7809859241847
 31
0.0
  0
LINE
  5
1EEB
330
B31
100
AcDbEntity
  8
0
 62
     7
420
 15790320
370
     0
100
AcDbLine
 10
50.18111999998291
 20
309.4979865301623
 30
0.0
 11
50.0593601856217
 21
309.4045569385548
 31
0.0
  0
LINE
  5
1EEC
330
B31
100
AcDbEntity
  8
0
 62
     7
420
 15790320
370
     0
100
AcDbLine
 10
49.96593059400765
 20
309.2827971241875
 30
0.0
 11
49.58087731738487
 21
308.7809859241793
 31
0.0
  0
LINE
  5
1EED
330
B31
100
AcDbEntity
  8
0
 62
     7
420
 15790320
370
     0
100
AcDbLine
 10
52.42659533735786
 20
310.2864195241816
 30
0.0
 11
52.30786412901761
 21
310.2706871390569
 31
0.0
  0
LINE
  5
1EEE
330
B31
100
AcDbEntity
  8
0
 62
     7
420
 15790320
370
     0
100
AcDbLine
 10
54.25703093581796
 20
310.2864195241816
 30
0.0
 11
54.19560959997216
 21
310.2776857459644
 31
0.0
  0
LINE
  5
1EEF
330
B31
100
AcDbEntity
  8
0
 62
     7
420
 15790320
370
     0
100
AcDbLine
 10
54.19560959997216
 20
310.2776857459644
 30
0.0
 11
53.11794030738565
 21
310.2864195241816
 31
0.0
  0
LINE
  5
1EF0
330
B31
100
AcDbEntity
  8
0
 62
     7
420
 15790320
370
     0
100
AcDbLine
 10
107.3353124470614
 20
304.2646851241832
 30
0.0
 11
144.0387510836535
 21
304.2646851241889
 31
0.0
  0
LINE
  5
1EF1
330
B31
100
AcDbEntity
  8
0
 62
     7
420
 15790320
370
     0
100
AcDbLine
 10
450.1057097162384
 20
304.2646851241832
 30
0.0
 11
484.8019035527804
 21
304.2646851241832
 31
0.0
  0
LINE
  5
1EF2
330
B31
100
AcDbEntity
  8
0
 62
     7
420
 15790320
370
     0
100
AcDbLine
 10
50.68293119998998
 20
304.668064841562
 30
0.0
 11
50.60327854095885
 21
304.7291844765127
 31
0.0
  0
LINE
  5
1EF3
330
B31
100
AcDbEntity
  8
0
 62
     7
420
 15790320
370
     0
100
AcDbLine
 10
50.60327854095885
 20
304.7291844765127
 30
0.0
 11
50.0593601856217
 21
305.1465477098156
 31
0.0
  0
LINE
  5
1EF4
330
B31
100
AcDbEntity
  8
0
 62
     7
420
 15790320
370
     0
100
AcDbLine
 10
50.0593601856217
 20
305.1465477098156
 30
0.0
 11
49.96593059400765
 21
305.2683075241885
 31
0.0
  0
LINE
  5
1EF5
330
B31
100
AcDbEntity
  8
0
 62
     7
420
 15790320
370
     0
100
AcDbLine
 10
49.96593059400765
 20
305.2683075241885
 30
0.0
 11
49.58087731738487
 21
305.7701187241855
 31
0.0
  0
LINE
  5
1EF6
330
B31
100
AcDbEntity
  8
0
 62
     7
420
 15790320
370
     0
100
AcDbLine
 10
541.4542847998718
 20
304.668064841562
 30
0.0
 11
541.5339374588702
 21
304.7291844764795
 31
0.0
  0
LINE
  5
1EF7
330
B31
100
AcDbEntity
  8
0
 62
     7
420
 15790320
370
     0
100
AcDbLine
 10
542.1712854058723
 20
305.2683075241939
 30
0.0
 11
542.5563386824806
 21
305.7701187241855
 31
0.0
  0
LINE
  5
1EF8
330
B31
100
AcDbEntity
  8
0
 62
     7
420
 15790320
370
     0
100
AcDbLine
 10
107.3353124470614
 20
310.2864195241816
 30
0.0
 11
106.3998325728753
 21
310.2864195241816
 31
0.0
  0
LINE
  5
1EF9
330
B31
100
AcDbEntity
  8
0
 62
     7
420
 15790320
370
     0
100
AcDbLine
 10
104.2563027212472
 20
310.2864195241816
 30
0.0
 11
103.320822847063
 21
310.2864195241816
 31
0.0
  0
LINE
  5
1EFA
330
B31
100
AcDbEntity
  8
0
 62
     7
420
 15790320
370
     0
100
AcDbLine
 10
488.816393152786
 20
310.2864195241873
 30
0.0
 11
487.8809132785436
 21
310.2864195241873
 31
0.0
  0
LINE
  5
1EFB
330
B31
100
AcDbEntity
  8
0
 62
     7
420
 15790320
370
     0
100
AcDbLine
 10
298.0758527999224
 20
310.2864195241816
 30
0.0
 11
297.1403729257199
 21
310.2864195241816
 31
0.0
  0
LINE
  5
1EFC
330
B31
100
AcDbEntity
  8
0
 62
     7
420
 15790320
370
     0
100
AcDbLine
 10
294.9968430741265
 20
310.2864195241816
 30
0.0
 11
294.0613631999168
 21
310.2864195241816
 31
0.0
  0
LINE
  5
1EFD
330
B31
100
AcDbEntity
  8
0
 62
     7
420
 15790320
370
     0
100
AcDbLine
 10
487.3286615352198
 20
135.7245171321679
 30
0.0
 11
486.9407101276711
 21
135.6561219241814
 31
0.0
  0
LINE
  5
1EFE
330
B31
100
AcDbEntity
  8
0
 62
     7
420
 15790320
370
     0
100
AcDbLine
 10
486.9407101276711
 20
135.6561219241814
 30
0.0
 11
486.8091483527905
 21
135.6561219241762
 31
0.0
  0
LINE
  5
1EFF
330
B31
100
AcDbEntity
  8
0
 62
     7
420
 15790320
370
     0
100
AcDbLine
 10
49.96593059400765
 20
340.3950915241808
 30
0.0
 11
37.1340287999974
 21
340.3950915241808
 31
0.0
  0
LINE
  5
1F00
330
B31
100
AcDbEntity
  8
0
 62
     7
420
 15790320
370
     0
100
AcDbLine
 10
49.96593059400765
 20
336.380601924176
 30
0.0
 11
37.1340287999974
 21
336.380601924176
 31
0.0
  0
LINE
  5
1F01
330
B31
100
AcDbEntity
  8
0
 62
     7
420
 15790320
370
     0
100
AcDbLine
 10
49.96593059400765
 20
305.2683075241885
 30
0.0
 11
37.1340287999974
 21
305.2683075241885
 31
0.0
  0
LINE
  5
1F02
330
B31
100
AcDbEntity
  8
0
 62
     7
420
 15790320
370
     0
100
AcDbLine
 10
298.0758527999224
 20
304.2646851241832
 30
0.0
 11
298.0758527999388
 21
159.536035101918
 31
0.0
  0
LINE
  5
1F03
330
B31
100
AcDbEntity
  8
0
 62
     7
420
 15790320
370
     0
100
AcDbLine
 10
539.8293518708278
 20
335.3927119093121
 30
0.0
 11
539.7106206625039
 21
335.3769795241872
 31
0.0
  0
LINE
  5
1F04
330
B31
100
AcDbEntity
  8
0
 62
     7
420
 15790320
370
     0
100
AcDbLine
 10
298.0758527999224
 20
335.3769795241872
 30
0.0
 11
484.8019035527804
 21
335.3769795241872
 31
0.0
  0
LINE
  5
1F05
330
B31
100
AcDbEntity
  8
0
 62
     7
420
 15790320
370
     0
100
AcDbLine
 10
542.171285405836
 20
336.380601924176
 30
0.0
 11
542.5563386824806
 21
336.8824131241843
 31
0.0
  0
LINE
  5
1F06
330
B31
100
AcDbEntity
  8
0
 62
     7
420
 15790320
370
     0
100
AcDbLine
 10
53.92668978839902
 20
335.3769795241872
 30
0.0
 11
54.19560959997216
 21
335.3857133024046
 31
0.0
  0
LINE
  5
1F07
330
B31
100
AcDbEntity
  8
0
 62
     7
420
 15790320
370
     0
100
AcDbLine
 10
54.19560959997216
 20
335.3857133024046
 30
0.0
 11
54.25703093581796
 21
335.3769795241872
 31
0.0
  0
LINE
  5
1F08
330
B31
100
AcDbEntity
  8
0
 62
     7
420
 15790320
370
     0
100
AcDbLine
 10
50.0593601856217
 20
336.2588421098144
 30
0.0
 11
49.96593059400765
 21
336.380601924176
 31
0.0
  0
LINE
  5
1F09
330
B31
100
AcDbEntity
  8
0
 62
     7
420
 15790320
370
     0
100
AcDbLine
 10
49.96593059400765
 20
336.380601924176
 30
0.0
 11
49.58087731738487
 21
336.8824131241843
 31
0.0
  0
LINE
  5
1F0A
330
B31
100
AcDbEntity
  8
0
 62
     7
420
 15790320
370
     0
100
AcDbLine
 10
52.42659533735786
 20
335.3769795241872
 30
0.0
 11
52.30786412901761
 21
335.3927119093121
 31
0.0
  0
LINE
  5
1F0B
330
B31
100
AcDbEntity
  8
0
 62
     7
420
 15790320
370
     0
100
AcDbLine
 10
50.68293119998998
 20
335.780359241566
 30
0.0
 11
50.18111999998291
 21
336.165412518207
 31
0.0
  0
LINE
  5
1F0C
330
B31
100
AcDbEntity
  8
0
 62
     7
420
 15790320
370
     0
100
AcDbLine
 10
50.18111999998291
 20
336.165412518207
 30
0.0
 11
50.0593601856217
 21
336.2588421098144
 31
0.0
  0
LINE
  5
1F0D
330
B31
100
AcDbEntity
  8
0
 62
     7
420
 15790320
370
     0
100
AcDbLine
 10
49.96593059400765
 20
340.3950915241808
 30
0.0
 11
49.58087731738487
 21
339.8932803241835
 31
0.0
  0
LINE
  5
1F0E
330
B31
100
AcDbEntity
  8
0
 62
     7
420
 15790320
370
     0
100
AcDbLine
 10
542.0778558142346
 20
340.516851338559
 30
0.0
 11
542.1712854058723
 21
340.3950915241751
 31
0.0
  0
LINE
  5
1F0F
330
B31
100
AcDbEntity
  8
0
 62
     7
420
 15790320
370
     0
100
AcDbLine
 10
542.1712854058723
 20
340.3950915241751
 30
0.0
 11
542.5563386824806
 21
339.8932803241835
 31
0.0
  0
LINE
  5
1F10
330
B31
100
AcDbEntity
  8
0
 62
     7
420
 15790320
370
     0
100
AcDbLine
 10
105.1965058721507
 20
135.6561219241814
 30
0.0
 11
105.3280676470895
 21
135.6561219241871
 31
0.0
  0
LINE
  5
1F11
330
B31
100
AcDbEntity
  8
0
 62
     7
420
 15790320
370
     0
100
AcDbLine
 10
97.69187016338765
 20
136.6441259587211
 30
0.0
 11
104.8085544646583
 21
135.7245171321733
 31
0.0
  0
LINE
  5
1F12
330
B31
100
AcDbEntity
  8
0
 62
     7
420
 15790320
370
     0
100
AcDbLine
 10
104.8085544646583
 20
135.7245171321733
 30
0.0
 11
105.1965058721507
 21
135.6561219241814
 31
0.0
  0
LINE
  5
1F13
330
B31
100
AcDbEntity
  8
0
 62
     7
420
 15790320
370
     0
100
AcDbLine
 10
487.3286615352198
 20
135.7245171321679
 30
0.0
 11
494.4453458364523
 21
136.6441259587211
 31
0.0
  0
LINE
  5
1F14
330
B31
100
AcDbEntity
  8
0
 62
     7
420
 15790320
370
     0
100
AcDbLine
 10
37.1340287999974
 20
340.4658994538636
 30
0.0
 11
37.09109815620286
 21
340.3950915241808
 31
0.0
  0
LINE
  5
1F15
330
B31
100
AcDbEntity
  8
0
 62
     7
420
 15790320
370
     0
100
AcDbLine
 10
37.09109815620286
 20
336.380601924176
 30
0.0
 11
37.1340287999974
 21
336.3097939944878
 31
0.0
  0
LINE
  5
1F16
330
B31
100
AcDbEntity
  8
0
 62
     7
420
 15790320
370
     0
100
AcDbLine
 10
24.0869376000046
 20
336.3097939944878
 30
0.0
 11
24.05259308495079
 21
336.0319745756806
 31
0.0
  0
LINE
  5
1F17
330
B31
100
AcDbEntity
  8
0
 62
     7
420
 15790320
370
     0
100
AcDbLine
 10
555.0031871998481
 20
305.1974995945057
 30
0.0
 11
555.0461178436608
 21
305.2683075241939
 31
0.0
  0
LINE
  5
1F18
330
B31
100
AcDbEntity
  8
0
 62
     7
420
 15790320
370
     0
100
AcDbLine
 10
568.0846229148929
 20
309.6314244726887
 30
0.0
 11
568.0502783998572
 21
309.3536050538814
 31
0.0
  0
LINE
  5
1F19
330
B31
100
AcDbEntity
  8
0
 62
     7
420
 15790320
370
     0
100
AcDbLine
 10
568.0502783998572
 20
309.3536050538814
 30
0.0
 11
568.0502783998572
 21
309.2827971241931
 31
0.0
  0
LINE
  5
1F1A
330
B31
100
AcDbEntity
  8
0
 62
     7
420
 15790320
370
     0
100
AcDbLine
 10
568.0073477560626
 20
305.2683075241939
 30
0.0
 11
568.0502783998572
 21
305.1974995945057
 31
0.0
  0
LINE
  5
1F1B
330
B31
100
AcDbEntity
  8
0
 62
     7
420
 15790320
370
     0
100
AcDbLine
 10
24.0869376000046
 20
309.353605053876
 30
0.0
 11
24.05259308495079
 21
309.6314244726887
 31
0.0
  0
LINE
  5
1F1C
330
B31
100
AcDbEntity
  8
0
 62
     7
420
 15790320
370
     0
100
AcDbLine
 10
37.09109815620286
 20
305.2683075241885
 30
0.0
 11
37.1340287999974
 21
305.1974995945002
 31
0.0
  0
LINE
  5
1F1D
330
B31
100
AcDbEntity
  8
0
 62
     7
420
 15790320
370
     0
100
AcDbLine
 10
54.7637933693295
 20
304.2646851241889
 30
0.0
 11
80.55555931107482
 21
159.536035101918
 31
0.0
  0
LINE
  5
1F1E
330
B31
100
AcDbEntity
  8
0
 62
     7
420
 15790320
370
     0
100
AcDbLine
 10
80.55555931107482
 20
159.536035101918
 30
0.0
 11
80.7228391705321
 21
158.5973561339656
 31
0.0
  0
LINE
  5
1F1F
330
B31
100
AcDbEntity
  8
0
 62
     7
420
 15790320
370
     0
100
AcDbLine
 10
80.7228391705321
 20
158.5973561339656
 30
0.0
 11
81.58116764003898
 21
156.5251679019188
 31
0.0
  0
LINE
  5
1F20
330
B31
100
AcDbEntity
  8
0
 62
     7
420
 15790320
370
     0
100
AcDbLine
 10
81.58116764003898
 20
156.5251679019188
 30
0.0
 11
83.28350272487297
 21
152.4153674524257
 31
0.0
  0
LINE
  5
1F21
330
B31
100
AcDbEntity
  8
0
 62
     7
420
 15790320
370
     0
100
AcDbLine
 10
98.73986224577492
 20
140.5552856561264
 30
0.0
 11
103.3208228470794
 21
139.9521907516159
 31
0.0
  0
LINE
  5
1F22
330
B31
100
AcDbEntity
  8
0
 62
     7
420
 15790320
370
     0
100
AcDbLine
 10
103.3208228470794
 20
139.9521907516159
 30
0.0
 11
103.3892180550829
 21
139.943186351659
 31
0.0
  0
LINE
  5
1F23
330
B31
100
AcDbEntity
  8
0
 62
     7
420
 15790320
370
     0
100
AcDbLine
 10
488.7479979447971
 20
139.9431863516647
 30
0.0
 11
488.8163931528006
 21
139.9521907516214
 31
0.0
  0
LINE
  5
1F24
330
B31
100
AcDbEntity
  8
0
 62
     7
420
 15790320
370
     0
100
AcDbLine
 10
488.8163931528006
 20
139.9521907516214
 30
0.0
 11
493.3973537540487
 21
140.5552856561264
 31
0.0
  0
LINE
  5
1F25
330
B31
100
AcDbEntity
  8
0
 62
     7
420
 15790320
370
     0
100
AcDbLine
 10
508.8537132749561
 20
152.4153674524257
 30
0.0
 11
510.5560483597846
 21
156.5251679019188
 31
0.0
  0
LINE
  5
1F26
330
B31
100
AcDbEntity
  8
0
 62
     7
420
 15790320
370
     0
100
AcDbLine
 10
510.5560483597846
 20
156.5251679019188
 30
0.0
 11
511.4143768292933
 21
158.5973561339656
 31
0.0
  0
LINE
  5
1F27
330
B31
100
AcDbEntity
  8
0
 62
     7
420
 15790320
370
     0
100
AcDbLine
 10
107.2669172390979
 20
139.6706115241752
 30
0.0
 11
107.3353124470832
 21
139.6706115241752
 31
0.0
  0
LINE
  5
1F28
330
B31
100
AcDbEntity
  8
0
 62
     7
420
 15790320
370
     0
100
AcDbLine
 10
298.0758527999224
 20
139.6706115241752
 30
0.0
 11
484.801903552795
 21
139.6706115241752
 31
0.0
  0
LINE
  5
1F29
330
B31
100
AcDbEntity
  8
0
 62
     7
420
 15790320
370
     0
100
AcDbLine
 10
484.801903552795
 20
139.6706115241752
 30
0.0
 11
484.8702987607985
 21
139.6706115241752
 31
0.0
  0
LINE
  5
1F2A
330
B31
100
AcDbEntity
  8
0
 62
     7
420
 15790320
370
     0
100
AcDbLine
 10
511.4143768292933
 20
158.5973561339656
 30
0.0
 11
511.5816566887487
 21
159.536035101918
 31
0.0
  0
LINE
  5
1F2B
330
B31
100
AcDbEntity
  8
0
 62
     7
420
 15790320
370
     0
100
AcDbLine
 10
511.5816566887487
 20
159.536035101918
 30
0.0
 11
537.3734226304995
 21
304.2646851241832
 31
0.0
  0
LINE
  5
1F2C
330
B31
100
AcDbEntity
  8
0
 62
     7
420
 15790320
370
     0
100
AcDbLine
 10
464.4588397745256
 20
159.5360351019126
 30
0.0
 11
484.801903552795
 21
159.536035101918
 31
0.0
  0
LINE
  5
1F2D
330
B31
100
AcDbEntity
  8
0
 62
     7
420
 15790320
370
     0
100
AcDbLine
 10
484.801903552795
 20
159.536035101918
 30
0.0
 11
484.8702987607985
 21
159.536035101918
 31
0.0
  0
LINE
  5
1F2E
330
B31
100
AcDbEntity
  8
0
 62
     7
420
 15790320
370
     0
100
AcDbLine
 10
488.7479979447971
 20
159.536035101918
 30
0.0
 11
488.8163931528006
 21
159.536035101918
 31
0.0
  0
LINE
  5
1F2F
330
B31
100
AcDbEntity
  8
0
 62
     7
420
 15790320
370
     0
100
AcDbLine
 10
488.8163931528006
 20
159.536035101918
 30
0.0
 11
502.5648670507589
 21
159.536035101918
 31
0.0
  0
LINE
  5
1F30
330
B31
100
AcDbEntity
  8
0
 62
     7
420
 15790320
370
     0
100
AcDbLine
 10
91.57959374912753
 20
159.536035101918
 30
0.0
 11
103.3208228470794
 21
159.536035101918
 31
0.0
  0
LINE
  5
1F31
330
B31
100
AcDbEntity
  8
0
 62
     7
420
 15790320
370
     0
100
AcDbLine
 10
103.3208228470794
 20
159.536035101918
 30
0.0
 11
103.3892180550829
 21
159.536035101918
 31
0.0
  0
LINE
  5
1F32
330
B31
100
AcDbEntity
  8
0
 62
     7
420
 15790320
370
     0
100
AcDbLine
 10
107.2669172390979
 20
159.536035101918
 30
0.0
 11
107.3353124470832
 21
159.536035101918
 31
0.0
  0
LINE
  5
1F33
330
B31
100
AcDbEntity
  8
0
 62
     7
420
 15790320
370
     0
100
AcDbLine
 10
107.3353124470832
 20
159.536035101918
 30
0.0
 11
129.6856210253463
 21
159.536035101918
 31
0.0
  0
LINE
  5
1F34
330
B31
100
AcDbEntity
  8
0
 62
     7
420
 15790320
370
     0
100
AcDbLine
 10
81.58116764003898
 20
156.5251679019188
 30
0.0
 11
103.3208228470794
 21
156.5251679019188
 31
0.0
  0
LINE
  5
1F35
330
B31
100
AcDbEntity
  8
0
 62
     7
420
 15790320
370
     0
100
AcDbLine
 10
103.3208228470794
 20
156.5251679019188
 30
0.0
 11
103.3892180550829
 21
156.5251679019188
 31
0.0
  0
LINE
  5
1F36
330
B31
100
AcDbEntity
  8
0
 62
     7
420
 15790320
370
     0
100
AcDbLine
 10
107.2669172390979
 20
156.5251679019188
 30
0.0
 11
107.3353124470832
 21
156.5251679019188
 31
0.0
  0
LINE
  5
1F37
330
B31
100
AcDbEntity
  8
0
 62
     7
420
 15790320
370
     0
100
AcDbLine
 10
298.0758527999388
 20
156.5251679019188
 30
0.0
 11
484.801903552795
 21
156.5251679019188
 31
0.0
  0
LINE
  5
1F38
330
B31
100
AcDbEntity
  8
0
 62
     7
420
 15790320
370
     0
100
AcDbLine
 10
484.801903552795
 20
156.5251679019188
 30
0.0
 11
484.8702987607985
 21
156.5251679019188
 31
0.0
  0
LINE
  5
1F39
330
B31
100
AcDbEntity
  8
0
 62
     7
420
 15790320
370
     0
100
AcDbLine
 10
488.7479979447971
 20
156.5251679019188
 30
0.0
 11
488.8163931528006
 21
156.5251679019188
 31
0.0
  0
LINE
  5
1F3A
330
B31
100
AcDbEntity
  8
0
 62
     7
420
 15790320
370
     0
100
AcDbLine
 10
488.8163931528006
 20
156.5251679019188
 30
0.0
 11
510.5560483597846
 21
156.5251679019188
 31
0.0
  0
LINE
  5
1F3B
330
B31
100
AcDbEntity
  8
0
 62
     7
420
 15790320
370
     0
100
AcDbLine
 10
107.2669172390797
 20
285.3369880716359
 30
0.0
 11
107.3353124470614
 21
284.9531932534203
 31
0.0
  0
LINE
  5
1F3C
330
B31
100
AcDbEntity
  8
0
 62
     7
420
 15790320
370
     0
100
AcDbLine
 10
107.2669172390579
 20
296.7779541006326
 30
0.0
 11
107.3353124470614
 21
296.3941592825606
 31
0.0
  0
LINE
  5
1F3D
330
B31
100
AcDbEntity
  8
0
 62
     7
420
 15790320
370
     0
100
AcDbLine
 10
107.3353124470614
 20
296.3941592825606
 30
0.0
 11
131.7244897491309
 21
159.536035101918
 31
0.0
  0
LINE
  5
1F3E
330
B31
100
AcDbEntity
  8
0
 62
     7
420
 15790320
370
     0
100
AcDbLine
 10
484.8702987607658
 20
285.514443458125
 30
0.0
 11
484.8019035527804
 21
285.1306486399092
 31
0.0
  0
LINE
  5
1F3F
330
B31
100
AcDbEntity
  8
0
 62
     7
420
 15790320
370
     0
100
AcDbLine
 10
484.8019035527804
 20
285.1306486399092
 30
0.0
 11
462.4199710507427
 21
159.536035101918
 31
0.0
  0
LINE
  5
1F40
330
B31
100
AcDbEntity
  8
0
 62
     7
420
 15790320
370
     0
100
AcDbLine
 10
490.2506057162545
 20
304.2646851241832
 30
0.0
 11
488.816393152786
 21
296.2167038953801
 31
0.0
  0
LINE
  5
1F41
330
B31
100
AcDbEntity
  8
0
 62
     7
420
 15790320
370
     0
100
AcDbLine
 10
488.816393152786
 20
296.2167038953801
 30
0.0
 11
488.7479979447825
 21
295.8329090773082
 31
0.0
  0
LINE
  5
1F42
330
B31
100
AcDbEntity
  8
0
 62
     7
420
 15790320
370
     0
100
AcDbLine
 10
484.8702987607802
 20
274.0734774291448
 30
0.0
 11
484.8019035527804
 21
273.6896826107854
 31
0.0
  0
LINE
  5
1F43
330
B31
100
AcDbEntity
  8
0
 62
     7
420
 15790320
370
     0
100
AcDbLine
 10
292.3040737491283
 20
159.536035101918
 30
0.0
 11
294.0613631999422
 21
159.536035101918
 31
0.0
  0
LINE
  5
1F44
330
B31
100
AcDbEntity
  8
0
 62
     7
420
 15790320
370
     0
100
AcDbLine
 10
294.0613631999422
 20
159.536035101918
 30
0.0
 11
294.3302830115208
 21
159.536035101918
 31
0.0
  0
LINE
  5
1F45
330
B31
100
AcDbEntity
  8
0
 62
     7
420
 15790320
370
     0
100
AcDbLine
 10
568.0073477560626
 20
315.9595265756796
 30
0.0
 11
568.0502783998572
 21
320.3226435241793
 31
0.0
  0
LINE
  5
1F46
330
B31
100
AcDbEntity
  8
0
 62
     7
420
 15790320
370
     0
100
AcDbLine
 10
568.0073477560626
 20
329.7038724726842
 30
0.0
 11
568.0502783998572
 21
325.3407555241783
 31
0.0
  0
LINE
  5
1F47
330
B31
100
AcDbEntity
  8
0
 62
     7
420
 15790320
370
     0
100
AcDbLine
 10
563.6871614513556
 20
325.383686167984
 30
0.0
 11
568.0502783998572
 21
325.3407555241783
 31
0.0
  0
LINE
  5
1F48
330
B31
100
AcDbEntity
  8
0
 62
     7
420
 15790320
370
     0
100
AcDbLine
 10
555.0031871998481
 20
325.3407555241783
 30
0.0
 11
555.0461178436608
 21
329.7038724726842
 31
0.0
  0
LINE
  5
1F49
330
B31
100
AcDbEntity
  8
0
 62
     7
420
 15790320
370
     0
100
AcDbLine
 10
28.45005454852253
 20
320.2797128803795
 30
0.0
 11
24.0869376000046
 21
320.322643524185
 31
0.0
  0
LINE
  5
1F4A
330
B31
100
AcDbEntity
  8
0
 62
     7
420
 15790320
370
     0
100
AcDbLine
 10
37.1340287999974
 20
325.340755524184
 30
0.0
 11
32.77091185149766
 21
325.383686167984
 31
0.0
  0
LINE
  5
1F4B
330
B31
100
AcDbEntity
  8
0
 62
     7
420
 15790320
370
     0
100
AcDbLine
 10
28.45005454852253
 20
325.383686167984
 30
0.0
 11
24.0869376000046
 21
325.340755524184
 31
0.0
  0
LINE
  5
1F4C
330
B31
100
AcDbEntity
  8
0
 62
     7
420
 15790320
370
     0
100
AcDbLine
 10
568.0502783998572
 20
336.3097939944878
 30
0.0
 11
568.0073477560626
 21
336.380601924176
 31
0.0
  0
LINE
  5
1F4D
330
B31
100
AcDbEntity
  8
0
 62
     7
420
 15790320
370
     0
100
AcDbLine
 10
568.0502783998572
 20
340.3266963161777
 30
0.0
 11
568.0073477560626
 21
340.3950915241751
 31
0.0
  0
LINE
  5
1F4E
330
B31
100
AcDbEntity
  8
0
 62
     7
420
 15790320
370
     0
100
AcDbLine
 10
485.7373834270011
 20
310.2864195241873
 30
0.0
 11
484.8019035527804
 21
310.2864195241873
 31
0.0
  0
LINE
  5
1F4F
330
B31
100
AcDbEntity
  8
0
 62
     7
420
 15790320
370
     0
100
AcDbLine
 10
484.8019035527804
 20
310.2864195241873
 30
0.0
 11
298.0758527999224
 21
310.2864195241816
 31
0.0
  0
LINE
  5
1F50
330
B31
100
AcDbEntity
  8
0
 62
     7
420
 15790320
370
     0
100
AcDbLine
 10
488.816393152786
 20
304.2646851241832
 30
0.0
 11
488.816393152786
 21
296.2167038953801
 31
0.0
  0
LINE
  5
1F51
330
B31
100
AcDbEntity
  8
0
 62
     7
420
 15790320
370
     0
100
AcDbLine
 10
105.3280676470895
 20
135.6561219241871
 30
0.0
 11
296.0686079999287
 21
135.6561219241814
 31
0.0
  0
LINE
  5
1F52
330
B31
100
AcDbEntity
  8
0
 62
     7
420
 15790320
370
     0
100
AcDbLine
 10
24.0869376000046
 20
340.4658994538636
 30
0.0
 11
24.12986824380096
 21
340.3950915241808
 31
0.0
  0
LINE
  5
1F53
330
B31
100
AcDbEntity
  8
0
 62
     7
420
 15790320
370
     0
100
AcDbLine
 10
24.12986824380096
 20
340.3950915241808
 30
0.0
 11
24.0869376000046
 21
340.3266963161832
 31
0.0
  0
LINE
  5
1F54
330
B31
100
AcDbEntity
  8
0
 62
     7
420
 15790320
370
     0
100
AcDbLine
 10
37.1340287999974
 20
336.4489971321734
 30
0.0
 11
37.09109815620286
 21
336.380601924176
 31
0.0
  0
LINE
  5
1F55
330
B31
100
AcDbEntity
  8
0
 62
     7
420
 15790320
370
     0
100
AcDbLine
 10
107.3353124470614
 20
296.3941592825606
 30
0.0
 11
107.3353124470614
 21
284.9531932534203
 31
0.0
  0
LINE
  5
1F56
330
B31
100
AcDbEntity
  8
0
 62
     7
420
 15790320
370
     0
100
AcDbLine
 10
555.0461178436608
 20
305.2683075241939
 30
0.0
 11
555.0031871998481
 21
305.3367027321915
 31
0.0
  0
LINE
  5
1F57
330
B31
100
AcDbEntity
  8
0
 62
     7
420
 15790320
370
     0
100
AcDbLine
 10
37.1340287999974
 20
305.3367027321858
 30
0.0
 11
37.09109815620286
 21
305.2683075241885
 31
0.0
  0
LINE
  5
1F58
330
B31
100
AcDbEntity
  8
0
 62
     7
420
 15790320
370
     0
100
AcDbLine
 10
568.0502783998572
 20
305.3367027321858
 30
0.0
 11
568.0073477560626
 21
305.2683075241939
 31
0.0
  0
LINE
  5
1F59
330
B31
100
AcDbEntity
  8
0
 62
     7
420
 15790320
370
     0
100
AcDbLine
 10
107.3353124470832
 20
139.6706115241752
 30
0.0
 11
294.0613631999422
 21
139.6706115241752
 31
0.0
  0
LINE
  5
1F5A
330
B31
100
AcDbEntity
  8
0
 62
     7
420
 15790320
370
     0
100
AcDbLine
 10
294.0613631999422
 20
139.6706115241752
 30
0.0
 11
294.3302830115208
 21
139.6706115241752
 31
0.0
  0
LINE
  5
1F5B
330
B31
100
AcDbEntity
  8
0
 62
     7
420
 15790320
370
     0
100
AcDbLine
 10
107.3353124470832
 20
156.5251679019188
 30
0.0
 11
294.0613631999422
 21
156.5251679019188
 31
0.0
  0
LINE
  5
1F5C
330
B31
100
AcDbEntity
  8
0
 62
     7
420
 15790320
370
     0
100
AcDbLine
 10
294.0613631999422
 20
156.5251679019188
 30
0.0
 11
294.3302830115208
 21
156.5251679019188
 31
0.0
  0
LINE
  5
1F5D
330
B31
100
AcDbEntity
  8
0
 62
     7
420
 15790320
370
     0
100
AcDbLine
 10
555.0031871998481
 20
320.3226435241793
 30
0.0
 11
559.3663041483641
 21
320.279712880385
 31
0.0
  0
LINE
  5
1F5E
330
B31
100
AcDbEntity
  8
0
 62
     7
420
 15790320
370
     0
100
AcDbLine
 10
568.0073477560626
 20
330.3588675241829
 30
0.0
 11
568.0073477560626
 21
329.7038724726842
 31
0.0
  0
LINE
  5
1F5F
330
B31
100
AcDbEntity
  8
0
 62
     7
420
 15790320
370
     0
100
AcDbLine
 10
37.1340287999974
 20
320.322643524185
 30
0.0
 11
37.09109815620286
 21
315.9595265756796
 31
0.0
  0
LINE
  5
1F60
330
B31
100
AcDbEntity
  8
0
 62
     7
420
 15790320
370
     0
100
AcDbLine
 10
37.1340287999974
 20
325.340755524184
 30
0.0
 11
37.09109815620286
 21
329.7038724726842
 31
0.0
  0
LINE
  5
1F61
330
B31
100
AcDbEntity
  8
0
 62
     7
420
 15790320
370
     0
100
AcDbLine
 10
20.07244799999899
 20
347.913654376182
 30
0.0
 11
20.07244799999899
 21
340.3950915241862
 31
0.0
  0
LINE
  5
1F62
330
B31
100
AcDbEntity
  8
0
 62
     7
420
 15790320
370
     0
100
AcDbLine
 10
20.07244799999899
 20
340.3950915241862
 30
0.0
 11
20.07244799999899
 21
305.268307524183
 31
0.0
  0
LINE
  5
1F63
330
B31
100
AcDbEntity
  8
0
 62
     7
420
 15790320
370
     0
100
AcDbLine
 10
484.8019035527804
 20
285.1306486399092
 30
0.0
 11
484.8019035527804
 21
273.6896826107854
 31
0.0
  0
LINE
  5
1F64
330
B31
100
AcDbEntity
  8
0
 62
     7
420
 15790320
370
     0
100
AcDbLine
 10
296.0686079999287
 20
135.6561219241814
 30
0.0
 11
486.8091483527905
 21
135.6561219241762
 31
0.0
  0
LINE
  5
1F65
330
B31
100
AcDbEntity
  8
0
 62
     7
420
 15790320
370
     0
100
AcDbLine
 10
563.6871614513556
 20
320.279712880385
 30
0.0
 11
568.0502783998572
 21
320.3226435241793
 31
0.0
  0
LINE
  5
1F66
330
B31
100
AcDbEntity
  8
0
 62
     7
420
 15790320
370
     0
100
AcDbLine
 10
37.1340287999974
 20
320.322643524185
 30
0.0
 11
32.77091185149766
 21
320.2797128803795
 31
0.0
  0
LINE
  5
1F67
330
B31
100
AcDbEntity
  8
0
 62
     7
420
 15790320
370
     0
100
AcDbLine
 10
37.09109815620286
 20
315.9595265756796
 30
0.0
 11
37.09109815620286
 21
315.3045315241807
 31
0.0
  0
LINE
  5
1F68
330
B31
100
AcDbEntity
  8
0
 62
     7
420
 15790320
370
     0
100
AcDbLine
 10
37.09109815620286
 20
329.7038724726842
 30
0.0
 11
37.09109815620286
 21
330.3588675241829
 31
0.0
  0
LINE
  5
1F69
330
B31
100
AcDbEntity
  8
0
 62
     7
420
 15790320
370
     0
100
AcDbLine
 10
24.12986824380096
 20
329.7038724726842
 30
0.0
 11
24.0869376000046
 21
325.340755524184
 31
0.0
  0
LINE
  5
1F6A
330
B31
100
AcDbEntity
  8
0
 62
     7
420
 15790320
370
     0
100
AcDbLine
 10
568.0073477560626
 20
336.380601924176
 30
0.0
 11
568.0502783998572
 21
336.4489971321734
 31
0.0
  0
LINE
  5
1F6B
330
B31
100
AcDbEntity
  8
0
 62
     7
420
 15790320
370
     0
100
AcDbLine
 10
146.0776198074709
 20
304.2646851241832
 30
0.0
 11
144.0387510836535
 21
304.2646851241889
 31
0.0
  0
LINE
  5
1F6C
330
B31
100
AcDbEntity
  8
0
 62
     7
420
 15790320
370
     0
100
AcDbLine
 10
568.0502783998572
 20
330.6324483561668
 30
0.0
 11
568.0073477560626
 21
330.3588675241829
 31
0.0
  0
LINE
  5
1F6D
330
B31
100
AcDbEntity
  8
0
 62
     7
420
 15790320
370
     0
100
AcDbLine
 10
555.0031871998481
 20
325.3407555241783
 30
0.0
 11
559.3663041483641
 21
325.383686167984
 31
0.0
  0
LINE
  5
1F6E
330
B31
100
AcDbEntity
  8
0
 62
     7
420
 15790320
370
     0
100
AcDbLine
 10
37.09109815620286
 20
315.3045315241807
 30
0.0
 11
37.1340287999974
 21
315.0309506922022
 31
0.0
  0
LINE
  5
1F6F
330
B31
100
AcDbEntity
  8
0
 62
     7
420
 15790320
370
     0
100
AcDbLine
 10
37.09109815620286
 20
330.3588675241829
 30
0.0
 11
37.1340287999974
 21
330.6324483561668
 31
0.0
  0
LINE
  5
1F70
330
B31
100
AcDbEntity
  8
0
 62
     7
420
 15790320
370
     0
100
AcDbLine
 10
555.0031871998481
 20
340.4658994538636
 30
0.0
 11
555.0461178436608
 21
340.3950915241751
 31
0.0
  0
LINE
  5
1F71
330
B31
100
AcDbEntity
  8
0
 62
     7
420
 15790320
370
     0
100
AcDbLine
 10
555.0461178436608
 20
340.3950915241751
 30
0.0
 11
555.0031871998481
 21
340.3266963161777
 31
0.0
  0
LINE
  5
1F72
330
B31
100
AcDbEntity
  8
0
 62
     7
420
 15790320
370
     0
100
AcDbLine
 10
555.0031871998481
 20
320.3226435241793
 30
0.0
 11
555.0461178436608
 21
315.9595265756796
 31
0.0
  0
LINE
  5
1F73
330
B31
100
AcDbEntity
  8
0
 62
     7
420
 15790320
370
     0
100
AcDbLine
 10
24.12986824380096
 20
315.9595265756796
 30
0.0
 11
24.0869376000046
 21
320.322643524185
 31
0.0
  0
LINE
  5
1F74
330
B31
100
AcDbEntity
  8
0
 62
     7
420
 15790320
370
     0
100
AcDbLine
 10
329.6710217162581
 20
304.2646851241832
 30
0.0
 11
327.6321529924317
 21
304.2646851241832
 31
0.0
  0
LINE
  5
1F75
330
B31
100
AcDbEntity
  8
0
 62
     7
420
 15790320
370
     0
100
AcDbLine
 10
186.2225158074743
 20
304.2646851241832
 30
0.0
 11
184.1836470836497
 21
304.2646851241832
 31
0.0
  0
LINE
  5
1F76
330
B31
100
AcDbEntity
  8
0
 62
     7
420
 15790320
370
     0
100
AcDbLine
 10
37.09109815620286
 20
340.3950915241808
 30
0.0
 11
37.1340287999974
 21
340.3266963161832
 31
0.0
  0
LINE
  5
1F77
330
B31
100
AcDbEntity
  8
0
 62
     7
420
 15790320
370
     0
100
AcDbLine
 10
37.1340287999974
 20
309.353605053876
 30
0.0
 11
37.09109815620286
 21
309.2827971241875
 31
0.0
  0
LINE
  5
1F78
330
B31
100
AcDbEntity
  8
0
 62
     7
420
 15790320
370
     0
100
AcDbLine
 10
37.09109815620286
 20
309.2827971241875
 30
0.0
 11
37.1340287999974
 21
309.2144019161901
 31
0.0
  0
LINE
  5
1F79
330
B31
100
AcDbEntity
  8
0
 62
     7
420
 15790320
370
     0
100
AcDbLine
 10
226.3674118074541
 20
304.2646851241832
 30
0.0
 11
224.3285430836531
 21
304.2646851241832
 31
0.0
  0
LINE
  5
1F7A
330
B31
100
AcDbEntity
  8
0
 62
     7
420
 15790320
370
     0
100
AcDbLine
 10
409.9608137162549
 20
304.2646851241832
 30
0.0
 11
407.9219449924321
 21
304.2646851241832
 31
0.0
  0
LINE
  5
1F7B
330
B31
100
AcDbEntity
  8
0
 62
     7
420
 15790320
370
     0
100
AcDbLine
 10
369.815917716257
 20
304.2646851241832
 30
0.0
 11
367.7770489924342
 21
304.2646851241832
 31
0.0
  0
LINE
  5
1F7C
330
B31
100
AcDbEntity
  8
0
 62
     7
420
 15790320
370
     0
100
AcDbLine
 10
266.5123078074721
 20
304.2646851241832
 30
0.0
 11
264.4734390836529
 21
304.2646851241832
 31
0.0
  0
LINE
  5
1F7D
330
B31
100
AcDbEntity
  8
0
 62
     7
420
 15790320
370
     0
100
AcDbLine
 10
450.1057097162384
 20
304.2646851241832
 30
0.0
 11
448.0668409924337
 21
304.2646851241832
 31
0.0
  0
LINE
  5
1F7E
330
B31
100
AcDbEntity
  8
0
 62
     7
420
 15790320
370
     0
100
AcDbLine
 10
490.2506057162545
 20
304.2646851241832
 30
0.0
 11
488.816393152786
 21
304.2646851241832
 31
0.0
  0
LINE
  5
1F7F
330
B31
100
AcDbEntity
  8
0
 62
     7
420
 15790320
370
     0
100
AcDbLine
 10
568.0502783998572
 20
336.4489971321734
 30
0.0
 11
568.0502783998572
 21
340.3266963161777
 31
0.0
  0
LINE
  5
1F80
330
B31
100
AcDbEntity
  8
0
 62
     7
420
 15790320
370
     0
100
AcDbLine
 10
555.0031871998481
 20
336.380601924176
 30
0.0
 11
555.0031871998481
 21
332.8679235241795
 31
0.0
  0
LINE
  5
1F81
330
B31
100
AcDbEntity
  8
0
 62
     7
420
 15790320
370
     0
100
AcDbLine
 10
555.0031871998481
 20
340.4658994538636
 30
0.0
 11
555.0031871998481
 21
346.4168259241683
 31
0.0
  0
LINE
  5
1F82
330
B31
100
AcDbEntity
  8
0
 62
     7
420
 15790320
370
     0
100
AcDbLine
 10
555.0031871998481
 20
330.3588675241829
 30
0.0
 11
555.0031871998481
 21
332.8679235241795
 31
0.0
  0
LINE
  5
1F83
330
B31
100
AcDbEntity
  8
0
 62
     7
420
 15790320
370
     0
100
AcDbLine
 10
568.0502783998572
 20
340.4658994538636
 30
0.0
 11
568.0502783998572
 21
346.4168259241683
 31
0.0
  0
LINE
  5
1F84
330
B31
100
AcDbEntity
  8
0
 62
     7
420
 15790320
370
     0
100
AcDbLine
 10
568.0502783998572
 20
335.3769795241817
 30
0.0
 11
568.0502783998572
 21
330.6324483561668
 31
0.0
  0
LINE
  5
1F85
330
B31
100
AcDbEntity
  8
0
 62
     7
420
 15790320
370
     0
100
AcDbLine
 10
568.0502783998572
 20
309.2827971241931
 30
0.0
 11
568.0502783998572
 21
305.3367027321858
 31
0.0
  0
LINE
  5
1F86
330
B31
100
AcDbEntity
  8
0
 62
     7
420
 15790320
370
     0
100
AcDbLine
 10
24.0869376000046
 20
309.2827971241875
 30
0.0
 11
24.0869376000046
 21
305.2683075241885
 31
0.0
  0
LINE
  5
1F87
330
B31
100
AcDbEntity
  8
0
 62
     7
420
 15790320
370
     0
100
AcDbLine
 10
50.18111999998291
 20
309.4979865301623
 30
0.0
 11
50.68293119998998
 21
309.883039806803
 31
0.0
  0
LINE
  5
1F88
330
B31
100
AcDbEntity
  8
0
 62
     7
420
 15790320
370
     0
100
AcDbLine
 10
539.7106206625039
 20
310.2864195241873
 30
0.0
 11
537.9416063998369
 21
310.2864195241873
 31
0.0
  0
LINE
  5
1F89
330
B31
100
AcDbEntity
  8
0
 62
     7
420
 15790320
370
     0
100
AcDbLine
 10
488.816393152786
 20
310.2864195241873
 30
0.0
 11
537.9416063998369
 21
310.2864195241873
 31
0.0
  0
LINE
  5
1F8A
330
B31
100
AcDbEntity
  8
0
 62
     7
420
 15790320
370
     0
100
AcDbLine
 10
528.3566329924333
 20
304.2646851241832
 30
0.0
 11
530.3955017162597
 21
304.2646851241832
 31
0.0
  0
LINE
  5
1F8B
330
B31
100
AcDbEntity
  8
0
 62
     7
420
 15790320
370
     0
100
AcDbLine
 10
103.320822847063
 20
304.2646851241832
 30
0.0
 11
65.78782780747315
 21
304.2646851241889
 31
0.0
  0
LINE
  5
1F8C
330
B31
100
AcDbEntity
  8
0
 62
     7
420
 15790320
370
     0
100
AcDbLine
 10
107.3353124470614
 20
304.2646851241832
 30
0.0
 11
103.320822847063
 21
304.2646851241832
 31
0.0
  0
LINE
  5
1F8D
330
B31
100
AcDbEntity
  8
0
 62
     7
420
 15790320
370
     0
100
AcDbLine
 10
298.0758527999224
 20
304.2646851241832
 30
0.0
 11
294.0613631999168
 21
304.2646851241832
 31
0.0
  0
LINE
  5
1F8E
330
B31
100
AcDbEntity
  8
0
 62
     7
420
 15790320
370
     0
100
AcDbLine
 10
484.8019035527804
 20
304.2646851241832
 30
0.0
 11
488.816393152786
 21
304.2646851241832
 31
0.0
  0
LINE
  5
1F8F
330
B31
100
AcDbEntity
  8
0
 62
     7
420
 15790320
370
     0
100
AcDbLine
 10
530.3955017162597
 20
304.2646851241832
 30
0.0
 11
537.3734226304995
 21
304.2646851241832
 31
0.0
  0
LINE
  5
1F90
330
B31
100
AcDbEntity
  8
0
 62
     7
420
 15790320
370
     0
100
AcDbLine
 10
490.2506057162545
 20
304.2646851241832
 30
0.0
 11
528.3566329924333
 21
304.2646851241832
 31
0.0
  0
LINE
  5
1F91
330
B31
100
AcDbEntity
  8
0
 62
     7
420
 15790320
370
     0
100
AcDbLine
 10
266.5123078074721
 20
304.2646851241832
 30
0.0
 11
294.0613631999168
 21
304.2646851241832
 31
0.0
  0
LINE
  5
1F92
330
B31
100
AcDbEntity
  8
0
 62
     7
420
 15790320
370
     0
100
AcDbLine
 10
63.74895908365397
 20
304.2646851241889
 30
0.0
 11
54.7637933693295
 21
304.2646851241889
 31
0.0
  0
LINE
  5
1F93
330
B31
100
AcDbEntity
  8
0
 62
     7
420
 15790320
370
     0
100
AcDbLine
 10
65.78782780747315
 20
304.2646851241889
 30
0.0
 11
63.74895908365397
 21
304.2646851241889
 31
0.0
  0
LINE
  5
1F94
330
B31
100
AcDbEntity
  8
0
 62
     7
420
 15790320
370
     0
100
AcDbLine
 10
537.3734226304995
 20
304.2646851241832
 30
0.0
 11
539.9488511998688
 21
304.2646851241832
 31
0.0
  0
LINE
  5
1F95
330
B31
100
AcDbEntity
  8
0
 62
     7
420
 15790320
370
     0
100
AcDbLine
 10
54.7637933693295
 20
304.2646851241889
 30
0.0
 11
52.18836479997662
 21
304.2646851241832
 31
0.0
  0
LINE
  5
1F96
330
B31
100
AcDbEntity
  8
0
 62
     7
420
 15790320
370
     0
100
AcDbLine
 10
103.320822847063
 20
310.2864195241816
 30
0.0
 11
54.25703093581796
 21
310.2864195241816
 31
0.0
  0
LINE
  5
1F97
330
B31
100
AcDbEntity
  8
0
 62
     7
420
 15790320
370
     0
100
AcDbLine
 10
107.3353124470614
 20
310.2864195241816
 30
0.0
 11
294.0613631999168
 21
310.2864195241816
 31
0.0
  0
LINE
  5
1F98
330
B31
100
AcDbEntity
  8
0
 62
     7
420
 15790320
370
     0
100
AcDbLine
 10
484.801903552795
 20
156.5251679019188
 30
0.0
 11
484.801903552795
 21
139.6706115241752
 31
0.0
  0
LINE
  5
1F99
330
B31
100
AcDbEntity
  8
0
 62
     7
420
 15790320
370
     0
100
AcDbLine
 10
484.801903552795
 20
156.5251679019188
 30
0.0
 11
484.801903552795
 21
159.536035101918
 31
0.0
  0
LINE
  5
1F9A
330
B31
100
AcDbEntity
  8
0
 62
     7
420
 15790320
370
     0
100
AcDbLine
 10
488.8163931528006
 20
139.9521907516214
 30
0.0
 11
488.8163931528006
 21
156.5251679019188
 31
0.0
  0
LINE
  5
1F9B
330
B31
100
AcDbEntity
  8
0
 62
     7
420
 15790320
370
     0
100
AcDbLine
 10
488.8163931528006
 20
137.6633667241756
 30
0.0
 11
488.8163931528006
 21
139.9521907516214
 31
0.0
  0
LINE
  5
1F9C
330
B31
100
AcDbEntity
  8
0
 62
     7
420
 15790320
370
     0
100
AcDbLine
 10
484.801903552795
 20
137.6633667241756
 30
0.0
 11
484.801903552795
 21
139.6706115241752
 31
0.0
  0
LINE
  5
1F9D
330
B31
100
AcDbEntity
  8
0
 62
     7
420
 15790320
370
     0
100
AcDbLine
 10
488.8163931528006
 20
156.5251679019188
 30
0.0
 11
488.8163931528006
 21
159.536035101918
 31
0.0
  0
LINE
  5
1F9E
330
B31
100
AcDbEntity
  8
0
 62
     7
420
 15790320
370
     0
100
AcDbLine
 10
24.0869376000046
 20
340.3266963161832
 30
0.0
 11
24.0869376000046
 21
336.380601924176
 31
0.0
  0
LINE
  5
1F9F
330
B31
100
AcDbEntity
  8
0
 62
     7
420
 15790320
370
     0
100
AcDbLine
 10
294.0613631999422
 20
156.5251679019188
 30
0.0
 11
294.0613631999422
 21
139.6706115241752
 31
0.0
  0
LINE
  5
1FA0
330
B31
100
AcDbEntity
  8
0
 62
     7
420
 15790320
370
     0
100
AcDbLine
 10
294.0613631999422
 20
156.5251679019188
 30
0.0
 11
294.0613631999422
 21
159.536035101918
 31
0.0
  0
LINE
  5
1FA1
330
B31
100
AcDbEntity
  8
0
 62
     7
420
 15790320
370
     0
100
AcDbLine
 10
298.0758527999224
 20
137.663366724181
 30
0.0
 11
298.0758527999224
 21
139.6706115241752
 31
0.0
  0
LINE
  5
1FA2
330
B31
100
AcDbEntity
  8
0
 62
     7
420
 15790320
370
     0
100
AcDbLine
 10
294.0613631999422
 20
137.663366724181
 30
0.0
 11
294.0613631999422
 21
139.6706115241752
 31
0.0
  0
LINE
  5
1FA3
330
B31
100
AcDbEntity
  8
0
 62
     7
420
 15790320
370
     0
100
AcDbLine
 10
298.0758527999388
 20
156.5251679019188
 30
0.0
 11
298.0758527999388
 21
159.536035101918
 31
0.0
  0
LINE
  5
1FA4
330
B31
100
AcDbEntity
  8
0
 62
     7
420
 15790320
370
     0
100
AcDbLine
 10
298.0758527999224
 20
139.6706115241752
 30
0.0
 11
298.0758527999388
 21
156.5251679019188
 31
0.0
  0
LINE
  5
1FA5
330
B31
100
AcDbEntity
  8
0
 62
     7
420
 15790320
370
     0
100
AcDbLine
 10
541.9560959998425
 20
336.1654125181733
 30
0.0
 11
541.4542847998718
 21
335.7803592415605
 31
0.0
  0
LINE
  5
1FA6
330
B31
100
AcDbEntity
  8
0
 62
     7
420
 15790320
370
     0
100
AcDbLine
 10
103.320822847063
 20
335.3769795241872
 30
0.0
 11
104.2563027212472
 21
335.3769795241872
 31
0.0
  0
LINE
  5
1FA7
330
B31
100
AcDbEntity
  8
0
 62
     7
420
 15790320
370
     0
100
AcDbLine
 10
107.3353124470614
 20
335.3769795241872
 30
0.0
 11
106.3998325728753
 21
335.3769795241872
 31
0.0
  0
LINE
  5
1FA8
330
B31
100
AcDbEntity
  8
0
 62
     7
420
 15790320
370
     0
100
AcDbLine
 10
294.9968430741265
 20
335.3769795241872
 30
0.0
 11
294.0613631999168
 21
335.3769795241872
 31
0.0
  0
LINE
  5
1FA9
330
B31
100
AcDbEntity
  8
0
 62
     7
420
 15790320
370
     0
100
AcDbLine
 10
298.0758527999224
 20
335.3769795241872
 30
0.0
 11
297.1403729257199
 21
335.3769795241872
 31
0.0
  0
LINE
  5
1FAA
330
B31
100
AcDbEntity
  8
0
 62
     7
420
 15790320
370
     0
100
AcDbLine
 10
484.8019035527804
 20
335.3769795241872
 30
0.0
 11
485.7373834270011
 21
335.3769795241872
 31
0.0
  0
LINE
  5
1FAB
330
B31
100
AcDbEntity
  8
0
 62
     7
420
 15790320
370
     0
100
AcDbLine
 10
488.816393152786
 20
335.3769795241872
 30
0.0
 11
487.8809132785436
 21
335.3769795241872
 31
0.0
  0
LINE
  5
1FAC
330
B31
100
AcDbEntity
  8
0
 62
     7
420
 15790320
370
     0
100
AcDbLine
 10
537.9416063998369
 20
335.3769795241872
 30
0.0
 11
488.816393152786
 21
335.3769795241872
 31
0.0
  0
LINE
  5
1FAD
330
B31
100
AcDbEntity
  8
0
 62
     7
420
 15790320
370
     0
100
AcDbLine
 10
52.42659533735786
 20
335.3769795241872
 30
0.0
 11
53.92668978839902
 21
335.3769795241872
 31
0.0
  0
LINE
  5
1FAE
330
B31
100
AcDbEntity
  8
0
 62
     7
420
 15790320
370
     0
100
AcDbLine
 10
103.320822847063
 20
335.3769795241872
 30
0.0
 11
54.25703093581796
 21
335.3769795241872
 31
0.0
  0
LINE
  5
1FAF
330
B31
100
AcDbEntity
  8
0
 62
     7
420
 15790320
370
     0
100
AcDbLine
 10
537.9416063998369
 20
335.3769795241872
 30
0.0
 11
539.7106206625039
 21
335.3769795241872
 31
0.0
  0
LINE
  5
1FB0
330
B31
100
AcDbEntity
  8
0
 62
     7
420
 15790320
370
     0
100
AcDbLine
 10
539.9488511998688
 20
341.398713924186
 30
0.0
 11
52.18836479997662
 21
341.3987139241803
 31
0.0
  0
LINE
  5
1FB1
330
B31
100
AcDbEntity
  8
0
 62
     7
420
 15790320
370
     0
100
AcDbLine
 10
294.0613631999168
 20
335.3769795241872
 30
0.0
 11
107.3353124470614
 21
335.3769795241872
 31
0.0
  0
LINE
  5
1FB2
330
B31
100
AcDbEntity
  8
0
 62
     7
420
 15790320
370
     0
100
AcDbLine
 10
555.0031871998481
 20
336.380601924176
 30
0.0
 11
555.0031871998481
 21
340.3266963161777
 31
0.0
  0
LINE
  5
1FB3
330
B31
100
AcDbEntity
  8
0
 62
     7
420
 15790320
370
     0
100
AcDbLine
 10
560.0212991998496
 20
325.3407555241783
 30
0.0
 11
560.0212991998496
 21
351.4349379241726
 31
0.0
  0
LINE
  5
1FB4
330
B31
100
AcDbEntity
  8
0
 62
     7
420
 15790320
370
     0
100
AcDbLine
 10
563.0321663998593
 20
325.3407555241783
 30
0.0
 11
563.0321663998593
 21
351.4349379241726
 31
0.0
  0
LINE
  5
1FB5
330
B31
100
AcDbEntity
  8
0
 62
     7
420
 15790320
370
     0
100
AcDbLine
 10
24.0869376000046
 20
340.4658994538636
 30
0.0
 11
24.0869376000046
 21
346.4168259241683
 31
0.0
  0
LINE
  5
1FB6
330
B31
100
AcDbEntity
  8
0
 62
     7
420
 15790320
370
     0
100
AcDbLine
 10
24.0869376000046
 20
335.3769795241872
 30
0.0
 11
24.0869376000046
 21
330.3588675241829
 31
0.0
  0
LINE
  5
1FB7
330
B31
100
AcDbEntity
  8
0
 62
     7
420
 15790320
370
     0
100
AcDbLine
 10
29.10504960000253
 20
325.340755524184
 30
0.0
 11
29.10504960000253
 21
351.4349379241726
 31
0.0
  0
LINE
  5
1FB8
330
B31
100
AcDbEntity
  8
0
 62
     7
420
 15790320
370
     0
100
AcDbLine
 10
37.1340287999974
 20
340.4658994538636
 30
0.0
 11
37.1340287999974
 21
346.4168259241683
 31
0.0
  0
LINE
  5
1FB9
330
B31
100
AcDbEntity
  8
0
 62
     7
420
 15790320
370
     0
100
AcDbLine
 10
37.1340287999974
 20
332.8679235241795
 30
0.0
 11
37.1340287999974
 21
330.6324483561668
 31
0.0
  0
LINE
  5
1FBA
330
B31
100
AcDbEntity
  8
0
 62
     7
420
 15790320
370
     0
100
AcDbLine
 10
37.1340287999974
 20
336.3097939944878
 30
0.0
 11
37.1340287999974
 21
332.8679235241795
 31
0.0
  0
LINE
  5
1FBB
330
B31
100
AcDbEntity
  8
0
 62
     7
420
 15790320
370
     0
100
AcDbLine
 10
37.1340287999974
 20
340.3266963161832
 30
0.0
 11
37.1340287999974
 21
336.4489971321734
 31
0.0
  0
LINE
  5
1FBC
330
B31
100
AcDbEntity
  8
0
 62
     7
420
 15790320
370
     0
100
AcDbLine
 10
32.11591679999219
 20
325.340755524184
 30
0.0
 11
32.11591679999219
 21
351.4349379241726
 31
0.0
  0
LINE
  5
1FBD
330
B31
100
AcDbEntity
  8
0
 62
     7
420
 15790320
370
     0
100
AcDbLine
 10
103.3208228470794
 20
156.5251679019188
 30
0.0
 11
103.3208228470794
 21
139.9521907516159
 31
0.0
  0
LINE
  5
1FBE
330
B31
100
AcDbEntity
  8
0
 62
     7
420
 15790320
370
     0
100
AcDbLine
 10
103.3208228470794
 20
156.5251679019188
 30
0.0
 11
103.3208228470794
 21
159.536035101918
 31
0.0
  0
LINE
  5
1FBF
330
B31
100
AcDbEntity
  8
0
 62
     7
420
 15790320
370
     0
100
AcDbLine
 10
107.3353124470832
 20
139.6706115241752
 30
0.0
 11
107.3353124470832
 21
156.5251679019188
 31
0.0
  0
LINE
  5
1FC0
330
B31
100
AcDbEntity
  8
0
 62
     7
420
 15790320
370
     0
100
AcDbLine
 10
107.3353124470832
 20
137.663366724181
 30
0.0
 11
107.3353124470832
 21
139.6706115241752
 31
0.0
  0
LINE
  5
1FC1
330
B31
100
AcDbEntity
  8
0
 62
     7
420
 15790320
370
     0
100
AcDbLine
 10
103.3208228470794
 20
137.663366724181
 30
0.0
 11
103.3208228470794
 21
139.9521907516159
 31
0.0
  0
LINE
  5
1FC2
330
B31
100
AcDbEntity
  8
0
 62
     7
420
 15790320
370
     0
100
AcDbLine
 10
107.3353124470832
 20
156.5251679019188
 30
0.0
 11
107.3353124470832
 21
159.536035101918
 31
0.0
  0
LINE
  5
1FC3
330
B31
100
AcDbEntity
  8
0
 62
     7
420
 15790320
370
     0
100
AcDbLine
 10
555.0031871998481
 20
315.3045315241862
 30
0.0
 11
555.0031871998481
 21
312.795475524184
 31
0.0
  0
LINE
  5
1FC4
330
B31
100
AcDbEntity
  8
0
 62
     7
420
 15790320
370
     0
100
AcDbLine
 10
555.0031871998481
 20
309.2827971241931
 30
0.0
 11
555.0031871998481
 21
305.3367027321915
 31
0.0
  0
LINE
  5
1FC5
330
B31
100
AcDbEntity
  8
0
 62
     7
420
 15790320
370
     0
100
AcDbLine
 10
555.0031871998481
 20
312.795475524184
 30
0.0
 11
555.0031871998481
 21
309.2827971241931
 31
0.0
  0
LINE
  5
1FC6
330
B31
100
AcDbEntity
  8
0
 62
     7
420
 15790320
370
     0
100
AcDbLine
 10
555.0031871998481
 20
305.1974995945057
 30
0.0
 11
555.0031871998481
 21
299.2465731242007
 31
0.0
  0
LINE
  5
1FC7
330
B31
100
AcDbEntity
  8
0
 62
     7
420
 15790320
370
     0
100
AcDbLine
 10
560.0212991998496
 20
294.2284611241967
 30
0.0
 11
560.0212991998496
 21
320.322643524185
 31
0.0
  0
LINE
  5
1FC8
330
B31
100
AcDbEntity
  8
0
 62
     7
420
 15790320
370
     0
100
AcDbLine
 10
568.0502783998572
 20
305.1974995945057
 30
0.0
 11
568.0502783998572
 21
299.2465731242007
 31
0.0
  0
LINE
  5
1FC9
330
B31
100
AcDbEntity
  8
0
 62
     7
420
 15790320
370
     0
100
AcDbLine
 10
568.0502783998572
 20
315.3045315243189
 30
0.0
 11
568.0502783998572
 21
310.2864195241764
 31
0.0
  0
LINE
  5
1FCA
330
B31
100
AcDbEntity
  8
0
 62
     7
420
 15790320
370
     0
100
AcDbLine
 10
563.0321663998593
 20
294.2284611241967
 30
0.0
 11
563.0321663998593
 21
320.322643524185
 31
0.0
  0
LINE
  5
1FCB
330
B31
100
AcDbEntity
  8
0
 62
     7
420
 15790320
370
     0
100
AcDbLine
 10
24.0869376000046
 20
310.2864195241873
 30
0.0
 11
24.0869376000046
 21
315.3045315241807
 31
0.0
  0
LINE
  5
1FCC
330
B31
100
AcDbEntity
  8
0
 62
     7
420
 15790320
370
     0
100
AcDbLine
 10
24.0869376000046
 20
305.2683075241885
 30
0.0
 11
24.0869376000046
 21
299.2465731241953
 31
0.0
  0
LINE
  5
1FCD
330
B31
100
AcDbEntity
  8
0
 62
     7
420
 15790320
370
     0
100
AcDbLine
 10
37.1340287999974
 20
312.7954755241897
 30
0.0
 11
37.1340287999974
 21
315.0309506922022
 31
0.0
  0
LINE
  5
1FCE
330
B31
100
AcDbEntity
  8
0
 62
     7
420
 15790320
370
     0
100
AcDbLine
 10
37.1340287999974
 20
309.353605053876
 30
0.0
 11
37.1340287999974
 21
312.7954755241897
 31
0.0
  0
LINE
  5
1FCF
330
B31
100
AcDbEntity
  8
0
 62
     7
420
 15790320
370
     0
100
AcDbLine
 10
37.1340287999974
 20
305.1974995945002
 30
0.0
 11
37.1340287999974
 21
299.2465731241953
 31
0.0
  0
LINE
  5
1FD0
330
B31
100
AcDbEntity
  8
0
 62
     7
420
 15790320
370
     0
100
AcDbLine
 10
29.10504960000253
 20
294.2284611241967
 30
0.0
 11
29.10504960000253
 21
320.322643524185
 31
0.0
  0
LINE
  5
1FD1
330
B31
100
AcDbEntity
  8
0
 62
     7
420
 15790320
370
     0
100
AcDbLine
 10
37.1340287999974
 20
309.2144019161901
 30
0.0
 11
37.1340287999974
 21
305.3367027321858
 31
0.0
  0
LINE
  5
1FD2
330
B31
100
AcDbEntity
  8
0
 62
     7
420
 15790320
370
     0
100
AcDbLine
 10
32.11591679999219
 20
294.2284611241967
 30
0.0
 11
32.11591679999219
 21
320.322643524185
 31
0.0
  0
LINE
  5
1FD3
330
B31
100
AcDbEntity
  8
0
 62
     7
420
 15790320
370
     0
100
AcDbLine
 10
144.0387510836535
 20
304.2646851241889
 30
0.0
 11
169.8305170253479
 21
159.536035101918
 31
0.0
  0
LINE
  5
1FD4
330
B31
100
AcDbEntity
  8
0
 62
     7
420
 15790320
370
     0
100
AcDbLine
 10
450.1057097162384
 20
304.2646851241832
 30
0.0
 11
424.313943774524
 21
159.5360351019126
 31
0.0
  0
LINE
  5
1FD5
330
B31
100
AcDbEntity
  8
0
 62
     7
420
 15790320
370
     0
100
AcDbLine
 10
464.4588397745256
 20
159.5360351019126
 30
0.0
 11
484.8019035527804
 21
273.6896826107854
 31
0.0
  0
LINE
  5
1FD6
330
B31
100
AcDbEntity
  8
0
 62
     7
420
 15790320
370
     0
100
AcDbLine
 10
89.54072502534472
 20
159.536035101918
 30
0.0
 11
63.74895908365397
 21
304.2646851241889
 31
0.0
  0
LINE
  5
1FD7
330
B31
100
AcDbEntity
  8
0
 62
     7
420
 15790320
370
     0
100
AcDbLine
 10
129.6856210253463
 20
159.536035101918
 30
0.0
 11
107.3353124470614
 21
284.9531932534203
 31
0.0
  0
LINE
  5
1FD8
330
B31
100
AcDbEntity
  8
0
 62
     7
420
 15790320
370
     0
100
AcDbLine
 10
384.1690477745442
 20
159.5360351019126
 30
0.0
 11
409.9608137162549
 21
304.2646851241832
 31
0.0
  0
LINE
  5
1FD9
330
B31
100
AcDbEntity
  8
0
 62
     7
420
 15790320
370
     0
100
AcDbLine
 10
344.0241517745253
 20
159.5360351019126
 30
0.0
 11
369.815917716257
 21
304.2646851241832
 31
0.0
  0
LINE
  5
1FDA
330
B31
100
AcDbEntity
  8
0
 62
     7
420
 15790320
370
     0
100
AcDbLine
 10
530.3955017162597
 20
304.2646851241832
 30
0.0
 11
504.6037357745235
 21
159.5360351019126
 31
0.0
  0
LINE
  5
1FDB
330
B31
100
AcDbEntity
  8
0
 62
     7
420
 15790320
370
     0
100
AcDbLine
 10
184.1836470836497
 20
304.2646851241832
 30
0.0
 11
209.9754130253441
 21
159.536035101918
 31
0.0
  0
LINE
  5
1FDC
330
B31
100
AcDbEntity
  8
0
 62
     7
420
 15790320
370
     0
100
AcDbLine
 10
224.3285430836531
 20
304.2646851241832
 30
0.0
 11
250.1203090253475
 21
159.536035101918
 31
0.0
  0
LINE
  5
1FDD
330
B31
100
AcDbEntity
  8
0
 62
     7
420
 15790320
370
     0
100
AcDbLine
 10
329.6710217162581
 20
304.2646851241832
 30
0.0
 11
303.8792557745237
 21
159.5360351019126
 31
0.0
  0
LINE
  5
1FDE
330
B31
100
AcDbEntity
  8
0
 62
     7
420
 15790320
370
     0
100
AcDbLine
 10
264.4734390836529
 20
304.2646851241832
 30
0.0
 11
290.2652050253437
 21
159.536035101918
 31
0.0
  0
ENDBLK
  5
E70
330
B31
100
AcDbEntity
  8
0
 62
     1
100
AcDbBlockEnd
  0
BLOCK
  5
1FF7
330
1FE6
100
AcDbEntity
  8
0
100
AcDbBlockBegin
  2
A$C25877339
 70
     0
 10
0.0
 20
0.0
 30
0.0
  3
A$C25877339
  1

  0
LINE
  5
1FE7
330
1FE6
100
AcDbEntity
  8
REFRIGERATOR
370
    18
100
AcDbLine
 10
0.0
 20
15.0
 30
0.0
 11
0.0
 21
1800.0
 31
0.0
  0
LINE
  5
1FE8
330
1FE6
100
AcDbEntity
  8
REFRIGERATOR
370
    18
100
AcDbLine
 10
556.0000000000436
 20
15.0
 30
145.1612903225806
 11
556.0000000000436
 21
1800.0
 31
145.1612903225806
1001
PE_URL
1000
http://www.Architecture4design.com
1002
{
1000
http://www.Architecture4design.com
1002
{
1071
        1
1002
}
1002
}
  0
LINE
  5
1FE9
330
1FE6
100
AcDbEntity
  8
REFRIGERATOR
370
    18
100
AcDbLine
 10
0.0
 20
15.0
 30
145.1612903225806
 11
556.0000000000436
 21
15.0
 31
145.1612903225806
1001
PE_URL
1000
http://www.Architecture4design.com
1002
{
1000
http://www.Architecture4design.com
1002
{
1071
        1
1002
}
1002
}
  0
LINE
  5
1FEA
330
1FE6
100
AcDbEntity
  8
REFRIGERATOR
370
    18
100
AcDbLine
 10
556.0000000000436
 20
749.9999999998981
 30
145.1612903225806
 11
0.0
 21
749.9999999998981
 31
145.1612903225806
1001
PE_URL
1000
http://www.Architecture4design.com
1002
{
1000
http://www.Architecture4design.com
1002
{
1071
        1
1002
}
1002
}
  0
LINE
  5
1FEB
330
1FE6
100
AcDbEntity
  8
REFRIGERATOR
370
    18
100
AcDbLine
 10
556.0000000000436
 20
739.9999999999127
 30
145.1612903225806
 11
0.0
 21
739.9999999999127
 31
145.1612903225806
1001
PE_URL
1000
http://www.Architecture4design.com
1002
{
1000
http://www.Architecture4design.com
1002
{
1071
        1
1002
}
1002
}
  0
LINE
  5
1FEC
330
1FE6
100
AcDbEntity
  8
REFRIGERATOR
370
    18
100
AcDbLine
 10
100.0
 20
739.9999999999127
 30
145.1612903225806
 11
129.4090775659133
 21
721.8990838677854
 31
0.0
  0
LINE
  5
1FED
330
1FE6
100
AcDbEntity
  8
REFRIGERATOR
370
    18
100
AcDbLine
 10
129.4090775659133
 20
721.8990838677854
 30
0.0
 11
426.8320405064587
 21
721.8990838677854
 31
0.0
  0
LINE
  5
1FEE
330
1FE6
100
AcDbEntity
  8
REFRIGERATOR
370
    18
100
AcDbLine
 10
456.2411180723793
 20
739.9999999999127
 30
144.7496551868979
 11
426.832040506466
 21
721.8990838677854
 31
-0.4116351356877033
  0
LINE
  5
1FEF
330
1FE6
100
AcDbEntity
  8
REFRIGERATOR
370
    18
100
AcDbLine
 10
80.0
 20
15.0
 30
0.0
 11
80.0
 21
0.0
 31
0.0
  0
LINE
  5
1FF0
330
1FE6
100
AcDbEntity
  8
REFRIGERATOR
370
    18
100
AcDbLine
 10
80.0
 20
0.0
 30
0.0
 11
100.0
 21
0.0
 31
0.0
  0
LINE
  5
1FF1
330
1FE6
100
AcDbEntity
  8
REFRIGERATOR
370
    18
100
AcDbLine
 10
100.0
 20
0.0
 30
0.0
 11
100.0
 21
15.0
 31
0.0
  0
LINE
  5
1FF2
330
1FE6
100
AcDbEntity
  8
REFRIGERATOR
370
    18
100
AcDbLine
 10
476.0000000000436
 20
15.0
 30
145.1612903225806
 11
476.0000000000436
 21
0.0
 31
145.1612903225806
  0
LINE
  5
1FF3
330
1FE6
100
AcDbEntity
  8
REFRIGERATOR
370
    18
100
AcDbLine
 10
476.0000000000436
 20
0.0
 30
145.1612903225806
 11
456.0000000000436
 21
0.0
 31
145.1612903225806
  0
LINE
  5
1FF4
330
1FE6
100
AcDbEntity
  8
REFRIGERATOR
370
    18
100
AcDbLine
 10
456.0000000000436
 20
0.0
 30
145.1612903225806
 11
456.0000000000436
 21
15.0
 31
145.1612903225806
  0
LINE
  5
1FF5
330
1FE6
100
AcDbEntity
  8
REFRIGERATOR
370
    18
100
AcDbLine
 10
0.0
 20
1800.0
 30
0.0
 11
556.0000000000436
 21
1800.0
 31
0.0
  0
ENDBLK
  5
1FF8
330
1FE6
100
AcDbEntity
  8
0
100
AcDbBlockEnd
  0
ENDSEC
  0
SECTION
  2
ENTITIES
  0
LWPOLYLINE
  5
6DA
330
1F
100
AcDbEntity
  8
BASE
 62
     7
100
AcDbPolyline
 90
        4
 70
     1
 43
0.0
 38
3124.817725657188
 10
1824.192970014828
 20
-0.0000000000002274
 10
2424.192970014835
 20
-0.0000000000002274
 10
2424.192970014828
 20
-723.0000000000002
 10
1824.19297001482
 20
-723.0000000000001
210
1.0
220
0.0000000000000002
230
0.0
  0
LWPOLYLINE
  5
6DB
330
1F
100
AcDbEntity
  8
BASE
 62
     7
100
AcDbPolyline
 90
        4
 70
     1
 43
0.0
 38
3124.817725657188
 10
1824.19297001482
 20
-723.0000000000001
 91
       21
 10
2424.192970014828
 20
-723.0000000000002
 91
       22
 10
2424.192970014828
 20
-878.0000000000002
 91
       23
 10
1824.19297001482
 20
-878.0000000000001
 91
       24
210
1.0
220
0.0000000000000002
230
0.0
  0
LWPOLYLINE
  5
6DF
330
1F
100
AcDbEntity
  8
BASE
 62
     7
100
AcDbPolyline
 90
        4
 70
     1
 43
0.0
 38
3124.817725657188
 10
1914.193437654165
 20
-259.4256193347503
 10
2338.409705861089
 20
-259.4256193347503
 10
2338.409705861089
 20
-480.8998432343543
 10
1914.193437654165
 20
-480.8998432343543
210
1.0
220
0.0000000000000002
230
0.0
  0
LINE
  5
6E1
330
1F
100
AcDbEntity
  8
BASE
 62
     7
100
AcDbLine
 10
3124.817725657187
 20
1824.192970014836
 30
-151.2976741057939
 11
3124.817725657187
 21
2424.192970014828
 31
-151.2976741057939
210
1.0
220
0.0000000000000002
230
0.0
  0
LINE
  5
6E2
330
1F
100
AcDbEntity
  8
BASE
 62
     7
100
AcDbLine
 10
3124.817725657187
 20
1824.192970014836
 30
-580.4374879999016
 11
3124.817725657187
 21
2424.192970014828
 31
-580.4374879999016
210
1.0
220
0.0000000000000002
230
0.0
  0
LWPOLYLINE
  5
8F4
330
1F
100
AcDbEntity
  8
BASE
 62
     7
100
AcDbPolyline
 90
        4
 70
     1
 43
0.0
 38
2979.19297001482
 10
-3672.320344455255
 20
-56.96412874223515
 10
-3663.229803829767
 20
-56.96412874223515
 10
-3663.229803829767
 20
-182.422885242268
 10
-3672.320344455255
 20
-182.422885242268
210
-0.0000000000000001
220
1.0
230
0.0000000000000002
  0
LINE
  5
90C
330
1F
100
AcDbEntity
  8
BASE
 62
     7
100
AcDbLine
 10
3124.817725657186
 20
1824.192970014821
 30
48.78982651850977
 11
3124.817725657186
 21
2417.4966259952
 31
48.78982651850977
  0
LINE
  5
90D
330
1F
100
AcDbEntity
  8
BASE
 62
     7
100
AcDbLine
 10
3124.817725657186
 20
2417.4966259952
 30
48.78982651850977
 11
2555.674483318762
 21
2417.4966259952
 31
48.78982651850977
  0
LINE
  5
90E
330
1F
100
AcDbEntity
  8
BASE
 62
     7
100
AcDbLine
 10
2555.674483318762
 20
2417.4966259952
 30
48.78982651850977
 11
2555.674483318762
 21
1824.192970014821
 31
48.78982651850977
  0
LINE
  5
90F
330
1F
100
AcDbEntity
  8
BASE
 62
     7
100
AcDbLine
 10
3124.817725657186
 20
1824.192970014821
 30
48.78982651850977
 11
2555.674483318762
 21
1824.192970014821
 31
48.78982651850977
  0
LINE
  5
910
330
1F
100
AcDbEntity
  8
BASE
 62
     7
100
AcDbLine
 10
2555.674483318762
 20
1824.192970014821
 30
48.78982651850977
 11
2555.674483318762
 21
1824.192970014821
 31
43.78982651850977
  0
LINE
  5
911
330
1F
100
AcDbEntity
  8
BASE
 62
     7
100
AcDbLine
 10
2555.674483318762
 20
1824.192970014821
 30
43.78982651850977
 11
3124.817725657186
 21
1824.192970014821
 31
43.78982651850977
  0
LINE
  5
912
330
1F
100
AcDbEntity
  8
BASE
 62
     7
100
AcDbLine
 10
3124.817725657186
 20
1824.192970014821
 30
43.78982651850977
 11
3124.817725657186
 21
2417.4966259952
 31
43.78982651850977
  0
LINE
  5
913
330
1F
100
AcDbEntity
  8
BASE
 62
     7
100
AcDbLine
 10
3124.817725657186
 20
2417.4966259952
 30
43.78982651850977
 11
3124.817725657186
 21
2417.4966259952
 31
48.78982651850977
  0
CIRCLE
  5
914
330
1F
100
AcDbEntity
  8
BASE
 62
     7
100
AcDbCircle
 10
2684.3843554561
 20
1988.15742367535
 30
53.10143669105669
 40
81.09918728647997
  0
CIRCLE
  5
915
330
1F
100
AcDbEntity
  8
BASE
 62
     7
100
AcDbCircle
 10
2684.3843554561
 20
2278.746927282835
 30
53.10143669105669
 40
74.62440798488303
  0
CIRCLE
  5
916
330
1F
100
AcDbEntity
  8
BASE
 62
     7
100
AcDbCircle
 10
2954.346380668648
 20
1988.15742367535
 30
53.10143669105669
 40
81.09918728647997
  0
CIRCLE
  5
917
330
1F
100
AcDbEntity
  8
BASE
 62
     7
100
AcDbCircle
 10
2954.346380668648
 20
2278.746927282742
 30
53.10143669105669
 40
81.09918728647997
  0
CIRCLE
  5
918
330
1F
100
AcDbEntity
  8
BASE
 62
     7
100
AcDbCircle
 10
2684.3843554561
 20
1988.15742367535
 30
53.10143669105669
 40
70.23132332481397
  0
CIRCLE
  5
919
330
1F
100
AcDbEntity
  8
BASE
 62
     7
100
AcDbCircle
 10
2684.3843554561
 20
2278.746927282835
 30
53.10143669105669
 40
70.23132332481397
  0
CIRCLE
  5
91A
330
1F
100
AcDbEntity
  8
BASE
 62
     7
100
AcDbCircle
 10
2954.346380668648
 20
1988.15742367535
 30
53.10143669105669
 40
70.23132332481397
  0
CIRCLE
  5
91B
330
1F
100
AcDbEntity
  8
BASE
 62
     7
100
AcDbCircle
 10
2954.346380668648
 20
2278.746927282742
 30
53.10143669105669
 40
70.23132332481397
  0
LWPOLYLINE
  5
AFA
330
1F
100
AcDbEntity
  8
BOTTOM - 400_1
 62
     7
100
AcDbPolyline
 90
        4
 70
     1
 43
0.0
 38
3124.817725657187
 10
1424.19297001482
 20
0.0
 10
1824.19297001482
 20
0.0
 10
1824.19297001482
 20
-723.0
 10
1424.19297001482
 20
-723.0
210
1.0
220
0.0000000000000002
230
0.0
  0
LWPOLYLINE
  5
AFB
330
1F
100
AcDbEntity
  8
BOTTOM - 400_1
 62
     7
100
AcDbPolyline
 90
        4
 70
     1
 43
0.0
 38
3124.817725657187
 10
1424.19297001482
 20
-723.0
 91
       25
 10
1824.192970014813
 20
-723.0
 91
       26
 10
1824.192970014813
 20
-878.0
 91
       27
 10
1424.19297001482
 20
-878.0
 91
       28
210
1.0
220
0.0000000000000002
230
0.0
  0
LWPOLYLINE
  5
AFC
330
1F
100
AcDbEntity
  8
BOTTOM - 400_1
 62
     7
100
AcDbPolyline
 90
        4
 70
     1
 43
0.0
 38
3124.817725657187
 10
1561.463591764807
 20
-62.58930301173314
 10
1686.922348264833
 20
-62.58930301173314
 10
1686.922348264833
 20
-71.67984363722644
 10
1561.463591764807
 20
-71.67984363722644
210
1.0
220
0.0000000000000002
230
0.0
  0
LWPOLYLINE
  5
AFD
330
1F
100
AcDbEntity
  8
BOTTOM - 400_1
 62
     7
100
AcDbPolyline
 90
        4
 70
     1
 43
0.0
 38
3124.817725657187
 10
1766.795125725687
 20
-202.5519170413463
 10
1775.885666351177
 20
-202.5519170413463
 10
1775.885666351177
 20
-328.0106735413792
 10
1766.795125725687
 20
-328.0106735413792
210
1.0
220
0.0000000000000002
230
0.0
  0
LINE
  5
AFE
330
1F
100
AcDbEntity
  8
BOTTOM - 400_1
 62
     7
100
AcDbLine
 10
3124.817725657186
 20
1424.192970014821
 30
-160.2664338328613
 11
3124.817725657186
 21
1824.192970014821
 31
-160.2664338328613
210
1.0
220
0.0000000000000002
230
0.0
  0
LWPOLYLINE
  5
B29
330
1F
100
AcDbEntity
  8
BOTTOM - 500_1
 62
     7
100
AcDbPolyline
 90
        4
 70
     1
 43
0.0
 38
-3124.817725657193
 10
-2924.192970014829
 20
0.0000000000001913
 10
-2424.192970014833
 20
0.0000000000001913
 10
-2424.192970014825
 20
-722.9999999999924
 10
-2924.192970014822
 20
-722.9999999999924
210
-1.0
220
0.0000000000000002
230
0.0000000000000001
  0
LINE
  5
B2A
330
1F
100
AcDbEntity
  8
BOTTOM - 500_1
 62
     7
100
AcDbLine
 10
3124.817725657194
 20
2924.192970014821
 30
-160.2664338328613
 11
3124.817725657194
 21
2424.192970014831
 31
-160.2664338328613
210
-1.0
220
0.0000000000000002
230
0.0000000000000001
  0
LWPOLYLINE
  5
B2B
330
1F
100
AcDbEntity
  8
BOTTOM - 500_1
 62
     7
100
AcDbPolyline
 90
        4
 70
     1
 43
0.0
 38
-3124.817725657193
 10
-2924.192970014822
 20
-722.9999999999924
 91
       29
 10
-2424.192970014829
 20
-722.9999999999924
 91
       30
 10
-2424.192970014829
 20
-877.9999999999997
 91
       31
 10
-2924.192970014822
 20
-877.9999999999997
 91
       32
210
-1.0
220
0.0000000000000002
230
0.0000000000000001
  0
LWPOLYLINE
  5
B2C
330
1F
100
AcDbEntity
  8
BOTTOM - 500_1
 62
     7
100
AcDbPolyline
 90
        4
 70
     1
 43
0.0
 38
-3124.817725657194
 10
-2749.651726514855
 20
-75.96486484823962
 10
-2624.192970014829
 20
-75.96486484823962
 10
-2624.192970014829
 20
-85.05540547373293
 10
-2749.651726514855
 20
-85.05540547373293
210
-1.0
220
0.0000000000000002
230
0.0000000000000001
  0
LWPOLYLINE
  5
B2D
330
1F
100
AcDbEntity
  8
BOTTOM - 500_1
 62
     7
100
AcDbPolyline
 90
        4
 70
     1
 43
0.0
 38
-3124.817725657193
 10
-2881.187417057609
 20
-202.5519170413461
 10
-2872.096876432119
 20
-202.5519170413461
 10
-2872.096876432119
 20
-328.0106735413791
 10
-2881.187417057609
 20
-328.0106735413791
210
-1.0
220
0.0000000000000002
230
0.0000000000000001
  0
LINE
  5
B2E
330
1F
100
AcDbEntity
  8
BOTTOM - 500_1
 62
     7
100
AcDbLine
 10
3124.817725657194
 20
2924.192970014829
 30
0.0
 11
3124.817725657194
 21
2979.192970014829
 31
0.0
  0
LINE
  5
B2F
330
1F
100
AcDbEntity
  8
BOTTOM - 500_1
 62
     7
100
AcDbLine
 10
3124.817725657193
 20
2924.192970014821
 30
-878.0
 11
3124.817725657193
 21
2979.192970014821
 31
-878.0
  0
LINE
  5
B30
330
1F
100
AcDbEntity
  8
BOTTOM - 500_1
 62
     7
100
AcDbLine
 10
3124.817725657193
 20
2979.192970014821
 30
-878.0
 11
3124.817725657194
 21
2979.192970014829
 31
0.0
  0
INSERT
  5
EA1
330
1F
100
AcDbEntity
  8
DISHWASHER
 62
     7
100
AcDbBlockReference
  2
1
 10
3786.520833331245
 20
-600.1077527397462
 30
-2979.192970014821
 41
0.8
 42
0.8
 43
0.8
210
0.0
220
-1.0
230
0.0000000000000001
  0
LWPOLYLINE
  5
EA2
330
1F
100
AcDbEntity
  8
DISHWASHER
 62
     7
370
    18
100
AcDbPolyline
 90
        4
 70
     1
 43
0.0
 38
-2979.192970014821
 10
3975.781164443665
 20
-626.2571137333468
 10
4063.299469690075
 20
-626.2571137333468
 10
4063.299469690075
 20
-706.2571137333468
 10
3975.781164443665
 20
-706.2571137333468
210
0.0
220
-1.0
230
0.0000000000000001
  0
MTEXT
  5
EA3
330
1F
100
AcDbEntity
  8
DISHWASHER
 62
     7
370
    18
100
AcDbMText
 10
3988.577849008537
 20
2979.192970014821
 30
-650.7336323531992
 40
32.0
 41
69.13379979679594
 46
0.0
 71
     1
 72
     5
  1
{\C256;GS}
210
0.0
220
-1.0
230
0.0000000000000001
 73
     1
 44
1.0
1001
ACAD
1000
ACAD_MTEXT_COLUMN_INFO_BEGIN
1070
    75
1070
     2
1070
    79
1070
     0
1070
    76
1070
     1
1070
    78
1070
     0
1070
    48
1040
69.13379979679594
1070
    49
1040
0.8
1070
    50
1070
     1
1040
0.0
1000
ACAD_MTEXT_COLUMN_INFO_END
  0
LWPOLYLINE
  5
EA4
330
1F
100
AcDbEntity
  8
DISHWASHER
 62
     7
100
AcDbPolyline
 90
        4
 70
     1
 43
0.0
 38
-2979.192970014821
 10
3724.817725657179
 20
0.0000000000001824
 10
4324.817725657172
 20
0.0000000000001824
 10
4324.817725657172
 20
-722.9999999999961
 10
3724.817725657179
 20
-722.9999999999961
210
0.0
220
-1.0
230
0.0000000000000001
  0
LWPOLYLINE
  5
EA5
330
1F
100
AcDbEntity
  8
DISHWASHER
 62
     7
100
AcDbPolyline
 90
        4
 70
     1
 43
0.0
 38
-2979.192970014821
 10
3724.817725657187
 20
-722.9999999999961
 91
       37
 10
4324.817725657172
 20
-722.9999999999961
 91
       38
 10
4324.817725657172
 20
-877.9999999999997
 91
       39
 10
3724.817725657187
 20
-877.9999999999997
 91
       40
210
0.0
220
-1.0
230
0.0000000000000001
  0
LWPOLYLINE
  5
EA6
330
1F
100
AcDbEntity
  8
DISHWASHER
 62
     7
100
AcDbPolyline
 90
        4
 70
     1
 43
0.0
 38
-2979.192970014821
 10
3924.81772565718
 20
-103.2033245252021
 10
4124.817725657179
 20
-103.2033245252021
 10
4124.817725657179
 20
-113.2033245252021
 10
3924.81772565718
 20
-113.2033245252021
210
0.0
220
-1.0
230
0.0000000000000001
  0
LWPOLYLINE
  5
EF5
330
1F
100
AcDbEntity
  8
BOTTOM - 300
 62
     7
100
AcDbPolyline
 90
        4
 70
     1
 43
0.0
 38
-2979.19297001482
 10
4412.088347407173
 20
-62.58930301173295
 10
4537.547103907199
 20
-62.58930301173295
 10
4537.547103907199
 20
-71.67984363722625
 10
4412.088347407173
 20
-71.67984363722625
210
0.0
220
-1.0
230
0.0000000000000001
  0
LWPOLYLINE
  5
EF6
330
1F
100
AcDbEntity
  8
BOTTOM - 300
 62
     7
100
AcDbPolyline
 90
        4
 70
     1
 43
0.0
 38
-2979.19297001482
 10
4350.556664654599
 20
-202.5519170413462
 10
4359.647205280088
 20
-202.5519170413462
 10
4359.647205280088
 20
-328.0106735413791
 10
4350.556664654599
 20
-328.0106735413791
210
0.0
220
-1.0
230
0.0000000000000001
  0
LINE
  5
EF7
330
1F
100
AcDbEntity
  8
BOTTOM - 300
 62
     7
100
AcDbLine
 10
4324.817725657186
 20
2979.19297001482
 30
-160.2664338328613
 11
4624.817725657179
 21
2979.19297001482
 31
-160.2664338328618
210
0.0
220
-1.0
230
0.0000000000000001
  0
LINE
  5
EF8
330
1F
100
AcDbEntity
  8
BOTTOM - 300
 62
     7
100
AcDbLine
 10
4324.817725657186
 20
2979.19297001482
 30
0.0
 11
4324.817725657186
 21
2979.19297001482
 31
-878.0
210
0.0
220
-1.0
230
0.0000000000000001
  0
LINE
  5
EF9
330
1F
100
AcDbEntity
  8
BOTTOM - 300
 62
     7
100
AcDbLine
 10
4624.817725657179
 20
2979.19297001482
 30
-878.0
 11
4624.817725657179
 21
2979.19297001482
 31
0.0
210
0.0
220
-1.0
230
0.0000000000000001
  0
LWPOLYLINE
  5
EFA
330
1F
100
AcDbEntity
  8
BOTTOM - 300
 62
     7
100
AcDbPolyline
 90
        4
 70
     1
 43
0.0
 38
-2979.19297001482
 10
4324.817725657186
 20
0.0000000000001824
 10
4624.817725657179
 20
0.0000000000001824
 10
4624.817725657179
 20
-722.9999999999997
 10
4324.817725657186
 20
-722.9999999999997
210
0.0
220
-1.0
230
0.0000000000000001
  0
LWPOLYLINE
  5
EFB
330
1F
100
AcDbEntity
  8
BOTTOM - 300
 62
     7
100
AcDbPolyline
 90
        4
 70
     1
 43
0.0
 38
-2979.19297001482
 10
4324.817725657186
 20
-722.9999999999997
 10
4624.817725657179
 20
-722.9999999999997
 10
4624.817725657179
 20
-877.9999999999997
 10
4324.817725657186
 20
-877.9999999999997
210
0.0
220
-1.0
230
0.0000000000000001
  0
LINE
  5
EFD
330
1F
100
AcDbEntity
  8
BOTTOM - 300
 62
     7
100
AcDbLine
 10
4624.817725657179
 20
2979.19297001482
 30
0.0
 11
4678.821145534019
 21
2979.19297001482
 31
0.0
  0
LINE
  5
EFE
330
1F
100
AcDbEntity
  8
BOTTOM - 300
 62
     7
100
AcDbLine
 10
4678.821145534019
 20
2979.19297001482
 30
0.0
 11
4678.821145534021
 21
2979.19297001482
 31
-878.0
  0
LINE
  5
EFF
330
1F
100
AcDbEntity
  8
BOTTOM - 300
 62
     7
100
AcDbLine
 10
4678.821145534021
 20
2979.19297001482
 30
-878.0
 11
4624.817725657179
 21
2979.19297001482
 31
-878.0
  0
LINE
  5
1321
330
1F
100
AcDbEntity
  8
BASE
 62
     7
100
AcDbLine
 10
4678.821145534035
 20
2979.19297001482
 30
0.0
 11
4678.821145534035
 21
2979.19297001482
 31
-878.0
1001
ACAD_STEPID
1071
       77
  0
REGION
  5
132A
330
1F
100
AcDbEntity
  8
BASE
 62
     7
100
AcDbModelerGeometry
 70
     1
  1
mnjoo mf m mk          
  1
ni ^ *+0;:,4 ^ *+0\^ [ mo ^ LR mlnqiqmqijjlj QK o  
  1
mjqlfffffffffffffgjg fqfffffffffffffffjkh:roh nqooooooooooooooooli:rno 
  1
>,27:>;:- {rn rn _nl mlnqiqmqijjlj |
  1
=0;& {rn rn {rn {m {rn {l |
  1
3*2/ {rn rn {rn {rn {k {n |
  1
+->1,90-2 {rn rn rnqglifhonfghmnomfigg:rni n riqnmlmllffjhlihiioli:rnh o iqnmlmllffjhlihiioli:rnh n n nqglifhonfghmnomfigg:rni rnqnmkgnfgliffilflmoi:rlm lnmkqgnhhmjijhnfklgh rnnnmnqimgllijfkfjiik rknioqfhgfgjglfljghji n -0+>+: 10@-:93:<+ 10@,7:>- |
  1
,7:33 {rn rn {rn {rn {rn {j {rn {m |
  1
9><: {i rn {rn {rn {h {k {rn {g 90-(>-; ;0*=3: 0*+ |
  1
/:-,*=:1+r><>;L036;W6,+0-&r>++-6= {rn rn {rn {rn {j n nj nooooooooo nooi |
  1
300/ {rn rn {rn {rn {f {j |
  1
/3>1:r,*-9><: {rn rn {rn nlmkjqgmnloiiofhhfik llioqkhgfgjglfljfiii o o o n n o o 90-(>-;@) V V V V |
  1
<0:;8: {rn rn {rn {no {nn {rn {nm -:):-,:; {h {rn |
  1
<0:;8: {rn rn {rn {nl {f {rn {nk -:):-,:; {h {rn |
  1
<0:;8: {rn rn {rn {f {nl {rn {nj -:):-,:; {h {rn |
  1
:;8: {rn rn {rn {ni o {nh iooqooooooooooohmhi {f {ng 90-(>-; _h *1410(1 |
  1
<0:;8: {rn rn {rn {nn {no {rn {nf -:):-,:; {h {rn |
  1
:;8: {rn rn {rn {mo o {ni njj {no {mn 90-(>-; _h *1410(1 |
  1
:;8: {rn rn {rn {nh o {mm njj {nn {ml 90-(>-; _h *1410(1 |
  1
):-+:' {rn rn {rn {nm o {mk |
  1
):-+:' {rn rn {rn {nm n {mj |
  1
,+->687+r<*-): {rn rn {rn nmfkjqgmnloiiofhhhgm lklhqfhgfgjglfljfiii o n o o Y o Y iooqooooooooooohmhi |
  1
:;8: {rn rn {rn {mm o {mo iooqooooooooooohmhi {nl {mi 90-(>-; _h *1410(1 |
  1
):-+:' {rn rn {rn {nk o {mh |
  1
,+->687+r<*-): {rn rn {rn nmfkjqgmnloiiofhhhgm lmgmqfhgfgjglfljfiii o o n o Y o Y njj |
  1
):-+:' {rn rn {rn {nf o {mg |
  1
,+->687+r<*-): {rn rn {rn nljkjqgmnloiiofhgjn lklhqfhgfgjglfljfiii o o rn o Y o Y njj |
  1
/061+ {rn rn {rn nmfkjqgmnloiiofhhhgm lklhqfhgfgjglfljfiii o |
  1
/061+ {rn rn {rn nljkjqgmnloiiofhgjn lklhqfhgfgjglfljfiii o |
  1
,+->687+r<*-): {rn rn {rn nljkjqgmnloiiofhgjn lmgmqfhgfgjglfljfiii o rn o o Y o Y iooqooooooooooohmhi |
  1
/061+ {rn rn {rn nmfkjqgmnloiiofhhhgm lmgmqfhgfgjglfljfiii o |
  1
/061+ {rn rn {rn nljkjqgmnloiiofhgjn lmgmqfhgfgjglfljfiii o |
1001
ACAD_STEPID
1071
       15
1001
ACAD_OBJECT_CHANGE_GUID
1070
     1
1071
1658318345
1070
 30737
1070
-20916
1070
   149
1070
   177
1070
    91
1070
   167
1070
    63
1070
    92
1070
   104
1070
    72
  0
REGION
  5
132C
330
1F
100
AcDbEntity
  8
BASE
 62
     7
100
AcDbModelerGeometry
 70
     1
  1
mnjoo mf m mk          
  1
ni ^ *+0;:,4 ^ *+0\^ [ mo ^ LR mlnqiqmqijjlj QK o  
  1
mjqlfffffffffffffgjg fqfffffffffffffffjkh:roh nqooooooooooooooooli:rno 
  1
>,27:>;:- {rn rn _nl mlnqiqmqijjlj |
  1
=0;& {rn rn {rn {m {rn {l |
  1
3*2/ {rn rn {rn {rn {k {n |
  1
+->1,90-2 {rn rn rnqglifhonfghmnomfigg:rni n riqnmlmllffjhlihiioli:rnh o iqnmlmllffjhlihiioli:rnh n n nqglifhonfghmnomfigg:rni rnqnmkgnfgliffilflmoi:rlm lnmkqgnhhmjijhnfklgh rnnnmnqimgllijfkfjiik rknioqfhgfgjglfljghji n -0+>+: 10@-:93:<+ 10@,7:>- |
  1
,7:33 {rn rn {rn {rn {rn {j {rn {m |
  1
9><: {i rn {rn {rn {h {k {rn {g 90-(>-; ;0*=3: 0*+ |
  1
/:-,*=:1+r><>;L036;W6,+0-&r>++-6= {rn rn {rn {rn {j n nf l o |
  1
300/ {rn rn {rn {rn {f {j |
  1
/3>1:r,*-9><: {rn rn {rn nlkjiqkijmgnmkglgooj kofhqjjmofnjnjkjjigi o rn o o o rn o 90-(>-;@) V V V V |
  1
<0:;8: {rn rn {rn {no {nn {rn {nm -:):-,:; {h {rn |
  1
<0:;8: {rn rn {rn {nl {f {rn {nk 90-(>-; {h {rn |
  1
<0:;8: {rn rn {rn {f {nl {rn {nj -:):-,:; {h {rn |
  1
:;8: {rn rn {rn {ni nnhqkonkhnkinllnlnnh {nh nkfqolijjmglgokgon {f {ng 90-(>-; _h *1410(1 |
  1
<0:;8: {rn rn {rn {nn {no {rn {nf -:):-,:; {h {rn |
  1
:;8: {rn rn {rn {ni o {mo no {no {mn 90-(>-; _h *1410(1 |
  1
:;8: {rn rn {rn {nh o {mm no {nn {ml 90-(>-; _h *1410(1 |
  1
):-+:' {rn rn {rn {nm o {mk |
  1
):-+:' {rn rn {rn {nm n {mj |
  1
,+->687+r<*-): {rn rn {rn nlkjiqkijmgnmkglgooj lfkgqjnjjlgihhkohihi o o n ro V V |
  1
:;8: {rn rn {rn {mm o {mo lnqiljognlhihniifgmf {nl {mi 90-(>-; _h *1410(1 |
  1
):-+:' {rn rn {rn {nk n {mh |
  1
,+->687+r<*-): {rn rn {rn nlkjiqkijmgnmkglgooj koijqfnhononlghlgfgg o o o n V V |
  1
):-+:' {rn rn {rn {nf o {mg |
  1
,+->687+r<*-): {rn rn {rn nlkjiqkijmgnmkglgooj kofhqjjmofnjnjkjjigi o o o n V V |
  1
/061+ {rn rn {rn nlkjiqkijmgnmkglgooj koijqfnhononlghlgfgg o |
  1
/061+ {rn rn {rn nlkjiqkijmgnmkglgooj kofhqjjmofnjnjkjjigi o |
  1
,+->687+r<*-): {rn rn {rn nlkjiqkijmgnmkglgooj kofhqjjmofnjnjkjjigi no o rn o V V |
  1
/061+ {rn rn {rn nlkjiqkijmgnmkglgooj koijqfnhononlghlgfgg no |
  1
/061+ {rn rn {rn nlkjiqkijmgnmkglgooj kofhqjjmofnjnjkjjigi no |
1001
ACAD_STEPID
1071
       16
1001
ACAD_OBJECT_CHANGE_GUID
1070
     1
1071
585236283
1070
 20367
1070
 29006
1070
   166
1070
   106
1070
   188
1070
    13
1070
   206
1070
   150
1070
   221
1070
     3
  0
REGION
  5
132D
330
1F
100
AcDbEntity
  8
BASE
 62
     7
100
AcDbModelerGeometry
 70
     1
  1
mnjoo mf m mk          
  1
ni ^ *+0;:,4 ^ *+0\^ [ mo ^ LR mlnqiqmqijjlj QK o  
  1
mjqlfffffffffffffgjg fqfffffffffffffffjkh:roh nqooooooooooooooooli:rno 
  1
>,27:>;:- {rn rn _nl mlnqiqmqijjlj |
  1
=0;& {rn rn {rn {m {rn {l |
  1
3*2/ {rn rn {rn {rn {k {n |
  1
+->1,90-2 {rn rn rnqglifhonfghmnomfigg:rni n riqnmlmllffjhlihiioli:rnh o iqnmlmllffjhlihiioli:rnh n n nqglifhonfghmnomfigg:rni rnqnmkgnfgliffilflmoi:rlm lnmkqgnhhmjijhnfklgh rnnnmnqimgllijfkfjiik rknioqfhgfgjglfljghji n -0+>+: 10@-:93:<+ 10@,7:>- |
  1
,7:33 {rn rn {rn {rn {rn {j {rn {m |
  1
9><: {i rn {rn {rn {h {k {rn {g 90-(>-; ;0*=3: 0*+ |
  1
/:-,*=:1+r><>;L036;W6,+0-&r>++-6= {rn rn {rn {rn {j n nf k o |
  1
300/ {rn rn {rn {rn {f {j |
  1
/3>1:r,*-9><: {rn rn {rn nlkggqnomhoigoojiojj kofhqjjmofnjnjkjjigi o o n ro rn o o 90-(>-;@) V V V V |
  1
<0:;8: {rn rn {rn {no {nn {rn {nm -:):-,:; {h {rn |
  1
<0:;8: {rn rn {rn {nl {f {rn {nk 90-(>-; {h {rn |
  1
<0:;8: {rn rn {rn {f {nl {rn {nj -:):-,:; {h {rn |
  1
:;8: {rn rn {rn {ni gfqjolmhkjklmohmmiof {nh nmnqnkohooofjlghhmgh {f {ng 90-(>-; _h *1410(1 |
  1
<0:;8: {rn rn {rn {nn {no {rn {nf -:):-,:; {h {rn |
  1
:;8: {rn rn {rn {ni o {mo no {no {mn 90-(>-; _h *1410(1 |
  1
:;8: {rn rn {rn {nh o {mm no {nn {ml 90-(>-; _h *1410(1 |
  1
):-+:' {rn rn {rn {nm o {mk |
  1
):-+:' {rn rn {rn {nm n {mj |
  1
,+->687+r<*-): {rn rn {rn nlliiqfimooihojnhmgl kofhqjjmofnjnjkjjigi o n ro o V V |
  1
:;8: {rn rn {rn {mm o {mo lnqilhkmjjjmngojomji {nl {mi 90-(>-; _h *1410(1 |
  1
):-+:' {rn rn {rn {nk n {mh |
  1
,+->687+r<*-): {rn rn {rn nlkjiqkijmgnmkglgooj kofhqjjmofnjnjkjjigi o o o n V V |
  1
):-+:' {rn rn {rn {nf o {mg |
  1
,+->687+r<*-): {rn rn {rn nlkggqnomhoigoojiojj kofhqjjmofnjnjkjjigi o o o n V V |
  1
/061+ {rn rn {rn nlkjiqkijmgnmkglgooj kofhqjjmofnjnjkjjigi o |
  1
/061+ {rn rn {rn nlkggqnomhoigoojiojj kofhqjjmofnjnjkjjigi o |
  1
,+->687+r<*-): {rn rn {rn nlkggqnomhoigoojiojj kofhqjjmofnjnjkjjigi no rn o o V V |
  1
/061+ {rn rn {rn nlkjiqkijmgnmkglgooj kofhqjjmofnjnjkjjigi no |
  1
/061+ {rn rn {rn nlkggqnomhoigoojiojj kofhqjjmofnjnjkjjigi no |
1001
ACAD_STEPID
1071
       16
1001
ACAD_OBJECT_CHANGE_GUID
1070
     1
1071
 43023253
1070
-11464
1070
-20662
1070
   140
1070
    82
1070
   172
1070
     4
1070
   161
1070
    85
1070
   132
1070
   120
  0
REGION
  5
132F
330
1F
100
AcDbEntity
  8
BASE
 62
     7
100
AcDbModelerGeometry
 70
     1
  1
mnjoo mf m mk          
  1
ni ^ *+0;:,4 ^ *+0\^ [ mo ^ LR mlnqiqmqijjlj QK o  
  1
mjqlfffffffffffffgjg fqfffffffffffffffjkh:roh nqooooooooooooooooli:rno 
  1
>,27:>;:- {rn rn _nl mlnqiqmqijjlj |
  1
=0;& {rn rn {rn {m {rn {l |
  1
3*2/ {rn rn {rn {rn {k {n |
  1
+->1,90-2 {rn rn rnqglifhonfghmnomfigg:rni n riqnmlmllffjhlihiioli:rnh o iqnmlmllffjhlihiioli:rnh n n nqglifhonfghmnomfigg:rni rnqnmkgnfgliffilflmoi:rlm lnmkqgnhhmjijhnfklgh rnnnmnqimgllijfkfjiik rknioqfhgfgjglfljghji n -0+>+: 10@-:93:<+ 10@,7:>- |
  1
,7:33 {rn rn {rn {rn {rn {j {rn {m |
  1
9><: {i rn {rn {rn {h {k {rn {g 90-(>-; ;0*=3: 0*+ |
  1
/:-,*=:1+r><>;L036;W6,+0-&r>++-6= {rn rn {rn {rn {j n nf nooooooooo m |
  1
300/ {rn rn {rn {rn {f {j |
  1
/3>1:r,*-9><: {rn rn {rn nlkhmqmglffkomkkigkg kognqhlkjjogmhofikmh no o o n n o o 90-(>-;@) V V V V |
  1
<0:;8: {rn rn {rn {no {nn {rn {nm 90-(>-; {h {rn |
  1
<0:;8: {rn rn {rn {nl {f {rn {nk 90-(>-; {h {rn |
  1
<0:;8: {rn rn {rn {f {nl {rn {nj 90-(>-; {h {rn |
  1
:;8: {rn rn {rn {ni o {nh lnqiljognlhihniifgmf {f {ng 90-(>-; _h *1410(1 |
  1
<0:;8: {rn rn {rn {nn {no {rn {nf 90-(>-; {h {rn |
  1
:;8: {rn rn {rn {nh o {mo lnqilhkmjjjmngojomji {no {mn 90-(>-; _h *1410(1 |
  1
:;8: {rn rn {rn {mm o {ni lnqilhkmjjjmngojomji {nn {ml 90-(>-; _h *1410(1 |
  1
):-+:' {rn rn {rn {nm o {mk |
  1
):-+:' {rn rn {rn {nm n {mj |
  1
,+->687+r<*-): {rn rn {rn nlkggqnomhoigoojiojj koijqfnhononlghlgfgg no o n o V V |
  1
:;8: {rn rn {rn {mo o {mm lnqiljognlhihniifgmf {nl {mi 90-(>-; _h *1410(1 |
  1
):-+:' {rn rn {rn {nk n {mh |
  1
,+->687+r<*-): {rn rn {rn nlkggqnomhoigoojiojj kofhqjjmofnjnjkjjigi no rn o o V V |
  1
):-+:' {rn rn {rn {nf n {mg |
  1
,+->687+r<*-): {rn rn {rn nlkjiqkijmgnmkglgooj koijqfnhononlghlgfgg no n o o V V |
  1
/061+ {rn rn {rn nlkggqnomhoigoojiojj koijqfnhononlghlgfgg no |
  1
/061+ {rn rn {rn nlkggqnomhoigoojiojj kofhqjjmofnjnjkjjigi no |
  1
,+->687+r<*-): {rn rn {rn nlkjiqkijmgnmkglgooj kofhqjjmofnjnjkjjigi no o rn o V V |
  1
/061+ {rn rn {rn nlkjiqkijmgnmkglgooj kofhqjjmofnjnjkjjigi no |
  1
/061+ {rn rn {rn nlkjiqkijmgnmkglgooj koijqfnhononlghlgfgg no |
1001
ACAD_STEPID
1071
       16
1001
ACAD_OBJECT_CHANGE_GUID
1070
     1
1071
1958124860
1070
-32262
1070
-15040
1070
   170
1070
    59
1070
   164
1070
   209
1070
   114
1070
    20
1070
    72
1070
    25
  0
REGION
  5
1332
330
1F
100
AcDbEntity
  8
BASE
 62
     7
100
AcDbModelerGeometry
 70
     1
  1
mnjoo mf m mk          
  1
ni ^ *+0;:,4 ^ *+0\^ [ mo ^ LR mlnqiqmqijjlj QK o  
  1
mjqlfffffffffffffgjg fqfffffffffffffffjkh:roh nqooooooooooooooooli:rno 
  1
>,27:>;:- {rn rn _nl mlnqiqmqijjlj |
  1
=0;& {rn rn {rn {m {rn {l |
  1
3*2/ {rn rn {rn {rn {k {n |
  1
+->1,90-2 {rn rn rnqglifhonfghmnomfigg:rni n riqnmlmllffjhlihiioli:rnh o iqnmlmllffjhlihiioli:rnh n n nqglifhonfghmnomfigg:rni rnqnmkgnfgliffilflmoi:rlm lnmkqgnhhmjijhnfklgh rnnnmnqimgllijfkfjiik rknioqfhgfgjglfljghji n -0+>+: 10@-:93:<+ 10@,7:>- |
  1
,7:33 {rn rn {rn {rn {rn {j {rn {m |
  1
9><: {i rn {rn {rn {h {k {rn {g 90-(>-; ;0*=3: 0*+ |
  1
/:-,*=:1+r><>;L036;W6,+0-&r>++-6= {rn rn {rn {rn {j n ng k o |
  1
300/ {rn rn {rn {rn {f {j |
  1
/3>1:r,*-9><: {rn rn {rn nllfnqoogjlghmiimimg kofhqjjmofnjnjkjjigi o rn o o o rn o 90-(>-;@) V V V V |
  1
<0:;8: {rn rn {rn {no {nn {rn {nm -:):-,:; {h {rn |
  1
<0:;8: {rn rn {rn {nl {f {rn {nk 90-(>-; {h {rn |
  1
<0:;8: {rn rn {rn {f {nl {rn {nj -:):-,:; {h {rn |
  1
:;8: {rn rn {rn {ni nnhqkonkhnkinllnlnnh {nh nkfqolijjmglgokgon {f {ng 90-(>-; _h *1410(1 |
  1
<0:;8: {rn rn {rn {nn {no {rn {nf -:):-,:; {h {rn |
  1
:;8: {rn rn {rn {ni o {mo no {no {mn 90-(>-; _h *1410(1 |
  1
:;8: {rn rn {rn {nh o {mm no {nn {ml 90-(>-; _h *1410(1 |
  1
):-+:' {rn rn {rn {nm o {mk |
  1
):-+:' {rn rn {rn {nm n {mj |
  1
,+->687+r<*-): {rn rn {rn nllfnqoogjlghmiimimg lfkgqjnjjlgihhkohihi o o n ro V V |
  1
:;8: {rn rn {rn {mm o {mo lnqiljognlhihniifgmf {nl {mi 90-(>-; _h *1410(1 |
  1
):-+:' {rn rn {rn {nk n {mh |
  1
,+->687+r<*-): {rn rn {rn nllfnqoogjlghmiimimg koijqfnhononlghlgfgg o o o n V V |
  1
):-+:' {rn rn {rn {nf o {mg |
  1
,+->687+r<*-): {rn rn {rn nllfnqoogjlghmiimimg kofhqjjmofnjnjkjjigi o o o n V V |
  1
/061+ {rn rn {rn nllfnqoogjlghmiimimg koijqfnhononlghlgfgg o |
  1
/061+ {rn rn {rn nllfnqoogjlghmiimimg kofhqjjmofnjnjkjjigi o |
  1
,+->687+r<*-): {rn rn {rn nllfnqoogjlghmiimimg kofhqjjmofnjnjkjjigi no o rn o V V |
  1
/061+ {rn rn {rn nllfnqoogjlghmiimimg koijqfnhononlghlgfgg no |
  1
/061+ {rn rn {rn nllfnqoogjlghmiimimg kofhqjjmofnjnjkjjigi no |
1001
ACAD_STEPID
1071
       16
1001
ACAD_OBJECT_CHANGE_GUID
1070
     1
1071
2014324790
1070
 19556
1070
 26445
1070
   130
1070
   183
1070
    95
1070
     9
1070
   128
1070
   122
1070
     5
1070
   190
  0
REGION
  5
1333
330
1F
100
AcDbEntity
  8
BASE
 62
     7
100
AcDbModelerGeometry
 70
     1
  1
mnjoo mf m mk          
  1
ni ^ *+0;:,4 ^ *+0\^ [ mo ^ LR mlnqiqmqijjlj QK o  
  1
mjqlfffffffffffffgjg fqfffffffffffffffjkh:roh nqooooooooooooooooli:rno 
  1
>,27:>;:- {rn rn _nl mlnqiqmqijjlj |
  1
=0;& {rn rn {rn {m {rn {l |
  1
3*2/ {rn rn {rn {rn {k {n |
  1
+->1,90-2 {rn rn rnqglifhonfghmnomfigg:rni n riqnmlmllffjhlihiioli:rnh o iqnmlmllffjhlihiioli:rnh n n nqglifhonfghmnomfigg:rni rnqnmkgnfgliffilflmoi:rlm lnmkqgnhhmjijhnfklgh rnnnmnqimgllijfkfjiik rknioqfhgfgjglfljghji n -0+>+: 10@-:93:<+ 10@,7:>- |
  1
,7:33 {rn rn {rn {rn {rn {j {rn {m |
  1
9><: {i rn {rn {rn {h {k {rn {g 90-(>-; ;0*=3: 0*+ |
  1
/:-,*=:1+r><>;L036;W6,+0-&r>++-6= {rn rn {rn {rn {j n ng n o |
  1
300/ {rn rn {rn {rn {f {j |
  1
/3>1:r,*-9><: {rn rn {rn nlkmmqikjfikmhggoihf kofhqjjmofnjnjkjjigi o o n ro rn o o 90-(>-;@) V V V V |
  1
<0:;8: {rn rn {rn {no {nn {rn {nm -:):-,:; {h {rn |
  1
<0:;8: {rn rn {rn {nl {f {rn {nk 90-(>-; {h {rn |
  1
<0:;8: {rn rn {rn {f {nl {rn {nj -:):-,:; {h {rn |
  1
:;8: {rn rn {rn {ni jiqhhkfolmgmllolkmlk {nh ggqknmlmgglkjnogkkf {f {ng 90-(>-; _h *1410(1 |
  1
<0:;8: {rn rn {rn {nn {no {rn {nf -:):-,:; {h {rn |
  1
:;8: {rn rn {rn {ni o {mo no {no {mn 90-(>-; _h *1410(1 |
  1
:;8: {rn rn {rn {nh o {mm no {nn {ml 90-(>-; _h *1410(1 |
  1
):-+:' {rn rn {rn {nm o {mk |
  1
):-+:' {rn rn {rn {nm n {mj |
  1
,+->687+r<*-): {rn rn {rn nlllkqmlliljkkkmfjfk kofhqjjmofnjnjkjjigi o n ro o V V |
  1
:;8: {rn rn {rn {mm o {mo lnqilhkmjjjmngojomji {nl {mi 90-(>-; _h *1410(1 |
  1
):-+:' {rn rn {rn {nk n {mh |
  1
,+->687+r<*-): {rn rn {rn nllfnqoogjlghmiimimg kofhqjjmofnjnjkjjigi o o o n V V |
  1
):-+:' {rn rn {rn {nf o {mg |
  1
,+->687+r<*-): {rn rn {rn nlkmmqikjfikmhggoihf kofhqjjmofnjnjkjjigi o o o n V V |
  1
/061+ {rn rn {rn nllfnqoogjlghmiimimg kofhqjjmofnjnjkjjigi o |
  1
/061+ {rn rn {rn nlkmmqikjfikmhggoihf kofhqjjmofnjnjkjjigi o |
  1
,+->687+r<*-): {rn rn {rn nlkmmqikjfikmhggoihf kofhqjjmofnjnjkjjigi no rn o o V V |
  1
/061+ {rn rn {rn nllfnqoogjlghmiimimg kofhqjjmofnjnjkjjigi no |
  1
/061+ {rn rn {rn nlkmmqikjfikmhggoihf kofhqjjmofnjnjkjjigi no |
1001
ACAD_STEPID
1071
       16
1001
ACAD_OBJECT_CHANGE_GUID
1070
     1
1071
-1754436209
1070
 11363
1070
-29114
1070
   178
1070
   176
1070
   222
1070
   154
1070
   144
1070
    60
1070
    73
1070
   132
  0
REGION
  5
1334
330
1F
100
AcDbEntity
  8
BASE
 62
     7
100
AcDbModelerGeometry
 70
     1
  1
mnjoo mf m mk          
  1
ni ^ *+0;:,4 ^ *+0\^ [ mo ^ LR mlnqiqmqijjlj QK o  
  1
mjqlfffffffffffffgjg fqfffffffffffffffjkh:roh nqooooooooooooooooli:rno 
  1
>,27:>;:- {rn rn _nl mlnqiqmqijjlj |
  1
=0;& {rn rn {rn {m {rn {l |
  1
3*2/ {rn rn {rn {rn {k {n |
  1
+->1,90-2 {rn rn rnqglifhonfghmnomfigg:rni n riqnmlmllffjhlihiioli:rnh o iqnmlmllffjhlihiioli:rnh n n nqglifhonfghmnomfigg:rni rnqnmkgnfgliffilflmoi:rlm lnmkqgnhhmjijhnfklgh rnnnmnqimgllijfkfjiik rknioqfhgfgjglfljghji n -0+>+: 10@-:93:<+ 10@,7:>- |
  1
,7:33 {rn rn {rn {rn {rn {j {rn {m |
  1
9><: {i rn {rn {rn {h {k {rn {g 90-(>-; ;0*=3: 0*+ |
  1
/:-,*=:1+r><>;L036;W6,+0-&r>++-6= {rn rn {rn {rn {j n ng nooooooooo m |
  1
300/ {rn rn {rn {rn {f {j |
  1
/3>1:r,*-9><: {rn rn {rn nlkoiqgmhmjnjomhnmf kognqhlkjjogmhofikmh no o o n n o o 90-(>-;@) V V V V |
  1
<0:;8: {rn rn {rn {no {nn {rn {nm 90-(>-; {h {rn |
  1
<0:;8: {rn rn {rn {nl {f {rn {nk 90-(>-; {h {rn |
  1
<0:;8: {rn rn {rn {f {nl {rn {nj 90-(>-; {h {rn |
  1
:;8: {rn rn {rn {ni o {nh lnqilhkmjjjmngojomji {f {ng 90-(>-; _h *1410(1 |
  1
<0:;8: {rn rn {rn {nn {no {rn {nf 90-(>-; {h {rn |
  1
:;8: {rn rn {rn {nh o {mo lnqiljognlhihniifgmf {no {mn 90-(>-; _h *1410(1 |
  1
:;8: {rn rn {rn {mm o {ni lnqiljognlhihniifgmf {nn {ml 90-(>-; _h *1410(1 |
  1
):-+:' {rn rn {rn {nm o {mk |
  1
):-+:' {rn rn {rn {nm n {mj |
  1
,+->687+r<*-): {rn rn {rn nlkmmqikjfikmhggoihf kofhqjjmofnjnjkjjigi no rn o o V V |
  1
:;8: {rn rn {rn {mo o {mm lnqilhkmjjjmngojomji {nl {mi 90-(>-; _h *1410(1 |
  1
):-+:' {rn rn {rn {nk n {mh |
  1
,+->687+r<*-): {rn rn {rn nllfnqoogjlghmiimimg kofhqjjmofnjnjkjjigi no o rn o V V |
  1
):-+:' {rn rn {rn {nf n {mg |
  1
,+->687+r<*-): {rn rn {rn nlkmmqikjfikmhggoihf koijqfnhononlghlgfgg no o n o V V |
  1
/061+ {rn rn {rn nlkmmqikjfikmhggoihf kofhqjjmofnjnjkjjigi no |
  1
/061+ {rn rn {rn nllfnqoogjlghmiimimg kofhqjjmofnjnjkjjigi no |
  1
,+->687+r<*-): {rn rn {rn nllfnqoogjlghmiimimg koijqfnhononlghlgfgg no n o o V V |
  1
/061+ {rn rn {rn nllfnqoogjlghmiimimg koijqfnhononlghlgfgg no |
  1
/061+ {rn rn {rn nlkmmqikjfikmhggoihf koijqfnhononlghlgfgg no |
1001
ACAD_STEPID
1071
       16
1001
ACAD_OBJECT_CHANGE_GUID
1070
     1
1071
1744525802
1070
-10231
1070
-10170
1070
   177
1070
    69
1070
   204
1070
    55
1070
   103
1070
    92
1070
   173
1070
    10
  0
REGION
  5
1337
330
1F
100
AcDbEntity
  8
BASE
 62
     7
100
AcDbModelerGeometry
 70
     1
  1
mnjoo mf m mk          
  1
ni ^ *+0;:,4 ^ *+0\^ [ mo ^ LR mlnqiqmqijjlj QK o  
  1
mjqlfffffffffffffgjg fqfffffffffffffffjkh:roh nqooooooooooooooooli:rno 
  1
>,27:>;:- {rn rn _nl mlnqiqmqijjlj |
  1
=0;& {rn rn {rn {m {rn {l |
  1
3*2/ {rn rn {rn {rn {k {n |
  1
+->1,90-2 {rn rn rnqglifhonfghmnomfigg:rni n riqnmlmllffjhlihiioli:rnh o iqnmlmllffjhlihiioli:rnh n n nqglifhonfghmnomfigg:rni rnqnmkgnfgliffilflmoi:rlm lnmkqgnhhmjijhnfklgh rnnnmnqimgllijfkfjiik rknioqfhgfgjglfljghji n -0+>+: 10@-:93:<+ 10@,7:>- |
  1
,7:33 {rn rn {rn {rn {rn {j {rn {m |
  1
9><: {i rn {rn {rn {h {k {rn {g 90-(>-; ;0*=3: 0*+ |
  1
/:-,*=:1+r><>;L036;W6,+0-&r>++-6= {rn rn {rn {rn {j n nh k o |
  1
300/ {rn rn {rn {rn {f {j |
  1
/3>1:r,*-9><: {rn rn {rn nlonjqojjfkmflgmgglj lfinqgijjkljkgifgokm o rn o o o rn o 90-(>-;@) V V V V |
  1
<0:;8: {rn rn {rn {no {nn {rn {nm -:):-,:; {h {rn |
  1
<0:;8: {rn rn {rn {nl {f {rn {nk 90-(>-; {h {rn |
  1
<0:;8: {rn rn {rn {f {nl {rn {nj -:):-,:; {h {rn |
  1
:;8: {rn rn {rn {ni jfqkknlkinjomkkkfggi {nh gnqnflmhggjkiifnggnj {f {ng 90-(>-; _h *1410(1 |
  1
<0:;8: {rn rn {rn {nn {no {rn {nf -:):-,:; {h {rn |
  1
:;8: {rn rn {rn {ni o {mo mo {no {mn 90-(>-; _h *1410(1 |
  1
:;8: {rn rn {rn {nh o {mm mo {nn {ml 90-(>-; _h *1410(1 |
  1
):-+:' {rn rn {rn {nm o {mk |
  1
):-+:' {rn rn {rn {nm n {mj |
  1
,+->687+r<*-): {rn rn {rn nlonjqojjfkmflgmgglj lggoqihmmikifkomggjk o o n ro V V |
  1
:;8: {rn rn {rn {mm o {mo mnqhjnflmhokkmkigfmf {nl {mi 90-(>-; _h *1410(1 |
  1
):-+:' {rn rn {rn {nk n {mh |
  1
,+->687+r<*-): {rn rn {rn nlonjqojjfkmflgmgglj lfkoqnnlinogkkmhlljl o o o n V V |
  1
):-+:' {rn rn {rn {nf o {mg |
  1
,+->687+r<*-): {rn rn {rn nlonjqojjfkmflgmgglj lfinqgijjkljkgifgokm o o o n V V |
  1
/061+ {rn rn {rn nlonjqojjfkmflgmgglj lfkoqnnlinogkkmhlljl o |
  1
/061+ {rn rn {rn nlonjqojjfkmflgmgglj lfinqgijjkljkgifgokm o |
  1
,+->687+r<*-): {rn rn {rn nlonjqojjfkmflgmgglj lfinqgijjkljkgifgokm mo o rn o V V |
  1
/061+ {rn rn {rn nlonjqojjfkmflgmgglj lfkoqnnlinogkkmhlljl mo |
  1
/061+ {rn rn {rn nlonjqojjfkmflgmgglj lfinqgijjkljkgifgokm mo |
1001
ACAD_STEPID
1071
       16
1001
ACAD_OBJECT_CHANGE_GUID
1070
     1
1071
-848936190
1070
 31917
1070
    77
1070
   136
1070
    71
1070
   102
1070
    73
1070
   198
1070
   133
1070
   237
1070
    98
  0
REGION
  5
1338
330
1F
100
AcDbEntity
  8
BASE
 62
     7
100
AcDbModelerGeometry
 70
     1
  1
mnjoo mf m mk          
  1
ni ^ *+0;:,4 ^ *+0\^ [ mo ^ LR mlnqiqmqijjlj QK o  
  1
mjqlfffffffffffffgjg fqfffffffffffffffjkh:roh nqooooooooooooooooli:rno 
  1
>,27:>;:- {rn rn _nl mlnqiqmqijjlj |
  1
=0;& {rn rn {rn {m {rn {l |
  1
3*2/ {rn rn {rn {rn {k {n |
  1
+->1,90-2 {rn rn rnqglifhonfghmnomfigg:rni n riqnmlmllffjhlihiioli:rnh o iqnmlmllffjhlihiioli:rnh n n nqglifhonfghmnomfigg:rni rnqnmkgnfgliffilflmoi:rlm lnmkqgnhhmjijhnfklgh rnnnmnqimgllijfkfjiik rknioqfhgfgjglfljghji n -0+>+: 10@-:93:<+ 10@,7:>- |
  1
,7:33 {rn rn {rn {rn {rn {j {rn {m |
  1
9><: {i rn {rn {rn {h {k {rn {g 90-(>-; ;0*=3: 0*+ |
  1
/:-,*=:1+r><>;L036;W6,+0-&r>++-6= {rn rn {rn {rn {j n nh n o |
  1
300/ {rn rn {rn {rn {f {j |
  1
/3>1:r,*-9><: {rn rn {rn nlkgnqhfmhmmghifnkfm lfinqgijjkljkgifgokm o o n ro rn o o 90-(>-;@) V V V V |
  1
<0:;8: {rn rn {rn {no {nn {rn {nm -:):-,:; {h {rn |
  1
<0:;8: {rn rn {rn {nl {f {rn {nk 90-(>-; {h {rn |
  1
<0:;8: {rn rn {rn {f {nl {rn {nj -:):-,:; {h {rn |
  1
:;8: {rn rn {rn {ni rlkgqhjnohngojoinijin {nh nnhqfgjhognlljikfnmh {f {ng 90-(>-; _h *1410(1 |
  1
<0:;8: {rn rn {rn {nn {no {rn {nf -:):-,:; {h {rn |
  1
:;8: {rn rn {rn {ni o {mo mo {no {mn 90-(>-; _h *1410(1 |
  1
:;8: {rn rn {rn {nh o {mm mo {nn {ml 90-(>-; _h *1410(1 |
  1
):-+:' {rn rn {rn {nm o {mk |
  1
):-+:' {rn rn {rn {nm n {mj |
  1
,+->687+r<*-): {rn rn {rn nllilqgohonkhklljoon lfinqgijjkljkgifgokm o n ro o V V |
  1
:;8: {rn rn {rn {mm o {mo kiiqhlihhfflgimijigg {nl {mi 90-(>-; _h *1410(1 |
  1
):-+:' {rn rn {rn {nk n {mh |
  1
,+->687+r<*-): {rn rn {rn nlonjqojjfkmflgmgglj lfinqgijjkljkgifgokm o o o n V V |
  1
):-+:' {rn rn {rn {nf o {mg |
  1
,+->687+r<*-): {rn rn {rn nlkgnqhfmhmmghifnkfm lfinqgijjkljkgifgokm o o o n V V |
  1
/061+ {rn rn {rn nlonjqojjfkmflgmgglj lfinqgijjkljkgifgokm o |
  1
/061+ {rn rn {rn nlkgnqhfmhmmghifnkfm lfinqgijjkljkgifgokm o |
  1
,+->687+r<*-): {rn rn {rn nlkgnqhfmhmmghifnkfm lfinqgijjkljkgifgokm mo rn o o V V |
  1
/061+ {rn rn {rn nlonjqojjfkmflgmgglj lfinqgijjkljkgifgokm mo |
  1
/061+ {rn rn {rn nlkgnqhfmhmmghifnkfm lfinqgijjkljkgifgokm mo |
1001
ACAD_STEPID
1071
       16
1001
ACAD_OBJECT_CHANGE_GUID
1070
     1
1071
772021892
1070
  4657
1070
 -4798
1070
   149
1070
   165
1070
   220
1070
    10
1070
   133
1070
    56
1070
   228
1070
   148
  0
REGION
  5
1339
330
1F
100
AcDbEntity
  8
BASE
 62
     7
100
AcDbModelerGeometry
 70
     1
  1
mnjoo mf m mk          
  1
ni ^ *+0;:,4 ^ *+0\^ [ mo ^ LR mlnqiqmqijjlj QK o  
  1
mjqlfffffffffffffgjg fqfffffffffffffffjkh:roh nqooooooooooooooooli:rno 
  1
>,27:>;:- {rn rn _nl mlnqiqmqijjlj |
  1
=0;& {rn rn {rn {m {rn {l |
  1
3*2/ {rn rn {rn {rn {k {n |
  1
+->1,90-2 {rn rn rnqglifhonfghmnomfigg:rni n riqnmlmllffjhlihiioli:rnh o iqnmlmllffjhlihiioli:rnh n n nqglifhonfghmnomfigg:rni rnqnmkgnfgliffilflmoi:rlm lnmkqgnhhmjijhnfklgh rnnnmnqimgllijfkfjiik rknioqfhgfgjglfljghji n -0+>+: 10@-:93:<+ 10@,7:>- |
  1
,7:33 {rn rn {rn {rn {rn {j {rn {m |
  1
9><: {i rn {rn {rn {h {k {rn {g 90-(>-; ;0*=3: 0*+ |
  1
/:-,*=:1+r><>;L036;W6,+0-&r>++-6= {rn rn {rn {rn {j n nh nooooooooo m |
  1
300/ {rn rn {rn {rn {f {j |
  1
/3>1:r,*-9><: {rn rn {rn nlmkgqkmkllmfohiolki lfjoqfgfjhhnfikgiioh mo o o n n o o 90-(>-;@) V V V V |
  1
<0:;8: {rn rn {rn {no {nn {rn {nm 90-(>-; {h {rn |
  1
<0:;8: {rn rn {rn {nl {f {rn {nk 90-(>-; {h {rn |
  1
<0:;8: {rn rn {rn {f {nl {rn {nj 90-(>-; {h {rn |
  1
:;8: {rn rn {rn {ni o {nh kiiqhlihhfflgimijigg {f {ng 90-(>-; _h *1410(1 |
  1
<0:;8: {rn rn {rn {nn {no {rn {nf 90-(>-; {h {rn |
  1
:;8: {rn rn {rn {nh o {mo mnqhjnflmhokkmkigfmf {no {mn 90-(>-; _h *1410(1 |
  1
:;8: {rn rn {rn {mm o {ni mnqhjnflmhokkmkigfmf {nn {ml 90-(>-; _h *1410(1 |
  1
):-+:' {rn rn {rn {nm o {mk |
  1
):-+:' {rn rn {rn {nm n {mj |
  1
,+->687+r<*-): {rn rn {rn nlkgnqhfmhmmghifnkfm lfinqgijjkljkgifgokm mo rn o o V V |
  1
:;8: {rn rn {rn {mo o {mm kiiqhlihhfflgimijigg {nl {mi 90-(>-; _h *1410(1 |
  1
):-+:' {rn rn {rn {nk n {mh |
  1
,+->687+r<*-): {rn rn {rn nlonjqojjfkmflgmgglj lfinqgijjkljkgifgokm mo o rn o V V |
  1
):-+:' {rn rn {rn {nf n {mg |
  1
,+->687+r<*-): {rn rn {rn nlkgnqhfmhmmghifnkfm lfkoqnnlinogkkmhlljl mo o n o V V |
  1
/061+ {rn rn {rn nlkgnqhfmhmmghifnkfm lfinqgijjkljkgifgokm mo |
  1
/061+ {rn rn {rn nlonjqojjfkmflgmgglj lfinqgijjkljkgifgokm mo |
  1
,+->687+r<*-): {rn rn {rn nlonjqojjfkmflgmgglj lfkoqnnlinogkkmhlljl mo n o o V V |
  1
/061+ {rn rn {rn nlonjqojjfkmflgmgglj lfkoqnnlinogkkmhlljl mo |
  1
/061+ {rn rn {rn nlkgnqhfmhmmghifnkfm lfkoqnnlinogkkmhlljl mo |
1001
ACAD_STEPID
1071
       16
1001
ACAD_OBJECT_CHANGE_GUID
1070
     1
1071
456944398
1070
-11627
1070
-30898
1070
   139
1070
   141
1070
   125
1070
   248
1070
    20
1070
   196
1070
   253
1070
   238
  0
LINE
  5
1341
330
1F
100
AcDbEntity
  8
BASE
 62
     7
100
AcDbLine
 10
3124.817725657192
 20
2334.836944653424
 30
-95.06197570062068
 11
3124.817725657192
 21
2334.836944653424
 31
-63.42689432390398
210
1.0
220
0.0000000000000002
230
0.0
1001
ACAD_STEPID
1071
       16
  0
LINE
  5
1342
330
1F
100
AcDbEntity
  8
BASE
 62
     7
100
AcDbLine
 10
3124.817725657192
 20
2334.836944653424
 30
-63.42689432390398
 11
3124.817725657192
 21
2366.474370205604
 31
-63.42689432390398
210
1.0
220
0.0000000000000002
230
0.0
1001
ACAD_STEPID
1071
       16
  0
LINE
  5
1346
330
1F
100
AcDbEntity
  8
BASE
 62
     7
100
AcDbLine
 10
3124.817725657192
 20
2269.38020213167
 30
-95.06197570062068
 11
3124.817725657192
 21
2269.38020213167
 31
-63.42689432390398
210
1.0
220
0.0000000000000002
230
0.0
1001
ACAD_STEPID
1071
       16
  0
LINE
  5
1347
330
1F
100
AcDbEntity
  8
BASE
 62
     7
100
AcDbLine
 10
3124.817725657192
 20
2269.38020213167
 30
-63.42689432390398
 11
3124.817725657192
 21
2301.01762768385
 31
-63.42689432390398
210
1.0
220
0.0000000000000002
230
0.0
1001
ACAD_STEPID
1071
       16
  0
LINE
  5
134A
330
1F
100
AcDbEntity
  8
BASE
 62
     7
100
AcDbLine
 10
3124.817725657192
 20
1893.427606343331
 30
-220.8653749950863
 11
3124.817725657192
 21
1893.427606343331
 31
-199.1134422906616
210
1.0
220
0.0000000000000002
230
0.0
1001
ACAD_STEPID
1071
       16
  0
LINE
  5
134B
330
1F
100
AcDbEntity
  8
BASE
 62
     7
100
AcDbLine
 10
3124.817725657192
 20
1893.427606343331
 30
-199.1134422906616
 11
3124.817725657192
 21
2360.164386281958
 31
-199.1134422906616
210
1.0
220
0.0000000000000002
230
0.0
1001
ACAD_STEPID
1071
       16
  0
LINE
  5
134C
330
1F
100
AcDbEntity
  8
BASE
 62
     7
100
AcDbLine
 10
3124.817725657192
 20
1824.192970014829
 30
0.0
 11
3124.817725657192
 21
2424.192970014836
 31
0.0
210
1.0
220
0.0000000000000002
230
0.0
1001
ACAD_STEPID
1071
       16
  0
LINE
  5
134D
330
1F
100
AcDbEntity
  8
BASE
 62
     7
100
AcDbLine
 10
3124.817725657192
 20
1824.192970014821
 30
-723.0
 11
3124.817725657192
 21
1824.192970014829
 31
0.0
210
1.0
220
0.0000000000000002
230
0.0
1001
ACAD_STEPID
1071
       16
  0
LINE
  5
134E
330
1F
100
AcDbEntity
  8
BASE
 62
     7
100
AcDbLine
 10
3124.817725657192
 20
2424.192970014829
 30
-723.0
 11
3124.817725657192
 21
1824.192970014821
 31
-723.0
210
1.0
220
0.0000000000000002
230
0.0
1001
ACAD_STEPID
1071
       16
  0
LINE
  5
134F
330
1F
100
AcDbEntity
  8
BASE
 62
     7
100
AcDbLine
 10
3124.817725657192
 20
2424.192970014836
 30
0.0
 11
3124.817725657192
 21
2424.192970014829
 31
-723.0
210
1.0
220
0.0000000000000002
230
0.0
1001
ACAD_STEPID
1071
       16
  0
REGION
  5
1352
330
1F
100
AcDbEntity
  8
BASE
 62
     7
100
AcDbModelerGeometry
 70
     1
  1
mnjoo mf m mk          
  1
ni ^ *+0;:,4 ^ *+0\^ [ mo ^ LR mlnqiqmqijjlj QK o  
  1
mjqlfffffffffffffgjg fqfffffffffffffffjkh:roh nqooooooooooooooooli:rno 
  1
>,27:>;:- {rn rn _nl mlnqiqmqijjlj |
  1
=0;& {rn rn {rn {m {rn {l |
  1
3*2/ {rn rn {rn {rn {k {n |
  1
+->1,90-2 {rn rn rnqglifhonfghmnomfigg:rni n riqnmlmllffjhlihiioli:rnh o iqnmlmllffjhlihiioli:rnh n n nqglifhonfghmnomfigg:rni rnqnmkgnfgliffilflmoi:rlm lnmkqgnhhmjijhnfklgh rnnnmnqimgllijfkfjiik rknioqfhgfgjglfljghji n -0+>+: 10@-:93:<+ 10@,7:>- |
  1
,7:33 {rn rn {rn {rn {rn {j {rn {m |
  1
9><: {i rn {rn {rn {h {k {rn {g 90-(>-; ;0*=3: 0*+ |
  1
/:-,*=:1+r><>;L036;W6,+0-&r>++-6= {rn rn {rn {rn {j n mo nooooooooo nool |
  1
300/ {rn rn {rn {rn {f {j |
  1
/3>1:r,*-9><: {rn rn {rn nlnhgqjmlnookmfimjil ljkoqlmnkoojljnjnokm o rn o o ro rn ro 90-(>-;@) V V V V |
  1
<0:;8: {rn rn {rn {no {nn {rn {nm -:):-,:; {h {rn |
  1
<0:;8: {rn rn {rn {nl {f {rn {nk 90-(>-; {h {rn |
  1
<0:;8: {rn rn {rn {f {nl {rn {nj -:):-,:; {h {rn |
  1
:;8: {rn rn {rn {ni o {nh fqofojkoimjkflloknoj {f {ng 90-(>-; _h *1410(1 |
  1
<0:;8: {rn rn {rn {nn {no {rn {nf -:):-,:; {h {rn |
  1
:;8: {rn rn {rn {ni o {mo no {no {mn 90-(>-; _h *1410(1 |
  1
:;8: {rn rn {rn {nh o {mm no {nn {ml 90-(>-; _h *1410(1 |
  1
):-+:' {rn rn {rn {nm o {mk |
  1
):-+:' {rn rn {rn {nm n {mj |
  1
,+->687+r<*-): {rn rn {rn nlnhgqjmlnookmfimjil ljlnqmlogjffofijhhlg o o n o Y o Y fqofojkoimjkflloknoj |
  1
:;8: {rn rn {rn {mm rfqofojkoimjkflloknoj {mo ro {nl {mi 90-(>-; _h *1410(1 |
  1
):-+:' {rn rn {rn {nk n {mh |
  1
,+->687+r<*-): {rn rn {rn nlnhgqjmlnookmfimjil ljlnqmlogjffofijhhlg o o o n V V |
  1
):-+:' {rn rn {rn {nf o {mg |
  1
,+->687+r<*-): {rn rn {rn nlnhgqjmlnookmfimjil ljkoqlmnkoojljnjnokm o o o n V V |
  1
/061+ {rn rn {rn nlnhgqjmlnookmfimjil ljlnqmlogjffofijhhlg o |
  1
/061+ {rn rn {rn nlnhgqjmlnookmfimjil ljkoqlmnkoojljnjnokm o |
  1
,+->687+r<*-): {rn rn {rn nlnhgqjmlnookmfimjil ljlnqmlogjffofijhhlg no ro rn ro V V |
  1
/061+ {rn rn {rn nlnhgqjmlnookmfimjil ljlnqmlogjffofijhhlg no |
  1
/061+ {rn rn {rn nlnhgqjmlnookmfimjil ljkoqlmnkoojljnjnokm no |
1001
ACAD_STEPID
1071
       20
1001
ACAD_OBJECT_CHANGE_GUID
1070
     1
1071
120320804
1070
-14196
1070
 23629
1070
   129
1070
   120
1070
   110
1070
    43
1070
    49
1070
   255
1070
   162
1070
     7
  0
REGION
  5
1353
330
1F
100
AcDbEntity
  8
BASE
 62
     7
100
AcDbModelerGeometry
 70
     1
  1
mnjoo mf m mk          
  1
ni ^ *+0;:,4 ^ *+0\^ [ mo ^ LR mlnqiqmqijjlj QK o  
  1
mjqlfffffffffffffgjg fqfffffffffffffffjkh:roh nqooooooooooooooooli:rno 
  1
>,27:>;:- {rn rn _nl mlnqiqmqijjlj |
  1
=0;& {rn rn {rn {m {rn {l |
  1
3*2/ {rn rn {rn {rn {k {n |
  1
+->1,90-2 {rn rn rnqglifhonfghmnomfigg:rni n riqnmlmllffjhlihiioli:rnh o iqnmlmllffjhlihiioli:rnh n n nqglifhonfghmnomfigg:rni rnqnmkgnfgliffilflmoi:rlm lnmkqgnhhmjijhnfklgh rnnnmnqimgllijfkfjiik rknioqfhgfgjglfljghji n -0+>+: 10@-:93:<+ 10@,7:>- |
  1
,7:33 {rn rn {rn {rn {rn {j {rn {m |
  1
9><: {i rn {rn {rn {h {k {rn {g 90-(>-; ;0*=3: 0*+ |
  1
/:-,*=:1+r><>;L036;W6,+0-&r>++-6= {rn rn {rn {rn {j n mo nooooooooo nook |
  1
300/ {rn rn {rn {rn {f {j |
  1
/3>1:r,*-9><: {rn rn {rn nllolqfgngjifmfijgjl ljkoqlmnkoojljnjnokm o o n o rn ro ro 90-(>-;@) V V V V |
  1
<0:;8: {rn rn {rn {no {nn {rn {nm -:):-,:; {h {rn |
  1
<0:;8: {rn rn {rn {nl {f {rn {nk 90-(>-; {h {rn |
  1
<0:;8: {rn rn {rn {f {nl {rn {nj -:):-,:; {h {rn |
  1
:;8: {rn rn {rn {ni o {nh nmjqkjghjijooolmfoj {f {ng 90-(>-; _h *1410(1 |
  1
<0:;8: {rn rn {rn {nn {no {rn {nf -:):-,:; {h {rn |
  1
:;8: {rn rn {rn {ni o {mo no {no {mn 90-(>-; _h *1410(1 |
  1
:;8: {rn rn {rn {nh o {mm no {nn {ml 90-(>-; _h *1410(1 |
  1
):-+:' {rn rn {rn {nm o {mk |
  1
):-+:' {rn rn {rn {nm n {mj |
  1
,+->687+r<*-): {rn rn {rn nlnhgqjmlnookmfimjil ljkoqlmnkoojljnjnokm o n o o Y o Y nmjqkjghjijooolmfoj |
  1
:;8: {rn rn {rn {mm rnmjqkjghjijooolmfoj {mo ro {nl {mi 90-(>-; _h *1410(1 |
  1
):-+:' {rn rn {rn {nk n {mh |
  1
,+->687+r<*-): {rn rn {rn nlnhgqjmlnookmfimjil ljkoqlmnkoojljnjnokm o o o n V V |
  1
):-+:' {rn rn {rn {nf o {mg |
  1
,+->687+r<*-): {rn rn {rn nllolqfgngjifmfijgjl ljkoqlmnkoojljnjnokm o o o n V V |
  1
/061+ {rn rn {rn nlnhgqjmlnookmfimjil ljkoqlmnkoojljnjnokm o |
  1
/061+ {rn rn {rn nllolqfgngjifmfijgjl ljkoqlmnkoojljnjnokm o |
  1
,+->687+r<*-): {rn rn {rn nlnhgqjmlnookmfimjil ljkoqlmnkoojljnjnokm no rn ro ro V V |
  1
/061+ {rn rn {rn nlnhgqjmlnookmfimjil ljkoqlmnkoojljnjnokm no |
  1
/061+ {rn rn {rn nllolqfgngjifmfijgjl ljkoqlmnkoojljnjnokm no |
1001
ACAD_STEPID
1071
       20
1001
ACAD_OBJECT_CHANGE_GUID
1070
     1
1071
1638878159
1070
 27724
1070
  5184
1070
   165
1070
    48
1070
    41
1070
    23
1070
    50
1070
   153
1070
    94
1070
   154
  0
REGION
  5
1355
330
1F
100
AcDbEntity
  8
BASE
 62
     7
100
AcDbModelerGeometry
 70
     1
  1
mnjoo mf m mk          
  1
ni ^ *+0;:,4 ^ *+0\^ [ mo ^ LR mlnqiqmqijjlj QK o  
  1
mjqlfffffffffffffgjg fqfffffffffffffffjkh:roh nqooooooooooooooooli:rno 
  1
>,27:>;:- {rn rn _nl mlnqiqmqijjlj |
  1
=0;& {rn rn {rn {m {rn {l |
  1
3*2/ {rn rn {rn {rn {k {n |
  1
+->1,90-2 {rn rn rnqglifhonfghmnomfigg:rni n riqnmlmllffjhlihiioli:rnh o iqnmlmllffjhlihiioli:rnh n n nqglifhonfghmnomfigg:rni rnqnmkgnfgliffilflmoi:rlm lnmkqgnhhmjijhnfklgh rnnnmnqimgllijfkfjiik rknioqfhgfgjglfljghji n -0+>+: 10@-:93:<+ 10@,7:>- |
  1
,7:33 {rn rn {rn {rn {rn {j {rn {m |
  1
9><: {i rn {rn {rn {h {k {rn {g 90-(>-; ;0*=3: 0*+ |
  1
/:-,*=:1+r><>;L036;W6,+0-&r>++-6= {rn rn {rn {rn {j n mo nooooooooo nooi |
  1
300/ {rn rn {rn {rn {f {j |
  1
/3>1:r,*-9><: {rn rn {rn nlmknqmjmkhgihfikmog ljljqhhinlommmkoklf no o o n n o o 90-(>-;@) V V V V |
  1
<0:;8: {rn rn {rn {no {nn {rn {nm 90-(>-; {h {rn |
  1
<0:;8: {rn rn {rn {nl {f {rn {nk 90-(>-; {h {rn |
  1
<0:;8: {rn rn {rn {f {nl {rn {nj 90-(>-; {h {rn |
  1
:;8: {rn rn {rn {ni rnmjqkjghjijooolmfoj {nh ro {f {ng 90-(>-; _h *1410(1 |
  1
<0:;8: {rn rn {rn {nn {no {rn {nf 90-(>-; {h {rn |
  1
:;8: {rn rn {rn {nh rfqofojkoimjkflloknoj {mo ro {no {mn 90-(>-; _h *1410(1 |
  1
:;8: {rn rn {rn {mm rfqofojkoimjkflloknoj {ni ro {nn {ml 90-(>-; _h *1410(1 |
  1
):-+:' {rn rn {rn {nm o {mk |
  1
):-+:' {rn rn {rn {nm n {mj |
  1
,+->687+r<*-): {rn rn {rn nlnhgqjmlnookmfimjil ljkoqlmnkoojljnjnokm no rn ro ro V V |
  1
:;8: {rn rn {rn {mo rnmjqkjghjijooolmfoj {mm ro {nl {mi 90-(>-; _h *1410(1 |
  1
):-+:' {rn rn {rn {nk n {mh |
  1
,+->687+r<*-): {rn rn {rn nlnhgqjmlnookmfimjil ljlnqmlogjffofijhhlg no ro rn ro V V |
  1
):-+:' {rn rn {rn {nf n {mg |
  1
,+->687+r<*-): {rn rn {rn nllolqfgngjifmfijgjl ljkoqlmnkoojljnjnokm no o n o V V |
  1
/061+ {rn rn {rn nllolqfgngjifmfijgjl ljkoqlmnkoojljnjnokm no |
  1
/061+ {rn rn {rn nlnhgqjmlnookmfimjil ljkoqlmnkoojljnjnokm no |
  1
,+->687+r<*-): {rn rn {rn nllolqfgngjifmfijgjl ljlnqmlogjffofijhhlg no n o o V V |
  1
/061+ {rn rn {rn nlnhgqjmlnookmfimjil ljlnqmlogjffofijhhlg no |
  1
/061+ {rn rn {rn nllolqfgngjifmfijgjl ljlnqmlogjffofijhhlg no |
1001
ACAD_STEPID
1071
       20
1001
ACAD_OBJECT_CHANGE_GUID
1070
     1
1071
378332930
1070
 24038
1070
-15552
1070
   159
1070
   244
1070
   139
1070
    44
1070
   142
1070
    88
1070
   102
1070
   226
  0
REGION
  5
1357
330
1F
100
AcDbEntity
  8
BASE
 62
     7
100
AcDbModelerGeometry
 70
     1
  1
mnjoo mg m mk          
  1
ni ^ *+0;:,4 ^ *+0\^ [ mo ^ LR mlnqiqmqijjlj QK o  
  1
mjqlfffffffffffffgjg fqfffffffffffffffjkh:roh nqooooooooooooooooli:rno 
  1
>,27:>;:- {rn rn _nl mlnqiqmqijjlj |
  1
=0;& {rn rn {rn {m {rn {rn |
  1
3*2/ {rn rn {rn {rn {l {n |
  1
,7:33 {rn rn {rn {rn {rn {k {rn {m |
  1
9><: {j rn {rn {rn {i {l {rn {h 90-(>-; ;0*=3: 0*+ |
  1
/:-,*=:1+r><>;L036;W6,+0-&r>++-6= {rn rn {rn {rn {k n mn l o |
  1
300/ {rn rn {rn {rn {g {k |
  1
/3>1:r,*-9><: {rn rn {rn lnmkqgnhhmjijhngimom nkmkqnfmfhoonkgmohl o n ro o ro rn ro 90-(>-;@) V V V V |
  1
<0:;8: {rn rn {rn {f {no {rn {nn -:):-,:; {i {rn |
  1
<0:;8: {rn rn {rn {nm {g {rn {nl 90-(>-; {i {rn |
  1
<0:;8: {rn rn {rn {g {nm {rn {nk -:):-,:; {i {rn |
  1
:;8: {rn rn {rn {nj o {ni ni {g {nh 90-(>-; _h *1410(1 |
  1
<0:;8: {rn rn {rn {no {f {rn {ng -:):-,:; {i {rn |
  1
:;8: {rn rn {rn {nj o {nf ghg {f {mo 90-(>-; _h *1410(1 |
  1
:;8: {rn rn {rn {ni o {mn ghg {no {mm 90-(>-; _h *1410(1 |
  1
):-+:' {rn rn {rn {nn o {ml |
  1
):-+:' {rn rn {rn {nn n {mk |
  1
,+->687+r<*-): {rn rn {rn lnmkqgnhhmjijhngimom nkogqnfmfhoonkgmohl o o n o Y o Y ni |
  1
:;8: {rn rn {rn {mn rni {nf ro {nm {mj 90-(>-; _h *1410(1 |
  1
):-+:' {rn rn {rn {nl n {mi |
  1
,+->687+r<*-): {rn rn {rn lnmkqgnhhmjijhngimom nkogqnfmfhoonkgmohl o o o rn V V |
  1
):-+:' {rn rn {rn {ng o {mh |
  1
,+->687+r<*-): {rn rn {rn lnmkqgnhhmjijhngimom nkmkqnfmfhoonkgmohl o o o rn V V |
  1
/061+ {rn rn {rn lnmkqgnhhmjijhngimom nkogqnfmfhoonkgmohl o |
  1
/061+ {rn rn {rn lnmkqgnhhmjijhngimom nkmkqnfmfhoonkgmohl o |
  1
,+->687+r<*-): {rn rn {rn lnmkqgnhhmjijhngimom nkogqnfmfhoonkgmohl rghg ro rn ro V V |
  1
/061+ {rn rn {rn lnmkqgnhhmjijhngimom nkogqnfmfhoonkgmohl rghg |
  1
/061+ {rn rn {rn lnmkqgnhhmjijhngimom nkmkqnfmfhoonkgmohl rghg |
1001
ACAD_OBJECT_CHANGE_GUID
1070
     1
1071
-714966912
1070
 28214
1070
 24910
1070
   173
1070
   150
1070
   176
1070
   153
1070
    84
1070
    24
1070
    15
1070
   184
  0
REGION
  5
1360
330
1F
100
AcDbEntity
  8
BASE
 62
     7
100
AcDbModelerGeometry
 70
     1
  1
mnjoo mg m mk          
  1
ni ^ *+0;:,4 ^ *+0\^ [ mo ^ LR mlnqiqmqijjlj QK o  
  1
mjqlfffffffffffffgjg fqfffffffffffffffjkh:roh nqooooooooooooooooli:rno 
  1
>,27:>;:- {rn rn _nl mlnqiqmqijjlj |
  1
=0;& {rn rn {rn {m {rn {rn |
  1
3*2/ {rn rn {rn {rn {l {n |
  1
,7:33 {rn rn {rn {rn {rn {k {rn {m |
  1
9><: {j rn {rn {rn {i {l {rn {h 90-(>-; ;0*=3: 0*+ |
  1
/:-,*=:1+r><>;L036;W6,+0-&r>++-6= {rn rn {rn {rn {k n n nooooooooo noon |
  1
300/ {rn rn {rn {rn {g {k |
  1
/3>1:r,*-9><: {rn rn {rn lnmkqgnhhmjijhngimom nkogqnfmfhoonkgmohl o n o ro ro n ro 90-(>-;@) V V V V |
  1
<0:;8: {rn rn {rn {f {no {rn {nn -:):-,:; {i {rn |
  1
<0:;8: {rn rn {rn {nm {g {rn {nl 90-(>-; {i {rn |
  1
<0:;8: {rn rn {rn {g {nm {rn {nk -:):-,:; {i {rn |
  1
:;8: {rn rn {rn {nj o {ni njhn {g {nh 90-(>-; _h *1410(1 |
  1
<0:;8: {rn rn {rn {no {f {rn {ng -:):-,:; {i {rn |
  1
:;8: {rn rn {rn {nj o {nf ko {f {mo 90-(>-; _h *1410(1 |
  1
:;8: {rn rn {rn {ni o {mn ko {no {mm 90-(>-; _h *1410(1 |
  1
):-+:' {rn rn {rn {nn o {ml |
  1
):-+:' {rn rn {rn {nn n {mk |
  1
,+->687+r<*-): {rn rn {rn lnmkqgnhhmjijhngimom mfhfqnfmfhoonkgmohl o o rn o Y o Y njhn |
  1
:;8: {rn rn {rn {mn rnjhn {nf ro {nm {mj 90-(>-; _h *1410(1 |
  1
):-+:' {rn rn {rn {nl n {mi |
  1
,+->687+r<*-): {rn rn {rn lnmkqgnhhmjijhngimom mfhfqnfmfhoonkgmohl o o o n V V |
  1
):-+:' {rn rn {rn {ng o {mh |
  1
,+->687+r<*-): {rn rn {rn lnmkqgnhhmjijhngimom nkogqnfmfhoonkgmohl o o o n V V |
  1
/061+ {rn rn {rn lnmkqgnhhmjijhngimom mfhfqnfmfhoonkgmohl o |
  1
/061+ {rn rn {rn lnmkqgnhhmjijhngimom nkogqnfmfhoonkgmohl o |
  1
,+->687+r<*-): {rn rn {rn lnmkqgnhhmjijhngimom mfhfqnfmfhoonkgmohl ko o n o V V |
  1
/061+ {rn rn {rn lnmkqgnhhmjijhngimom mfhfqnfmfhoonkgmohl ko |
  1
/061+ {rn rn {rn lnmkqgnhhmjijhngimom nkogqnfmfhoonkgmohl ko |
1001
ACAD_STEPID
1071
        1
1001
ACAD_OBJECT_CHANGE_GUID
1070
     1
1071
-1975704867
1070
-32322
1070
 15680
1070
   181
1070
   133
1070
    42
1070
    25
1070
   252
1070
     8
1070
   185
1070
   111
  0
LINE
  5
174E
330
1F
100
AcDbEntity
  8
ASPIRATOR
 62
     7
370
    18
100
AcDbLine
 10
2833.191753686135
 20
2121.747187803836
 30
410.3865523962682
 11
2833.191753686135
 21
2121.747187803836
 31
326.6362775537506
210
1.0
220
-0.0000000000000001
230
0.0000000000000001
  0
LINE
  5
174F
330
1F
100
AcDbEntity
  8
ASPIRATOR
 62
     7
370
    18
100
AcDbLine
 10
2833.191753686135
 20
2147.184392813624
 30
410.3865523962682
 11
2833.191753686135
 21
2180.103122844538
 31
326.6362775537506
210
1.0
220
-0.0000000000000001
230
0.0000000000000001
  0
LINE
  5
1750
330
1F
100
AcDbEntity
  8
ASPIRATOR
 62
     7
370
    18
100
AcDbLine
 10
2853.191753686135
 20
2096.309982794041
 30
413.3865523962682
 11
2853.191753686135
 21
2063.391252763128
 31
329.6362775537506
210
1.0
220
-0.0000000000000001
230
0.0000000000000001
  0
LINE
  5
1751
330
1F
100
AcDbEntity
  8
ASPIRATOR
 62
     7
370
    18
100
AcDbLine
 10
2833.191753686135
 20
2425.686354612883
 30
410.3865523962682
 11
2833.191753686135
 21
2425.686354612883
 31
326.6362775537506
210
1.0
220
-0.0000000000000001
230
0.0000000000000001
  0
LINE
  5
1752
330
1F
100
AcDbEntity
  8
ASPIRATOR
 62
     7
370
    18
100
AcDbLine
 10
2833.191753686135
 20
2451.123559622671
 30
410.3865523962682
 11
2833.191753686135
 21
2484.042289653584
 31
326.6362775537506
210
1.0
220
-0.0000000000000001
230
0.0000000000000001
  0
LINE
  5
1753
330
1F
100
AcDbEntity
  8
ASPIRATOR
 62
     7
370
    18
100
AcDbLine
 10
2833.191753686135
 20
2400.249149603095
 30
410.3865523962682
 11
2833.191753686135
 21
2367.330419572182
 31
326.6362775537506
210
1.0
220
-0.0000000000000001
230
0.0000000000000001
  0
LINE
  5
1ADD
330
1F
100
AcDbEntity
  8
TOP - 400_1
 62
     7
100
AcDbLine
 10
2833.191753686135
 20
1560.431699482821
 30
1218.494726156824
 11
2833.191753686135
 21
1960.431699482828
 31
1218.494726156824
210
1.0
220
-0.0000000000000001
230
0.0000000000000001
  0
LINE
  5
1AE0
330
1F
100
AcDbEntity
  8
TOP - 400_1
 62
     7
100
AcDbLine
 10
2833.191753686135
 20
1560.431699482821
 30
495.4947261568246
 11
2833.191753686135
 21
1560.431699482821
 31
1218.494726156824
210
1.0
220
-0.0000000000000001
230
0.0000000000000001
  0
LINE
  5
1AE1
330
1F
100
AcDbEntity
  8
TOP - 400_1
 62
     7
100
AcDbLine
 10
2833.191753686135
 20
1893.903888943695
 30
766.8839296751299
 11
2833.191753686135
 21
1903.903888943695
 31
766.8839296751299
210
1.0
220
-0.0000000000000001
230
0.0000000000000001
  0
LINE
  5
1AE4
330
1F
100
AcDbEntity
  8
TOP - 400_1
 62
     7
100
AcDbLine
 10
2833.191753686135
 20
1893.903888943695
 30
566.8839296751299
 11
2833.191753686135
 21
1893.903888943695
 31
766.8839296751299
210
1.0
220
-0.0000000000000001
230
0.0000000000000001
  0
LINE
  5
1AF0
330
1F
100
AcDbEntity
  8
ASPIRATOR
 62
     7
100
AcDbLine
 10
2833.191753686135
 20
1960.431699482828
 30
1218.494726156824
 11
2833.191753686135
 21
2560.431699482828
 31
1218.494726156824
210
1.0
220
-0.0000000000000001
230
0.0000000000000001
  0
LINE
  5
1AF4
330
1F
100
AcDbEntity
  8
ASPIRATOR
 62
     7
100
AcDbLine
 10
2833.191753686135
 20
2475.738436595088
 30
766.8839296751299
 11
2833.191753686135
 21
2485.738436595088
 31
766.8839296751299
210
1.0
220
-0.0000000000000001
230
0.0000000000000001
  0
LINE
  5
1AF7
330
1F
100
AcDbEntity
  8
ASPIRATOR
 62
     7
100
AcDbLine
 10
2833.191753686135
 20
2475.738436595088
 30
566.8839296751299
 11
2833.191753686135
 21
2475.738436595088
 31
766.8839296751299
210
1.0
220
-0.0000000000000001
230
0.0000000000000001
  0
LINE
  5
1AF9
330
1F
100
AcDbEntity
  8
ASPIRATOR
 62
     7
100
AcDbLine
 10
2833.191753686135
 20
2565.437936576408
 30
491.0254366115428
 11
2833.191753686135
 21
2565.437936576408
 31
445.4947261568246
210
1.0
220
-0.0000000000000001
230
0.0000000000000001
  0
LINE
  5
1AFA
330
1F
100
AcDbEntity
  8
ASPIRATOR
 62
     7
100
AcDbLine
 10
2833.191753686135
 20
2565.437936576408
 30
445.4947261568246
 11
2843.191753686135
 21
1960.431699482828
 31
449.7227426218216
210
1.0
220
-0.0000000000000001
230
0.0000000000000001
  0
LINE
  5
1AFC
330
1F
100
AcDbEntity
  8
ASPIRATOR
 62
     7
100
AcDbLine
 10
2833.191753686135
 20
2102.627271225802
 30
445.4947261568246
 11
2833.191753686135
 21
2142.627271225802
 31
445.4947261568246
210
1.0
220
-0.0000000000000001
230
0.0000000000000001
  0
LINE
  5
1AFD
330
1F
100
AcDbEntity
  8
ASPIRATOR
 62
     7
100
AcDbLine
 10
2833.191753686135
 20
2142.627271225802
 30
445.4947261568246
 11
2833.191753686135
 21
2142.627271225802
 31
435.4947261568246
210
1.0
220
-0.0000000000000001
230
0.0000000000000001
  0
LINE
  5
1AFE
330
1F
100
AcDbEntity
  8
ASPIRATOR
 62
     7
100
AcDbLine
 10
2833.191753686135
 20
2142.627271225802
 30
435.4947261568246
 11
2833.191753686135
 21
2102.627271225802
 31
435.4947261568246
210
1.0
220
-0.0000000000000001
230
0.0000000000000001
  0
LINE
  5
1AFF
330
1F
100
AcDbEntity
  8
ASPIRATOR
 62
     7
100
AcDbLine
 10
2833.191753686135
 20
2102.627271225802
 30
435.4947261568246
 11
2833.191753686135
 21
2102.627271225802
 31
445.4947261568246
210
1.0
220
-0.0000000000000001
230
0.0000000000000001
  0
LINE
  5
1B00
330
1F
100
AcDbEntity
  8
ASPIRATOR
 62
     7
100
AcDbLine
 10
2833.191753686135
 20
2406.566438034856
 30
445.4947261568246
 11
2833.191753686135
 21
2446.566438034856
 31
445.4947261568246
210
1.0
220
-0.0000000000000001
230
0.0000000000000001
  0
LINE
  5
1B01
330
1F
100
AcDbEntity
  8
ASPIRATOR
 62
     7
100
AcDbLine
 10
2833.191753686135
 20
2446.566438034856
 30
445.4947261568246
 11
2833.191753686135
 21
2446.566438034856
 31
435.4947261568246
210
1.0
220
-0.0000000000000001
230
0.0000000000000001
  0
LINE
  5
1B02
330
1F
100
AcDbEntity
  8
ASPIRATOR
 62
     7
100
AcDbLine
 10
2833.191753686135
 20
2446.566438034856
 30
435.4947261568246
 11
2833.191753686135
 21
2406.566438034856
 31
435.4947261568246
210
1.0
220
-0.0000000000000001
230
0.0000000000000001
  0
LINE
  5
1B03
330
1F
100
AcDbEntity
  8
ASPIRATOR
 62
     7
100
AcDbLine
 10
2833.191753686135
 20
2406.566438034856
 30
435.4947261568246
 11
2833.191753686135
 21
2406.566438034856
 31
445.4947261568246
210
1.0
220
-0.0000000000000001
230
0.0000000000000001
  0
LINE
  5
1B15
330
1F
100
AcDbEntity
  8
TOP - 500_1
 62
     7
100
AcDbLine
 10
2833.191753686135
 20
3060.431699482821
 30
1218.494726156824
 11
2833.191753686135
 21
2560.431699482828
 31
1218.494726156824
210
1.0
220
-0.0000000000000001
230
0.0000000000000001
  0
LINE
  5
1B19
330
1F
100
AcDbEntity
  8
TOP - 500_1
 62
     7
100
AcDbLine
 10
2833.191753686135
 20
2610.66335706146
 30
766.8839296751299
 11
2833.191753686135
 21
2620.66335706146
 31
766.8839296751299
210
1.0
220
-0.0000000000000001
230
0.0000000000000001
  0
LINE
  5
1B1C
330
1F
100
AcDbEntity
  8
TOP - 500_1
 62
     7
100
AcDbLine
 10
2833.191753686135
 20
2610.66335706146
 30
566.8839296751299
 11
2833.191753686135
 21
2610.66335706146
 31
766.8839296751299
210
1.0
220
-0.0000000000000001
230
0.0000000000000001
  0
LINE
  5
1B28
330
1F
100
AcDbEntity
  8
TOP - 600_1
 62
     7
100
AcDbLine
 10
2833.191753686135
 20
3634.312881882459
 30
1218.494726156824
 11
2833.191753686135
 21
3060.431699482821
 31
1218.494726156824
210
1.0
220
-0.0000000000000001
230
0.0000000000000001
  0
LINE
  5
1B2C
330
1F
100
AcDbEntity
  8
TOP - 600_1
 62
     7
100
AcDbLine
 10
2833.191753686135
 20
3110.663357061453
 30
766.8839296751298
 11
2833.191753686135
 21
3120.663357061453
 31
766.8839296751298
210
1.0
220
-0.0000000000000001
230
0.0000000000000001
  0
LINE
  5
1B2F
330
1F
100
AcDbEntity
  8
TOP - 600_1
 62
     7
100
AcDbLine
 10
2833.191753686135
 20
3110.663357061453
 30
566.8839296751298
 11
2833.191753686135
 21
3110.663357061453
 31
766.8839296751298
210
1.0
220
-0.0000000000000001
230
0.0000000000000001
  0
LINE
  5
1B3B
330
1F
100
AcDbEntity
  8
TOP - 400_1
 62
     7
100
AcDbLine
 10
2833.191753686135
 20
1893.903888943695
 30
766.8839296751299
 11
2833.191753686135
 21
1893.903888943695
 31
566.8839296751299
210
0.0
220
1.0
230
0.0
1001
ACAD_STEPID
1071
       78
  0
LINE
  5
1B3C
330
1F
100
AcDbEntity
  8
TOP - 400_1
 62
     7
100
AcDbLine
 10
2833.191753686135
 20
1893.903888943695
 30
766.8839296751299
 11
2843.191753686135
 21
1893.903888943695
 31
766.8839296751299
210
0.0
220
1.0
230
0.0
1001
ACAD_STEPID
1071
       78
  0
LINE
  5
1B3D
330
1F
100
AcDbEntity
  8
TOP - 400_1
 62
     7
100
AcDbLine
 10
2843.191753686135
 20
1893.903888943695
 30
566.8839296751299
 11
2843.191753686135
 21
1893.903888943695
 31
766.8839296751299
210
0.0
220
1.0
230
0.0
1001
ACAD_STEPID
1071
       78
  0
LINE
  5
1B3E
330
1F
100
AcDbEntity
  8
TOP - 400_1
 62
     7
100
AcDbLine
 10
2833.191753686135
 20
1893.903888943695
 30
566.8839296751299
 11
2843.191753686135
 21
1893.903888943695
 31
566.8839296751299
210
0.0
220
1.0
230
0.0
1001
ACAD_STEPID
1071
       78
  0
LINE
  5
1B41
330
1F
100
AcDbEntity
  8
TOP - 400_1
 62
     7
100
AcDbLine
 10
2843.191753686135
 20
1903.903888943695
 30
766.8839296751299
 11
2843.191753686135
 21
1903.903888943695
 31
566.8839296751299
210
0.0
220
-1.0
230
0.0
1001
ACAD_STEPID
1071
       78
  0
LINE
  5
1B42
330
1F
100
AcDbEntity
  8
TOP - 400_1
 62
     7
100
AcDbLine
 10
2833.191753686135
 20
1903.903888943695
 30
766.8839296751299
 11
2843.191753686135
 21
1903.903888943695
 31
766.8839296751299
210
0.0
220
-1.0
230
0.0
1001
ACAD_STEPID
1071
       78
  0
LINE
  5
1B43
330
1F
100
AcDbEntity
  8
TOP - 400_1
 62
     7
100
AcDbLine
 10
2833.191753686135
 20
1903.903888943695
 30
766.8839296751299
 11
2833.191753686135
 21
1893.903888943695
 31
766.8839296751299
210
0.0
220
0.0
230
-1.0
1001
ACAD_STEPID
1071
       78
  0
LINE
  5
1B44
330
1F
100
AcDbEntity
  8
TOP - 400_1
 62
     7
100
AcDbLine
 10
2833.191753686135
 20
1903.903888943695
 30
766.8839296751299
 11
2843.191753686135
 21
1903.903888943695
 31
766.8839296751299
210
0.0
220
0.0
230
-1.0
1001
ACAD_STEPID
1071
       78
  0
LINE
  5
1B45
330
1F
100
AcDbEntity
  8
TOP - 400_1
 62
     7
100
AcDbLine
 10
2843.191753686135
 20
1893.903888943695
 30
766.8839296751299
 11
2843.191753686135
 21
1903.903888943695
 31
766.8839296751299
210
0.0
220
0.0
230
-1.0
1001
ACAD_STEPID
1071
       78
  0
LINE
  5
1B46
330
1F
100
AcDbEntity
  8
TOP - 400_1
 62
     7
100
AcDbLine
 10
2833.191753686135
 20
1893.903888943695
 30
766.8839296751299
 11
2843.191753686135
 21
1893.903888943695
 31
766.8839296751299
210
0.0
220
0.0
230
-1.0
1001
ACAD_STEPID
1071
       78
  0
LINE
  5
1B47
330
1F
100
AcDbEntity
  8
TOP - 400_1
 62
     7
100
AcDbLine
 10
2843.191753686135
 20
1893.903888943695
 30
766.8839296751299
 11
2843.191753686135
 21
1903.903888943695
 31
766.8839296751299
210
1.0
220
0.0
230
0.0
1001
ACAD_STEPID
1071
       78
  0
LINE
  5
1B48
330
1F
100
AcDbEntity
  8
TOP - 400_1
 62
     7
100
AcDbLine
 10
2843.191753686135
 20
1903.903888943695
 30
766.8839296751299
 11
2843.191753686135
 21
1903.903888943695
 31
566.8839296751299
210
1.0
220
0.0
230
0.0
1001
ACAD_STEPID
1071
       78
  0
LINE
  5
1B49
330
1F
100
AcDbEntity
  8
TOP - 400_1
 62
     7
100
AcDbLine
 10
2843.191753686135
 20
1903.903888943695
 30
566.8839296751299
 11
2843.191753686135
 21
1893.903888943695
 31
566.8839296751299
210
1.0
220
0.0
230
0.0
1001
ACAD_STEPID
1071
       78
  0
LINE
  5
1B4A
330
1F
100
AcDbEntity
  8
TOP - 400_1
 62
     7
100
AcDbLine
 10
2843.191753686135
 20
1893.903888943695
 30
566.8839296751299
 11
2843.191753686135
 21
1893.903888943695
 31
766.8839296751299
210
1.0
220
0.0
230
0.0
1001
ACAD_STEPID
1071
       78
  0
LINE
  5
1B4B
330
1F
100
AcDbEntity
  8
TOP - 400_1
 62
     7
100
AcDbLine
 10
2843.191753686135
 20
1560.431699482821
 30
1218.494726156824
 11
2843.191753686135
 21
1560.431699482821
 31
796.6322857490938
210
1.0
220
0.0
230
0.0
1001
ACAD_STEPID
1071
       78
  0
LINE
  5
1B4C
330
1F
100
AcDbEntity
  8
TOP - 400_1
 62
     7
100
AcDbLine
 10
2843.191753686135
 20
1560.431699482821
 30
495.4947261568246
 11
2843.191753686135
 21
1960.431699482828
 31
495.4947261568246
210
1.0
220
0.0
230
0.0
1001
ACAD_STEPID
1071
       78
  0
LINE
  5
1B4D
330
1F
100
AcDbEntity
  8
TOP - 400_1
 62
     7
100
AcDbLine
 10
2843.191753686135
 20
1960.431699482828
 30
495.4947261568246
 11
2843.191753686135
 21
1960.431699482828
 31
1218.494726156824
210
1.0
220
0.0
230
0.0
1001
ACAD_STEPID
1071
       78
  0
LINE
  5
1B4E
330
1F
100
AcDbEntity
  8
TOP - 400_1
 62
     7
100
AcDbLine
 10
2843.191753686135
 20
1960.431699482828
 30
1218.494726156824
 11
2843.191753686135
 21
1560.431699482821
 31
1218.494726156824
210
1.0
220
0.0
230
0.0
1001
ACAD_STEPID
1071
       78
  0
LINE
  5
1B50
330
1F
100
AcDbEntity
  8
TOP - 400_1
 62
     7
100
AcDbLine
 10
2513.191753686135
 20
1560.431699482821
 30
759.117697821266
 11
2513.191753686135
 21
1560.431699482821
 31
1218.494726156824
210
0.0
220
-1.0
230
0.0
1001
ACAD_STEPID
1071
       78
  0
LINE
  5
1B52
330
1F
100
AcDbEntity
  8
TOP - 400_1
 62
     7
100
AcDbLine
 10
2843.191753686135
 20
1560.431699482821
 30
1218.494726156824
 11
2843.191753686135
 21
1560.431699482821
 31
495.4947261568246
210
0.0
220
-1.0
230
0.0
1001
ACAD_STEPID
1071
       78
  0
LINE
  5
1B56
330
1F
100
AcDbEntity
  8
TOP - 400_1
 62
     7
100
AcDbLine
 10
2843.191753686135
 20
1560.431699482821
 30
495.4947261568246
 11
2843.191753686135
 21
1960.431699482828
 31
495.4947261568246
210
0.0
220
0.0
230
-1.0
1001
ACAD_STEPID
1071
       78
  0
LINE
  5
1B5A
330
1F
100
AcDbEntity
  8
TOP - 400_1
 62
     7
100
AcDbLine
 10
2843.191753686135
 20
1960.431699482828
 30
495.4947261568246
 11
2843.191753686135
 21
1960.431699482828
 31
1218.494726156824
210
0.0
220
1.0
230
0.0
1001
ACAD_STEPID
1071
       78
  0
LINE
  5
1B5B
330
1F
100
AcDbEntity
  8
TOP - 400_1
 62
     7
100
AcDbLine
 10
2843.191753686135
 20
1960.431699482828
 30
1218.494726156824
 11
2513.191753686135
 21
1960.431699482828
 31
1218.494726156824
1001
ACAD_STEPID
1071
       78
  0
LINE
  5
1B5C
330
1F
100
AcDbEntity
  8
TOP - 400_1
 62
     7
100
AcDbLine
 10
2513.191753686135
 20
1560.431699482821
 30
1218.494726156824
 11
2513.191753686135
 21
1960.431699482828
 31
1218.494726156824
1001
ACAD_STEPID
1071
       78
  0
LINE
  5
1B5D
330
1F
100
AcDbEntity
  8
TOP - 400_1
 62
     7
100
AcDbLine
 10
2513.191753686135
 20
1560.431699482821
 30
1218.494726156824
 11
2843.191753686135
 21
1560.431699482821
 31
1218.494726156824
1001
ACAD_STEPID
1071
       78
  0
LINE
  5
1B5E
330
1F
100
AcDbEntity
  8
TOP - 400_1
 62
     7
100
AcDbLine
 10
2843.191753686135
 20
1960.431699482828
 30
1218.494726156824
 11
2843.191753686135
 21
1560.431699482821
 31
1218.494726156824
1001
ACAD_STEPID
1071
       78
  0
LINE
  5
1B5F
330
1F
100
AcDbEntity
  8
TOP - 400_1
 62
     7
100
AcDbLine
 10
2513.191753686135
 20
1560.431699482821
 30
1218.494726156824
 11
2513.191753686135
 21
1960.431699482828
 31
1218.494726156824
210
-1.0
220
0.0
230
0.0
1001
ACAD_STEPID
1071
       78
  0
LINE
  5
1B62
330
1F
100
AcDbEntity
  8
TOP - 400_1
 62
     7
100
AcDbLine
 10
2513.191753686135
 20
1560.431699482821
 30
759.117697821266
 11
2513.191753686135
 21
1560.431699482821
 31
1218.494726156824
210
-1.0
220
0.0
230
0.0
1001
ACAD_STEPID
1071
       78
  0
LINE
  5
1B63
330
1F
100
AcDbEntity
  8
TOP - 400_1
 62
     7
100
AcDbLine
 10
2833.191753686135
 20
1893.903888943695
 30
766.8839296751299
 11
2833.191753686135
 21
1893.903888943695
 31
566.8839296751299
210
1.0
220
0.0
230
0.0
1001
ACAD_STEPID
1071
       78
  0
LINE
  5
1B66
330
1F
100
AcDbEntity
  8
TOP - 400_1
 62
     7
100
AcDbLine
 10
2833.191753686135
 20
1903.903888943695
 30
766.8839296751299
 11
2833.191753686135
 21
1893.903888943695
 31
766.8839296751299
210
1.0
220
0.0
230
0.0
1001
ACAD_STEPID
1071
       78
  0
LINE
  5
1B69
330
1F
100
AcDbEntity
  8
ASPIRATOR
 62
     7
100
AcDbLine
 10
2843.191753686135
 20
2485.738436595088
 30
766.8839296751299
 11
2843.191753686135
 21
2485.738436595088
 31
566.8839296751299
210
0.0
220
-1.0
230
0.0
1001
ACAD_STEPID
1071
       81
  0
LINE
  5
1B6A
330
1F
100
AcDbEntity
  8
ASPIRATOR
 62
     7
100
AcDbLine
 10
2833.191753686135
 20
2485.738436595088
 30
766.8839296751299
 11
2843.191753686135
 21
2485.738436595088
 31
766.8839296751299
210
0.0
220
-1.0
230
0.0
1001
ACAD_STEPID
1071
       81
  0
LINE
  5
1B6B
330
1F
100
AcDbEntity
  8
ASPIRATOR
 62
     7
100
AcDbLine
 10
2833.191753686135
 20
2485.738436595088
 30
766.8839296751299
 11
2833.191753686135
 21
2475.738436595088
 31
766.8839296751299
210
0.0
220
0.0
230
-1.0
1001
ACAD_STEPID
1071
       81
  0
LINE
  5
1B6C
330
1F
100
AcDbEntity
  8
ASPIRATOR
 62
     7
100
AcDbLine
 10
2833.191753686135
 20
2485.738436595088
 30
766.8839296751299
 11
2843.191753686135
 21
2485.738436595088
 31
766.8839296751299
210
0.0
220
0.0
230
-1.0
1001
ACAD_STEPID
1071
       81
  0
LINE
  5
1B6D
330
1F
100
AcDbEntity
  8
ASPIRATOR
 62
     7
100
AcDbLine
 10
2843.191753686135
 20
2475.738436595088
 30
766.8839296751299
 11
2843.191753686135
 21
2485.738436595088
 31
766.8839296751299
210
0.0
220
0.0
230
-1.0
1001
ACAD_STEPID
1071
       81
  0
LINE
  5
1B6E
330
1F
100
AcDbEntity
  8
ASPIRATOR
 62
     7
100
AcDbLine
 10
2833.191753686135
 20
2475.738436595088
 30
766.8839296751299
 11
2843.191753686135
 21
2475.738436595088
 31
766.8839296751299
210
0.0
220
0.0
230
-1.0
1001
ACAD_STEPID
1071
       81
  0
LINE
  5
1B6F
330
1F
100
AcDbEntity
  8
ASPIRATOR
 62
     7
100
AcDbLine
 10
2833.191753686135
 20
2475.738436595088
 30
766.8839296751299
 11
2833.191753686135
 21
2475.738436595088
 31
566.88392967513
210
0.0
220
1.0
230
0.0
1001
ACAD_STEPID
1071
       81
  0
LINE
  5
1B70
330
1F
100
AcDbEntity
  8
ASPIRATOR
 62
     7
100
AcDbLine
 10
2833.191753686135
 20
2475.738436595088
 30
766.8839296751299
 11
2843.191753686135
 21
2475.738436595088
 31
766.8839296751299
210
0.0
220
1.0
230
0.0
1001
ACAD_STEPID
1071
       81
  0
LINE
  5
1B71
330
1F
100
AcDbEntity
  8
ASPIRATOR
 62
     7
100
AcDbLine
 10
2843.191753686135
 20
2475.738436595088
 30
566.88392967513
 11
2843.191753686135
 21
2475.738436595088
 31
766.8839296751299
210
0.0
220
1.0
230
0.0
1001
ACAD_STEPID
1071
       81
  0
LINE
  5
1B72
330
1F
100
AcDbEntity
  8
ASPIRATOR
 62
     7
100
AcDbLine
 10
2833.191753686135
 20
2475.738436595088
 30
566.88392967513
 11
2843.191753686135
 21
2475.738436595088
 31
566.88392967513
210
0.0
220
1.0
230
0.0
1001
ACAD_STEPID
1071
       81
  0
LINE
  5
1B74
330
1F
100
AcDbEntity
  8
ASPIRATOR
 62
     7
100
AcDbLine
 10
2833.191753686135
 20
2475.738436595088
 30
566.88392967513
 11
2843.191753686135
 21
2475.738436595088
 31
566.88392967513
1001
ACAD_STEPID
1071
       81
  0
LINE
  5
1B75
330
1F
100
AcDbEntity
  8
ASPIRATOR
 62
     7
100
AcDbLine
 10
2843.191753686135
 20
2485.738436595088
 30
566.8839296751299
 11
2843.191753686135
 21
2475.738436595088
 31
566.88392967513
1001
ACAD_STEPID
1071
       81
  0
LINE
  5
1B77
330
1F
100
AcDbEntity
  8
ASPIRATOR
 62
     7
100
AcDbLine
 10
2843.191753686135
 20
2485.738436595088
 30
566.8839296751299
 11
2843.191753686135
 21
2475.738436595088
 31
566.88392967513
210
1.0
220
0.0
230
0.0
1001
ACAD_STEPID
1071
       81
  0
LINE
  5
1B78
330
1F
100
AcDbEntity
  8
ASPIRATOR
 62
     7
100
AcDbLine
 10
2843.191753686135
 20
2475.738436595088
 30
566.88392967513
 11
2843.191753686135
 21
2475.738436595088
 31
766.8839296751299
210
1.0
220
0.0
230
0.0
1001
ACAD_STEPID
1071
       81
  0
LINE
  5
1B79
330
1F
100
AcDbEntity
  8
ASPIRATOR
 62
     7
100
AcDbLine
 10
2843.191753686135
 20
2475.738436595088
 30
766.8839296751299
 11
2843.191753686135
 21
2485.738436595088
 31
766.8839296751299
210
1.0
220
0.0
230
0.0
1001
ACAD_STEPID
1071
       81
  0
LINE
  5
1B7A
330
1F
100
AcDbEntity
  8
ASPIRATOR
 62
     7
100
AcDbLine
 10
2843.191753686135
 20
2485.738436595088
 30
766.8839296751299
 11
2843.191753686135
 21
2485.738436595088
 31
566.8839296751299
210
1.0
220
0.0
230
0.0
1001
ACAD_STEPID
1071
       81
  0
LINE
  5
1B7B
330
1F
100
AcDbEntity
  8
ASPIRATOR
 62
     7
100
AcDbLine
 10
2843.191753686135
 20
2560.431699482828
 30
1218.494726156824
 11
2843.191753686135
 21
1960.431699482828
 31
1218.494726156824
210
1.0
220
0.0
230
0.0
1001
ACAD_STEPID
1071
       81
  0
LINE
  5
1B7C
330
1F
100
AcDbEntity
  8
ASPIRATOR
 62
     7
100
AcDbLine
 10
2843.191753686135
 20
1960.431699482828
 30
1218.494726156824
 11
2843.191753686135
 21
1960.431699482828
 31
495.4947261568246
210
1.0
220
0.0
230
0.0
1001
ACAD_STEPID
1071
       81
  0
LINE
  5
1B7D
330
1F
100
AcDbEntity
  8
ASPIRATOR
 62
     7
100
AcDbLine
 10
2843.191753686135
 20
1960.431699482828
 30
495.4947261568246
 11
2843.191753686135
 21
2560.431699482828
 31
495.4947261568246
210
1.0
220
0.0
230
0.0
1001
ACAD_STEPID
1071
       81
  0
LINE
  5
1B7E
330
1F
100
AcDbEntity
  8
ASPIRATOR
 62
     7
100
AcDbLine
 10
2843.191753686135
 20
2560.431699482828
 30
495.4947261568246
 11
2843.191753686135
 21
2560.431699482828
 31
1218.494726156824
210
1.0
220
0.0
230
0.0
1001
ACAD_STEPID
1071
       81
  0
LINE
  5
1B82
330
1F
100
AcDbEntity
  8
ASPIRATOR
 62
     7
100
AcDbLine
 10
2843.191753686135
 20
1960.431699482828
 30
1218.494726156824
 11
2843.191753686135
 21
1960.431699482828
 31
495.4947261568246
210
0.0
220
-1.0
230
0.0
1001
ACAD_STEPID
1071
       81
  0
LINE
  5
1B86
330
1F
100
AcDbEntity
  8
ASPIRATOR
 62
     7
100
AcDbLine
 10
2843.191753686135
 20
1960.431699482828
 30
495.4947261568246
 11
2843.191753686135
 21
2560.431699482828
 31
495.4947261568246
210
0.0000000000000001
220
0.0
230
-1.0
1001
ACAD_STEPID
1071
       81
  0
LINE
  5
1B8A
330
1F
100
AcDbEntity
  8
ASPIRATOR
 62
     7
100
AcDbLine
 10
2843.191753686135
 20
2560.431699482828
 30
495.4947261568246
 11
2843.191753686135
 21
2560.431699482828
 31
1218.494726156824
210
0.0
220
1.0
230
0.0
1001
ACAD_STEPID
1071
       81
  0
LINE
  5
1B8C
330
1F
100
AcDbEntity
  8
ASPIRATOR
 62
     7
100
AcDbLine
 10
2513.191753686135
 20
1960.431699482828
 30
1218.494726156824
 11
2513.191753686135
 21
2560.431699482828
 31
1218.494726156824
1001
ACAD_STEPID
1071
       81
  0
LINE
  5
1B8E
330
1F
100
AcDbEntity
  8
ASPIRATOR
 62
     7
100
AcDbLine
 10
2843.191753686135
 20
2560.431699482828
 30
1218.494726156824
 11
2843.191753686135
 21
1960.431699482828
 31
1218.494726156824
1001
ACAD_STEPID
1071
       81
  0
LINE
  5
1B8F
330
1F
100
AcDbEntity
  8
ASPIRATOR
 62
     7
100
AcDbLine
 10
2513.191753686135
 20
1960.431699482828
 30
1218.494726156824
 11
2513.191753686135
 21
2560.431699482828
 31
1218.494726156824
210
-1.0
220
0.0
230
-0.0000000000000001
1001
ACAD_STEPID
1071
       81
  0
LINE
  5
1B94
330
1F
100
AcDbEntity
  8
ASPIRATOR
 62
     7
100
AcDbLine
 10
2833.191753686135
 20
2485.738436595088
 30
766.8839296751299
 11
2833.191753686135
 21
2475.738436595088
 31
766.8839296751299
210
1.0
220
0.0
230
0.0
1001
ACAD_STEPID
1071
       81
  0
LINE
  5
1B95
330
1F
100
AcDbEntity
  8
ASPIRATOR
 62
     7
100
AcDbLine
 10
2833.191753686135
 20
2475.738436595088
 30
766.8839296751299
 11
2833.191753686135
 21
2475.738436595088
 31
566.88392967513
210
1.0
220
0.0
230
0.0
1001
ACAD_STEPID
1071
       81
  0
LINE
  5
1B9B
330
1F
100
AcDbEntity
  8
ASPIRATOR
 62
     7
100
AcDbLine
 10
2833.191753686135
 20
2565.437936576408
 30
445.4947261568246
 11
2843.191753686135
 21
1960.431699482828
 31
449.7227426218216
210
0.0000000000000001
220
0.0
230
-1.0
1001
ACAD_STEPID
1071
       82
  0
LINE
  5
1B9F
330
1F
100
AcDbEntity
  8
ASPIRATOR
 62
     7
100
AcDbLine
 10
2833.191753686135
 20
2565.437936576408
 30
491.0254366115428
 11
2833.191753686135
 21
2565.437936576408
 31
445.4947261568246
210
0.0
220
1.0
230
0.0
1001
ACAD_STEPID
1071
       82
  0
LINE
  5
1BAB
330
1F
100
AcDbEntity
  8
TOP - 500_1
 62
     7
100
AcDbLine
 10
2833.191753686135
 20
2620.66335706146
 30
766.8839296751299
 11
2833.191753686135
 21
2610.66335706146
 31
766.8839296751299
210
0.0
220
-0.0000000000000057
230
-1.0
1001
ACAD_STEPID
1071
       84
  0
LINE
  5
1BAC
330
1F
100
AcDbEntity
  8
TOP - 500_1
 62
     7
100
AcDbLine
 10
2833.191753686135
 20
2620.66335706146
 30
766.8839296751299
 11
2843.191753686135
 21
2620.66335706146
 31
766.8839296751299
210
0.0
220
-0.0000000000000057
230
-1.0
1001
ACAD_STEPID
1071
       84
  0
LINE
  5
1BAD
330
1F
100
AcDbEntity
  8
TOP - 500_1
 62
     7
100
AcDbLine
 10
2843.191753686135
 20
2610.66335706146
 30
766.8839296751299
 11
2843.191753686135
 21
2620.66335706146
 31
766.8839296751299
210
0.0
220
-0.0000000000000057
230
-1.0
1001
ACAD_STEPID
1071
       84
  0
LINE
  5
1BAE
330
1F
100
AcDbEntity
  8
TOP - 500_1
 62
     7
100
AcDbLine
 10
2833.191753686135
 20
2610.66335706146
 30
766.8839296751299
 11
2843.191753686135
 21
2610.66335706146
 31
766.8839296751299
210
0.0
220
-0.0000000000000057
230
-1.0
1001
ACAD_STEPID
1071
       84
  0
LINE
  5
1BAF
330
1F
100
AcDbEntity
  8
TOP - 500_1
 62
     7
100
AcDbLine
 10
2833.191753686135
 20
2610.66335706146
 30
766.8839296751299
 11
2833.191753686135
 21
2610.66335706146
 31
566.8839296751299
210
0.0
220
1.0
230
0.0
1001
ACAD_STEPID
1071
       84
  0
LINE
  5
1BB0
330
1F
100
AcDbEntity
  8
TOP - 500_1
 62
     7
100
AcDbLine
 10
2833.191753686135
 20
2610.66335706146
 30
766.8839296751299
 11
2843.191753686135
 21
2610.66335706146
 31
766.8839296751299
210
0.0
220
1.0
230
0.0
1001
ACAD_STEPID
1071
       84
  0
LINE
  5
1BB1
330
1F
100
AcDbEntity
  8
TOP - 500_1
 62
     7
100
AcDbLine
 10
2843.191753686135
 20
2610.66335706146
 30
566.8839296751299
 11
2843.191753686135
 21
2610.66335706146
 31
766.8839296751299
210
0.0
220
1.0
230
0.0
1001
ACAD_STEPID
1071
       84
  0
LINE
  5
1BB2
330
1F
100
AcDbEntity
  8
TOP - 500_1
 62
     7
100
AcDbLine
 10
2833.191753686135
 20
2610.66335706146
 30
566.8839296751299
 11
2843.191753686135
 21
2610.66335706146
 31
566.8839296751299
210
0.0
220
1.0
230
0.0
1001
ACAD_STEPID
1071
       84
  0
LINE
  5
1BB4
330
1F
100
AcDbEntity
  8
TOP - 500_1
 62
     7
100
AcDbLine
 10
2833.191753686135
 20
2610.66335706146
 30
566.8839296751299
 11
2843.191753686135
 21
2610.66335706146
 31
566.8839296751299
1001
ACAD_STEPID
1071
       84
  0
LINE
  5
1BB5
330
1F
100
AcDbEntity
  8
TOP - 500_1
 62
     7
100
AcDbLine
 10
2843.191753686135
 20
2620.66335706146
 30
566.8839296751299
 11
2843.191753686135
 21
2610.66335706146
 31
566.8839296751299
1001
ACAD_STEPID
1071
       84
  0
LINE
  5
1BB9
330
1F
100
AcDbEntity
  8
TOP - 500_1
 62
     7
100
AcDbLine
 10
2843.191753686135
 20
2620.66335706146
 30
766.8839296751299
 11
2843.191753686135
 21
2620.66335706146
 31
566.8839296751299
210
0.0
220
-1.0
230
0.0
1001
ACAD_STEPID
1071
       84
  0
LINE
  5
1BBA
330
1F
100
AcDbEntity
  8
TOP - 500_1
 62
     7
100
AcDbLine
 10
2833.191753686135
 20
2620.66335706146
 30
766.8839296751299
 11
2843.191753686135
 21
2620.66335706146
 31
766.8839296751299
210
0.0
220
-1.0
230
0.0
1001
ACAD_STEPID
1071
       84
  0
LINE
  5
1BBB
330
1F
100
AcDbEntity
  8
TOP - 500_1
 62
     7
100
AcDbLine
 10
2843.191753686135
 20
2620.66335706146
 30
766.8839296751299
 11
2843.191753686135
 21
2620.66335706146
 31
566.8839296751299
210
1.0
220
0.0
230
0.0
1001
ACAD_STEPID
1071
       84
  0
LINE
  5
1BBC
330
1F
100
AcDbEntity
  8
TOP - 500_1
 62
     7
100
AcDbLine
 10
2843.191753686135
 20
2620.66335706146
 30
566.8839296751299
 11
2843.191753686135
 21
2610.66335706146
 31
566.8839296751299
210
1.0
220
0.0
230
0.0
1001
ACAD_STEPID
1071
       84
  0
LINE
  5
1BBD
330
1F
100
AcDbEntity
  8
TOP - 500_1
 62
     7
100
AcDbLine
 10
2843.191753686135
 20
2610.66335706146
 30
566.8839296751299
 11
2843.191753686135
 21
2610.66335706146
 31
766.8839296751299
210
1.0
220
0.0
230
0.0
1001
ACAD_STEPID
1071
       84
  0
LINE
  5
1BBE
330
1F
100
AcDbEntity
  8
TOP - 500_1
 62
     7
100
AcDbLine
 10
2843.191753686135
 20
2610.66335706146
 30
766.8839296751299
 11
2843.191753686135
 21
2620.66335706146
 31
766.8839296751299
210
1.0
220
0.0
230
0.0
1001
ACAD_STEPID
1071
       84
  0
LINE
  5
1BBF
330
1F
100
AcDbEntity
  8
TOP - 500_1
 62
     7
100
AcDbLine
 10
2843.191753686135
 20
3060.431699482821
 30
1218.494726156824
 11
2843.191753686135
 21
2560.431699482828
 31
1218.494726156824
210
1.0
220
0.0
230
0.0
1001
ACAD_STEPID
1071
       84
  0
LINE
  5
1BC0
330
1F
100
AcDbEntity
  8
TOP - 500_1
 62
     7
100
AcDbLine
 10
2843.191753686135
 20
2560.431699482828
 30
1218.494726156824
 11
2843.191753686135
 21
2560.431699482828
 31
495.4947261568246
210
1.0
220
0.0
230
0.0
1001
ACAD_STEPID
1071
       84
  0
LINE
  5
1BC1
330
1F
100
AcDbEntity
  8
TOP - 500_1
 62
     7
100
AcDbLine
 10
2843.191753686135
 20
2560.431699482828
 30
495.4947261568246
 11
2843.191753686135
 21
3060.431699482821
 31
495.4947261568246
210
1.0
220
0.0
230
0.0
1001
ACAD_STEPID
1071
       84
  0
LINE
  5
1BC2
330
1F
100
AcDbEntity
  8
TOP - 500_1
 62
     7
100
AcDbLine
 10
2843.191753686135
 20
3060.431699482821
 30
495.4947261568246
 11
2843.191753686135
 21
3060.431699482821
 31
1218.494726156824
210
1.0
220
0.0
230
0.0
1001
ACAD_STEPID
1071
       84
  0
LINE
  5
1BC3
330
1F
100
AcDbEntity
  8
TOP - 500_1
 62
     7
100
AcDbLine
 10
2513.191753686135
 20
2560.431699482828
 30
1218.494726156824
 11
2843.191753686135
 21
2560.431699482828
 31
1218.494726156824
210
0.0
220
-1.0
230
0.0
1001
ACAD_STEPID
1071
       84
  0
LINE
  5
1BC6
330
1F
100
AcDbEntity
  8
TOP - 500_1
 62
     7
100
AcDbLine
 10
2843.191753686135
 20
2560.431699482828
 30
1218.494726156824
 11
2843.191753686135
 21
2560.431699482828
 31
495.4947261568246
210
0.0
220
-1.0
230
0.0
1001
ACAD_STEPID
1071
       84
  0
LINE
  5
1BCA
330
1F
100
AcDbEntity
  8
TOP - 500_1
 62
     7
100
AcDbLine
 10
2843.191753686135
 20
2560.431699482828
 30
495.4947261568246
 11
2843.191753686135
 21
3060.431699482821
 31
495.4947261568246
210
0.0
220
0.0
230
-1.0
1001
ACAD_STEPID
1071
       84
  0
LINE
  5
1BCE
330
1F
100
AcDbEntity
  8
TOP - 500_1
 62
     7
100
AcDbLine
 10
2843.191753686135
 20
3060.431699482821
 30
495.4947261568246
 11
2843.191753686135
 21
3060.431699482821
 31
1218.494726156824
210
0.0
220
1.0
230
0.0
1001
ACAD_STEPID
1071
       84
  0
LINE
  5
1BCF
330
1F
100
AcDbEntity
  8
TOP - 500_1
 62
     7
100
AcDbLine
 10
2843.191753686135
 20
3060.431699482821
 30
1218.494726156824
 11
2513.191753686135
 21
3060.431699482821
 31
1218.494726156824
1001
ACAD_STEPID
1071
       84
  0
LINE
  5
1BD0
330
1F
100
AcDbEntity
  8
TOP - 500_1
 62
     7
100
AcDbLine
 10
2513.191753686135
 20
2560.431699482828
 30
1218.494726156824
 11
2513.191753686135
 21
3060.431699482821
 31
1218.494726156824
1001
ACAD_STEPID
1071
       84
  0
LINE
  5
1BD1
330
1F
100
AcDbEntity
  8
TOP - 500_1
 62
     7
100
AcDbLine
 10
2513.191753686135
 20
2560.431699482828
 30
1218.494726156824
 11
2843.191753686135
 21
2560.431699482828
 31
1218.494726156824
1001
ACAD_STEPID
1071
       84
  0
LINE
  5
1BD2
330
1F
100
AcDbEntity
  8
TOP - 500_1
 62
     7
100
AcDbLine
 10
2843.191753686135
 20
3060.431699482821
 30
1218.494726156824
 11
2843.191753686135
 21
2560.431699482828
 31
1218.494726156824
1001
ACAD_STEPID
1071
       84
  0
LINE
  5
1BD3
330
1F
100
AcDbEntity
  8
TOP - 500_1
 62
     7
100
AcDbLine
 10
2833.191753686135
 20
2620.66335706146
 30
766.8839296751299
 11
2833.191753686135
 21
2610.66335706146
 31
766.8839296751299
210
1.0
220
0.0
230
0.0
1001
ACAD_STEPID
1071
       84
  0
LINE
  5
1BD4
330
1F
100
AcDbEntity
  8
TOP - 500_1
 62
     7
100
AcDbLine
 10
2833.191753686135
 20
2610.66335706146
 30
766.8839296751299
 11
2833.191753686135
 21
2610.66335706146
 31
566.8839296751299
210
1.0
220
0.0
230
0.0
1001
ACAD_STEPID
1071
       84
  0
LINE
  5
1BD7
330
1F
100
AcDbEntity
  8
TOP - 500_1
 62
     7
100
AcDbLine
 10
2513.191753686135
 20
2560.431699482828
 30
1218.494726156824
 11
2513.191753686135
 21
3060.431699482821
 31
1218.494726156824
210
-1.0
220
0.0
230
0.0
1001
ACAD_STEPID
1071
       84
  0
LINE
  5
1BDB
330
1F
100
AcDbEntity
  8
TOP - 600_1
 62
     7
100
AcDbLine
 10
2833.191753686135
 20
3110.663357061453
 30
766.8839296751297
 11
2833.191753686135
 21
3110.663357061453
 31
566.8839296751298
210
0.0
220
1.0
230
0.0
1001
ACAD_STEPID
1071
       86
  0
LINE
  5
1BDC
330
1F
100
AcDbEntity
  8
TOP - 600_1
 62
     7
100
AcDbLine
 10
2833.191753686135
 20
3110.663357061453
 30
766.8839296751297
 11
2843.191753686135
 21
3110.663357061453
 31
766.8839296751297
210
0.0
220
1.0
230
0.0
1001
ACAD_STEPID
1071
       86
  0
LINE
  5
1BDD
330
1F
100
AcDbEntity
  8
TOP - 600_1
 62
     7
100
AcDbLine
 10
2843.191753686135
 20
3110.663357061453
 30
566.8839296751298
 11
2843.191753686135
 21
3110.663357061453
 31
766.8839296751297
210
0.0
220
1.0
230
0.0
1001
ACAD_STEPID
1071
       86
  0
LINE
  5
1BDE
330
1F
100
AcDbEntity
  8
TOP - 600_1
 62
     7
100
AcDbLine
 10
2833.191753686135
 20
3110.663357061453
 30
566.8839296751298
 11
2843.191753686135
 21
3110.663357061453
 31
566.8839296751298
210
0.0
220
1.0
230
0.0
1001
ACAD_STEPID
1071
       86
  0
LINE
  5
1BE0
330
1F
100
AcDbEntity
  8
TOP - 600_1
 62
     7
100
AcDbLine
 10
2833.191753686135
 20
3110.663357061453
 30
566.8839296751298
 11
2843.191753686135
 21
3110.663357061453
 31
566.8839296751298
1001
ACAD_STEPID
1071
       86
  0
LINE
  5
1BE1
330
1F
100
AcDbEntity
  8
TOP - 600_1
 62
     7
100
AcDbLine
 10
2843.191753686135
 20
3120.663357061453
 30
566.8839296751298
 11
2843.191753686135
 21
3110.663357061453
 31
566.8839296751298
1001
ACAD_STEPID
1071
       86
  0
LINE
  5
1BE5
330
1F
100
AcDbEntity
  8
TOP - 600_1
 62
     7
100
AcDbLine
 10
2843.191753686135
 20
3120.663357061453
 30
766.8839296751297
 11
2843.191753686135
 21
3120.663357061453
 31
566.8839296751298
210
0.0
220
-1.0
230
0.0
1001
ACAD_STEPID
1071
       86
  0
LINE
  5
1BE6
330
1F
100
AcDbEntity
  8
TOP - 600_1
 62
     7
100
AcDbLine
 10
2833.191753686135
 20
3120.663357061453
 30
766.8839296751297
 11
2843.191753686135
 21
3120.663357061453
 31
766.8839296751297
210
0.0
220
-1.0
230
0.0
1001
ACAD_STEPID
1071
       86
  0
LINE
  5
1BE7
330
1F
100
AcDbEntity
  8
TOP - 600_1
 62
     7
100
AcDbLine
 10
2833.191753686135
 20
3120.663357061453
 30
766.8839296751297
 11
2833.191753686135
 21
3110.663357061453
 31
766.8839296751297
210
0.0
220
0.0
230
-1.0
1001
ACAD_STEPID
1071
       86
  0
LINE
  5
1BE8
330
1F
100
AcDbEntity
  8
TOP - 600_1
 62
     7
100
AcDbLine
 10
2833.191753686135
 20
3120.663357061453
 30
766.8839296751297
 11
2843.191753686135
 21
3120.663357061453
 31
766.8839296751297
210
0.0
220
0.0
230
-1.0
1001
ACAD_STEPID
1071
       86
  0
LINE
  5
1BE9
330
1F
100
AcDbEntity
  8
TOP - 600_1
 62
     7
100
AcDbLine
 10
2843.191753686135
 20
3110.663357061453
 30
766.8839296751297
 11
2843.191753686135
 21
3120.663357061453
 31
766.8839296751297
210
0.0
220
0.0
230
-1.0
1001
ACAD_STEPID
1071
       86
  0
LINE
  5
1BEA
330
1F
100
AcDbEntity
  8
TOP - 600_1
 62
     7
100
AcDbLine
 10
2833.191753686135
 20
3110.663357061453
 30
766.8839296751297
 11
2843.191753686135
 21
3110.663357061453
 31
766.8839296751297
210
0.0
220
0.0
230
-1.0
1001
ACAD_STEPID
1071
       86
  0
LINE
  5
1BEB
330
1F
100
AcDbEntity
  8
TOP - 600_1
 62
     7
100
AcDbLine
 10
2843.191753686135
 20
3110.663357061453
 30
766.8839296751297
 11
2843.191753686135
 21
3120.663357061453
 31
766.8839296751297
210
1.0
220
0.0
230
0.0
1001
ACAD_STEPID
1071
       86
  0
LINE
  5
1BEC
330
1F
100
AcDbEntity
  8
TOP - 600_1
 62
     7
100
AcDbLine
 10
2843.191753686135
 20
3120.663357061453
 30
766.8839296751297
 11
2843.191753686135
 21
3120.663357061453
 31
566.8839296751298
210
1.0
220
0.0
230
0.0
1001
ACAD_STEPID
1071
       86
  0
LINE
  5
1BED
330
1F
100
AcDbEntity
  8
TOP - 600_1
 62
     7
100
AcDbLine
 10
2843.191753686135
 20
3120.663357061453
 30
566.8839296751298
 11
2843.191753686135
 21
3110.663357061453
 31
566.8839296751298
210
1.0
220
0.0
230
0.0
1001
ACAD_STEPID
1071
       86
  0
LINE
  5
1BEE
330
1F
100
AcDbEntity
  8
TOP - 600_1
 62
     7
100
AcDbLine
 10
2843.191753686135
 20
3110.663357061453
 30
566.8839296751298
 11
2843.191753686135
 21
3110.663357061453
 31
766.8839296751297
210
1.0
220
0.0
230
0.0
1001
ACAD_STEPID
1071
       86
  0
LINE
  5
1BEF
330
1F
100
AcDbEntity
  8
TOP - 600_1
 62
     7
100
AcDbLine
 10
2843.191753686135
 20
3580.763193439507
 30
1218.494726156824
 11
2843.191753686135
 21
3060.431699482821
 31
1218.494726156824
210
1.0
220
0.0
230
0.0
1001
ACAD_STEPID
1071
       86
  0
LINE
  5
1BF0
330
1F
100
AcDbEntity
  8
TOP - 600_1
 62
     7
100
AcDbLine
 10
2843.191753686135
 20
3060.431699482821
 30
1218.494726156824
 11
2843.191753686135
 21
3060.431699482821
 31
495.4947261568246
210
1.0
220
0.0
230
0.0
1001
ACAD_STEPID
1071
       86
  0
LINE
  5
1BF1
330
1F
100
AcDbEntity
  8
TOP - 600_1
 62
     7
100
AcDbLine
 10
2843.191753686135
 20
3060.431699482821
 30
495.4947261568246
 11
2833.191753686135
 21
3634.312881882459
 31
491.050826491968
210
1.0
220
0.0
230
0.0
1001
ACAD_STEPID
1071
       86
  0
LINE
  5
1BF2
330
1F
100
AcDbEntity
  8
TOP - 600_1
 62
     7
100
AcDbLine
 10
2846.439635872421
 20
3579.19297001482
 30
495.4947261568246
 11
2846.439635872421
 21
3579.19297001482
 31
1218.494726156824
210
1.0
220
0.0
230
0.0
1001
ACAD_STEPID
1071
       86
  0
LINE
  5
1BF3
330
1F
100
AcDbEntity
  8
TOP - 600_1
 62
     7
100
AcDbLine
 10
2513.191753686135
 20
3060.431699482821
 30
1218.494726156824
 11
2843.191753686135
 21
3060.431699482821
 31
1218.494726156824
210
0.0
220
-1.0
230
0.0
1001
ACAD_STEPID
1071
       86
  0
LINE
  5
1BF6
330
1F
100
AcDbEntity
  8
TOP - 600_1
 62
     7
100
AcDbLine
 10
2843.191753686135
 20
3060.431699482821
 30
1218.494726156824
 11
2843.191753686135
 21
3060.431699482821
 31
495.4947261568246
210
0.0
220
-1.0
230
0.0
1001
ACAD_STEPID
1071
       86
  0
LINE
  5
1BFA
330
1F
100
AcDbEntity
  8
TOP - 600_1
 62
     7
100
AcDbLine
 10
2843.191753686135
 20
3060.431699482821
 30
495.4947261568246
 11
2833.191753686135
 21
3634.312881882459
 31
491.050826491968
210
0.0000000000000001
220
0.0
230
-1.0
1001
ACAD_STEPID
1071
       86
  0
LINE
  5
1BFE
330
1F
100
AcDbEntity
  8
TOP - 600_1
 62
     7
100
AcDbLine
 10
2846.439635872421
 20
3579.19297001482
 30
496.8824211377131
 11
2846.439635872421
 21
3579.19297001482
 31
1224.225346235353
210
0.0
220
1.0
230
0.0
1001
ACAD_STEPID
1071
       86
  0
LINE
  5
1C01
330
1F
100
AcDbEntity
  8
TOP - 600_1
 62
     7
100
AcDbLine
 10
2513.191753686135
 20
3060.431699482821
 30
1218.494726156824
 11
2843.191753686135
 21
3060.431699482821
 31
1218.494726156824
1001
ACAD_STEPID
1071
       86
  0
LINE
  5
1C02
330
1F
100
AcDbEntity
  8
TOP - 600_1
 62
     7
100
AcDbLine
 10
2843.191753686135
 20
3580.763193439507
 30
1218.494726156824
 11
2843.191753686135
 21
3060.431699482821
 31
1218.494726156824
1001
ACAD_STEPID
1071
       86
  0
LINE
  5
1C03
330
1F
100
AcDbEntity
  8
TOP - 600_1
 62
     7
100
AcDbLine
 10
2833.191753686135
 20
3110.663357061453
 30
766.8839296751297
 11
2833.191753686135
 21
3110.663357061453
 31
566.8839296751298
210
1.0
220
0.0
230
0.0
1001
ACAD_STEPID
1071
       86
  0
LINE
  5
1C06
330
1F
100
AcDbEntity
  8
TOP - 600_1
 62
     7
100
AcDbLine
 10
2833.191753686135
 20
3120.663357061453
 30
766.8839296751297
 11
2833.191753686135
 21
3110.663357061453
 31
766.8839296751297
210
1.0
220
0.0
230
0.0
1001
ACAD_STEPID
1071
       86
  0
LINE
  5
1C07
330
1F
100
AcDbEntity
  8
TOP - 600_1
 62
     7
100
AcDbLine
 10
2513.191753686135
 20
3060.431699482821
 30
1218.494726156824
 11
2526.439635872421
 21
3579.19297001482
 31
1224.225346235352
210
-1.0
220
0.0
230
-0.0000000000000001
1001
ACAD_STEPID
1071
       86
  0
LINE
  5
1C0C
330
1F
100
AcDbEntity
  8
TOP - 600_1
 62
     7
100
AcDbLine
 10
2833.191753686135
 20
3634.312881882459
 30
1218.494726156824
 11
2833.191753686135
 21
3634.312881882459
 31
491.050826491968
  0
LWPOLYLINE
  5
1C86
330
1F
100
AcDbEntity
  8
BASE
100
AcDbPolyline
 90
        4
 70
     1
 43
0.0
 38
40.0
 10
4678.821145534035
 20
2979.19297001482
 10
2524.817725657186
 20
2979.192970014821
 10
2526.439635872421
 20
3579.19297001482
 10
4678.821145534035
 20
3579.19297001482
  0
LINE
  5
1C8A
330
1F
100
AcDbEntity
  8
BASE
100
AcDbLine
 10
4678.821145534035
 20
3579.19297001482
 30
0.0
 11
4678.821145534035
 21
2979.19297001482
 31
0.0
  0
LINE
  5
1C8B
330
1F
100
AcDbEntity
  8
BASE
100
AcDbLine
 10
4678.821145534035
 20
3579.19297001482
 30
40.0
 11
4678.821145534035
 21
3579.19297001482
 31
0.0
  0
LINE
  5
1C8C
330
1F
100
AcDbEntity
  8
BASE
100
AcDbLine
 10
4678.82114553405
 20
3579.192970014819
 30
-878.0
 11
4678.82114553405
 21
2979.19297001482
 31
-878.0
  0
LINE
  5
1C8D
330
1F
100
AcDbEntity
  8
BASE
100
AcDbLine
 10
4678.82114553405
 20
3579.192970014819
 30
-878.0
 11
4678.821145534035
 21
3579.19297001482
 31
0.0
  0
LINE
  5
1C92
330
1F
100
AcDbEntity
  8
ASPIRATOR
 62
     7
100
AcDbLine
 10
2833.191753686135
 20
2565.437936576408
 30
445.4947261568246
 11
2843.191753686135
 21
1960.431699482828
 31
449.7227426218216
210
1.0
220
0.0
230
0.0
1001
ACAD_STEPID
1071
       82
  0
LINE
  5
1C93
330
1F
100
AcDbEntity
  8
ASPIRATOR
 62
     7
100
AcDbLine
 10
2833.191753686135
 20
2565.437936576408
 30
491.0254366115428
 11
2833.191753686135
 21
2565.437936576408
 31
445.4947261568246
210
1.0
220
0.0
230
0.0
1001
ACAD_STEPID
1071
       82
  0
LINE
  5
1C96
330
1F
100
AcDbEntity
  8
ASPIRATOR
100
AcDbLine
 10
2513.191753686135
 20
1960.431699482828
 30
1218.494726156824
 11
2843.191753686135
 21
1960.431699482828
 31
1218.494726156824
  0
LINE
  5
1C98
330
1F
100
AcDbEntity
  8
ASPIRATOR
100
AcDbLine
 10
2513.191753686135
 20
2560.431699482828
 30
1218.494726156824
 11
2843.191753686135
 21
2560.431699482828
 31
1218.494726156824
  0
LINE
  5
1C99
330
1F
100
AcDbEntity
  8
TOP - 600_1
 62
     7
100
AcDbLine
 10
2526.439635872421
 20
3579.19297001482
 30
1224.225346235352
 11
2846.439635872421
 21
3579.19297001482
 31
1224.225346235353
1001
ACAD_STEPID
1071
       86
  0
LINE
  5
1C9E
330
1F
100
AcDbEntity
  8
BASE
 62
     7
100
AcDbLine
 10
3124.817725657186
 20
1424.192970014821
 30
-878.0
 11
3124.817725657186
 21
1408.192970014821
 31
-878.0
210
0.0
220
0.0
230
-1.0
  0
LINE
  5
1C9F
330
1F
100
AcDbEntity
  8
BASE
 62
     7
100
AcDbLine
 10
3124.817725657186
 20
1408.192970014821
 30
-878.0
 11
3027.417641195672
 21
1408.192970014821
 31
-878.0
210
0.0
220
0.0
230
-1.0
  0
LINE
  5
200D
330
1F
100
AcDbEntity
  8
REFRIGERATOR
370
    18
100
AcDbLine
 10
3124.817725657186
 20
799.3776850620499
 30
-878.0
 11
3124.817725657186
 21
799.3776850620499
 31
907.0
210
1.0
220
-0.0000000000000001
230
0.0000000000000001
  0
LINE
  5
200E
330
1F
100
AcDbEntity
  8
REFRIGERATOR
370
    18
100
AcDbLine
 10
3124.817725657186
 20
1352.041709610622
 30
-878.0
 11
3124.817725657186
 21
1352.041709610622
 31
907.0
210
1.0
220
-0.0000000000000001
230
0.0000000000000001
1001
PE_URL
1000
http://www.Architecture4design.com
1002
{
1000
http://www.Architecture4design.com
1002
{
1071
        1
1002
}
1002
}
  0
LINE
  5
200F
330
1F
100
AcDbEntity
  8
REFRIGERATOR
370
    18
100
AcDbLine
 10
3124.817725657186
 20
796.0417096105786
 30
-878.0
 11
3124.817725657186
 21
1352.041709610622
 31
-878.0
210
1.0
220
-0.0000000000000001
230
0.0000000000000001
1001
PE_URL
1000
http://www.Architecture4design.com
1002
{
1000
http://www.Architecture4design.com
1002
{
1071
        1
1002
}
1002
}
  0
LINE
  5
2010
330
1F
100
AcDbEntity
  8
REFRIGERATOR
370
    18
100
AcDbLine
 10
3124.817725657186
 20
1352.041709610622
 30
-143.0000000001018
 11
3124.817725657186
 21
799.3776850620499
 31
-143.0000000001018
210
1.0
220
-0.0000000000000001
230
0.0000000000000001
1001
PE_URL
1000
http://www.Architecture4design.com
1002
{
1000
http://www.Architecture4design.com
1002
{
1071
        1
1002
}
1002
}
  0
LINE
  5
2011
330
1F
100
AcDbEntity
  8
REFRIGERATOR
370
    18
100
AcDbLine
 10
3124.817725657186
 20
1352.041709610622
 30
-153.0000000000873
 11
3124.817725657186
 21
799.3776850620499
 31
-153.0000000000873
210
1.0
220
-0.0000000000000001
230
0.0000000000000001
1001
PE_URL
1000
http://www.Architecture4design.com
1002
{
1000
http://www.Architecture4design.com
1002
{
1071
        1
1002
}
1002
}
  0
LINE
  5
2012
330
1F
100
AcDbEntity
  8
REFRIGERATOR
370
    18
100
AcDbLine
 10
3124.817725657186
 20
899.37768506205
 30
-153.0000000000873
 11
3124.817725657186
 21
928.7867626279632
 31
-171.1009161322144
210
1.0
220
-0.0000000000000001
230
0.0000000000000001
  0
LINE
  5
2013
330
1F
100
AcDbEntity
  8
REFRIGERATOR
370
    18
100
AcDbLine
 10
3124.817725657186
 20
928.7867626279632
 30
-171.1009161322144
 11
3124.817725657186
 21
1226.209725568509
 31
-171.1009161322144
210
1.0
220
-0.0000000000000001
230
0.0000000000000001
  0
LINE
  5
2014
330
1F
100
AcDbEntity
  8
REFRIGERATOR
370
    18
100
AcDbLine
 10
3124.817725657186
 20
1255.618803134429
 30
-153.0000000000873
 11
3124.406090521498
 21
1226.209725568516
 31
-171.1009161322144
210
1.0
220
-0.0000000000000001
230
0.0000000000000001
  0
LINE
  5
2015
330
1F
100
AcDbEntity
  8
REFRIGERATOR
370
    18
100
AcDbLine
 10
3124.817725657186
 20
879.3776850620499
 30
-878.0
 11
3124.817725657186
 21
879.3776850620499
 31
-893.0
210
1.0
220
-0.0000000000000001
230
0.0000000000000001
  0
LINE
  5
2016
330
1F
100
AcDbEntity
  8
REFRIGERATOR
370
    18
100
AcDbLine
 10
3124.817725657186
 20
879.3776850620499
 30
-893.0
 11
3124.817725657186
 21
899.37768506205
 31
-893.0
210
1.0
220
-0.0000000000000001
230
0.0000000000000001
  0
LINE
  5
2017
330
1F
100
AcDbEntity
  8
REFRIGERATOR
370
    18
100
AcDbLine
 10
3124.817725657186
 20
899.37768506205
 30
-893.0
 11
3124.817725657186
 21
899.37768506205
 31
-878.0
210
1.0
220
-0.0000000000000001
230
0.0000000000000001
  0
LINE
  5
2018
330
1F
100
AcDbEntity
  8
REFRIGERATOR
370
    18
100
AcDbLine
 10
3124.817725657186
 20
1275.377685062094
 30
-878.0
 11
3124.817725657186
 21
1275.377685062094
 31
-893.0
210
1.0
220
-0.0000000000000001
230
0.0000000000000001
  0
LINE
  5
2019
330
1F
100
AcDbEntity
  8
REFRIGERATOR
370
    18
100
AcDbLine
 10
3124.817725657186
 20
1275.377685062094
 30
-893.0
 11
3124.817725657186
 21
1255.377685062093
 31
-893.0
210
1.0
220
-0.0000000000000001
230
0.0000000000000001
  0
LINE
  5
201A
330
1F
100
AcDbEntity
  8
REFRIGERATOR
370
    18
100
AcDbLine
 10
3124.817725657186
 20
1255.377685062093
 30
-893.0
 11
3124.817725657186
 21
1255.377685062093
 31
-878.0
210
1.0
220
-0.0000000000000001
230
0.0000000000000001
  0
LINE
  5
201B
330
1F
100
AcDbEntity
  8
REFRIGERATOR
370
    18
100
AcDbLine
 10
3124.817725657186
 20
799.3776850620499
 30
907.0
 11
3124.817725657186
 21
1352.041709610622
 31
907.0
210
1.0
220
-0.0000000000000001
230
0.0000000000000001
  0
LINE
  5
201C
330
1F
100
AcDbEntity
  8
REFRIGERATOR
100
AcDbLine
 10
3124.817725657186
 20
796.0417096105786
 30
-878.0
 11
2524.817725657164
 21
796.0417096105787
 31
-878.0
  0
LINE
  5
201D
330
1F
100
AcDbEntity
  8
REFRIGERATOR
100
AcDbLine
 10
2524.817725657164
 20
796.0417096105787
 30
-878.0
 11
2524.817725657164
 21
796.0417096105787
 31
907.0
  0
LINE
  5
201E
330
1F
100
AcDbEntity
  8
REFRIGERATOR
100
AcDbLine
 10
2524.817725657164
 20
796.0417096105787
 30
907.0
 11
3124.817725657186
 21
799.3776850620499
 31
907.0
  0
LINE
  5
201F
330
1F
100
AcDbEntity
  8
REFRIGERATOR
100
AcDbLine
 10
3124.817725657186
 20
1352.041709610622
 30
907.0
 11
2524.817725657221
 21
1352.041709610622
 31
907.0
  0
LINE
  5
2020
330
1F
100
AcDbEntity
  8
REFRIGERATOR
100
AcDbLine
 10
2524.817725657221
 20
1352.041709610622
 30
907.0
 11
2524.817725657164
 21
796.0417096105787
 31
907.0
  0
LINE
  5
2021
330
1F
100
AcDbEntity
  8
BASE
 62
     7
100
AcDbLine
 10
3032.035853731254
 20
1408.192970014821
 30
0.0
 11
3124.817725657186
 21
1408.192970014821
 31
0.0
210
0.0
220
-1.0
230
0.0
  0
LINE
  5
2023
330
1F
100
AcDbEntity
  8
BASE
 62
     7
100
AcDbLine
 10
3124.817725657186
 20
1408.192970014821
 30
-878.0
 11
3027.417641195672
 21
1408.192970014821
 31
-878.0
210
0.0
220
-1.0
230
0.0
  0
LINE
  5
2024
330
1F
100
AcDbEntity
  8
BASE
 62
     7
100
AcDbLine
 10
3124.817725657186
 20
1408.192970014821
 30
0.0
 11
3124.817725657186
 21
1408.192970014821
 31
-878.0
210
0.0
220
-1.0
230
0.0
  0
LINE
  5
2025
330
1F
100
AcDbEntity
  8
BASE
 62
     7
100
AcDbLine
 10
3124.817725657186
 20
1408.192970014821
 30
0.0
 11
3032.035853731254
 21
1408.192970014821
 31
0.0
210
0.0
220
-1.0
230
0.0
1001
ACAD_STEPID
1071
        1
  0
LINE
  5
2026
330
1F
100
AcDbEntity
  8
BASE
 62
     7
100
AcDbLine
 10
3124.817725657186
 20
1408.192970014821
 30
0.0
 11
3124.817725657186
 21
1408.192970014821
 31
40.0
210
0.0
220
-1.0
230
0.0
1001
ACAD_STEPID
1071
        1
  0
LINE
  5
2027
330
1F
100
AcDbEntity
  8
BASE
 62
     7
100
AcDbLine
 10
3031.816596721273
 20
1408.192970014821
 30
40.0
 11
3124.817725657186
 21
1408.192970014821
 31
40.0
210
0.0
220
-1.0
230
0.0
1001
ACAD_STEPID
1071
        1
  0
LINE
  5
2029
330
1F
100
AcDbEntity
  8
BASE
 62
     7
100
AcDbLine
 10
3124.817725657186
 20
2979.192970014821
 30
40.0
 11
2524.817725657186
 21
2979.192970014821
 31
40.0
1001
ACAD_STEPID
1071
        1
  0
LINE
  5
202A
330
1F
100
AcDbEntity
  8
BASE
 62
     7
100
AcDbLine
 10
2524.817725657186
 20
2979.192970014821
 30
40.0
 11
2524.817725657186
 21
1714.411494732975
 31
40.0
1001
ACAD_STEPID
1071
        1
  0
LINE
  5
202B
330
1F
100
AcDbEntity
  8
BASE
 62
     7
100
AcDbLine
 10
3031.816596721273
 20
1408.192970014821
 30
40.0
 11
3124.817725657186
 21
1408.192970014821
 31
40.0
1001
ACAD_STEPID
1071
        1
  0
LINE
  5
202C
330
1F
100
AcDbEntity
  8
BASE
 62
     7
100
AcDbLine
 10
3124.817725657186
 20
1408.192970014821
 30
40.0
 11
3124.817725657186
 21
2979.192970014821
 31
40.0
1001
ACAD_STEPID
1071
        1
  0
LINE
  5
2081
330
1F
100
AcDbEntity
  8
BASE
100
AcDbLine
 10
4678.821145534035
 20
2979.19297001482
 30
40.0
 11
4678.821145534035
 21
2979.19297001482
 31
0.0
  0
LINE
  5
20B8
330
1F
100
AcDbEntity
  8
BASE
100
AcDbLine
 10
3124.817725657208
 20
2979.19297001482
 30
0.0
 11
3174.817725657208
 21
2979.192970014827
 31
0.0
  0
LINE
  5
20B9
330
1F
100
AcDbEntity
  8
BASE
100
AcDbLine
 10
3174.817725657208
 20
2979.192970014827
 30
0.0
 11
3174.817725657208
 21
2979.192970014821
 31
-878.0
  0
LINE
  5
20BA
330
1F
100
AcDbEntity
  8
BASE
 62
     7
100
AcDbLine
 10
3724.817725657201
 20
2979.192970014821
 30
-722.9999999999964
 11
3174.817725657208
 21
2979.192970014821
 31
-722.9999999999964
210
-0.0000000000000001
220
1.0
230
0.0000000000000002
  0
LINE
  5
20BB
330
1F
100
AcDbEntity
  8
BASE
 62
     7
100
AcDbLine
 10
3124.817725657201
 20
2979.192970014821
 30
-722.9999999999964
 11
3124.817725657186
 21
2979.192970014821
 31
-878.0
210
-0.0000000000000001
220
1.0
230
0.0000000000000002
  0
LINE
  5
20BC
330
1F
100
AcDbEntity
  8
BASE
 62
     7
100
AcDbLine
 10
3124.817725657186
 20
2979.192970014821
 30
-878.0
 11
3724.817725657187
 21
2979.192970014821
 31
-878.0
210
-0.0000000000000001
220
1.0
230
0.0000000000000002
  0
LINE
  5
20BD
330
1F
100
AcDbEntity
  8
BASE
 62
     7
100
AcDbLine
 10
3724.817725657187
 20
2979.192970014821
 30
-878.0
 11
3724.817725657201
 21
2979.192970014821
 31
-722.9999999999964
210
-0.0000000000000001
220
1.0
230
0.0000000000000002
  0
LINE
  5
20BE
330
1F
100
AcDbEntity
  8
BASE
 62
     7
100
AcDbLine
 10
3724.817725657209
 20
2979.192970014821
 30
0.0
 11
3124.817725657208
 21
2979.19297001482
 31
-0.0000000000000048
210
-0.0000000000000001
220
1.0
230
0.0000000000000002
  0
LINE
  5
20BF
330
1F
100
AcDbEntity
  8
BASE
 62
     7
100
AcDbLine
 10
3124.817725657208
 20
2979.19297001482
 30
-0.0000000000000048
 11
3124.817725657208
 21
2979.192970014821
 31
-722.9999999999964
210
-0.0000000000000001
220
1.0
230
0.0000000000000002
  0
LINE
  5
20C0
330
1F
100
AcDbEntity
  8
BASE
 62
     7
100
AcDbLine
 10
3174.817725657208
 20
2979.192970014821
 30
-722.9999999999964
 11
3724.817725657209
 21
2979.192970014821
 31
-722.9999999999964
210
-0.0000000000000001
220
1.0
230
0.0000000000000002
  0
LINE
  5
20C1
330
1F
100
AcDbEntity
  8
BASE
 62
     7
100
AcDbLine
 10
3724.817725657209
 20
2979.192970014821
 30
-722.9999999999964
 11
3724.817725657209
 21
2979.192970014821
 31
0.0
210
-0.0000000000000001
220
1.0
230
0.0000000000000002
  0
REGION
  5
2224
330
1F
100
AcDbEntity
  8
BASE
 62
     7
100
AcDbModelerGeometry
 70
     1
  1
mnjoo lm m mk          
  1
ni ^ *+0;:,4 ^ *+0\^ [ mo ^ LR mlnqiqmqijjlj QK o  
  1
mjqlfffffffffffffgjg fqfffffffffffffffjkh:roh nqooooooooooooooooli:rno 
  1
>,27:>;:- {rn rn _nl mlnqiqmqijjlj |
  1
=0;& {rn rn {rn {m {rn {l |
  1
3*2/ {rn rn {rn {rn {k {n |
  1
+->1,90-2 {rn rn n o o o n o o o n mgfoqkmngnimimihjhkg likgqkhfgignjiikhnhn rmmmqjnnigijklfglokim n 10@-0+>+: 10@-:93:<+ 10@,7:>- |
  1
,7:33 {rn rn {rn {rn {rn {j {rn {m |
  1
9><: {rn rn {rn {rn {i {k {rn {h 90-(>-; ;0*=3: 0*+ |
  1
300/ {rn rn {rn {rn {g {j |
  1
/3>1:r,*-9><: {rn rn {rn klgqjoogllojfmlkkgoj rmkoqkffffmjjlikkilnm oqonjniohojoknkkjjnoml o ro n o n o 90-(>-;@) V V V V |
  1
<0:;8: {rn rn {rn {f {no {rn {nn 90-(>-; {i {nm |
  1
<0:;8: {rn rn {rn {nl {g {rn {nk 90-(>-; {i {nj |
  1
<0:;8: {rn rn {rn {g {nl {rn {ni -:):-,:; {i {nh |
  1
:;8: {rn rn {rn {ng o {nf iqhffhfmkinhfololglm {g {mo 90-(>-; _h *1410(1 |
  1
/<*-): {rn rn {rn o 90-(>-; $ :'/@/>-@<*- 1*=, n 0/:1 m 
  1
 rnhilqlgikjijllnlhhgf n rgflqljfgglgkgkninggg n 
  1
 rlqlffgfimlogfjnofmgk rklhqjookmnfmgjjmkknk 
  1
 lqlffgfimlogfjogogim rklhqjookmnfmgjjmkknk 
  1
 o 
  1
 /3>1: klgqjoogllojfmlkkgoj rmkoqkffffmjjlikkilnm oqonjniohojoknkkjjnoml o ro n o n o 90-(>-;@) V V V V 
  1
 " o o |
  1
<0:;8: {rn rn {rn {no {f {rn {mn -:):-,:; {i {mm |
  1
:;8: {rn rn {rn {nf o {ml ghjqooogklgjhnokggmg {f {mk 90-(>-; _h *1410(1 |
  1
/<*-): {rn rn {rn o 90-(>-; $ :'/@/>-@<*- 1*=, n 0/:1 m 
  1
 o n ghjqooogklgjhnokggmg n 
  1
 lqlffgfimlogfjogogim rklhqjookmnfmgjjmkknk 
  1
 lqlffgfimlogfjogogim klhqjookmnfmgjjmkknk 
  1
 o 
  1
 /3>1: klgqjoogllojfmlkkgoj rmkoqkffffmjjlikkilnm oqonjniohojoknkkjjnoml o ro n o n o 90-(>-;@) V V V V 
  1
 " o o |
  1
:;8: {rn rn {rn {ng rjqigklknggiogogonkgh:rnk {mj ghjqooogklgjhnokggmg {no {mi 90-(>-; _h *1410(1 |
  1
/<*-): {rn rn {rn o 90-(>-; $ :'/@/>-@<*- 1*=, n 0/:1 m 
  1
 rghjqooogklgjhnokggmg n ro n 
  1
 rlqlffgfimlogfjnofmgk klhqjookmnfmgjjmkknk 
  1
 rlqlffgfimlogfjnofmgk rklhqjookmnfmgjjmkknk 
  1
 o 
  1
 /3>1: klgqjoogllojfmlkkgoj rmkoqkffffmjjlikkilnm oqonjniohojoknkkjjnoml o ro n o n o 90-(>-;@) V V V V 
  1
 " o o |
  1
):-+:' {rn rn {rn {nn o {mh |
  1
):-+:' {rn rn {rn {nn n {mg |
  1
,+->687+r<*-): {rn rn {rn klhqjoogllojfmlkjlhk rmlfqkffffmjjlikkilnm oqonjniohojokmmkjhjlhg o n rmqljlhmkgjlfofinnnh:rnl V V |
  1
:;8: {rn rn {rn {mj mqmkjlnjokjoomnojinn:rnm {ml iqhffhfmkinhfonfonki {nl {mf 90-(>-; _h *1410(1 |
  1
/<*-): {rn rn {rn o 90-(>-; $ :'/@/>-@<*- 1*=, n 0/:1 m 
  1
 gflqljfgglgkgkninggg n nhilqlgikjijllnlhhgf n 
  1
 lqlffgfimlogfjogogim klhqjookmnfmgjjmkknk 
  1
 rlqlffgfimlogfjnofmgk klhqjookmnfmgjjmkknk 
  1
 o 
  1
 /3>1: klgqjoogllojfmlkkgoj rmkoqkffffmjjlikkilnm oqonjniohojoknkkjjnoml o ro n o n o 90-(>-;@) V V V V 
  1
 " o o |
  1
):-+:' {rn rn {rn {nk n {lo |
  1
,+->687+r<*-): {rn rn {rn klhqjoogllojfmlkkgoj rmlmqhoomooofngjkkifj oqonjniohojoknkkjimnmi rn o o V V |
  1
):-+:' {rn rn {rn {mn o {ln |
  1
,+->687+r<*-): {rn rn {rn klhqjoogllojfmlkkgoj rmlfqkffffmjjlikkilnm oqonjniohojoknkkjjnoml rn o o V V |
  1
/061+ {rn rn {rn klhqjoogllojfmlkjlhk rmlfqkffffmjjlikkilnm oqonjniohojokmmkjhjlhg |
  1
/061+ {rn rn {rn klhqjoogllojfmlkkgoj rmlmqhoomooofngjklmhk oqonjniohojoknkkkmggff |
  1
,+->687+r<*-): {rn rn {rn rklhqjooonohfhgholkjk rmlfqkffffmjjlikkiomg oqonjniohojokmmkhnnmoh o n rmqljhgggnfomjnfjjjoh:rnl V V |
  1
/061+ {rn rn {rn rklhqjooonohfhgholkjk rmlmqhoomooofngjkknmh oqonjniohojokoiklhfjik |
  1
/061+ {rn rn {rn rklhqjooonohfhgholkjk rmlfqkffffmjjlikmljhj oqonjniohojoknkkioijlk |
1001
ACAD_OBJECT_CHANGE_GUID
1070
     1
1071
-329054158
1070
 27179
1070
 22595
1070
   131
1070
   213
1070
    55
1070
    62
1070
   154
1070
   165
1070
    55
1070
    45
  0
REGION
  5
2225
330
1F
100
AcDbEntity
  8
BASE
 62
     7
100
AcDbModelerGeometry
 70
     1
  1
mnjoo lm m mk          
  1
ni ^ *+0;:,4 ^ *+0\^ [ mo ^ LR mlnqiqmqijjlj QK o  
  1
mjqlfffffffffffffgjg fqfffffffffffffffjkh:roh nqooooooooooooooooli:rno 
  1
>,27:>;:- {rn rn _nl mlnqiqmqijjlj |
  1
=0;& {rn rn {rn {m {rn {l |
  1
3*2/ {rn rn {rn {rn {k {n |
  1
+->1,90-2 {rn rn n o o o n o o o n mgfoqkmngnimimihjhkg likgqkhfgignjiikhnhn rmmmqjnnigijklfglokim n 10@-0+>+: 10@-:93:<+ 10@,7:>- |
  1
,7:33 {rn rn {rn {rn {rn {j {rn {m |
  1
9><: {rn rn {rn {rn {i {k {rn {h 90-(>-; ;0*=3: 0*+ |
  1
300/ {rn rn {rn {rn {g {j |
  1
/3>1:r,*-9><: {rn rn {rn klgqjoogllojfmlkkgoj rmlmqhoomooofngjkkifj nqonjniohojoknkkjjn o n o o o rn 90-(>-;@) V V V V |
  1
<0:;8: {rn rn {rn {f {no {rn {nn 90-(>-; {i {nm |
  1
<0:;8: {rn rn {rn {nl {g {rn {nk 90-(>-; {i {nj |
  1
<0:;8: {rn rn {rn {g {nl {rn {ni -:):-,:; {i {nh |
  1
:;8: {rn rn {rn {ng ro {nf nqokojlkogoomfmffhom {g {mo 90-(>-; _h *1410(1 |
  1
/<*-): {rn rn {rn o 90-(>-; $ :'/@/>-@<*- 1*=, n 0/:1 m 
  1
 rgflqljfgglgkgkninggg n rmgqljfmjgookolkjfooh n 
  1
 roqjmomihokoonkllonoii rklhqjookmnfmgjjmkknk 
  1
 oqjmomihokoonkllonoii rklhqjookmnfmgjjmkknk 
  1
 o 
  1
 /3>1: klgqjoogllojfmlkkgoj rmlmqhoomooofngjkkifj nqonjniohojoknkkjjn o n o o o rn 90-(>-;@) V V V V 
  1
 " o o |
  1
<0:;8: {rn rn {rn {no {f {rn {mn -:):-,:; {i {mm |
  1
:;8: {rn rn {rn {nf ro {ml ghjqooogklgjhnokggmg {f {mk 90-(>-; _h *1410(1 |
  1
/<*-): {rn rn {rn o 90-(>-; $ :'/@/>-@<*- 1*=, n 0/:1 m 
  1
 o n ghjqooogklgjhnokggmg n 
  1
 oqjmomihokoonkllonoii rklhqjookmnfmgjjmkknk 
  1
 oqjmomihokoonkllonoii klhqjookmnfmgjjmkknk 
  1
 o 
  1
 /3>1: klgqjoogllojfmlkkgoj rmlmqhoomooofngjkkifj nqonjniohojoknkkjjn o n o o o rn 90-(>-;@) V V V V 
  1
 " o o |
  1
:;8: {rn rn {rn {ng o {mj ghjqooogklgjhnokggmg {no {mi 90-(>-; _h *1410(1 |
  1
/<*-): {rn rn {rn o 90-(>-; $ :'/@/>-@<*- 1*=, n 0/:1 m 
  1
 rghjqooogklgjhnokggmg n ro n 
  1
 roqjmomihokoonkllonoii klhqjookmnfmgjjmkknk 
  1
 roqjmomihokoonkllonoii rklhqjookmnfmgjjmkknk 
  1
 o 
  1
 /3>1: klgqjoogllojfmlkkgoj rmlmqhoomooofngjkkifj nqonjniohojoknkkjjn o n o o o rn 90-(>-;@) V V V V 
  1
 " o o |
  1
):-+:' {rn rn {rn {nn o {mh |
  1
):-+:' {rn rn {rn {nn n {mg |
  1
,+->687+r<*-): {rn rn {rn klhqjoogllojfmlkkgoj rmlmqhoomooofngjklmhk oqonjniohojoknkkkmggff rjqigklknggiogogonkgh:rnk rmqjjhfjlgkghlilioiif:rnl rn V V |
  1
:;8: {rn rn {rn {mj gqoohnjlfihikgiljmon:rnl {ml nqokojlkogoomgiiomnl {nl {mf 90-(>-; _h *1410(1 |
  1
/<*-): {rn rn {rn o 90-(>-; $ :'/@/>-@<*- 1*=, n 0/:1 m 
  1
 mgqljfmjgookolkjfooh n gflqljfgglgkgkninggg n 
  1
 oqjmomihokoonkllonoii klhqjookmnfmgjjmkknk 
  1
 roqjmomihokoonkllonoii klhqjookmnfmgjjmkknk 
  1
 o 
  1
 /3>1: klgqjoogllojfmlkkgoj rmlmqhoomooofngjkkifj nqonjniohojoknkkjjn o n o o o rn 90-(>-;@) V V V V 
  1
 " o o |
  1
):-+:' {rn rn {rn {nk n {lo |
  1
,+->687+r<*-): {rn rn {rn klhqjoogllojfmlkkgoj rmlmqhoomooofngjkkifj rnqomjlhllhkfghmnkhol rn o o V V |
  1
):-+:' {rn rn {rn {mn o {ln |
  1
,+->687+r<*-): {rn rn {rn klhqjoogllojfmlkkgoj rmlmqhoomooofngjkkifj oqonjniohojoknkkjimnmi rn o o V V |
  1
/061+ {rn rn {rn klhqjoogllojfmlkkgoj rmlmqhoomooofngjklmhk oqonjniohojoknkkkmggff |
  1
/061+ {rn rn {rn klhqjoogllojfmlkkgoj rmlmqhoomooofngjkjmik rnqomjlhllhkfghgjjjmk |
  1
,+->687+r<*-): {rn rn {rn rklhqjooonohfhgholkjk rmlmqhoomooofngjkljjg oqonjniohojoknkkkjnnol o rmqmhlhlihjkklmlmojfj:rnl rn V V |
  1
/061+ {rn rn {rn rklhqjooonohfhgholkjk rmlmqhoomooofngjkjglm rnqomjlhllhkfghmnjjfn |
  1
/061+ {rn rn {rn rklhqjooonohfhgholkjk rmlmqhoomooofngjkknmh oqonjniohojokoiklhfjik |
1001
ACAD_OBJECT_CHANGE_GUID
1070
     1
1071
263757106
1070
-29048
1070
 -4792
1070
   181
1070
   103
1070
   136
1070
   230
1070
    85
1070
     7
1070
    76
1070
   181
  0
REGION
  5
2226
330
1F
100
AcDbEntity
  8
BASE
 62
     7
100
AcDbModelerGeometry
 70
     1
  1
mnjoo lm m mk          
  1
ni ^ *+0;:,4 ^ *+0\^ [ mo ^ LR mlnqiqmqijjlj QK o  
  1
mjqlfffffffffffffgjg fqfffffffffffffffjkh:roh nqooooooooooooooooli:rno 
  1
>,27:>;:- {rn rn _nl mlnqiqmqijjlj |
  1
=0;& {rn rn {rn {m {rn {l |
  1
3*2/ {rn rn {rn {rn {k {n |
  1
+->1,90-2 {rn rn n o o o n o o o n mgfoqkmngnimimihjhkg likgqkhfgignjiikhnhn rmmmqjnnigijklfglokim n 10@-0+>+: 10@-:93:<+ 10@,7:>- |
  1
,7:33 {rn rn {rn {rn {rn {j {rn {m |
  1
9><: {rn rn {rn {rn {i {k {rn {h 90-(>-; ;0*=3: 0*+ |
  1
300/ {rn rn {rn {rn {g {j |
  1
/3>1:r,*-9><: {rn rn {rn klgqjoogllojfmlkkgoj rmlnqhoomooofngjkkfhf rnqomjlhllhkfghmnkhol ro ro rn o rn o 90-(>-;@) V V V V |
  1
<0:;8: {rn rn {rn {f {no {rn {nn 90-(>-; {i {nm |
  1
<0:;8: {rn rn {rn {nl {g {rn {nk 90-(>-; {i {nj |
  1
<0:;8: {rn rn {rn {g {nl {rn {ni -:):-,:; {i {nh |
  1
:;8: {rn rn {rn {ng o {nf jqkkmnohjknmhilgjjng {g {mo 90-(>-; _h *1410(1 |
  1
/<*-): {rn rn {rn o 90-(>-; $ :'/@/>-@<*- 1*=, n 0/:1 m 
  1
 rmgqljfmjgookolkjfooh n rmmqfnhnjokimhjjfomk n 
  1
 rmqhmnojlhhoilflklglg rklhqjookmnfmgjjmkknk 
  1
 mqhmnojlhhoilflklglg rklhqjookmnfmgjjmkknk 
  1
 o 
  1
 /3>1: klgqjoogllojfmlkkgoj rmlnqhoomooofngjkkfhf rnqomjlhllhkfghmnkhol ro ro rn o rn o 90-(>-;@) V V V V 
  1
 " o o |
  1
<0:;8: {rn rn {rn {no {f {rn {mn -:):-,:; {i {mm |
  1
:;8: {rn rn {rn {nf o {ml ghjqooogklgjhnokggmg {f {mk 90-(>-; _h *1410(1 |
  1
/<*-): {rn rn {rn o 90-(>-; $ :'/@/>-@<*- 1*=, n 0/:1 m 
  1
 o n ghjqooogklgjhnokggmg n 
  1
 mqhmnojlhhoilflklglg rklhqjookmnfmgjjmkknk 
  1
 mqhmnojlhhoilflklglg klhqjookmnfmgjjmkknk 
  1
 o 
  1
 /3>1: klgqjoogllojfmlkkgoj rmlnqhoomooofngjkkfhf rnqomjlhllhkfghmnkhol ro ro rn o rn o 90-(>-;@) V V V V 
  1
 " o o |
  1
:;8: {rn rn {rn {ng ro {mj ghjqooogklgjhnokggmg {no {mi 90-(>-; _h *1410(1 |
  1
/<*-): {rn rn {rn o 90-(>-; $ :'/@/>-@<*- 1*=, n 0/:1 m 
  1
 rghjqooogklgjhnokggmg n ro n 
  1
 rmqhmnojlhhoilflklglg klhqjookmnfmgjjmkknk 
  1
 rmqhmnojlhhoilflklglg rklhqjookmnfmgjjmkknk 
  1
 o 
  1
 /3>1: klgqjoogllojfmlkkgoj rmlnqhoomooofngjkkfhf rnqomjlhllhkfghmnkhol ro ro rn o rn o 90-(>-;@) V V V V 
  1
 " o o |
  1
):-+:' {rn rn {rn {nn o {mh |
  1
):-+:' {rn rn {rn {nn n {mg |
  1
,+->687+r<*-): {rn rn {rn klhqjoogllojfmlkkgoj rmlmqhoomooofngjkjmik rnqomjlhllhkfghgjjjmk o rn mqljlihmgnmmojllngii:rnl V V |
  1
:;8: {rn rn {rn {mj nqnligiglhhmnhihnlhi:rnl {ml jqkkmnohjknmhgighihh {nl {mf 90-(>-; _h *1410(1 |
  1
/<*-): {rn rn {rn o 90-(>-; $ :'/@/>-@<*- 1*=, n 0/:1 m 
  1
 mmqfnhnjokimhjjfomk n mgqljfmjgookolkjfooh n 
  1
 mqhmnojlhhoilflklglg klhqjookmnfmgjjmkknk 
  1
 rmqhmnojlhhoilflklglg klhqjookmnfmgjjmkknk 
  1
 o 
  1
 /3>1: klgqjoogllojfmlkkgoj rmlnqhoomooofngjkkfhf rnqomjlhllhkfghmnkhol ro ro rn o rn o 90-(>-;@) V V V V 
  1
 " o o |
  1
):-+:' {rn rn {rn {nk n {lo |
  1
,+->687+r<*-): {rn rn {rn klhqjoogllojfmlkkgoj rmlgqnkmlohillnllnjhm rnqomjlhllhkfghmnkhol rn o o V V |
  1
):-+:' {rn rn {rn {mn o {ln |
  1
,+->687+r<*-): {rn rn {rn klhqjoogllojfmlkkgoj rmlmqhoomooofngjkkifj rnqomjlhllhkfghmnkhol rn o o V V |
  1
/061+ {rn rn {rn klhqjoogllojfmlkkgoj rmlmqhoomooofngjkjmik rnqomjlhllhkfghgjjjmk |
  1
/061+ {rn rn {rn klhqjoogllojfmlkkgoj rmlgqnkmlohillnlofnnf rnqomjlhllhkfghmnifml |
  1
,+->687+r<*-): {rn rn {rn rklhqjooonohfhgholkjk rmlmqhoomooofngjkkifj rnqomjlhllhkfghgjiknm o rn mqljgnnlhoklolglmkfm:rnl V V |
  1
/061+ {rn rn {rn rklhqjooonohfhgholkjk rmlgqnkmlohillnllnjhm rnqomjlhllhkfgijhlklg |
  1
/061+ {rn rn {rn rklhqjooonohfhgholkjk rmlmqhoomooofngjkjglm rnqomjlhllhkfghmnjjfn |
1001
ACAD_OBJECT_CHANGE_GUID
1070
     1
1071
1063362230
1070
-19528
1070
 27457
1070
   151
1070
    43
1070
    16
1070
   201
1070
   203
1070
    26
1070
   245
1070
   126
  0
REGION
  5
2227
330
1F
100
AcDbEntity
  8
BASE
 62
     7
100
AcDbModelerGeometry
 70
     1
  1
mnjoo lm m mk          
  1
ni ^ *+0;:,4 ^ *+0\^ [ mo ^ LR mlnqiqmqijjlj QK o  
  1
mjqlfffffffffffffgjg fqfffffffffffffffjkh:roh nqooooooooooooooooli:rno 
  1
>,27:>;:- {rn rn _nl mlnqiqmqijjlj |
  1
=0;& {rn rn {rn {m {rn {l |
  1
3*2/ {rn rn {rn {rn {k {n |
  1
+->1,90-2 {rn rn n o o o n o o o n mgfoqkmngnimimihjhkg likgqkhfgignjiikhnhn rmmmqjnnigijklfglokim n 10@-0+>+: 10@-:93:<+ 10@,7:>- |
  1
,7:33 {rn rn {rn {rn {rn {j {rn {m |
  1
9><: {rn rn {rn {rn {i {k {rn {h 90-(>-; ;0*=3: 0*+ |
  1
300/ {rn rn {rn {rn {g {j |
  1
/3>1:r,*-9><: {rn rn {rn klgqjoogllojfmlkkgoj mkoqkfffgoojjlklgjkh oqonjniohojoknkkjjnoml o o n rn o o 90-(>-;@) V V V V |
  1
<0:;8: {rn rn {rn {f {no {rn {nn 90-(>-; {i {nm |
  1
<0:;8: {rn rn {rn {nl {g {rn {nk 90-(>-; {i {nj |
  1
<0:;8: {rn rn {rn {g {nl {rn {ni -:):-,:; {i {nh |
  1
:;8: {rn rn {rn {ng o {nf ghjqooogklgjhnokggmg {g {mo 90-(>-; _h *1410(1 |
  1
/<*-): {rn rn {rn o 90-(>-; $ :'/@/>-@<*- 1*=, n 0/:1 m 
  1
 o n ghjqooogklgjhnokggmg n 
  1
 rklhqjookmnfmgjjmkknk rlqlffgfimlogfjnofmgk 
  1
 klhqjookmnfmgjjmkknk rlqlffgfimlogfjnofmgk 
  1
 o 
  1
 /3>1: klgqjoogllojfmlkkgoj mkoqkfffgoojjlklgjkh oqonjniohojoknkkjjnoml o o n rn o o 90-(>-;@) V V V V 
  1
 " o o |
  1
<0:;8: {rn rn {rn {no {f {rn {mn -:):-,:; {i {mm |
  1
:;8: {rn rn {rn {nf o {ml iqhffhfmkinhfololglm {f {mk 90-(>-; _h *1410(1 |
  1
/<*-): {rn rn {rn o 90-(>-; $ :'/@/>-@<*- 1*=, n 0/:1 m 
  1
 rnhilqlgikjijllnlhhgf n rgflqljfgglgkgkninggg n 
  1
 klhqjookmnfmgjjmkknk rlqlffgfimlogfjnofmgk 
  1
 klhqjookmnfmgjjmkknk lqlffgfimlogfjogogim 
  1
 o 
  1
 /3>1: klgqjoogllojfmlkkgoj mkoqkfffgoojjlklgjkh oqonjniohojoknkkjjnoml o o n rn o o 90-(>-;@) V V V V 
  1
 " o o |
  1
:;8: {rn rn {rn {ng mqlomnjgkilgimfnlimi:rnm {mj iqhffhfmkinhfomngjih {no {mi 90-(>-; _h *1410(1 |
  1
/<*-): {rn rn {rn o 90-(>-; $ :'/@/>-@<*- 1*=, n 0/:1 m 
  1
 gflqljfgglgkgkninggg n nhilqlgikjijllnlhhgf n 
  1
 rklhqjookmnfmgjjmkknk lqlffgfimlogfjogogim 
  1
 rklhqjookmnfmgjjmkknk rlqlffgfimlogfjnofmgk 
  1
 o 
  1
 /3>1: klgqjoogllojfmlkkgoj mkoqkfffgoojjlklgjkh oqonjniohojoknkkjjnoml o o n rn o o 90-(>-;@) V V V V 
  1
 " o o |
  1
):-+:' {rn rn {rn {nn o {mh |
  1
):-+:' {rn rn {rn {nn n {mg |
  1
,+->687+r<*-): {rn rn {rn klhqjoogllojfmlkkgoj mlfqkfffgoojjlklgjkh oqonjniohojoknkkjjnoml rn o o V V |
  1
:;8: {rn rn {rn {mj o {ml ghjqooogklgjhnokggmg {nl {mf 90-(>-; _h *1410(1 |
  1
/<*-): {rn rn {rn o 90-(>-; $ :'/@/>-@<*- 1*=, n 0/:1 m 
  1
 rghjqooogklgjhnokggmg n ro n 
  1
 klhqjookmnfmgjjmkknk lqlffgfimlogfjogogim 
  1
 rklhqjookmnfmgjjmkknk lqlffgfimlogfjogogim 
  1
 o 
  1
 /3>1: klgqjoogllojfmlkkgoj mkoqkfffgoojjlklgjkh oqonjniohojoknkkjjnoml o o n rn o o 90-(>-;@) V V V V 
  1
 " o o |
  1
):-+:' {rn rn {rn {nk n {lo |
  1
,+->687+r<*-): {rn rn {rn rklhqjooonohfhgholkjk mlfqkfffgoojjlklgmil oqonjniohojokmmjngjgmg o rn rmqlhnjmlnnihhlnllmnn:rnl V V |
  1
):-+:' {rn rn {rn {mn o {ln |
  1
,+->687+r<*-): {rn rn {rn klhqjoogllojfmlkkgoj mlfqkfffgoojjlklggln oqonjniohojokmmkhnnmoh o rn rmqljhgggnfomjnfjjjoh:rnl V V |
  1
/061+ {rn rn {rn klhqjoogllojfmlkkgoj mlfqkfffgoojjlknjgn oqonjniohojoknkkjgkll |
  1
/061+ {rn rn {rn rklhqjooonohfhgholkjk mlfqkfffgoojjlklgmil oqonjniohojokmmjngjgmg |
  1
,+->687+r<*-): {rn rn {rn klhqjoogllojfmlkkgoj mlmqhoonghjfljjliiki oqonjniohojoknkkjimnmi rn o o V V |
  1
/061+ {rn rn {rn rklhqjooonohfhgholkjk mlmqhoonghjfljjljmmk oqonjniohojoknkkihlnkg |
  1
/061+ {rn rn {rn klhqjoogllojfmlkkgoj mlmqhoonghjfljjliiki oqonjniohojokoiklhfjik |
1001
ACAD_OBJECT_CHANGE_GUID
1070
     1
1071
1748353743
1070
 21034
1070
 14156
1070
   191
1070
   164
1070
     5
1070
    80
1070
   203
1070
    55
1070
   176
1070
   219
  0
REGION
  5
2228
330
1F
100
AcDbEntity
  8
BASE
 62
     7
100
AcDbModelerGeometry
 70
     1
  1
mnjoo lm m mk          
  1
ni ^ *+0;:,4 ^ *+0\^ [ mo ^ LR mlnqiqmqijjlj QK o  
  1
mjqlfffffffffffffgjg fqfffffffffffffffjkh:roh nqooooooooooooooooli:rno 
  1
>,27:>;:- {rn rn _nl mlnqiqmqijjlj |
  1
=0;& {rn rn {rn {m {rn {l |
  1
3*2/ {rn rn {rn {rn {k {n |
  1
+->1,90-2 {rn rn n o o o n o o o n mgfoqkmngnimimihjhkg likgqkhfgignjiikhnhn rmmmqjnnigijklfglokim n 10@-0+>+: 10@-:93:<+ 10@,7:>- |
  1
,7:33 {rn rn {rn {rn {rn {j {rn {m |
  1
9><: {rn rn {rn {rn {i {k {rn {h 90-(>-; ;0*=3: 0*+ |
  1
300/ {rn rn {rn {rn {g {j |
  1
/3>1:r,*-9><: {rn rn {rn klgqjoogllojfmlkkgoj mlmqhoonghjfljjliiki nqonjniohojoknkkjjn ro rn ro rn o o 90-(>-;@) V V V V |
  1
<0:;8: {rn rn {rn {f {no {rn {nn 90-(>-; {i {nm |
  1
<0:;8: {rn rn {rn {nl {g {rn {nk 90-(>-; {i {nj |
  1
<0:;8: {rn rn {rn {g {nl {rn {ni -:):-,:; {i {nh |
  1
:;8: {rn rn {rn {ng o {nf ghjqooogklgjhnokggmg {g {mo 90-(>-; _h *1410(1 |
  1
/<*-): {rn rn {rn o 90-(>-; $ :'/@/>-@<*- 1*=, n 0/:1 m 
  1
 o n ghjqooogklgjhnokggmg n 
  1
 rklhqjookmnfmgjjmkknk roqjmomihokoonkllonoii 
  1
 klhqjookmnfmgjjmkknk roqjmomihokoonkllonoii 
  1
 o 
  1
 /3>1: klgqjoogllojfmlkkgoj mlmqhoonghjfljjliiki nqonjniohojoknkkjjn ro rn ro rn o o 90-(>-;@) V V V V 
  1
 " o o |
  1
<0:;8: {rn rn {rn {no {f {rn {mn -:):-,:; {i {mm |
  1
:;8: {rn rn {rn {nf o {ml nqokojlkogoomflognlf {f {mk 90-(>-; _h *1410(1 |
  1
/<*-): {rn rn {rn o 90-(>-; $ :'/@/>-@<*- 1*=, n 0/:1 m 
  1
 rgflqljfgglgkgkninggg n rmgqljfmjgookolkjfooh n 
  1
 klhqjookmnfmgjjmkknk roqjmomihokoonkllonoii 
  1
 klhqjookmnfmgjjmkknk oqjmomihokoonkllonoii 
  1
 o 
  1
 /3>1: klgqjoogllojfmlkkgoj mlmqhoonghjfljjliiki nqonjniohojoknkkjjn ro rn ro rn o o 90-(>-;@) V V V V 
  1
 " o o |
  1
:;8: {rn rn {rn {ng gqoolgmlmfgjhkgmkljj:rnl {mj nqokojlkogoomgiioklj {no {mi 90-(>-; _h *1410(1 |
  1
/<*-): {rn rn {rn o 90-(>-; $ :'/@/>-@<*- 1*=, n 0/:1 m 
  1
 mgqljfmjgookolkjfooh n gflqljfgglgkgkninggg n 
  1
 rklhqjookmnfmgjjmkknk oqjmomihokoonkllonoii 
  1
 rklhqjookmnfmgjjmkknk roqjmomihokoonkllonoii 
  1
 o 
  1
 /3>1: klgqjoogllojfmlkkgoj mlmqhoonghjfljjliiki nqonjniohojoknkkjjn ro rn ro rn o o 90-(>-;@) V V V V 
  1
 " o o |
  1
):-+:' {rn rn {rn {nn o {mh |
  1
):-+:' {rn rn {rn {nn n {mg |
  1
,+->687+r<*-): {rn rn {rn klhqjoogllojfmlkkgoj mlmqhoonghjfljjliiki oqonjniohojoknkkjimnmi rn o o V V |
  1
:;8: {rn rn {rn {mj jqigklknggiogogonkgh:rnk {ml ghjqooogklgjhnokggmg {nl {mf 90-(>-; _h *1410(1 |
  1
/<*-): {rn rn {rn o 90-(>-; $ :'/@/>-@<*- 1*=, n 0/:1 m 
  1
 rghjqooogklgjhnokggmg n ro n 
  1
 klhqjookmnfmgjjmkknk oqjmomihokoonkllonoii 
  1
 rklhqjookmnfmgjjmkknk oqjmomihokoonkllonoii 
  1
 o 
  1
 /3>1: klgqjoogllojfmlkkgoj mlmqhoonghjfljjliiki nqonjniohojoknkkjjn ro rn ro rn o o 90-(>-;@) V V V V 
  1
 " o o |
  1
):-+:' {rn rn {rn {nk n {lo |
  1
,+->687+r<*-): {rn rn {rn rklhqjooonohfhgholkjk mlmqhoonghjfljjljmmk oqonjniohojoknkkihlnkg o mqmhlhlihjkklmlmojfj:rnl rn V V |
  1
):-+:' {rn rn {rn {mn o {ln |
  1
,+->687+r<*-): {rn rn {rn klhqjoogllojfmlkkgoj mlmqhoonghjfljjljhfl oqonjniohojoknkkknhhfh rjqigklknggiogogonkgh:rnk mqmhlhlihjkklmlmojfj:rnl rn V V |
  1
/061+ {rn rn {rn klhqjoogllojfmlkkgoj mlmqhoonghjfljjliiki oqonjniohojokoiklhfjik |
  1
/061+ {rn rn {rn rklhqjooonohfhgholkjk mlmqhoonghjfljjljmmk oqonjniohojoknkkihlnkg |
  1
,+->687+r<*-): {rn rn {rn klhqjoogllojfmlkkgoj mlmqhoonghjfljjlhkfg rnqomjlhllhkfghmnkhol rn o o V V |
  1
/061+ {rn rn {rn rklhqjooonohfhgholkjk mlmqhoonghjfljjlifl rnqomjlhllhkfghginmfh |
  1
/061+ {rn rn {rn klhqjoogllojfmlkkmlh mlmqhoonghjfljjlgoih rnqomjlhllhkfghmnimjh |
1001
ACAD_OBJECT_CHANGE_GUID
1070
     1
1071
1787874051
1070
-13215
1070
 20042
1070
   184
1070
    67
1070
   224
1070
   253
1070
   130
1070
   142
1070
   126
1070
   120
  0
REGION
  5
2229
330
1F
100
AcDbEntity
  8
BASE
 62
     7
100
AcDbModelerGeometry
 70
     1
  1
mnjoo lm m mk          
  1
ni ^ *+0;:,4 ^ *+0\^ [ mo ^ LR mlnqiqmqijjlj QK o  
  1
mjqlfffffffffffffgjg fqfffffffffffffffjkh:roh nqooooooooooooooooli:rno 
  1
>,27:>;:- {rn rn _nl mlnqiqmqijjlj |
  1
=0;& {rn rn {rn {m {rn {l |
  1
3*2/ {rn rn {rn {rn {k {n |
  1
+->1,90-2 {rn rn n o o o n o o o n mgfoqkmngnimimihjhkg likgqkhfgignjiikhnhn rmmmqjnnigijklfglokim n 10@-0+>+: 10@-:93:<+ 10@,7:>- |
  1
,7:33 {rn rn {rn {rn {rn {j {rn {m |
  1
9><: {rn rn {rn {rn {i {k {rn {h 90-(>-; ;0*=3: 0*+ |
  1
300/ {rn rn {rn {rn {g {j |
  1
/3>1:r,*-9><: {rn rn {rn klgqjoogllojfmlkkgoj mlnqhoonghjfljjlhmnk rnqomjlhllhkfghmnkhol o o rn rn o o 90-(>-;@) V V V V |
  1
<0:;8: {rn rn {rn {f {no {rn {nn 90-(>-; {i {nm |
  1
<0:;8: {rn rn {rn {nl {g {rn {nk 90-(>-; {i {nj |
  1
<0:;8: {rn rn {rn {g {nl {rn {ni -:):-,:; {i {nh |
  1
:;8: {rn rn {rn {ng jqigklknggiogogonkgh:rnk {nf ghjqooogklgjhnokggmg {g {mo 90-(>-; _h *1410(1 |
  1
/<*-): {rn rn {rn o 90-(>-; $ :'/@/>-@<*- 1*=, n 0/:1 m 
  1
 o n ghjqooogklgjhnokggmg n 
  1
 rklhqjookmnfmgjjmkknk rmqhmnojlhhoilflklglg 
  1
 klhqjookmnfmgjjmkknk rmqhmnojlhhoilflklglg 
  1
 o 
  1
 /3>1: klgqjoogllojfmlkkgoj mlnqhoonghjfljjlhmnk rnqomjlhllhkfghmnkhol o o rn rn o o 90-(>-;@) V V V V 
  1
 " o o |
  1
<0:;8: {rn rn {rn {no {f {rn {mn -:):-,:; {i {mm |
  1
:;8: {rn rn {rn {nf o {ml jqkkmnohjknmhilmgihj {f {mk 90-(>-; _h *1410(1 |
  1
/<*-): {rn rn {rn o 90-(>-; $ :'/@/>-@<*- 1*=, n 0/:1 m 
  1
 rmgqljfmjgookolkjfooh n rmmqfnhnjokimhjjfomk n 
  1
 klhqjookmnfmgjjmkknk rmqhmnojlhhoilflklglg 
  1
 klhqjookmnfmgjjmkknk mqhmnojlhhoilflklglg 
  1
 o 
  1
 /3>1: klgqjoogllojfmlkkgoj mlnqhoonghjfljjlhmnk rnqomjlhllhkfghmnkhol o o rn rn o o 90-(>-;@) V V V V 
  1
 " o o |
  1
:;8: {rn rn {rn {ng gqjmijnmgmfnlimfhghl:rnk {mj jqkkmnohjknmhgighihh {no {mi 90-(>-; _h *1410(1 |
  1
/<*-): {rn rn {rn o 90-(>-; $ :'/@/>-@<*- 1*=, n 0/:1 m 
  1
 mmqfnhnjokimhjjfomk n mgqljfmjgookolkjfooh n 
  1
 rklhqjookmnfmgjjmkknk mqhmnojlhhoilflklglg 
  1
 rklhqjookmnfmgjjmkknk rmqhmnojlhhoilflklglg 
  1
 o 
  1
 /3>1: klgqjoogllojfmlkkgoj mlnqhoonghjfljjlhmnk rnqomjlhllhkfghmnkhol o o rn rn o o 90-(>-;@) V V V V 
  1
 " o o |
  1
):-+:' {rn rn {rn {nn o {mh |
  1
):-+:' {rn rn {rn {nn n {mg |
  1
,+->687+r<*-): {rn rn {rn klhqjoogllojfmlkkgoj mlmqhoonghjfljjlhkfg rnqomjlhllhkfghmnkhol rn o o V V |
  1
:;8: {rn rn {rn {mj o {ml ghjqooogklgjhnokggmg {nl {mf 90-(>-; _h *1410(1 |
  1
/<*-): {rn rn {rn o 90-(>-; $ :'/@/>-@<*- 1*=, n 0/:1 m 
  1
 rghjqooogklgjhnokggmg n ro n 
  1
 klhqjookmnfmgjjmkknk mqhmnojlhhoilflklglg 
  1
 rklhqjookmnfmgjjmkknk mqhmnojlhhoilflklglg 
  1
 o 
  1
 /3>1: klgqjoogllojfmlkkgoj mlnqhoonghjfljjlhmnk rnqomjlhllhkfghmnkhol o o rn rn o o 90-(>-;@) V V V V 
  1
 " o o |
  1
):-+:' {rn rn {rn {nk n {lo |
  1
,+->687+r<*-): {rn rn {rn rklhqjooonohfhgholkjk mlmqhoonghjfljjlifl rnqomjlhllhkfghginmfh o n mqlhnklilgojffllklh:rnl V V |
  1
):-+:' {rn rn {rn {mn o {ln |
  1
,+->687+r<*-): {rn rn {rn klhqjoogllojfmlkkgoj mlmqhoonghjfljjlhmnk rnqomjlhllhkfghgjiknm o n mqljgnnlhoklolglmkfm:rnl V V |
  1
/061+ {rn rn {rn klhqjoogllojfmlkkmlh mlmqhoonghjfljjlgoih rnqomjlhllhkfghmnimjh |
  1
/061+ {rn rn {rn rklhqjooonohfhgholkjk mlmqhoonghjfljjlifl rnqomjlhllhkfghginmfh |
  1
,+->687+r<*-): {rn rn {rn klhqjoogllojfmlkkgoj mlgqnkmmfjnlkglmlgoh rnqomjlhllhkfghmnkhol rn o o V V |
  1
/061+ {rn rn {rn rklhqjooonohfhgholkjk mlgqnkmmfjnlkgloomnh rnqomjlhllhkfghmnhgnm |
  1
/061+ {rn rn {rn klhqjoogllojfmlkkgoj mlgqnkmmfjnlkglmkofn rnqomjlhllhkfgijhlklg |
1001
ACAD_OBJECT_CHANGE_GUID
1070
     1
1071
946100761
1070
 23040
1070
 24142
1070
   160
1070
   128
1070
   119
1070
   136
1070
   117
1070
   187
1070
   147
1070
   251
  0
REGION
  5
222A
330
1F
100
AcDbEntity
  8
BASE
 62
     7
100
AcDbModelerGeometry
 70
     1
  1
mnjoo kk m mk          
  1
ni ^ *+0;:,4 ^ *+0\^ [ mo ^ LR mlnqiqmqijjlj QK o  
  1
mjqlfffffffffffffgjg fqfffffffffffffffjkh:roh nqooooooooooooooooli:rno 
  1
>,27:>;:- {rn rn _nl mlnqiqmqijjlj |
  1
=0;& {rn rn {rn {m {rn {l |
  1
3*2/ {rn rn {rn {rn {k {n |
  1
+->1,90-2 {rn rn n o o o n o o o n mgfoqkmngnimimihjhkg likgqkhfgignjiikhnhn rmmmqjnnigijklfglokim n 10@-0+>+: 10@-:93:<+ 10@,7:>- |
  1
,7:33 {rn rn {rn {rn {rn {j {rn {m |
  1
9><: {rn rn {rn {rn {i {k {rn {h 90-(>-; ;0*=3: 0*+ |
  1
300/ {rn rn {rn {rn {g {j |
  1
/3>1:r,*-9><: {rn rn {rn klhqjoogllojfmlkkgoj mlnqhoonghjfljjlhmnk rngqjgkglgfnhmlkhkgnm n o ro o n mqljhhijjfmnnikggoif:rnl 90-(>-;@) V V V V |
  1
<0:;8: {rn rn {rn {f {no {rn {nn 90-(>-; {i {nm |
  1
<0:;8: {rn rn {rn {nl {g {rn {nk 90-(>-; {i {nj |
  1
<0:;8: {rn rn {rn {g {ni {rn {nh 90-(>-; {i {ng |
  1
:;8: {rn rn {rn {nf o {mo nqljhigkfmojnmofflmj {g {mn 90-(>-; _h *1410(1 |
  1
/<*-): {rn rn {rn o 90-(>-; $ :'/@/>-@<*- 1*=, n 0/:1 m 
  1
 nqmmmnlljojjojonhion:rnm n nqljhigkfmojnoohflgj n 
  1
 mqokmmnnlnolhggiolgf rgqhfffffgnnnlhnhnllj 
  1
 lqlffgfimlogfoingijk rgqhfffffgnnnlhlmhijk 
  1
 o 
  1
 /3>1: klhqjoogllojfmlkkgoj mlnqhoonghjfljjlhmnk rngqjgkglgfnhmlkhkgnm n o ro o n mqljhhijjfmnnikggoif:rnl 90-(>-;@) V V V V 
  1
 " o o |
  1
<0:;8: {rn rn {rn {mm {f {rn {ml 90-(>-; {i {mk |
  1
:;8: {rn rn {rn {mo nqjilnfkongihfohokfg:rnl {mj nhqjfffffimmmhmfolgm {f {mi 90-(>-; _h *1410(1 |
  1
/<*-): {rn rn {rn o 90-(>-; $ :'/@/>-@<*- 1*=, n 0/:1 m 
  1
 rnhgnqknmoknlokjninjn n rnhilqlgikjijllnlhhgf n 
  1
 lqlffgfimlogfoingijk rgqhfffffgnnnlhlmhijk 
  1
 lqlffgfimlogfjnfkjkf gqhfffffgnnnljjhinih 
  1
 o 
  1
 /3>1: klhqjoogllojfmlkkgoj mlnqhoonghjfljjlhmnk rngqjgkglgfnhmlkhkgnm n o ro o n mqljhhijjfmnnikggoif:rnl 90-(>-;@) V V V V 
  1
 " o o |
  1
<0:;8: {rn rn {rn {no {mm {rn {mh 90-(>-; {i {mg |
  1
:;8: {rn rn {rn {mf riqknokmhhkkngoknhlkl:rnl {nf niqjjfkijjkmmkkkolkg {no {lo 90-(>-; _h *1410(1 |
  1
/<*-): {rn rn {rn o 90-(>-; $ :'/@/>-@<*- 1*=, n 0/:1 m 
  1
 rmmqfnhnjokimhjjfomk n riqljhigkfmojnnkfgfni n 
  1
 mqokmmnnlnolglkflnmg hqhjfkijhlnnohmljifg 
  1
 mqokmmnnlnolhggiolgf rgqhfffffgnnnlhnhnllj 
  1
 o 
  1
 /3>1: klhqjoogllojfmlkkgoj mlnqhoonghjfljjlhmnk rngqjgkglgfnhmlkhkgnm n o ro o n mqljhhijjfmnnikggoif:rnl 90-(>-;@) V V V V 
  1
 " o o |
  1
):-+:' {rn rn {rn {nn o {ln |
  1
):-+:' {rn rn {rn {nn n {lm |
  1
,+->687+r<*-): {rn rn {rn klhqjoogllojfmlkkgoj mlgqnkmmfjnlkglojfon rnhqjgkglgfnhmlnimnhk o n mqlkkhfnomgooglloinl:rnl V V |
  1
<0:;8: {rn rn {rn {ni {nl {rn {ll 90-(>-; {i {lk |
  1
:;8: {rn rn {rn {mj mqlomnjgkilgimfnlimi:rnm {lj iqhffhfmkinhfomngjih {nl {li 90-(>-; _h *1410(1 |
  1
/<*-): {rn rn {rn o 90-(>-; $ :'/@/>-@<*- 1*=, n 0/:1 m 
  1
 rnhilqlgikjijllnlhhgf n rgflqljfgglgkgkninggg n 
  1
 lqlffgfimlogfjnfkjkf gqhfffffgnnnljjhinih 
  1
 rlqlffgfimlogfkffjjfh gqhfffffgnnnlhnhgkk 
  1
 o 
  1
 /3>1: klhqjoogllojfmlkkgoj mlnqhoonghjfljjlhmnk rngqjgkglgfnhmlkhkgnm n o ro o n mqljhhijjfmnnikggoif:rnl 90-(>-;@) V V V V 
  1
 " o o |
  1
):-+:' {rn rn {rn {nk n {lh |
  1
,+->687+r<*-): {rn rn {rn klhqjoogllojfmlkkgoj mlfqkfffgoojjlkjhomn rnhqjgkglgfnhmlnkjgln o rmqmhlhlihjkklmlmojfj:rnl n V V |
  1
:;8: {rn rn {rn {lg gqjmijnmgmfnlimfhghl:rnk {mf jqkkmnohjknmhgighihh {ni {lf 90-(>-; _h *1410(1 |
  1
/<*-): {rn rn {rn o 90-(>-; $ :'/@/>-@<*- 1*=, n 0/:1 m 
  1
 rmgqljfmjgookolkjfooh n rmmqfnhnjokimhjjfomk n 
  1
 rlqlffgfimlogfjnfkjkf hqhjfkijhlnnogjngmmh 
  1
 mqokmmnnlnolglkflnmg hqhjfkijhlnnohmljifg 
  1
 o 
  1
 /3>1: klhqjoogllojfmlkkgoj mlnqhoonghjfljjlhmnk rngqjgkglgfnhmlkhkgnm n o ro o n mqljhhijjfmnnikggoif:rnl 90-(>-;@) V V V V 
  1
 " o o |
  1
):-+:' {rn rn {rn {mh n {ko |
  1
,+->687+r<*-): {rn rn {rn klhqjoogllojfmlkkgoj mlgqnkmmfjnlkglonoif rnqomjlhllhkfghmnkkgn o mqmhlhlihjkklmlmojfj:rnl rnqooooooooooooooommm V V |
  1
/061+ {rn rn {rn klhqjoogllojfmlkkgoj mlgqnkmmfjnlkglojfon rnhqjgkglgfnhmlnimnhk |
  1
/061+ {rn rn {rn klhqjoogllojfmlkkgoj mlfqkfffgoojjlkmigfk rnhqjgkglgfnhmlnlonff |
  1
:;8: {rn rn {rn {lj gqoolgmlmfgjhkgmkljj:rnl {lg nqokojlkogoomgiioklj {mm {kn 90-(>-; _h *1410(1 |
  1
/<*-): {rn rn {rn o 90-(>-; $ :'/@/>-@<*- 1*=, n 0/:1 m 
  1
 rgflqljfgglgkgkninggg n rmgqljfmjgookolkjfooh n 
  1
 rlqlffgfimlogfkffjjfh gqhfffffgnnnlhnhgkk 
  1
 rlqlffgfimlogfjnfkjkf hqhjfkijhlnnogjngmmh 
  1
 o 
  1
 /3>1: klhqjoogllojfmlkkgoj mlnqhoonghjfljjlhmnk rngqjgkglgfnhmlkhkgnm n o ro o n mqljhhijjfmnnikggoif:rnl 90-(>-;@) V V V V 
  1
 " o o |
  1
):-+:' {rn rn {rn {ml n {km |
  1
,+->687+r<*-): {rn rn {rn klhqjoogllojfmlkkgoj mlfqkfffgoojjlklggln oqonjniohojokmmkhnnmoh o rn rmqljhgggnfomjnfjjjoh:rnl V V |
  1
/061+ {rn rn {rn klhqjoogllojfmlkkgoj mlfqkfffgoojjlknjgn oqonjniohojoknkkjgkll |
  1
):-+:' {rn rn {rn {ll n {kl |
  1
,+->687+r<*-): {rn rn {rn klhqjoogllojfmlkkgoj mlmqhoonghjfljjlhmnk rnqomjlhllhkfghgjiknm o n mqljgnnlhoklolglmkfm:rnl V V |
  1
/061+ {rn rn {rn klhqjoogllojfmlkkgoj mlgqnkmmfjnlkglmkofn rnqomjlhllhkfgijhlklg |
  1
,+->687+r<*-): {rn rn {rn klhqjoogllojfmlkkgoj mlmqhoonghjfljjljhfl oqonjniohojoknkkknhhfh rjqigklknggiogogonkgh:rnk mqmhlhlihjkklmlmojfj:rnl rn V V |
  1
/061+ {rn rn {rn klhqjoogllojfmlkkgoj mlmqhoonghjfljjliiki oqonjniohojokoiklhfjik |
  1
/061+ {rn rn {rn klhqjoogllojfmlkkmlh mlmqhoonghjfljjlgoih rnqomjlhllhkfghmnimjh |
1001
ACAD_OBJECT_CHANGE_GUID
1070
     1
1071
-2029361781
1070
 -5381
1070
 -1720
1070
   161
1070
   132
1070
    82
1070
   197
1070
    59
1070
    82
1070
   160
1070
   102
  0
REGION
  5
222B
330
1F
100
AcDbEntity
  8
BASE
 62
     7
100
AcDbModelerGeometry
 70
     1
  1
mnjoo lm m mk          
  1
ni ^ *+0;:,4 ^ *+0\^ [ mo ^ LR mlnqiqmqijjlj QK o  
  1
mjqlfffffffffffffgjg fqfffffffffffffffjkh:roh nqooooooooooooooooli:rno 
  1
>,27:>;:- {rn rn _nl mlnqiqmqijjlj |
  1
=0;& {rn rn {rn {m {rn {l |
  1
3*2/ {rn rn {rn {rn {k {n |
  1
+->1,90-2 {rn rn n o o o n o o o n mgfoqkmngnimimihjhkg likgqkhfgignjiikhnhn rmmmqjnnigijklfglokim n 10@-0+>+: 10@-:93:<+ 10@,7:>- |
  1
,7:33 {rn rn {rn {rn {rn {j {rn {m |
  1
9><: {rn rn {rn {rn {i {k {rn {h 90-(>-; ;0*=3: 0*+ |
  1
300/ {rn rn {rn {rn {g {j |
  1
/3>1:r,*-9><: {rn rn {rn kmlqkfffgfmomnmijgj mlhqnkmmfjnlkglmklhj riqgflkflkmhkjhjojmil o o rn rn o o 90-(>-;@) V V V V |
  1
<0:;8: {rn rn {rn {f {no {rn {nn 90-(>-; {i {nm |
  1
<0:;8: {rn rn {rn {nl {g {rn {nk 90-(>-; {i {nj |
  1
<0:;8: {rn rn {rn {g {nl {rn {ni -:):-,:; {i {nh |
  1
:;8: {rn rn {rn {ng o {nf hqffffffffffffggilnl {g {mo 90-(>-; _h *1410(1 |
  1
/<*-): {rn rn {rn o 90-(>-; $ :'/@/>-@<*- 1*=, n 0/:1 m 
  1
 njqooogklgjhnohfjmlm n mlqooogklgjhnohfjmlm n 
  1
 rlqfffffffffffffklnjh roqihggkmkiomjjhogiong 
  1
 kqoooooooooooonnligh roqihggkmkiomjjhlhomlj 
  1
 o 
  1
 /3>1: kmlqkfffgfmomnmijgj mlhqnkmmfjnlkglmklhj riqgflkflkmhkjhjojmil o o rn rn o o 90-(>-;@) V V V V 
  1
 " o o |
  1
<0:;8: {rn rn {rn {no {f {rn {mn 90-(>-; {i {mm |
  1
:;8: {rn rn {rn {nf o {ml nqljhigkfmojnnlgghgm {f {mk 90-(>-; _h *1410(1 |
  1
/<*-): {rn rn {rn o 90-(>-; $ :'/@/>-@<*- 1*=, n 0/:1 m 
  1
 ngiqnljghggomnngljjh n nghqkfljilhmmimfgonl n 
  1
 kqoooooooooooonnligh roqihggkmkiomjjhlhomlj 
  1
 k oqihggkmkiomjjhogiong 
  1
 o 
  1
 /3>1: kmlqkfffgfmomnmijgj mlhqnkmmfjnlkglmklhj riqgflkflkmhkjhjojmil o o rn rn o o 90-(>-;@) V V V V 
  1
 " o o |
  1
:;8: {rn rn {rn {ng rjqigklknggiogogonkgh:rnk {mj nqljhigkfmojnnknhmok {no {mi 90-(>-; _h *1410(1 |
  1
/<*-): {rn rn {rn o 90-(>-; $ :'/@/>-@<*- 1*=, n 0/:1 m 
  1
 rnghqkfljilhmmimfgonl n rngiqnljghggomnngljjh n 
  1
 rk oqihggkmkiomjjhogiong 
  1
 rlqfffffffffffffklnjh roqihggkmkiomjjhogiong 
  1
 o 
  1
 /3>1: kmlqkfffgfmomnmijgj mlhqnkmmfjnlkglmklhj riqgflkflkmhkjhjojmil o o rn rn o o 90-(>-;@) V V V V 
  1
 " o o |
  1
):-+:' {rn rn {rn {nn o {mh |
  1
):-+:' {rn rn {rn {nn n {mg |
  1
,+->687+r<*-): {rn rn {rn kmmqkfffgfmomnmikhnk mlgqnkmmfjnlkglmkofn riqgflkflkmhkjhjojmil rn o o V V |
  1
:;8: {rn rn {rn {ml o {mj g {nl {mf 90-(>-; _h *1410(1 |
  1
/<*-): {rn rn {rn o 90-(>-; $ :'/@/>-@<*- 1*=, n 0/:1 m 
  1
 rnfqfffffffffffffigol n rnnqfffffffffffffigol n 
  1
 k oqihggkmkiomjjhogiong 
  1
 rk oqihggkmkiomjjhogiong 
  1
 o 
  1
 /3>1: kmlqkfffgfmomnmijgj mlhqnkmmfjnlkglmklhj riqgflkflkmhkjhjojmil o o rn rn o o 90-(>-;@) V V V V 
  1
 " o o |
  1
):-+:' {rn rn {rn {nk n {lo |
  1
,+->687+r<*-): {rn rn {rn knkqkfffgfmomnmijgj mlgqnkmmfjnlkglmklhj riqgflkflkmhkjhkgmnh o n rlqjjmhnlihggoojoofmf:rnj V V |
  1
):-+:' {rn rn {rn {mn n {ln |
  1
,+->687+r<*-): {rn rn {rn kmmqkfffgfmomnmikhnk mlgqnkmmfjnlkglmkijf riqgflkflkmhkjhjojmil o n o V V |
  1
/061+ {rn rn {rn kmmqkfffgfmomnmikhnk mlgqnkmmfjnlkglmkofn riqgflkflkmhkjhjojmil |
  1
/061+ {rn rn {rn knkqkfffgfmomnmijgj mlgqnkmmfjnlkglmklhj riqgflkflkmhkjhkgmnh |
  1
,+->687+r<*-): {rn rn {rn knkqkfffgfmomnmijgj mlfqkfffgoojjlklggln riqgflkflkmhkjhjojmil n o o V V |
  1
/061+ {rn rn {rn knkqkfffgfmomnmijgj mlfqkfffgoojjlklgmil riqgflkflkmhkjhkihohn |
  1
/061+ {rn rn {rn kmmqkfffgfmomnmijgj mlfqkfffgoojjlklggln riqgflkflkmhkjhjojmil |
1001
ACAD_OBJECT_CHANGE_GUID
1070
     1
1071
-173222698
1070
-17795
1070
-21182
1070
   163
1070
   197
1070
   133
1070
   158
1070
    79
1070
   104
1070
    84
1070
    26
  0
SURFACE
  5
222C
330
1F
100
AcDbEntity
  8
BASE
 62
     7
160
                 8
310
0800000000000000
100
AcDbModelerGeometry
 70
     1
  1
mnjoo lh m mk          
  1
ni ^ *+0;:,4 ^ *+0\^ [ mo ^ LR mlnqiqmqijjlj QK o  
  1
mjqlfffffffffffffgjg fqfffffffffffffffjkh:roh nqooooooooooooooooli:rno 
  1
>,27:>;:- {rn rn _nl mlnqiqmqijjlj |
  1
=0;& {rn rn {rn {m {rn {l |
  1
3*2/ {rn rn {rn {rn {k {n |
  1
+->1,90-2 {rn rn n o o o n o o o n mgfoqkmngnimimihjhkg likgqkhfgignjiikhnhn rmmmqjnnigijklfglokim n 10@-0+>+: 10@-:93:<+ 10@,7:>- |
  1
,7:33 {rn rn {rn {rn {rn {j {rn {m |
  1
9><: {i rn {rn {rn {h {k {rn {g 90-(>-; ;0*=3: 0*+ |
  1
/:-,*=:1+r><>;L036;W6,+0-&r>++-6= {rn rn {rn {rn {j n nni nooooooooo noon |
  1
300/ {rn rn {rn {rn {f {j |
  1
,/361:r,*-9><: {rn rn {rn 90-(>-; $ :'><+@,/3@,*- mofoo 9*33 1*-=, n m =0+7 0/:1 0/:1 101: 101: m m 
  1
 rnqjliohgghklmgnmginh:rnk n nqljhigkfmojnmnonjkj n 
  1
 o m hqgjlfgnillfhhlmfkom m 
  1
 klmqjoogllojfmlhmijg mlgqnkmmfjnlkglmfkfn rmmqjgkglgfnhmlninnog n 
  1
 klmqjoogllojfmlhlmmh mlfqkfffgoojjlkjohig rmmqjgkglgfnhmlnmfkgf n 
  1
 klhqjoogllojfmljhlnn mlgqnkmmfjnlkgkminmj rmmqjgkglgfnhmlonfhn oqhohnoihgnngiikikfli 
  1
 klhqjoogllojfmljgkkg mlfqkfffgoojjljkhkom rmmqjgkglgfnhmmfghomj oqhohnoihgnngiikhlgng 
  1
 klhqjoogllojfmlkkgoj mlgqnkmmfjnlkglojfon rnhqjgkglgfnhmlnimnhk n 
  1
 klhqjoogllojfmlkkgoj mlfqkfffgoojjlkmigfk rnhqjgkglgfnhmlnlonff n 
  1
 o 
  1
 
  1
 o 
  1
 o 
  1
 o 
  1
 o 
  1
 o 
  1
 o 
  1
 Y Y rnqjliohgghklmgnmginh:rnk Y nqljhigkfmojnmnonjkj Y o Y hqgjlfgnillfhhlmfkom ZGKZQ[Z[@Xn " Y rnqjliohgghklmgnmginh:rnk Y nqljhigkfmojnmnonjkj Y o Y hqgjlfgnillfhhlmfkom |
  1
<0:;8: {rn rn {rn {no {nn {rn {nm 90-(>-; {h {nl |
  1
<0:;8: {rn rn {rn {nk {f {rn {nj 90-(>-; {h {ni |
  1
<0:;8: {rn rn {rn {f {nk {rn {nh 90-(>-; {h {ng |
  1
:;8: {nf rn {rn {mo o {mn nqljhigkfmojnnhmfgkm {f {mm 90-(>-; _h *1410(1 |
  1
/<*-): {rn rn {rn o 90-(>-; $ :'/@/>-@<*- 1*=, n 0/:1 m 
  1
 o n nqljhigkfmojnknhknof n 
  1
 rnqjliohgghklmgnmginh:rnk o 
  1
 nqljhigkfmojnmnonjkj o 
  1
 o 
  1
 ,/361: 90-(>-; $ -:9 o " Y rnqjliohgghklmgnmginh:rnk Y nqljhigkfmojnmnonjkj Y o Y hqgjlfgnillfhhlmfkom 
  1
 " o o |
  1
<0:;8: {rn rn {rn {nn {no {rn {ml -:):-,:; {h {mk |
  1
:;8: {mj rn {rn {mn o {mi hqgjlfgnillfhhlmfkom {no {mh 90-(>-; _h *1410(1 |
  1
/<*-): {rn rn {rn o 90-(>-; $ :'/@/>-@<*- 1*=, n 0/:1 m 
  1
 o n hqgjlfgnillfhhlmfkom n 
  1
 nqljhigkfmojnmnonjkj o 
  1
 nqljhigkfmojnmnonjkj hqgjlfgnillfhhlmfkom 
  1
 o 
  1
 ,/361: 90-(>-; $ -:9 o " Y rnqjliohgghklmgnmginh:rnk Y nqljhigkfmojnmnonjkj Y o Y hqgjlfgnillfhhlmfkom 
  1
 " o o |
  1
:;8: {mg rn {rn {mf rhqgjlfgnillfhhlmfkom {mo ro {nn {lo 90-(>-; _h *1410(1 |
  1
/<*-): {rn rn {rn o 90-(>-; $ :'/@/>-@<*- 1*=, n 0/:1 m 
  1
 rhqgjlfgnillfhhlmfkom n ro n 
  1
 rnqjliohgghklmgnmginh:rnk hqgjlfgnillfhhlmfkom 
  1
 rnqjliohgghklmgnmginh:rnk o 
  1
 o 
  1
 ,/361: 90-(>-; $ -:9 o " Y rnqjliohgghklmgnmginh:rnk Y nqljhigkfmojnmnonjkj Y o Y hqgjlfgnillfhhlmfkom 
  1
 " o o |
  1
/:-,*=:1+r><>;L036;W6,+0-&r>++-6= {rn rn {rn {rn {nm n nni nooooooooo jnoon |
  1
):-+:' {rn rn {rn {nm o {ln |
  1
):-+:' {rn rn {rn {nm n {lm |
  1
,+->687+r<*-): {rn rn {rn klmqjoogllojfmljinhk mlgqnkmmfjnlkglmiikf rmmqjgkglgfnhmlnkjgln rjqigklknggiogogonkgh:rnk n o V V |
  1
:;8: {ll rn {rn {mf o {mi nqljhigkfmojnmofflmj {nk {lk 90-(>-; _h *1410(1 |
  1
/<*-): {rn rn {rn o 90-(>-; $ :'/@/>-@<*- 1*=, n 0/:1 m 
  1
 rnqljhigkfmojnoohflgj n rnqmmmnlljojjojonhion:rnm n 
  1
 nqljhigkfmojnmnonjkj hqgjlfgnillfhhlmfkom 
  1
 rnqjliohgghklmgnmginh:rnk hqgjlfgnillfhhlmfkom 
  1
 o 
  1
 ,/361: 90-(>-; $ -:9 o " Y rnqjliohgghklmgnmginh:rnk Y nqljhigkfmojnmnonjkj Y o Y hqgjlfgnillfhhlmfkom 
  1
 " o o |
  1
/:-,*=:1+r><>;L036;W6,+0-&r>++-6= {rn rn {rn {rn {nj n nni nooooooooo njnoon |
  1
):-+:' {rn rn {rn {nj n {lj |
  1
61+<*-):r<*-): {rn rn {rn 90-(>-; $ :'><+@61+@<*- mofoo 9*33 1*-=, m 0/:1 m 
  1
 o m hqgjlfgnillfhhlmfkom m 
  1
 klmqjoogllojfmlhlmmh mlfqkfffgoojjlkjohig rmmqjgkglgfnhmlnmfkgf n 
  1
 klhqjoogllojfmljgkkg mlfqkfffgoojjljkhkom rmmqjgkglgfnhmmfghomj oqhohnoihgnngiikhlgng 
  1
 klhqjoogllojfmlkkgoj mlfqkfffgoojjlkmigfk rnhqjgkglgfnhmlnlonff n 
  1
 o 
  1
 
  1
 1*33@,*-9><: 
  1
 1*33@,*-9><: 
  1
 1*33=, 
  1
 1*33=, 
  1
 V V 
  1
 o 
  1
 o 
  1
 o 
  1
 
  1
 o Y o Y hqgjlfgnillfhhlmfkom JQZGKZQ[Z[ JQZGKZQ[Z[ " Y o Y hqgjlfgnillfhhlmfkom |
  1
/:-,*=:1+r><>;L036;W6,+0-&r>++-6= {rn rn {rn {rn {nh n nni nooooooooo ljnoon |
  1
):-+:' {rn rn {rn {ml o {li |
  1
61+<*-):r<*-): {rn rn {rn 90-(>-; $ :'><+@61+@<*- mofoo 9*33 1*-=, m 0/:1 m 
  1
 rhqgjlfgnillfhhlmfkom m ro m 
  1
 klhqjoogllojfmlkkgoj mlgqnkmmfjnlkglojfon rnhqjgkglgfnhmlnimnhk n 
  1
 klhqjoogllojfmljhlnn mlgqnkmmfjnlkgkminmj rmmqjgkglgfnhmlonfhn oqhohnoihgnngiikikfli 
  1
 klmqjoogllojfmlhmijg mlgqnkmmfjnlkglmfkfn rmmqjgkglgfnhmlninnog n 
  1
 o 
  1
 
  1
 1*33@,*-9><: 
  1
 1*33@,*-9><: 
  1
 1*33=, 
  1
 1*33=, 
  1
 V V 
  1
 o 
  1
 o 
  1
 o 
  1
 
  1
 o Y rhqgjlfgnillfhhlmfkom Y ro JQZGKZQ[Z[ JQZGKZQ[Z[ " Y rhqgjlfgnillfhhlmfkom Y ro |
  1
/061+ {rn rn {rn klmqjoogllojfmljinhk mlgqnkmmfjnlkglmiikf rmmqjgkglgfnhmlnkjgln |
  1
/061+ {rn rn {rn klmqjoogllojfmljhghf mlfqkfffgoojjlkklfkh rmmqjgkglgfnhmlnkjgln |
  1
/:-,*=:1+r><>;L036;W6,+0-&r>++-6= {rn rn {rn {rn {ml n nni nooooooooo mjnoon |
  1
,+->687+r<*-): {rn rn {rn klhqjoogllojfmlkkgoj mlgqnkmmfjnlkglojfon rnhqjgkglgfnhmlnimnhk o n mqlkkhfnomgooglloinl:rnl V V |
  1
/061+ {rn rn {rn klhqjoogllojfmlkkgoj mlfqkfffgoojjlkmigfk rnhqjgkglgfnhmlnlonff |
  1
/061+ {rn rn {rn klhqjoogllojfmlkkgoj mlgqnkmmfjnlkglojfon rnhqjgkglgfnhmlnimnhk |
100
AcDbSurface
 71
     6
 72
     6
1001
ACAD_STEPID
1071
      116
1001
ACAD_OBJECT_CHANGE_GUID
1070
     1
1071
-1190380164
1070
  9211
1070
 32321
1070
   161
1070
   249
1070
   242
1070
    20
1070
   220
1070
   228
1070
   128
1070
   119
  0
REGION
  5
222D
330
1F
100
AcDbEntity
  8
BASE
 62
     7
100
AcDbModelerGeometry
 70
     1
  1
mnjoo lm m mk          
  1
ni ^ *+0;:,4 ^ *+0\^ [ mo ^ LR mlnqiqmqijjlj QK o  
  1
mjqlfffffffffffffgjg fqfffffffffffffffjkh:roh nqooooooooooooooooli:rno 
  1
>,27:>;:- {rn rn _nl mlnqiqmqijjlj |
  1
=0;& {rn rn {rn {m {rn {l |
  1
3*2/ {rn rn {rn {rn {k {n |
  1
+->1,90-2 {rn rn n o o o n o o o n mgfoqkmngnimimihjhkg likgqkhfgignjiikhnhn rmmmqjnnigijklfglokim n 10@-0+>+: 10@-:93:<+ 10@,7:>- |
  1
,7:33 {rn rn {rn {rn {rn {j {rn {m |
  1
9><: {rn rn {rn {rn {i {k {rn {h 90-(>-; ;0*=3: 0*+ |
  1
300/ {rn rn {rn {rn {g {j |
  1
/3>1:r,*-9><: {rn rn {rn kllqjoogllojfmlkkgoj mlhqnkmmfjnlkglmkofn rmmqjgkglgfnhmlnkjgln o o rn rn o o 90-(>-;@) V V V V |
  1
<0:;8: {rn rn {rn {f {no {rn {nn 90-(>-; {i {nm |
  1
<0:;8: {rn rn {rn {nl {g {rn {nk -:):-,:; {i {nj |
  1
<0:;8: {rn rn {rn {g {nl {rn {ni 90-(>-; {i {nh |
  1
:;8: {rn rn {rn {ng o {nf nqljhigkfmojnmofflmj {g {mo 90-(>-; _h *1410(1 |
  1
/<*-): {rn rn {rn o 90-(>-; $ :'/@/>-@<*- 1*=, n 0/:1 m 
  1
 o n nqljhigkfmojnknkjigg n 
  1
 klmqjookmnfmgjjmlgkj roqihggkmkiomjjkgnmmgm 
  1
 klmqjookmnfmgjjmkfgm oqihggkmkiomjimhholi 
  1
 o 
  1
 /3>1: kllqjoogllojfmlkkgoj mlhqnkmmfjnlkglmkofn rmmqjgkglgfnhmlnkjgln o o rn rn o o 90-(>-;@) V V V V 
  1
 " o o |
  1
<0:;8: {rn rn {rn {no {f {rn {mn -:):-,:; {i {mm |
  1
:;8: {rn rn {rn {ml o {nf gijqooogklgjhnoimkh {f {mk 90-(>-; _h *1410(1 |
  1
/<*-): {rn rn {rn o 90-(>-; $ :'/@/>-@<*- 1*=, n 0/:1 m 
  1
 rghoqooogklgjhnokggmg n rjqoooooooooooooomiij n 
  1
 klmqjookmnfmgjjmkfgm oqihggkmkiomjimhholi 
  1
 rklmqjookmnfmgjjliljn oqihggkmkiomjimmonfmi 
  1
 o 
  1
 /3>1: kllqjoogllojfmlkkgoj mlhqnkmmfjnlkglmkofn rmmqjgkglgfnhmlnkjgln o o rn rn o o 90-(>-;@) V V V V 
  1
 " o o |
  1
:;8: {rn rn {rn {mj rjqigklknggiogogonkgh:rnk {ng gijqooogklgjhnoionfi {no {mi 90-(>-; _h *1410(1 |
  1
/<*-): {rn rn {rn o 90-(>-; $ :'/@/>-@<*- 1*=, n 0/:1 m 
  1
 j n ghoqooogklgjhnokggmg n 
  1
 rklmqjookmnfmgjjliljn roqihggkmkiomjjkgnmmgm 
  1
 klmqjookmnfmgjjmlgkj roqihggkmkiomjjkgnmmgm 
  1
 o 
  1
 /3>1: kllqjoogllojfmlkkgoj mlhqnkmmfjnlkglmkofn rmmqjgkglgfnhmlnkjgln o o rn rn o o 90-(>-;@) V V V V 
  1
 " o o |
  1
):-+:' {rn rn {rn {nn o {mh |
  1
):-+:' {rn rn {rn {nn n {mg |
  1
,+->687+r<*-): {rn rn {rn rklmqjooonohfhghokoml mlgqnkmmfjnlkgllnkg rmmqjgkglgfnhmlnjhjjj rjqigklknggiogogonkgh:rnk n mqlkkhfnomgooglloinl:rnl V V |
  1
:;8: {rn rn {rn {mj o {ml nqljhigkfmojnnhmfgkm {nl {mf 90-(>-; _h *1410(1 |
  1
/<*-): {rn rn {rn o 90-(>-; $ :'/@/>-@<*- 1*=, n 0/:1 m 
  1
 rnqljhigkfmojnknhknof n ro n 
  1
 rklmqjookmnfmgjjliljn oqihggkmkiomjimmonfmi 
  1
 rklmqjookmnfmgjjliljn roqihggkmkiomjjkgnmmgm 
  1
 o 
  1
 /3>1: kllqjoogllojfmlkkgoj mlhqnkmmfjnlkglmkofn rmmqjgkglgfnhmlnkjgln o o rn rn o o 90-(>-;@) V V V V 
  1
 " o o |
  1
):-+:' {rn rn {rn {nk o {lo |
  1
,+->687+r<*-): {rn rn {rn klmqjoogllojfmljhghf mlfqkfffgoojjlkklfkh rmmqjgkglgfnhmlnkjgln rn o o V V |
  1
):-+:' {rn rn {rn {mn o {ln |
  1
,+->687+r<*-): {rn rn {rn klmqjoogllojfmljjioj mlgqnkmmfjnlkglmilik rmmqjgkglgfnhmlnkjgln rn o o V V |
  1
/061+ {rn rn {rn rklmqjooonohfhghokoml mlgqnkmmfjnlkgllnkg rmmqjgkglgfnhmlnjhjjj |
  1
/061+ {rn rn {rn rklmqjooonohfhghokjfn mlfqkfffgoojjlkjmkhk rmmqjgkglgfnhmlnmjfli |
  1
,+->687+r<*-): {rn rn {rn klmqjoogllojfmljinhk mlgqnkmmfjnlkglmiikf rmmqjgkglgfnhmlnkjgln rjqigklknggiogogonkgh:rnk n o V V |
  1
/061+ {rn rn {rn klmqjoogllojfmljhghf mlfqkfffgoojjlkklfkh rmmqjgkglgfnhmlnkjgln |
  1
/061+ {rn rn {rn klmqjoogllojfmljinhk mlgqnkmmfjnlkglmiikf rmmqjgkglgfnhmlnkjgln |
1001
ACAD_OBJECT_CHANGE_GUID
1070
     1
1071
-841859370
1070
 11099
1070
  9027
1070
   133
1070
   180
1070
   105
1070
   104
1070
    71
1070
    34
1070
    80
1070
   104
  0
REGION
  5
222E
330
1F
100
AcDbEntity
  8
BASE
 62
     7
100
AcDbModelerGeometry
 70
     1
  1
mnjoo lm m mk          
  1
ni ^ *+0;:,4 ^ *+0\^ [ mo ^ LR mlnqiqmqijjlj QK o  
  1
mjqlfffffffffffffgjg fqfffffffffffffffjkh:roh nqooooooooooooooooli:rno 
  1
>,27:>;:- {rn rn _nl mlnqiqmqijjlj |
  1
=0;& {rn rn {rn {m {rn {l |
  1
3*2/ {rn rn {rn {rn {k {n |
  1
+->1,90-2 {rn rn n o o o n o o o n mgfoqkmngnimimihjhkg likgqkhfgignjiikhnhn rmmmqjnnigijklfglokim n 10@-0+>+: 10@-:93:<+ 10@,7:>- |
  1
,7:33 {rn rn {rn {rn {rn {j {rn {m |
  1
9><: {rn rn {rn {rn {i {k {rn {h 90-(>-; ;0*=3: 0*+ |
  1
300/ {rn rn {rn {rn {g {j |
  1
/3>1:r,*-9><: {rn rn {rn rkhjqjooonohfhggnnkjh rmolqkffffmjjliklkofn oqonjniohojoknkokijmmf ro o n n riqkjfilnhjfmmnjmmfjh:rnj o 90-(>-;@) V V V V |
  1
<0:;8: {rn rn {rn {f {no {rn {nn 90-(>-; {i {nm |
  1
<0:;8: {rn rn {rn {nl {g {rn {nk 90-(>-; {i {nj |
  1
<0:;8: {rn rn {rn {g {nl {rn {ni -:):-,:; {i {nh |
  1
:;8: {rn rn {rn {ng o {nf iqhffhfmkinhfonokgg {g {mo 90-(>-; _h *1410(1 |
  1
/<*-): {rn rn {rn o 90-(>-; $ :'/@/>-@<*- 1*=, n 0/:1 m 
  1
 rnhilqlgikjijllnlhhgf n rgflqljfgglgkgkninggg n 
  1
 rlqlffgfimlogfmkofmmn rmomqkffffffholkggjmh 
  1
 lqlffgfimlogfhilggni rmomqkffffffholkghfjg 
  1
 o 
  1
 /3>1: rkhjqjooonohfhggnnkjh rmolqkffffmjjliklkofn oqonjniohojoknkokijmmf ro o n n riqkjfilnhjfmmnjmmfjh:rnj o 90-(>-;@) V V V V 
  1
 " o o |
  1
<0:;8: {rn rn {rn {no {f {rn {mn -:):-,:; {i {mm |
  1
:;8: {rn rn {rn {nf o {ml kokqfffffffkoifhikgj {f {mk 90-(>-; _h *1410(1 |
  1
/<*-): {rn rn {rn o 90-(>-; $ :'/@/>-@<*- 1*=, n 0/:1 m 
  1
 o n ghjqooogklgjhnokggmg n 
  1
 lqlffgfimlogfhilggni rmomqkffffffholkghfjg 
  1
 lqlffgfimlogfmilijfj momqkffffffholkgggnn 
  1
 o 
  1
 /3>1: rkhjqjooonohfhggnnkjh rmolqkffffmjjliklkofn oqonjniohojoknkokijmmf ro o n n riqkjfilnhjfmmnjmmfjh:rnj o 90-(>-;@) V V V V 
  1
 " o o |
  1
:;8: {rn rn {rn {ng rjqigklknggiogogonkgh:rnk {mj kokqfffffffkoifhjfnh {no {mi 90-(>-; _h *1410(1 |
  1
/<*-): {rn rn {rn o 90-(>-; $ :'/@/>-@<*- 1*=, n 0/:1 m 
  1
 rghjqooogklgjhnokggmg n ro n 
  1
 rlqlffgfimlogfhilggni momqkffffffholkggmkl 
  1
 rlqlffgfimlogfmkofmmn rmomqkffffffholkggjmh 
  1
 o 
  1
 /3>1: rkhjqjooonohfhggnnkjh rmolqkffffmjjliklkofn oqonjniohojoknkokijmmf ro o n n riqkjfilnhjfmmnjmmfjh:rnj o 90-(>-;@) V V V V 
  1
 " o o |
  1
):-+:' {rn rn {rn {nn o {mh |
  1
):-+:' {rn rn {rn {nn n {mg |
  1
,+->687+r<*-): {rn rn {rn rkhkqjooonohfhghlonhn rmomqkffffmjjlikllmlg oqonjniohojokmmonjfgnl n o rmqlkkjnlkhmmjmnhklmk:rnl V V |
  1
:;8: {rn rn {rn {mj mqmhlhlihjkklmjnoomm:rnm {ml iqhffhfmkinhfomhjknn {nl {mf 90-(>-; _h *1410(1 |
  1
/<*-): {rn rn {rn o 90-(>-; $ :'/@/>-@<*- 1*=, n 0/:1 m 
  1
 gflqljfgglgkgkninggg n nhilqlgikjijllnlhhgf n 
  1
 lqlffgfimlogfmilijfj momqkffffffholkgggnn 
  1
 rlqlffgfimlogfhilggni momqkffffffholkggmkl 
  1
 o 
  1
 /3>1: rkhjqjooonohfhggnnkjh rmolqkffffmjjliklkofn oqonjniohojoknkokijmmf ro o n n riqkjfilnhjfmmnjmmfjh:rnj o 90-(>-;@) V V V V 
  1
 " o o |
  1
):-+:' {rn rn {rn {nk n {lo |
  1
,+->687+r<*-): {rn rn {rn rkihqhoomngllioglhog rmomqkffffmjjlikllmlg oqonjniohojoknkokhijoj o n o V V |
  1
):-+:' {rn rn {rn {mn o {ln |
  1
,+->687+r<*-): {rn rn {rn rkhkqjooonohfhghjilnf rmomqkffffmjjliklmih oqonjniohojoknkokijmmf o n o V V |
  1
/061+ {rn rn {rn rkhkqjooonohfhghlonhn rmomqkffffmjjlikllmlg oqonjniohojokmmonjfgnl |
  1
/061+ {rn rn {rn rkihqhoomnglliogmfnmm rmomqkffffmjjlikllmlg oqonjniohojoknkokmoffk |
  1
,+->687+r<*-): {rn rn {rn rkhkqjooonohfhghkjjng momqjoooohlghojklmkh oqonjniohojokmmoinjghm n o rmqljhhiihjfiogilhnl:rnl V V |
  1
/061+ {rn rn {rn rkihqhoomnglliogkmhik momqjoooohlghojklmkh oqonjniohojokoiomfmhmg |
  1
/061+ {rn rn {rn rkhkqjooonohfhghmmhgn momqjoooohlghojklmkh oqonjniohojoknkomklljg |
1001
ACAD_OBJECT_CHANGE_GUID
1070
     1
1071
-1835066186
1070
-18697
1070
-32446
1070
   160
1070
   207
1070
   131
1070
    47
1070
   132
1070
    20
1070
    73
1070
   111
  0
REGION
  5
222F
330
1F
100
AcDbEntity
  8
BASE
 62
     7
100
AcDbModelerGeometry
 70
     1
  1
mnjoo lm m mk          
  1
ni ^ *+0;:,4 ^ *+0\^ [ mo ^ LR mlnqiqmqijjlj QK o  
  1
mjqlfffffffffffffgjg fqfffffffffffffffjkh:roh nqooooooooooooooooli:rno 
  1
>,27:>;:- {rn rn _nl mlnqiqmqijjlj |
  1
=0;& {rn rn {rn {m {rn {l |
  1
3*2/ {rn rn {rn {rn {k {n |
  1
+->1,90-2 {rn rn n o o o n o o o n mgfoqkmngnimimihjhkg likgqkhfgignjiikhnhn rmmmqjnnigijklfglokim n 10@-0+>+: 10@-:93:<+ 10@,7:>- |
  1
,7:33 {rn rn {rn {rn {rn {j {rn {m |
  1
9><: {rn rn {rn {rn {i {k {rn {h 90-(>-; ;0*=3: 0*+ |
  1
300/ {rn rn {rn {rn {g {j |
  1
/3>1:r,*-9><: {rn rn {rn rkihqhoomngllioglhog rmolqkffffmjjlikllmlg nqonjniohojoknkokijk n ro o o o rn 90-(>-;@) V V V V |
  1
<0:;8: {rn rn {rn {f {no {rn {nn 90-(>-; {i {nm |
  1
<0:;8: {rn rn {rn {nl {g {rn {nk 90-(>-; {i {nj |
  1
<0:;8: {rn rn {rn {g {nl {rn {ni -:):-,:; {i {nh |
  1
:;8: {rn rn {rn {ng o {nf nqokojlkogoomfmfggnl {g {mo 90-(>-; _h *1410(1 |
  1
/<*-): {rn rn {rn o 90-(>-; $ :'/@/>-@<*- 1*=, n 0/:1 m 
  1
 rgflqljfgglgkgkninggg n rmgqljfmjgookolkjfooh n 
  1
 roqjmomihokoonkllonoii rmomqkffffffholkggmkl 
  1
 oqjmomihokoonkllonoii rmomqkffffffholkggmkl 
  1
 o 
  1
 /3>1: rkihqhoomngllioglhog rmolqkffffmjjlikllmlg nqonjniohojoknkokijk n ro o o o rn 90-(>-;@) V V V V 
  1
 " o o |
  1
<0:;8: {rn rn {rn {no {f {rn {mn -:):-,:; {i {mm |
  1
:;8: {rn rn {rn {nf o {ml kokqfffffffkoifhikgj {f {mk 90-(>-; _h *1410(1 |
  1
/<*-): {rn rn {rn o 90-(>-; $ :'/@/>-@<*- 1*=, n 0/:1 m 
  1
 o n ghjqooogklgjhnokggmg n 
  1
 oqjmomihokoonkllonoii rmomqkffffffholkggmkl 
  1
 oqjmomihokoonkllonoii momqkffffffholkggmkl 
  1
 o 
  1
 /3>1: rkihqhoomngllioglhog rmolqkffffmjjlikllmlg nqonjniohojoknkokijk n ro o o o rn 90-(>-;@) V V V V 
  1
 " o o |
  1
:;8: {rn rn {rn {ng o {mj kokqfffffffkoifhikgj {no {mi 90-(>-; _h *1410(1 |
  1
/<*-): {rn rn {rn o 90-(>-; $ :'/@/>-@<*- 1*=, n 0/:1 m 
  1
 rghjqooogklgjhnokggmg n ro n 
  1
 roqjmomihokoonkllonoii momqkffffffholkggmkl 
  1
 roqjmomihokoonkllonoii rmomqkffffffholkggmkl 
  1
 o 
  1
 /3>1: rkihqhoomngllioglhog rmolqkffffmjjlikllmlg nqonjniohojoknkokijk n ro o o o rn 90-(>-;@) V V V V 
  1
 " o o |
  1
):-+:' {rn rn {rn {nn o {mh |
  1
):-+:' {rn rn {rn {nn n {mg |
  1
,+->687+r<*-): {rn rn {rn rkihqhoomnglliogmfnmm rmomqkffffmjjlikllmlg oqonjniohojoknkokmoffk rmqgkmnhofklokokoohkl:rnl o rn V V |
  1
:;8: {rn rn {rn {mj gqommgngjmoilikkhmhi:rnl {ml nqokojlkogoomgijflmj {nl {mf 90-(>-; _h *1410(1 |
  1
/<*-): {rn rn {rn o 90-(>-; $ :'/@/>-@<*- 1*=, n 0/:1 m 
  1
 mgqljfmjgookolkjfooh n gflqljfgglgkgkninggg n 
  1
 oqjmomihokoonkllonoii momqkffffffholkggmkl 
  1
 roqjmomihokoonkllonoii momqkffffffholkggmkl 
  1
 o 
  1
 /3>1: rkihqhoomngllioglhog rmolqkffffmjjlikllmlg nqonjniohojoknkokijk n ro o o o rn 90-(>-;@) V V V V 
  1
 " o o |
  1
):-+:' {rn rn {rn {nk n {lo |
  1
,+->687+r<*-): {rn rn {rn rkihqhoomngllioglgmnh rmomqkffffmjjlikllmlg rnqomjlhllhkfghmjjjjf o n o V V |
  1
):-+:' {rn rn {rn {mn o {ln |
  1
,+->687+r<*-): {rn rn {rn rkihqhoomngllioglhog rmomqkffffmjjlikllmlg oqonjniohojoknkokhijoj o n o V V |
  1
/061+ {rn rn {rn rkihqhoomnglliogmfnmm rmomqkffffmjjlikllmlg oqonjniohojoknkokmoffk |
  1
/061+ {rn rn {rn rkihqhoomngllioglogmh rmomqkffffmjjlikllmlg rnqomjlhllhkfghgfkiok |
  1
,+->687+r<*-): {rn rn {rn rkihqhoomnglliogkllll momqjoooohlghojklmkh oqonjniohojoknkojmofnk rmqmhlhlihjkklmlmojfj:rnl o rn V V |
  1
/061+ {rn rn {rn rkihqhoomnglliogkjioi momqjoooohlghojklmkh rnqomjlhllhkfghmjkmmh |
  1
/061+ {rn rn {rn rkihqhoomnglliogkmhik momqjoooohlghojklmkh oqonjniohojokoiomfmhmg |
1001
ACAD_OBJECT_CHANGE_GUID
1070
     1
1071
-723002690
1070
-13423
1070
 -3006
1070
   190
1070
    82
1070
   156
1070
    56
1070
    12
1070
    60
1070
    70
1070
   120
  0
REGION
  5
2230
330
1F
100
AcDbEntity
  8
BASE
 62
     7
100
AcDbModelerGeometry
 70
     1
  1
mnjoo lm m mk          
  1
ni ^ *+0;:,4 ^ *+0\^ [ mo ^ LR mlnqiqmqijjlj QK o  
  1
mjqlfffffffffffffgjg fqfffffffffffffffjkh:roh nqooooooooooooooooli:rno 
  1
>,27:>;:- {rn rn _nl mlnqiqmqijjlj |
  1
=0;& {rn rn {rn {m {rn {l |
  1
3*2/ {rn rn {rn {rn {k {n |
  1
+->1,90-2 {rn rn n o o o n o o o n mgfoqkmngnimimihjhkg likgqkhfgignjiikhnhn rmmmqjnnigijklfglokim n 10@-0+>+: 10@-:93:<+ 10@,7:>- |
  1
,7:33 {rn rn {rn {rn {rn {j {rn {m |
  1
9><: {rn rn {rn {rn {i {k {rn {h 90-(>-; ;0*=3: 0*+ |
  1
300/ {rn rn {rn {rn {g {j |
  1
/3>1:r,*-9><: {rn rn {rn rkiiqhoomnglliogmfif rmolqkffffmjjlikllmlg rnqomjlhllhkfghmjjjjf o o rn rn o o 90-(>-;@) V V V V |
  1
<0:;8: {rn rn {rn {f {no {rn {nn 90-(>-; {i {nm |
  1
<0:;8: {rn rn {rn {nl {g {rn {nk 90-(>-; {i {nj |
  1
<0:;8: {rn rn {rn {g {nl {rn {ni -:):-,:; {i {nh |
  1
:;8: {rn rn {rn {ng o {nf jqkkmnohjknmhimklkn {g {mo 90-(>-; _h *1410(1 |
  1
/<*-): {rn rn {rn o 90-(>-; $ :'/@/>-@<*- 1*=, n 0/:1 m 
  1
 rmgqljfmjgookolkjfooh n rmmqfnhnjokimhjjfomk n 
  1
 rmqhmnojlhhoikoogmgol rmomqkffffffholkggmkl 
  1
 mqhmnojlhhoilgkfnngh rmomqkffffffholkggmkl 
  1
 o 
  1
 /3>1: rkiiqhoomnglliogmfif rmolqkffffmjjlikllmlg rnqomjlhllhkfghmjjjjf o o rn rn o o 90-(>-;@) V V V V 
  1
 " o o |
  1
<0:;8: {rn rn {rn {no {f {rn {mn -:):-,:; {i {mm |
  1
:;8: {rn rn {rn {nf mqgkmnhofklokojkjmil:rnk {ml kokqfffffffkoifhikgj {f {mk 90-(>-; _h *1410(1 |
  1
/<*-): {rn rn {rn o 90-(>-; $ :'/@/>-@<*- 1*=, n 0/:1 m 
  1
 o n ghjqooogklgjhnokggmg n 
  1
 mqhmnojlhhoilgkfnngh rmomqkffffffholkggmkl 
  1
 mqhmnojlhhoikoogmgol momqkffffffholkggmkl 
  1
 o 
  1
 /3>1: rkiiqhoomnglliogmfif rmolqkffffmjjlikllmlg rnqomjlhllhkfghmjjjjf o o rn rn o o 90-(>-;@) V V V V 
  1
 " o o |
  1
:;8: {rn rn {rn {ng o {mj kokqfffffffkoifhikgj {no {mi 90-(>-; _h *1410(1 |
  1
/<*-): {rn rn {rn o 90-(>-; $ :'/@/>-@<*- 1*=, n 0/:1 m 
  1
 rghjqooogklgjhnokggmg n ro n 
  1
 rmqhmnojlhhoilgkfnngh momqkffffffholkggmkl 
  1
 rmqhmnojlhhoikoogmgol rmomqkffffffholkggmkl 
  1
 o 
  1
 /3>1: rkiiqhoomnglliogmfif rmolqkffffmjjlikllmlg rnqomjlhllhkfghmjjjjf o o rn rn o o 90-(>-;@) V V V V 
  1
 " o o |
  1
):-+:' {rn rn {rn {nn o {mh |
  1
):-+:' {rn rn {rn {nn n {mg |
  1
,+->687+r<*-): {rn rn {rn rkihqhoomngllioglogmh rmomqkffffmjjlikllmlg rnqomjlhllhkfghgfkiok rn o mqlkkhfnomgooglloinl:rnl V V |
  1
:;8: {rn rn {rn {mj jqigklknggiofjfklgl:rnk {ml jqkkmnohjknmhgjhlff {nl {mf 90-(>-; _h *1410(1 |
  1
/<*-): {rn rn {rn o 90-(>-; $ :'/@/>-@<*- 1*=, n 0/:1 m 
  1
 mmqfnhnjokimhjjfomk n mgqljfmjgookolkjfooh n 
  1
 mqhmnojlhhoikoogmgol momqkffffffholkggmkl 
  1
 rmqhmnojlhhoilgkfnngh momqkffffffholkggmkl 
  1
 o 
  1
 /3>1: rkiiqhoomnglliogmfif rmolqkffffmjjlikllmlg rnqomjlhllhkfghmjjjjf o o rn rn o o 90-(>-;@) V V V V 
  1
 " o o |
  1
):-+:' {rn rn {rn {nk n {lo |
  1
,+->687+r<*-): {rn rn {rn rkhlqnkmlmjghhlimmgm rmomqkffffmjjliklljml rnqomjlhllhkfgihnjffn o n rmqiikjljmjfnoolhjifh:rnj V V |
  1
):-+:' {rn rn {rn {mn o {ln |
  1
,+->687+r<*-): {rn rn {rn rkihqhoomngllioglgmnh rmomqkffffmjjlikllmlg rnqomjlhllhkfghmjjjjf o n o V V |
  1
/061+ {rn rn {rn rkihqhoomngllioglogmh rmomqkffffmjjlikllmlg rnqomjlhllhkfghgfkiok |
  1
/061+ {rn rn {rn rkhlqnkmlmjghhljflmin rmomqkffffmjjlikllmlg rnqomjlhllhkfghmjhjjg |
  1
,+->687+r<*-): {rn rn {rn rkihqhoomnglliogkjolg momqjoooohlghojklmkh rnqomjlhllhkfghgfilg rn o mqljgnnlhoklolglmkfm:rnl V V |
  1
/061+ {rn rn {rn rkhlqnkmlmjghhlilohhg momqjoooohlghojklmkh rnqomjlhllhkfgiinlimg |
  1
/061+ {rn rn {rn rkihqhoomnglliogkjioi momqjoooohlghojklmkh rnqomjlhllhkfghmjkmmh |
1001
ACAD_OBJECT_CHANGE_GUID
1070
     1
1071
-1193177176
1070
-22726
1070
 30030
1070
   177
1070
   105
1070
    17
1070
    62
1070
    40
1070
   193
1070
    52
1070
   114
  0
REGION
  5
2231
330
1F
100
AcDbEntity
  8
BASE
 62
     7
100
AcDbModelerGeometry
 70
     1
  1
mnjoo kk m mk          
  1
ni ^ *+0;:,4 ^ *+0\^ [ mo ^ LR mlnqiqmqijjlj QK o  
  1
mjqlfffffffffffffgjg fqfffffffffffffffjkh:roh nqooooooooooooooooli:rno 
  1
>,27:>;:- {rn rn _nl mlnqiqmqijjlj |
  1
=0;& {rn rn {rn {m {rn {l |
  1
3*2/ {rn rn {rn {rn {k {n |
  1
+->1,90-2 {rn rn n o o o n o o o n mgfoqkmngnimimihjhkg likgqkhfgignjiikhnhn rmmmqjnnigijklfglokim n 10@-0+>+: 10@-:93:<+ 10@,7:>- |
  1
,7:33 {rn rn {rn {rn {rn {j {rn {m |
  1
9><: {rn rn {rn {rn {i {k {rn {h 90-(>-; ;0*=3: 0*+ |
  1
300/ {rn rn {rn {rn {g {j |
  1
/3>1:r,*-9><: {rn rn {rn rkiiqhoomnglliogmhfgj rmomqkffffmjjlikllmlg rngqjgkglgfnhmlkhhijj o rn o mqlmonlfjfoojnhfhlhm:rnl o n 90-(>-;@) V V V V |
  1
<0:;8: {rn rn {rn {f {no {rn {nn -:):-,:; {i {nm |
  1
<0:;8: {rn rn {rn {nl {g {rn {nk -:):-,:; {i {nj |
  1
<0:;8: {rn rn {rn {g {ni {rn {nh -:):-,:; {i {ng |
  1
:;8: {rn rn {rn {nf o {mo niqjjfkijjkmmkkkolkg {g {mn 90-(>-; _h *1410(1 |
  1
/<*-): {rn rn {rn o 90-(>-; $ :'/@/>-@<*- 1*=, n 0/:1 m 
  1
 iqljhigkfmojnnkfgfni n mmqfnhnjokimhjjfomk n 
  1
 rgqhfffffgnnnlhnihhgm mqokmmnnlnolhgggggnn 
  1
 hqhjfkijhlnnohmljifg mqokmmnnlnolglkflnmg 
  1
 o 
  1
 /3>1: rkiiqhoomnglliogmhfgj rmomqkffffmjjlikllmlg rngqjgkglgfnhmlkhhijj o rn o mqlmonlfjfoojnhfhlhm:rnl o n 90-(>-;@) V V V V 
  1
 " o o |
  1
<0:;8: {rn rn {rn {mm {f {rn {ml -:):-,:; {i {mk |
  1
:;8: {rn rn {rn {mj o {nf jqkkmnohjknmhimklkn {f {mi 90-(>-; _h *1410(1 |
  1
/<*-): {rn rn {rn o 90-(>-; $ :'/@/>-@<*- 1*=, n 0/:1 m 
  1
 mmqfnhnjokimhjjfomk n mgqljfmjgookolkjfooh n 
  1
 hqhjfkijhlnnohmljifg mqokmmnnlnolglkflnmg 
  1
 hqhjfkijhlnnogjnmon rlqlffgfimlogfjogogim 
  1
 o 
  1
 /3>1: rkiiqhoomnglliogmhfgj rmomqkffffmjjlikllmlg rngqjgkglgfnhmlkhhijj o rn o mqlmonlfjfoojnhfhlhm:rnl o n 90-(>-;@) V V V V 
  1
 " o o |
  1
<0:;8: {rn rn {rn {no {mm {rn {mh -:):-,:; {i {mg |
  1
:;8: {rn rn {rn {mo o {mf nqljhigkfmojnmnjinig {no {lo 90-(>-; _h *1410(1 |
  1
/<*-): {rn rn {rn o 90-(>-; $ :'/@/>-@<*- 1*=, n 0/:1 m 
  1
 rnqljhigkfmojnoohflgj n rnqmmmnlljojjojonhion:rnm n 
  1
 rgqhfffffgnnnlhlmknom lqlffgfimlogfojfomlm 
  1
 rgqhfffffgnnnlhnihhgm mqokmmnnlnolhgggggnn 
  1
 o 
  1
 /3>1: rkiiqhoomnglliogmhfgj rmomqkffffmjjlikllmlg rngqjgkglgfnhmlkhhijj o rn o mqlmonlfjfoojnhfhlhm:rnl o n 90-(>-;@) V V V V 
  1
 " o o |
  1
):-+:' {rn rn {rn {nn o {ln |
  1
):-+:' {rn rn {rn {nn n {lm |
  1
,+->687+r<*-): {rn rn {rn rkhlqnkmlmjghhljflmin rmomqkffffmjjlikllmlg rnqomjlhllhkfghmjhjjg rmqmhlhlihjkklmlmojfj:rnl o roqfffffffffffffffhhg V V |
  1
<0:;8: {rn rn {rn {ni {nl {rn {ll -:):-,:; {i {lk |
  1
:;8: {rn rn {rn {lj o {mj nqokojlkogoomfmfggnl {nl {li 90-(>-; _h *1410(1 |
  1
/<*-): {rn rn {rn o 90-(>-; $ :'/@/>-@<*- 1*=, n 0/:1 m 
  1
 mgqljfmjgookolkjfooh n gflqljfgglgkgkninggg n 
  1
 hqhjfkijhlnnogjnmon rlqlffgfimlogfjogogim 
  1
 gqhfffffgnnnlhnhlnnn rlqlffgfimlogfkgjlkgg 
  1
 o 
  1
 /3>1: rkiiqhoomnglliogmhfgj rmomqkffffmjjlikllmlg rngqjgkglgfnhmlkhhijj o rn o mqlmonlfjfoojnhfhlhm:rnl o n 90-(>-;@) V V V V 
  1
 " o o |
  1
):-+:' {rn rn {rn {nk o {lh |
  1
,+->687+r<*-): {rn rn {rn rkihqhoomngllioglogmh rmomqkffffmjjlikllmlg rnqomjlhllhkfghgfkiok rn o mqlkkhfnomgooglloinl:rnl V V |
  1
:;8: {rn rn {rn {mf nqjfghmnnjjkiiighhih:rnl {lg nhqjfffffimmmhlholng {ni {lf 90-(>-; _h *1410(1 |
  1
/<*-): {rn rn {rn o 90-(>-; $ :'/@/>-@<*- 1*=, n 0/:1 m 
  1
 nhilqlgikjijllnlhhgf n nhgnqknmoknlokjninjn n 
  1
 gqhfffffgnnnljjhhfkl lqlffgfimlogfjnfkjkf 
  1
 rgqhfffffgnnnlhlmknom lqlffgfimlogfojfomlm 
  1
 o 
  1
 /3>1: rkiiqhoomnglliogmhfgj rmomqkffffmjjlikllmlg rngqjgkglgfnhmlkhhijj o rn o mqlmonlfjfoojnhfhlhm:rnl o n 90-(>-;@) V V V V 
  1
 " o o |
  1
):-+:' {rn rn {rn {mh o {ko |
  1
,+->687+r<*-): {rn rn {rn rkhlqnkmlmjghhljfhgof rmomqkffffmjjlikllmlg rnhqjgkglgfnhmlnijhmi rn o mqlkkhfnomgooglloinl:rnl V V |
  1
/061+ {rn rn {rn rkhlqnkmlmjghhljflmin rmomqkffffmjjlikllmlg rnqomjlhllhkfghmjhjjg |
  1
/061+ {rn rn {rn rkhlqnkmlmjghhljfhgof rmomqkffffmjjlikllmlg rnhqjgkglgfnhmlnijhmi |
  1
:;8: {rn rn {rn {lg o {lj iqhffhfmkinhfonokgg {mm {kn 90-(>-; _h *1410(1 |
  1
/<*-): {rn rn {rn o 90-(>-; $ :'/@/>-@<*- 1*=, n 0/:1 m 
  1
 gflqljfgglgkgkninggg n nhilqlgikjijllnlhhgf n 
  1
 gqhfffffgnnnlhnhlnnn rlqlffgfimlogfkgjlkgg 
  1
 gqhfffffgnnnljjhhfkl lqlffgfimlogfjnfkjkf 
  1
 o 
  1
 /3>1: rkiiqhoomnglliogmhfgj rmomqkffffmjjlikllmlg rngqjgkglgfnhmlkhhijj o rn o mqlmonlfjfoojnhfhlhm:rnl o n 90-(>-;@) V V V V 
  1
 " o o |
  1
):-+:' {rn rn {rn {ml o {km |
  1
,+->687+r<*-): {rn rn {rn rkihqhoomnglliogmfnmm rmomqkffffmjjlikllmlg oqonjniohojoknkokmoffk rmqgkmnhofklokokoohkl:rnl o rn V V |
  1
/061+ {rn rn {rn rkihqhoomngllioglogmh rmomqkffffmjjlikllmlg rnqomjlhllhkfghgfkiok |
  1
):-+:' {rn rn {rn {ll o {kl |
  1
,+->687+r<*-): {rn rn {rn rkhkqjooonohfhghkhhfm rmomqkffffmjjlikllmlg rnhqjgkglgfnhmlnjoofk mqmhlhlihjkklmlmojfj:rnl o n V V |
  1
/061+ {rn rn {rn rkhkqjooonohfhghnflh rmomqkffffmjjlikllmlg rnhqjgkglgfnhmlnlknoh |
  1
,+->687+r<*-): {rn rn {rn rkhkqjooonohfhghlonhn rmomqkffffmjjlikllmlg oqonjniohojokmmonjfgnl n o rmqlkkjnlkhmmjmnhklmk:rnl V V |
  1
/061+ {rn rn {rn rkihqhoomnglliogmfnmm rmomqkffffmjjlikllmlg oqonjniohojoknkokmoffk |
  1
/061+ {rn rn {rn rkhkqjooonohfhghlonhn rmomqkffffmjjlikllmlg oqonjniohojokmmonjfgnl |
1001
ACAD_OBJECT_CHANGE_GUID
1070
     1
1071
 74286653
1070
  2473
1070
 30017
1070
   165
1070
    50
1070
    52
1070
    26
1070
   254
1070
    28
1070
   241
1070
   142
  0
REGION
  5
2232
330
1F
100
AcDbEntity
  8
BASE
 62
     7
100
AcDbModelerGeometry
 70
     1
  1
mnjoo kk m mk          
  1
ni ^ *+0;:,4 ^ *+0\^ [ mo ^ LR mlnqiqmqijjlj QK o  
  1
mjqlfffffffffffffgjg fqfffffffffffffffjkh:roh nqooooooooooooooooli:rno 
  1
>,27:>;:- {rn rn _nl mlnqiqmqijjlj |
  1
=0;& {rn rn {rn {m {rn {l |
  1
3*2/ {rn rn {rn {rn {k {n |
  1
+->1,90-2 {rn rn n o o o n o o o n mgfoqkmngnimimihjhkg likgqkhfgignjiikhnhn rmmmqjnnigijklfglokim n 10@-0+>+: 10@-:93:<+ 10@,7:>- |
  1
,7:33 {rn rn {rn {rn {rn {j {rn {m |
  1
9><: {rn rn {rn {rn {i {k {rn {h 90-(>-; ;0*=3: 0*+ |
  1
300/ {rn rn {rn {rn {g {j |
  1
/3>1:r,*-9><: {rn rn {rn rkiiqhoomnglliogkkkif momqjoooohlghojklmkh rngqjgkglgfnhmlkhglij o n ro rn o mqljhhijjfmnnikfjikm:rnl 90-(>-;@) V V V V |
  1
<0:;8: {rn rn {rn {f {no {rn {nn 90-(>-; {i {nm |
  1
<0:;8: {rn rn {rn {nl {g {rn {nk 90-(>-; {i {nj |
  1
<0:;8: {rn rn {rn {g {ni {rn {nh 90-(>-; {i {ng |
  1
:;8: {rn rn {rn {nf o {mo nqljhigkfmojnmokmkgn {g {mn 90-(>-; _h *1410(1 |
  1
/<*-): {rn rn {rn o 90-(>-; $ :'/@/>-@<*- 1*=, n 0/:1 m 
  1
 nqmmmnlljojjokffmfik:rnm n nqljhigkfmojnoojofil n 
  1
 mqokmmnnlnolhfoomkfg rgqhfffffgnnnlhnhlnnn 
  1
 lqlffgfimlogfoholfnf rgqhfffffgnnnlhlmfkln 
  1
 o 
  1
 /3>1: rkiiqhoomnglliogkkkif momqjoooohlghojklmkh rngqjgkglgfnhmlkhglij o n ro rn o mqljhhijjfmnnikfjikm:rnl 90-(>-;@) V V V V 
  1
 " o o |
  1
<0:;8: {rn rn {rn {mm {f {rn {ml 90-(>-; {i {mk |
  1
:;8: {rn rn {rn {mo nqjfghmnnjjkiifkimin:rnl {mj nhqjfffffimmmhmfolgm {f {mi 90-(>-; _h *1410(1 |
  1
/<*-): {rn rn {rn o 90-(>-; $ :'/@/>-@<*- 1*=, n 0/:1 m 
  1
 rnhgnqknmoknlokjninjn n rnhilqlgikjijllnlhhgf n 
  1
 lqlffgfimlogfoholfnf rgqhfffffgnnnlhlmfkln 
  1
 lqlffgfimlogfjlogmli gqhfffffgnnnljjhoglh 
  1
 o 
  1
 /3>1: rkiiqhoomnglliogkkkif momqjoooohlghojklmkh rngqjgkglgfnhmlkhglij o n ro rn o mqljhhijjfmnnikfjikm:rnl 90-(>-;@) V V V V 
  1
 " o o |
  1
<0:;8: {rn rn {rn {no {mm {rn {mh 90-(>-; {i {mg |
  1
:;8: {rn rn {rn {mf riqlfhnojoihggjnnnljk:rnl {nf niqjjfkijjkmmkkkohol {no {lo 90-(>-; _h *1410(1 |
  1
/<*-): {rn rn {rn o 90-(>-; $ :'/@/>-@<*- 1*=, n 0/:1 m 
  1
 rmmqfnhnjokimhjjfomk n riqljhigkfmojnnjoifn n 
  1
 mqokmmnnlnolglioignj hqhjfkijhlnnohmlnmjh 
  1
 mqokmmnnlnolhfoomkfg rgqhfffffgnnnlhnhlnnn 
  1
 o 
  1
 /3>1: rkiiqhoomnglliogkkkif momqjoooohlghojklmkh rngqjgkglgfnhmlkhglij o n ro rn o mqljhhijjfmnnikfjikm:rnl 90-(>-;@) V V V V 
  1
 " o o |
  1
):-+:' {rn rn {rn {nn o {ln |
  1
):-+:' {rn rn {rn {nn n {lm |
  1
,+->687+r<*-): {rn rn {rn rkhlqnkmlmjghhlinlhmj momqjoooohlghojklgnj rnhqjgkglgfnhmlniiogm rn rmqgkmnhofklokokoohkl:rnk mqlkkhfnomgooglloinl:rnl V V |
  1
<0:;8: {rn rn {rn {ni {nl {rn {ll 90-(>-; {i {lk |
  1
:;8: {rn rn {rn {mj mqmhlhlihjkklmjnoomm:rnm {lj iqhffhfmkinhfomhjknn {nl {li 90-(>-; _h *1410(1 |
  1
/<*-): {rn rn {rn o 90-(>-; $ :'/@/>-@<*- 1*=, n 0/:1 m 
  1
 rnhilqlgikjijllnlhhgf n rgflqljfgglgkgkninggg n 
  1
 lqlffgfimlogfjlogmli gqhfffffgnnnljjhoglh 
  1
 rlqlffgfimlogfkfihnhj gqhfffffgnnnlhnhlnnn 
  1
 o 
  1
 /3>1: rkiiqhoomnglliogkkkif momqjoooohlghojklmkh rngqjgkglgfnhmlkhglij o n ro rn o mqljhhijjfmnnikfjikm:rnl 90-(>-;@) V V V V 
  1
 " o o |
  1
):-+:' {rn rn {rn {nk n {lh |
  1
,+->687+r<*-): {rn rn {rn rkhkqjooonohfhghilhog momqjoooohlghojklmkh rnhqjgkglgfnhmlnjoofk mqmhlhlihjkklmlmojfj:rnl o n V V |
  1
:;8: {rn rn {rn {lg jqigklknggiofjfklgl:rnk {mf jqkkmnohjknmhgjhlff {ni {lf 90-(>-; _h *1410(1 |
  1
/<*-): {rn rn {rn o 90-(>-; $ :'/@/>-@<*- 1*=, n 0/:1 m 
  1
 rmgqljfmjgookolkjfooh n rmmqfnhnjokimhjjfomk n 
  1
 rlqlffgfimlogfkfihnhj hqhjfkijhlnnogjnlhgi 
  1
 mqokmmnnlnolglioignj hqhjfkijhlnnohmlnmjh 
  1
 o 
  1
 /3>1: rkiiqhoomnglliogkkkif momqjoooohlghojklmkh rngqjgkglgfnhmlkhglij o n ro rn o mqljhhijjfmnnikfjikm:rnl 90-(>-;@) V V V V 
  1
 " o o |
  1
):-+:' {rn rn {rn {mh n {ko |
  1
,+->687+r<*-): {rn rn {rn rkhlqnkmlmjghhliogiof momqjoooohlghojklmkh rnqomjlhllhkfghmjlllf rmqmhlhlihjkklmlmojfj:rnl o rn V V |
  1
/061+ {rn rn {rn rkhlqnkmlmjghhlinlhmj momqjoooohlghojklgnj rnhqjgkglgfnhmlniiogm |
  1
/061+ {rn rn {rn rkhkqjooonohfhghlknj momqjoooohlghojkljln rnhqjgkglgfnhmlnlknoh |
  1
:;8: {rn rn {rn {lj gqommgngjmoilikkhmhi:rnl {lg nqokojlkogoomgijflmj {mm {kn 90-(>-; _h *1410(1 |
  1
/<*-): {rn rn {rn o 90-(>-; $ :'/@/>-@<*- 1*=, n 0/:1 m 
  1
 rgflqljfgglgkgkninggg n rmgqljfmjgookolkjfooh n 
  1
 rlqlffgfimlogfkfihnhj gqhfffffgnnnlhnhlnnn 
  1
 rlqlffgfimlogfkfihnhj hqhjfkijhlnnogjnlhgi 
  1
 o 
  1
 /3>1: rkiiqhoomnglliogkkkif momqjoooohlghojklmkh rngqjgkglgfnhmlkhglij o n ro rn o mqljhhijjfmnnikfjikm:rnl 90-(>-;@) V V V V 
  1
 " o o |
  1
):-+:' {rn rn {rn {ml n {km |
  1
,+->687+r<*-): {rn rn {rn rkhkqjooonohfhghkjjng momqjoooohlghojklmkh oqonjniohojokmmoinjghm n o rmqljhhiihjfiogilhnl:rnl V V |
  1
/061+ {rn rn {rn rkhkqjooonohfhghmmhgn momqjoooohlghojklmkh oqonjniohojoknkomklljg |
  1
):-+:' {rn rn {rn {ll n {kl |
  1
,+->687+r<*-): {rn rn {rn rkihqhoomnglliogkjolg momqjoooohlghojklmkh rnqomjlhllhkfghgfilg rn o mqljgnnlhoklolglmkfm:rnl V V |
  1
/061+ {rn rn {rn rkhlqnkmlmjghhlilohhg momqjoooohlghojklmkh rnqomjlhllhkfgiinlimg |
  1
,+->687+r<*-): {rn rn {rn rkihqhoomnglliogkllll momqjoooohlghojklmkh oqonjniohojoknkojmofnk rmqmhlhlihjkklmlmojfj:rnl o rn V V |
  1
/061+ {rn rn {rn rkihqhoomnglliogkmhik momqjoooohlghojklmkh oqonjniohojokoiomfmhmg |
  1
/061+ {rn rn {rn rkihqhoomnglliogkjioi momqjoooohlghojklmkh rnqomjlhllhkfghmjkmmh |
1001
ACAD_OBJECT_CHANGE_GUID
1070
     1
1071
-324579582
1070
 -3268
1070
 18251
1070
   176
1070
   229
1070
   234
1070
    89
1070
   150
1070
   162
1070
   151
1070
    99
  0
SURFACE
  5
2233
330
1F
100
AcDbEntity
  8
BASE
 62
     7
160
                 8
310
0800000000000000
100
AcDbModelerGeometry
 70
     1
  1
mnjoo lh m mk          
  1
ni ^ *+0;:,4 ^ *+0\^ [ mo ^ LR mlnqiqmqijjlj QK o  
  1
mjqlfffffffffffffgjg fqfffffffffffffffjkh:roh nqooooooooooooooooli:rno 
  1
>,27:>;:- {rn rn _nl mlnqiqmqijjlj |
  1
=0;& {rn rn {rn {m {rn {l |
  1
3*2/ {rn rn {rn {rn {k {n |
  1
+->1,90-2 {rn rn n o o o n o o o n mgfoqkmngnimimihjhkg likgqkhfgignjiikhnhn rmmmqjnnigijklfglokim n 10@-0+>+: 10@-:93:<+ 10@,7:>- |
  1
,7:33 {rn rn {rn {rn {rn {j {rn {m |
  1
9><: {i rn {rn {rn {h {k {rn {g 90-(>-; ;0*=3: 0*+ |
  1
/:-,*=:1+r><>;L036;W6,+0-&r>++-6= {rn rn {rn {rn {j n nnh nooooooooo noon |
  1
300/ {rn rn {rn {rn {f {j |
  1
,/361:r,*-9><: {rn rn {rn 90-(>-; $ :'><+@,/3@,*- mofoo 9*33 1*-=, m n =0+7 0/:1 0/:1 101: 101: m m 
  1
 o m hqgjlfgnillfhhlmfkom m 
  1
 rnqjliohgghklmgnmginh:rnk n nqljhigkfmojnmnonjkj n 
  1
 rkhlqnkmlmjghhlimnigl rnfhqkffffmjjlikinlhi rmmqjgkglgfnhmlnikii n 
  1
 rkhlqnkmlmjghhlhnglnh rmomqkffffmjjlikkhhlk rmmqjgkglgfnhmlomlfhl oqhohnoihgnngiikikfli 
  1
 rkhlqnkmlmjghhljfhgof rmomqkffffmjjlikllmlg rnhqjgkglgfnhmlnijhmi n 
  1
 rkhkqjooonohfhghklmkj rnfhqkffffmjjlikinii rmmqjgkglgfnhmlnllokn n 
  1
 rkhkqjooonohfhgglfln rmomqkffffmjjlikkgong rmmqjgkglgfnhmmffnmgg oqhohnoihgnngiikhlgng 
  1
 rkhkqjooonohfhghnflh rmomqkffffmjjlikllmlg rnhqjgkglgfnhmlnlknoh n 
  1
 o 
  1
 
  1
 o 
  1
 o 
  1
 o 
  1
 o 
  1
 o 
  1
 o 
  1
 Y Y o Y hqgjlfgnillfhhlmfkom Y rnqjliohgghklmgnmginh:rnk Y nqljhigkfmojnmnonjkj ZGKZQ[Z[@Xn " Y o Y hqgjlfgnillfhhlmfkom Y rnqjliohgghklmgnmginh:rnk Y nqljhigkfmojnmnonjkj |
  1
<0:;8: {rn rn {rn {no {nn {rn {nm -:):-,:; {h {nl |
  1
<0:;8: {rn rn {rn {nk {f {rn {nj 90-(>-; {h {ni |
  1
<0:;8: {rn rn {rn {f {nk {rn {nh -:):-,:; {h {ng |
  1
:;8: {nf rn {rn {mo rhqgjlfgnillfhhlmfkom {mn ro {f {mm 90-(>-; _h *1410(1 |
  1
/<*-): {rn rn {rn o 90-(>-; $ :'/@/>-@<*- 1*=, n 0/:1 m 
  1
 o n hqgjlfgnillfhhlmfkom n 
  1
 o rnqjliohgghklmgnmginh:rnk 
  1
 hqgjlfgnillfhhlmfkom rnqjliohgghklmgnmginh:rnk 
  1
 o 
  1
 ,/361: 90-(>-; $ -:9 o " Y o Y hqgjlfgnillfhhlmfkom Y rnqjliohgghklmgnmginh:rnk Y nqljhigkfmojnmnonjkj 
  1
 " o o |
  1
<0:;8: {rn rn {rn {nn {no {rn {ml -:):-,:; {h {mk |
  1
:;8: {mj rn {rn {mo o {mi nqljhigkfmojnmnjinig {no {mh 90-(>-; _h *1410(1 |
  1
/<*-): {rn rn {rn o 90-(>-; $ :'/@/>-@<*- 1*=, n 0/:1 m 
  1
 nqmmmnlljojjojonhion:rnm n nqljhigkfmojnoohflgj n 
  1
 hqgjlfgnillfhhlmfkom rnqjliohgghklmgnmginh:rnk 
  1
 hqgjlfgnillfhhlmfkom nqljhigkfmojnmnonjkj 
  1
 o 
  1
 ,/361: 90-(>-; $ -:9 o " Y o Y hqgjlfgnillfhhlmfkom Y rnqjliohgghklmgnmginh:rnk Y nqljhigkfmojnmnonjkj 
  1
 " o o |
  1
:;8: {mg rn {rn {mn gqjmijnmgmfnmnmomml:rnl {mf nqljhigkfmojnnikkjhh {nn {lo 90-(>-; _h *1410(1 |
  1
/<*-): {rn rn {rn o 90-(>-; $ :'/@/>-@<*- 1*=, n 0/:1 m 
  1
 rnqljhigkfmojnknhknof n ro n 
  1
 o nqljhigkfmojnmnonjkj 
  1
 o rnqjliohgghklmgnmginh:rnk 
  1
 o 
  1
 ,/361: 90-(>-; $ -:9 o " Y o Y hqgjlfgnillfhhlmfkom Y rnqjliohgghklmgnmginh:rnk Y nqljhigkfmojnmnonjkj 
  1
 " o o |
  1
/:-,*=:1+r><>;L036;W6,+0-&r>++-6= {rn rn {rn {rn {nm n nnh nooooooooo jnoon |
  1
):-+:' {rn rn {rn {nm o {ln |
  1
):-+:' {rn rn {rn {nm n {lm |
  1
61+<*-):r<*-): {rn rn {rn 90-(>-; $ :'><+@61+@<*- mofoo 9*33 1*-=, m 0/:1 m 
  1
 rhqgjlfgnillfhhlmfkom m ro m 
  1
 rkhlqnkmlmjghhljfhgof rmomqkffffmjjlikllmlg rnhqjgkglgfnhmlnijhmi n 
  1
 rkhlqnkmlmjghhlhnglnh rmomqkffffmjjlikkhhlk rmmqjgkglgfnhmlomlfhl oqhohnoihgnngiikikfli 
  1
 rkhlqnkmlmjghhlimnigl rnfhqkffffmjjlikinlhi rmmqjgkglgfnhmlnikii n 
  1
 o 
  1
 
  1
 1*33@,*-9><: 
  1
 1*33@,*-9><: 
  1
 1*33=, 
  1
 1*33=, 
  1
 V V 
  1
 o 
  1
 o 
  1
 o 
  1
 
  1
 o Y rhqgjlfgnillfhhlmfkom Y ro JQZGKZQ[Z[ JQZGKZQ[Z[ " Y rhqgjlfgnillfhhlmfkom Y ro |
  1
:;8: {ll rn {rn {mf o {mi hqgjlfgnillfhhlmfkom {nk {lk 90-(>-; _h *1410(1 |
  1
/<*-): {rn rn {rn o 90-(>-; $ :'/@/>-@<*- 1*=, n 0/:1 m 
  1
 rhqgjlfgnillfhhlmfkom n ro n 
  1
 hqgjlfgnillfhhlmfkom nqljhigkfmojnmnonjkj 
  1
 o nqljhigkfmojnmnonjkj 
  1
 o 
  1
 ,/361: 90-(>-; $ -:9 o " Y o Y hqgjlfgnillfhhlmfkom Y rnqjliohgghklmgnmginh:rnk Y nqljhigkfmojnmnonjkj 
  1
 " o o |
  1
/:-,*=:1+r><>;L036;W6,+0-&r>++-6= {rn rn {rn {rn {nj n nnh nooooooooo njnoon |
  1
):-+:' {rn rn {rn {nj n {lj |
  1
,+->687+r<*-): {rn rn {rn rkhlqnkmlmjghhljfhgof rmomqkffffmjjlikllmlg rnhqjgkglgfnhmlnijhmi rn o mqlkkhfnomgooglloinl:rnl V V |
  1
/:-,*=:1+r><>;L036;W6,+0-&r>++-6= {rn rn {rn {rn {nh n nnh nooooooooo ljnoon |
  1
):-+:' {rn rn {rn {ml o {li |
  1
,+->687+r<*-): {rn rn {rn rkhlqnkmlmjghhlinhhok rnfhqkffffmjjlikkkioh rmmqjgkglgfnhmlnkfhlf rn o o V V |
  1
/061+ {rn rn {rn rkhlqnkmlmjghhljfhgof rmomqkffffmjjlikllmlg rnhqjgkglgfnhmlnijhmi |
  1
/061+ {rn rn {rn rkhlqnkmlmjghhlimiml rnfhqkffffmjjlikkkioh rmmqjgkglgfnhmlnkfhlf |
  1
/:-,*=:1+r><>;L036;W6,+0-&r>++-6= {rn rn {rn {rn {ml n nnh nooooooooo mjnoon |
  1
61+<*-):r<*-): {rn rn {rn 90-(>-; $ :'><+@61+@<*- mofoo 9*33 1*-=, m 0/:1 m 
  1
 o m hqgjlfgnillfhhlmfkom m 
  1
 rkhkqjooonohfhghklmkj rnfhqkffffmjjlikinii rmmqjgkglgfnhmlnllokn n 
  1
 rkhkqjooonohfhgglfln rmomqkffffmjjlikkgong rmmqjgkglgfnhmmffnmgg oqhohnoihgnngiikhlgng 
  1
 rkhkqjooonohfhghnflh rmomqkffffmjjlikllmlg rnhqjgkglgfnhmlnlknoh n 
  1
 o 
  1
 
  1
 1*33@,*-9><: 
  1
 1*33@,*-9><: 
  1
 1*33=, 
  1
 1*33=, 
  1
 V V 
  1
 o 
  1
 o 
  1
 o 
  1
 
  1
 o Y o Y hqgjlfgnillfhhlmfkom JQZGKZQ[Z[ JQZGKZQ[Z[ " Y o Y hqgjlfgnillfhhlmfkom |
  1
/061+ {rn rn {rn rkhkqjooonohfhghnflh rmomqkffffmjjlikllmlg rnhqjgkglgfnhmlnlknoh |
  1
/061+ {rn rn {rn rkhkqjooonohfhghlknj rnfhqkffffmjjlikkkioh rmmqjgkglgfnhmlnkfhlf |
100
AcDbSurface
 71
     6
 72
     6
1001
ACAD_STEPID
1071
      117
1001
ACAD_OBJECT_CHANGE_GUID
1070
     1
1071
140425307
1070
-11548
1070
 31308
1070
   172
1070
    19
1070
    69
1070
    87
1070
   137
1070
    53
1070
     4
1070
   171
  0
REGION
  5
2234
330
1F
100
AcDbEntity
  8
BASE
 62
     7
100
AcDbModelerGeometry
 70
     1
  1
mnjoo lm m mk          
  1
ni ^ *+0;:,4 ^ *+0\^ [ mo ^ LR mlnqiqmqijjlj QK o  
  1
mjqlfffffffffffffgjg fqfffffffffffffffjkh:roh nqooooooooooooooooli:rno 
  1
>,27:>;:- {rn rn _nl mlnqiqmqijjlj |
  1
=0;& {rn rn {rn {m {rn {l |
  1
3*2/ {rn rn {rn {rn {k {n |
  1
+->1,90-2 {rn rn n o o o n o o o n mgfoqkmngnimimihjhkg likgqkhfgignjiikhnhn rmmmqjnnigijklfglokim n 10@-0+>+: 10@-:93:<+ 10@,7:>- |
  1
,7:33 {rn rn {rn {rn {rn {j {rn {m |
  1
9><: {rn rn {rn {rn {i {k {rn {h 90-(>-; ;0*=3: 0*+ |
  1
300/ {rn rn {rn {rn {g {j |
  1
/3>1:r,*-9><: {rn rn {rn rkhmqnkmlmjghhlinhhok rnfgqkffffmjjlikkkioh rmmqjgkglgfnhmlnkfhlf o o rn rn o o 90-(>-;@) V V V V |
  1
<0:;8: {rn rn {rn {f {no {rn {nn -:):-,:; {i {nm |
  1
<0:;8: {rn rn {rn {nl {g {rn {nk 90-(>-; {i {nj |
  1
<0:;8: {rn rn {rn {g {nl {rn {ni -:):-,:; {i {nh |
  1
:;8: {rn rn {rn {ng o {nf lfkqfffffffkoifghgjk {g {mo 90-(>-; _h *1410(1 |
  1
/<*-): {rn rn {rn o 90-(>-; $ :'/@/>-@<*- 1*=, n 0/:1 m 
  1
 rghoqooogklgjhnokggmg n rj n 
  1
 roqihggkmkiomjjnnnhkjf nfhqkffffffholkfkmnn 
  1
 roqihggkmkiomjihollinh rnfhqkffffffholkflfmh 
  1
 o 
  1
 /3>1: rkhmqnkmlmjghhlinhhok rnfgqkffffmjjlikkkioh rmmqjgkglgfnhmlnkfhlf o o rn rn o o 90-(>-;@) V V V V 
  1
 " o o |
  1
<0:;8: {rn rn {rn {no {f {rn {mn 90-(>-; {i {mm |
  1
:;8: {rn rn {rn {ng gqjmijnmgmfnmnmomml:rnl {ml nqljhigkfmojnnikkjhh {f {mk 90-(>-; _h *1410(1 |
  1
/<*-): {rn rn {rn o 90-(>-; $ :'/@/>-@<*- 1*=, n 0/:1 m 
  1
 o n nqljhigkfmojnknhknof n 
  1
 roqihggkmkiomjihollinh rnfhqkffffffholkflfmh 
  1
 oqihggkmkiomjkffgojfn rnfhqkffffffholkflfmh 
  1
 o 
  1
 /3>1: rkhmqnkmlmjghhlinhhok rnfgqkffffmjjlikkkioh rmmqjgkglgfnhmlnkfhlf o o rn rn o o 90-(>-;@) V V V V 
  1
 " o o |
  1
:;8: {rn rn {rn {nf o {mj nqljhigkfmojnmofflmj {no {mi 90-(>-; _h *1410(1 |
  1
/<*-): {rn rn {rn o 90-(>-; $ :'/@/>-@<*- 1*=, n 0/:1 m 
  1
 rnqljhigkfmojnknkjigg n ro n 
  1
 oqihggkmkiomjignhokgj nfhqkffffffholkfkmnn 
  1
 roqihggkmkiomjjnnnhkjf nfhqkffffffholkfkmnn 
  1
 o 
  1
 /3>1: rkhmqnkmlmjghhlinhhok rnfgqkffffmjjlikkkioh rmmqjgkglgfnhmlnkfhlf o o rn rn o o 90-(>-;@) V V V V 
  1
 " o o |
  1
):-+:' {rn rn {rn {nn o {mh |
  1
):-+:' {rn rn {rn {nn n {mg |
  1
,+->687+r<*-): {rn rn {rn rkhlqnkmlmjghhlimiml rnfhqkffffmjjlikkkioh rmmqjgkglgfnhmlnkfhlf o n o V V |
  1
:;8: {rn rn {rn {ml o {mj lfkqfffffffkoifggffn {nl {mf 90-(>-; _h *1410(1 |
  1
/<*-): {rn rn {rn o 90-(>-; $ :'/@/>-@<*- 1*=, n 0/:1 m 
  1
 jqoooooooooooooomiij n ghoqooogklgjhnokggmg n 
  1
 oqihggkmkiomjkffgojfn rnfhqkffffffholkflfmh 
  1
 oqihggkmkiomjignhokgj nfhqkffffffholkfkmnn 
  1
 o 
  1
 /3>1: rkhmqnkmlmjghhlinhhok rnfgqkffffmjjlikkkioh rmmqjgkglgfnhmlnkfhlf o o rn rn o o 90-(>-;@) V V V V 
  1
 " o o |
  1
):-+:' {rn rn {rn {nk n {lo |
  1
,+->687+r<*-): {rn rn {rn rkhlqnkmlmjghhlinhhok rnfhqkffffmjjlikkkioh rmmqjgkglgfnhmlnkfhlf rn o o V V |
  1
):-+:' {rn rn {rn {mn n {ln |
  1
,+->687+r<*-): {rn rn {rn rkhlqnkmlmjghhlikokkn nfhqjoooohlghojklmkh rmmqjgkglgfnhmlningng rn gqjmijnmgmfnmnmomml:rnk mqlkkhfnomgooglloinl:rnl V V |
  1
/061+ {rn rn {rn rkhlqnkmlmjghhlimiml rnfhqkffffmjjlikkkioh rmmqjgkglgfnhmlnkfhlf |
  1
/061+ {rn rn {rn rkhlqnkmlmjghhlikokkn nfhqjoooohlghojklmkh rmmqjgkglgfnhmlningng |
  1
,+->687+r<*-): {rn rn {rn rkhkqjooonohfhghklgnl rnfhqkffffmjjlikkkioh rmmqjgkglgfnhmlnkfhlf o n o V V |
  1
/061+ {rn rn {rn rkhkqjooonohfhghlknj rnfhqkffffmjjlikkkioh rmmqjgkglgfnhmlnkfhlf |
  1
/061+ {rn rn {rn rkhkqjooonohfhghinklk nfhqjoooohlghojkklgk rmmqjgkglgfnhmlnlonff |
1001
ACAD_OBJECT_CHANGE_GUID
1070
     1
1071
-779554447
1070
 13017
1070
 13642
1070
   187
1070
    83
1070
    75
1070
   170
1070
    66
1070
   232
1070
   201
1070
    10
  0
REGION
  5
2235
330
1F
100
AcDbEntity
  8
BASE
 62
     7
100
AcDbModelerGeometry
 70
     1
  1
mnjoo lm m mk          
  1
ni ^ *+0;:,4 ^ *+0\^ [ mo ^ LR mlnqiqmqijjlj QK o  
  1
mjqlfffffffffffffgjg fqfffffffffffffffjkh:roh nqooooooooooooooooli:rno 
  1
>,27:>;:- {rn rn _nl mlnqiqmqijjlj |
  1
=0;& {rn rn {rn {m {rn {l |
  1
3*2/ {rn rn {rn {rn {k {n |
  1
+->1,90-2 {rn rn n o o o n o o o n mgfoqkmngnimimihjhkg likgqkhfgignjiikhnhn rmmmqjnnigijklfglokim n 10@-0+>+: 10@-:93:<+ 10@,7:>- |
  1
,7:33 {rn rn {rn {rn {rn {j {rn {m |
  1
9><: {rn rn {rn {rn {i {k {rn {h 90-(>-; ;0*=3: 0*+ |
  1
300/ {rn rn {rn {rn {g {j |
  1
/3>1:r,*-9><: {rn rn {rn rkghqjoonlfjhofmhihmn molqjoooohkkilhjkfnl roqfgkglfmfkggijmgii rn o o o rn o 90-(>-;@) V V V V |
  1
<0:;8: {rn rn {rn {f {no {rn {nn 90-(>-; {i {nm |
  1
<0:;8: {rn rn {rn {nl {g {rn {nk -:):-,:; {i {nj |
  1
<0:;8: {rn rn {rn {g {nl {rn {ni 90-(>-; {i {nh |
  1
:;8: {rn rn {rn {ng o {nf nqmooooolhhijjnjgklk {g {mo 90-(>-; _h *1410(1 |
  1
/<*-): {rn rn {rn o 90-(>-; $ :'/@/>-@<*- 1*=, n 0/:1 m 
  1
 o n nqmooooolhhijjolngif n 
  1
 momqjooonlifjjmfjggi roqiooooongggmhjklljh 
  1
 momqjooonlifjjmflinl oqiooooongggmhjimmlog 
  1
 o 
  1
 /3>1: rkghqjoonlfjhofmhihmn molqjoooohkkilhjkfnl roqfgkglfmfkggijmgii rn o o o rn o 90-(>-;@) V V V V 
  1
 " o o |
  1
<0:;8: {rn rn {rn {no {f {rn {mn 90-(>-; {i {mm |
  1
:;8: {rn rn {rn {ml hqjlnhjmfffojhoinfh:rnm {nf kojqoooomhlfnojkgool {f {mk 90-(>-; _h *1410(1 |
  1
/<*-): {rn rn {rn o 90-(>-; $ :'/@/>-@<*- 1*=, n 0/:1 m 
  1
 rkjjqoooomhlfnojiniki n rkfqffffffffffffhhmil n 
  1
 momqjooonlifjjmflinl oqiooooongggmhjimmlog 
  1
 rmomqjooonlifjjmllfmh oqiooooongggmhkflgknn 
  1
 o 
  1
 /3>1: rkghqjoonlfjhofmhihmn molqjoooohkkilhjkfnl roqfgkglfmfkggijmgii rn o o o rn o 90-(>-;@) V V V V 
  1
 " o o |
  1
:;8: {rn rn {rn {mj hqmkhjljfokhjlomngfi:rnm {ng kojqoooomhlfnojkjhmf {no {mi 90-(>-; _h *1410(1 |
  1
/<*-): {rn rn {rn o 90-(>-; $ :'/@/>-@<*- 1*=, n 0/:1 m 
  1
 joqoooooooooooommhlh n kjjqoooomhlfnojijoji n 
  1
 rmomqjooonlifjjmlnijl roqiooooongggmhkmfihom 
  1
 momqjooonlifjjmfjggi roqiooooongggmhjklljh 
  1
 o 
  1
 /3>1: rkghqjoonlfjhofmhihmn molqjoooohkkilhjkfnl roqfgkglfmfkggijmgii rn o o o rn o 90-(>-;@) V V V V 
  1
 " o o |
  1
):-+:' {rn rn {rn {nn o {mh |
  1
):-+:' {rn rn {rn {nn n {mg |
  1
,+->687+r<*-): {rn rn {rn rkghqjoonlfjhoflgjmfm rmomqjooonffkkiglfnll oqonjniohojnnlkgiffknm rjqigklknggiogogonkgh:rnk o n V V |
  1
:;8: {rn rn {rn {ml o {mj nqmooooolhhijkfghfok {nl {mf 90-(>-; _h *1410(1 |
  1
/<*-): {rn rn {rn o 90-(>-; $ :'/@/>-@<*- 1*=, n 0/:1 m 
  1
 o n nqmooooolhhijjolngif n 
  1
 rmomqjooonlifjjmllfmh oqiooooongggmhkflgknn 
  1
 rmomqjooonlifjjmlnijl roqiooooongggmhkmfihom 
  1
 o 
  1
 /3>1: rkghqjoonlfjhofmhihmn molqjoooohkkilhjkfnl roqfgkglfmfkggijmgii rn o o o rn o 90-(>-;@) V V V V 
  1
 " o o |
  1
):-+:' {rn rn {rn {nk o {lo |
  1
,+->687+r<*-): {rn rn {rn rkghqjoonlfjhofmhihmn momqjoooohkkilhofnjk nqmnjninogmhigjnkkmm o rn o V V |
  1
):-+:' {rn rn {rn {mn n {ln |
  1
,+->687+r<*-): {rn rn {rn rkghqjoonlfjhofloigkg momqjoooohkkilhoilnm oqonjniohojnnlkhlmmhli o rn o V V |
  1
/061+ {rn rn {rn rkghqjoonlfjhoflgjmfm rmomqjooonffkkiglfnll oqonjniohojnnlkgiffknm |
  1
/061+ {rn rn {rn rkghqjoonlfjhoflgjgin rmomqjooonffkkiglfnll nqmnjninogmhigikjkmf |
  1
,+->687+r<*-): {rn rn {rn rkghqjoonlfjhoflmmnfi momqjoooohkkilillglh nqmnjninogmhigkngkff o o rn V V |
  1
/061+ {rn rn {rn rkghqjoonlfjhoflmmnfi momqjoooohkkilillglh nqmnjninogmhigkngkff |
  1
/061+ {rn rn {rn rkghqjoonlfjhoflmmnfi momqjoooohkkilillglh oqonjniohojnnlklojfkhf |
1001
ACAD_OBJECT_CHANGE_GUID
1070
     1
1071
-994097117
1070
 31628
1070
 21577
1070
   176
1070
    81
1070
    27
1070
     8
1070
   116
1070
   232
1070
   152
1070
   112
  0
SURFACE
  5
2236
330
1F
100
AcDbEntity
  8
BASE
 62
     7
160
                 8
310
0800000000000000
100
AcDbModelerGeometry
 70
     1
  1
mnjoo lh m mk          
  1
ni ^ *+0;:,4 ^ *+0\^ [ mo ^ LR mlnqiqmqijjlj QK o  
  1
mjqlfffffffffffffgjg fqfffffffffffffffjkh:roh nqooooooooooooooooli:rno 
  1
>,27:>;:- {rn rn _nl mlnqiqmqijjlj |
  1
=0;& {rn rn {rn {m {rn {l |
  1
3*2/ {rn rn {rn {rn {k {n |
  1
+->1,90-2 {rn rn n o o o n o o o n mgfoqkmngnimimihjhkg likgqkhfgignjiikhnhn rmmmqjnnigijklfglokim n 10@-0+>+: 10@-:93:<+ 10@,7:>- |
  1
,7:33 {rn rn {rn {rn {rn {j {rn {m |
  1
9><: {i rn {rn {rn {h {k {rn {g 90-(>-; ;0*=3: 0*+ |
  1
/:-,*=:1+r><>;L036;W6,+0-&r>++-6= {rn rn {rn {rn {j n nng nooooooooo noon |
  1
300/ {rn rn {rn {rn {f {j |
  1
,/361:r,*-9><: {rn rn {rn 90-(>-; $ :'><+@,/3@,*- mofoo 9*33 1*-=, n m =0+7 0/:1 0/:1 101: 101: m m 
  1
 nqihjjkgjgfngljilhmh:rnl n nqmooooolhhijjnjjnok n 
  1
 o m hgqjlfgnillfhhffioif m 
  1
 rklhqjoonlfjhofnihjgm mjmqjoooohkkilgfhjf nqmnjninogmhiglinmnn n 
  1
 rklhqjoonlfjhofnihjgm mjmqjoooohkkilgfhjf oqonjniohojnnllhlhjnlh n 
  1
 rkghqjoonlfjhofmkkggf mjmqjoooohkkilhnogi nqmnjninogmgkmmmlfoj oqhohnoihgnngihhlhmjm 
  1
 rkghqjoonlfjhofmkiomi mjmqjoooohkkilhnnnkk oqonjniohojnghmligiiij oqhohnoihgnngihhlinkn 
  1
 rkghqjoonlfjhoflmmnfi momqjoooohkkilillglh nqmnjninogmhigkngkff n 
  1
 rkghqjoonlfjhoflmmnfi momqjoooohkkilillglh oqonjniohojnnlklojfkhf n 
  1
 o 
  1
 
  1
 o 
  1
 o 
  1
 o 
  1
 o 
  1
 o 
  1
 o 
  1
 Y Y nqihjjkgjgfngljilhmh:rnl Y nqmooooolhhijjnjjnok Y o Y hgqjlfgnillfhhffioif ZGKZQ[Z[@Xn " Y nqihjjkgjgfngljilhmh:rnl Y nqmooooolhhijjnjjnok Y o Y hgqjlfgnillfhhffioif |
  1
<0:;8: {rn rn {rn {no {nn {rn {nm 90-(>-; {h {nl |
  1
<0:;8: {rn rn {rn {nk {f {rn {nj 90-(>-; {h {ni |
  1
<0:;8: {rn rn {rn {f {nk {rn {nh -:):-,:; {h {ng |
  1
:;8: {nf rn {rn {mo o {mn nqmooooolhhijkgghfgk {f {mm 90-(>-; _h *1410(1 |
  1
/<*-): {rn rn {rn o 90-(>-; $ :'/@/>-@<*- 1*=, n 0/:1 m 
  1
 o n nqmooooolhhijjolngif n 
  1
 nqihjjkgjgfngljilhmh:rnl o 
  1
 nqmooooolhhijjnjjnok o 
  1
 o 
  1
 ,/361: 90-(>-; $ -:9 o " Y nqihjjkgjgfngljilhmh:rnl Y nqmooooolhhijjnjjnok Y o Y hgqjlfgnillfhhffioif 
  1
 " o o |
  1
<0:;8: {rn rn {rn {nn {no {rn {ml -:):-,:; {h {mk |
  1
:;8: {mj rn {rn {mn iqfjoiolglijjmjimklj:rnm {mi hgqjlfgnillfhhffioif {no {mh 90-(>-; _h *1410(1 |
  1
/<*-): {rn rn {rn o 90-(>-; $ :'/@/>-@<*- 1*=, n 0/:1 m 
  1
 o n hgqjlfgnillfhhffioif n 
  1
 nqmooooolhhijjnjjnok o 
  1
 nqmooooolhhijjnjjnok hgqjlfgnillfhhffioif 
  1
 o 
  1
 ,/361: 90-(>-; $ -:9 o " Y nqihjjkgjgfngljilhmh:rnl Y nqmooooolhhijjnjjnok Y o Y hgqjlfgnillfhhffioif 
  1
 " o o |
  1
:;8: {mg rn {rn {mo iqhgijfmmmonfliigk:rnm {mf hgqjlfgnillfhhffioif {nn {lo 90-(>-; _h *1410(1 |
  1
/<*-): {rn rn {rn o 90-(>-; $ :'/@/>-@<*- 1*=, n 0/:1 m 
  1
 rhgqjlfgnillfhhffioif n ro n 
  1
 nqihjjkgjgfngljilhmh:rnl hgqjlfgnillfhhffioif 
  1
 nqihjjkgjgfngljilhmh:rnl o 
  1
 o 
  1
 ,/361: 90-(>-; $ -:9 o " Y nqihjjkgjgfngljilhmh:rnl Y nqmooooolhhijjnjjnok Y o Y hgqjlfgnillfhhffioif 
  1
 " o o |
  1
/:-,*=:1+r><>;L036;W6,+0-&r>++-6= {rn rn {rn {rn {nm n nng nooooooooo jnoon |
  1
):-+:' {rn rn {rn {nm o {ln |
  1
):-+:' {rn rn {rn {nm n {lm |
  1
,+->687+r<*-): {rn rn {rn rklhqjoonlfjhofmmgfhl mjmqjoooohkkilhjiinf nqmnjninogmhiglghgjh o o rn V V |
  1
:;8: {ll rn {rn {mf o {mi nqmooooolhhijkfghfok {nk {lk 90-(>-; _h *1410(1 |
  1
/<*-): {rn rn {rn o 90-(>-; $ :'/@/>-@<*- 1*=, n 0/:1 m 
  1
 rnqmooooolhhijjolngif n o n 
  1
 nqmooooolhhijjnjjnok hgqjlfgnillfhhffioif 
  1
 nqihjjkgjgfngljilhmh:rnl hgqjlfgnillfhhffioif 
  1
 o 
  1
 ,/361: 90-(>-; $ -:9 o " Y nqihjjkgjgfngljilhmh:rnl Y nqmooooolhhijjnjjnok Y o Y hgqjlfgnillfhhffioif 
  1
 " o o |
  1
/:-,*=:1+r><>;L036;W6,+0-&r>++-6= {rn rn {rn {rn {nj n nng nooooooooo njnoon |
  1
):-+:' {rn rn {rn {nj n {lj |
  1
61+<*-):r<*-): {rn rn {rn 90-(>-; $ :'><+@61+@<*- mofoo 9*33 1*-=, m 0/:1 m 
  1
 o m hgqjlfgnillfhhffioif m 
  1
 rklhqjoonlfjhofnihjgm mjmqjoooohkkilgfhjf oqonjniohojnnllhlhjnlh n 
  1
 rkghqjoonlfjhofmkiomi mjmqjoooohkkilhnnnkk oqonjniohojnghmligiiij oqhohnoihgnngihhlinkn 
  1
 rkghqjoonlfjhoflmmnfi momqjoooohkkilillglh oqonjniohojnnlklojfkhf n 
  1
 o 
  1
 
  1
 1*33@,*-9><: 
  1
 1*33@,*-9><: 
  1
 1*33=, 
  1
 1*33=, 
  1
 V V 
  1
 o 
  1
 o 
  1
 o 
  1
 
  1
 o Y o Y hgqjlfgnillfhhffioif JQZGKZQ[Z[ JQZGKZQ[Z[ " Y o Y hgqjlfgnillfhhffioif |
  1
/:-,*=:1+r><>;L036;W6,+0-&r>++-6= {rn rn {rn {rn {nh n nng nooooooooo ljnoon |
  1
):-+:' {rn rn {rn {ml o {li |
  1
61+<*-):r<*-): {rn rn {rn 90-(>-; $ :'><+@61+@<*- mofoo 9*33 1*-=, m 0/:1 m 
  1
 o m hgqjlfgnillfhhffioif m 
  1
 rklhqjoonlfjhofnihjgm mjmqjoooohkkilgfhjf nqmnjninogmhiglinmnn n 
  1
 rkghqjoonlfjhofmkkggf mjmqjoooohkkilhnogi nqmnjninogmgkmmmlfoj oqhohnoihgnngihhlhmjm 
  1
 rkghqjoonlfjhoflmmnfi momqjoooohkkilillglh nqmnjninogmhigkngkff n 
  1
 o 
  1
 
  1
 1*33@,*-9><: 
  1
 1*33@,*-9><: 
  1
 1*33=, 
  1
 1*33=, 
  1
 V V 
  1
 o 
  1
 o 
  1
 o 
  1
 
  1
 o Y o Y hgqjlfgnillfhhffioif JQZGKZQ[Z[ JQZGKZQ[Z[ " Y o Y hgqjlfgnillfhhffioif |
  1
/061+ {rn rn {rn rklhqjoonlfjhofmmgfhl mjmqjoooohkkilhjiinf nqmnjninogmhiglghgjh |
  1
/061+ {rn rn {rn rklhqjoonlfjhofmmfjkn mjmqjoooohkkilhjiinf oqonjniohojnnlkffhinif |
  1
/:-,*=:1+r><>;L036;W6,+0-&r>++-6= {rn rn {rn {rn {ml n nng nooooooooo mjnoon |
  1
,+->687+r<*-): {rn rn {rn rkghqjoonlfjhoflmmnfi momqjoooohkkilillglh nqmnjninogmhigkngkff o o rn V V |
  1
/061+ {rn rn {rn rkghqjoonlfjhoflmmnfi momqjoooohkkilillglh oqonjniohojnnlklojfkhf |
  1
/061+ {rn rn {rn rkghqjoonlfjhoflmmnfi momqjoooohkkilillglh nqmnjninogmhigkngkff |
100
AcDbSurface
 71
     6
 72
     6
1001
ACAD_STEPID
1071
      118
1001
ACAD_OBJECT_CHANGE_GUID
1070
     1
1071
-1034301099
1070
  1108
1070
-15290
1070
   180
1070
    84
1070
    34
1070
    88
1070
   140
1070
   139
1070
     3
1070
    94
  0
SURFACE
  5
2237
330
1F
100
AcDbEntity
  8
BASE
 62
     7
160
                 8
310
0800000000000000
100
AcDbModelerGeometry
 70
     1
  1
mnjoo lh m mk          
  1
ni ^ *+0;:,4 ^ *+0\^ [ mo ^ LR mlnqiqmqijjlj QK o  
  1
mjqlfffffffffffffgjg fqfffffffffffffffjkh:roh nqooooooooooooooooli:rno 
  1
>,27:>;:- {rn rn _nl mlnqiqmqijjlj |
  1
=0;& {rn rn {rn {m {rn {l |
  1
3*2/ {rn rn {rn {rn {k {n |
  1
+->1,90-2 {rn rn n o o o n o o o n mgfoqkmngnimimihjhkg likgqkhfgignjiikhnhn rmmmqjnnigijklfglokim n 10@-0+>+: 10@-:93:<+ 10@,7:>- |
  1
,7:33 {rn rn {rn {rn {rn {j {rn {m |
  1
9><: {i rn {rn {rn {h {k {rn {g 90-(>-; ;0*=3: 0*+ |
  1
/:-,*=:1+r><>;L036;W6,+0-&r>++-6= {rn rn {rn {rn {j n nnf nooooooooo noon |
  1
300/ {rn rn {rn {rn {f {j |
  1
,/361:r,*-9><: {rn rn {rn 90-(>-; $ :'><+@,/3@,*- mofoo 9*33 1*-=, n m =0+7 0/:1 0/:1 101: 101: m m 
  1
 rjqigklknggiogogonkgh:rnk n nqmooooolhhijjnonnkh n 
  1
 o m hgqjlfgnillfhhnoflnn m 
  1
 rklhqjoonlfjhoflnmjll rmjmqjooonffkkigmmfll oqonjniohojnnlkghklgmn n 
  1
 rklhqjoonlfjhoflnlnon rmjmqjooonffkkigmlmnh nqmnjninogmhigikjkmf n 
  1
 rkghqjoonlfjhoflkfkgn rmjmqjooonffkkighjmmf oqonjniohokfnonllgglhl oqhohnoihgnngijokmhk 
  1
 rkghqjoonlfjhoflkgfnl rmjmqjooonffkkighjmmf nqmnjninogmjijmfnij oqhohnoihgnngijoknil 
  1
 rkghqjoonlfjhoflgjmfm rmomqjooonffkkiglfnll oqonjniohojnnlkgiffknm n 
  1
 rkghqjoonlfjhoflgjgin rmomqjooonffkkiglfnll nqmnjninogmhigikjkmf n 
  1
 o 
  1
 
  1
 o 
  1
 o 
  1
 o 
  1
 o 
  1
 o 
  1
 o 
  1
 Y Y rjqigklknggiogogonkgh:rnk Y nqmooooolhhijjnonnkh Y o Y hgqjlfgnillfhhnoflnn ZGKZQ[Z[@Xn " Y rjqigklknggiogogonkgh:rnk Y nqmooooolhhijjnonnkh Y o Y hgqjlfgnillfhhnoflnn |
  1
<0:;8: {rn rn {rn {no {nn {rn {nm 90-(>-; {h {nl |
  1
<0:;8: {rn rn {rn {nk {f {rn {nj -:):-,:; {h {ni |
  1
<0:;8: {rn rn {rn {f {nk {rn {nh 90-(>-; {h {ng |
  1
:;8: {nf rn {rn {mo o {mn nqmooooolhhijjnjhff {f {mm 90-(>-; _h *1410(1 |
  1
/<*-): {rn rn {rn o 90-(>-; $ :'/@/>-@<*- 1*=, n 0/:1 m 
  1
 o n nqmooooolhhijjolngif n 
  1
 rjqigklknggiogogonkgh:rnk o 
  1
 nqmooooolhhijjnonnkh o 
  1
 o 
  1
 ,/361: 90-(>-; $ -:9 o " Y rjqigklknggiogogonkgh:rnk Y nqmooooolhhijjnonnkh Y o Y hgqjlfgnillfhhnoflnn 
  1
 " o o |
  1
<0:;8: {rn rn {rn {nn {no {rn {ml -:):-,:; {h {mk |
  1
:;8: {mj rn {rn {mi rhgqjlfgnillfhhnoflnn {mn ro {no {mh 90-(>-; _h *1410(1 |
  1
/<*-): {rn rn {rn o 90-(>-; $ :'/@/>-@<*- 1*=, n 0/:1 m 
  1
 o n hgqjlfgnillfhhnoflnn n 
  1
 nqmooooolhhijjnonnkh o 
  1
 nqmooooolhhijjnonnkh hgqjlfgnillfhhnoflnn 
  1
 o 
  1
 ,/361: 90-(>-; $ -:9 o " Y rjqigklknggiogogonkgh:rnk Y nqmooooolhhijjnonnkh Y o Y hgqjlfgnillfhhnoflnn 
  1
 " o o |
  1
:;8: {mg rn {rn {mf rhgqjlfgnillfhhnoflnn {mo ro {nn {lo 90-(>-; _h *1410(1 |
  1
/<*-): {rn rn {rn o 90-(>-; $ :'/@/>-@<*- 1*=, n 0/:1 m 
  1
 rhgqjlfgnillfhhnoflnn n ro n 
  1
 rjqigklknggiogogonkgh:rnk hgqjlfgnillfhhnoflnn 
  1
 rjqigklknggiogogonkgh:rnk o 
  1
 o 
  1
 ,/361: 90-(>-; $ -:9 o " Y rjqigklknggiogogonkgh:rnk Y nqmooooolhhijjnonnkh Y o Y hgqjlfgnillfhhnoflnn 
  1
 " o o |
  1
/:-,*=:1+r><>;L036;W6,+0-&r>++-6= {rn rn {rn {rn {nm n nnf nooooooooo jnoon |
  1
):-+:' {rn rn {rn {nm o {ln |
  1
):-+:' {rn rn {rn {nm n {lm |
  1
,+->687+r<*-): {rn rn {rn rklhqjoonlfjhoflnmjll rmjmqjooonffkkigmmfll oqonjniohojnnlkghklgmn rjqigklknggiogogonkgh:rnk rmqgkmnhofklokokoohkl:rnk n V V |
  1
:;8: {ll rn {rn {mf o {mi nqmooooolhhijjnjgklk {nk {lk 90-(>-; _h *1410(1 |
  1
/<*-): {rn rn {rn o 90-(>-; $ :'/@/>-@<*- 1*=, n 0/:1 m 
  1
 rnqmooooolhhijjolngif n o n 
  1
 nqmooooolhhijjnonnkh hgqjlfgnillfhhnoflnn 
  1
 rjqigklknggiogogonkgh:rnk hgqjlfgnillfhhnoflnn 
  1
 o 
  1
 ,/361: 90-(>-; $ -:9 o " Y rjqigklknggiogogonkgh:rnk Y nqmooooolhhijjnonnkh Y o Y hgqjlfgnillfhhnoflnn 
  1
 " o o |
  1
/:-,*=:1+r><>;L036;W6,+0-&r>++-6= {rn rn {rn {rn {nj n nnf nooooooooo njnoon |
  1
):-+:' {rn rn {rn {nj o {lj |
  1
61+<*-):r<*-): {rn rn {rn 90-(>-; $ :'><+@61+@<*- mofoo 9*33 1*-=, m 0/:1 m 
  1
 rhgqjlfgnillfhhnoflnn m ro m 
  1
 rkghqjoonlfjhoflgjgin rmomqjooonffkkiglfnll nqmnjninogmhigikjkmf n 
  1
 rkghqjoonlfjhoflkgfnl rmjmqjooonffkkighjmmf nqmnjninogmjijmfnij oqhohnoihgnngijoknil 
  1
 rklhqjoonlfjhoflnlnon rmjmqjooonffkkigmlmnh nqmnjninogmhigikjkmf n 
  1
 o 
  1
 
  1
 1*33@,*-9><: 
  1
 1*33@,*-9><: 
  1
 1*33=, 
  1
 1*33=, 
  1
 V V 
  1
 o 
  1
 o 
  1
 o 
  1
 
  1
 o Y rhgqjlfgnillfhhnoflnn Y ro JQZGKZQ[Z[ JQZGKZQ[Z[ " Y rhgqjlfgnillfhhnoflnn Y ro |
  1
/:-,*=:1+r><>;L036;W6,+0-&r>++-6= {rn rn {rn {rn {nh n nnf nooooooooo ljnoon |
  1
):-+:' {rn rn {rn {ml o {li |
  1
61+<*-):r<*-): {rn rn {rn 90-(>-; $ :'><+@61+@<*- mofoo 9*33 1*-=, m 0/:1 m 
  1
 rhgqjlfgnillfhhnoflnn m ro m 
  1
 rkghqjoonlfjhoflgjmfm rmomqjooonffkkiglfnll oqonjniohojnnlkgiffknm n 
  1
 rkghqjoonlfjhoflkfkgn rmjmqjooonffkkighjmmf oqonjniohokfnonllgglhl oqhohnoihgnngijokmhk 
  1
 rklhqjoonlfjhoflnmjll rmjmqjooonffkkigmmfll oqonjniohojnnlkghklgmn n 
  1
 o 
  1
 
  1
 1*33@,*-9><: 
  1
 1*33@,*-9><: 
  1
 1*33=, 
  1
 1*33=, 
  1
 V V 
  1
 o 
  1
 o 
  1
 o 
  1
 
  1
 o Y rhgqjlfgnillfhhnoflnn Y ro JQZGKZQ[Z[ JQZGKZQ[Z[ " Y rhgqjlfgnillfhhnoflnn Y ro |
  1
/061+ {rn rn {rn rklhqjoonlfjhoflnmjll rmjmqjooonffkkigmmfll oqonjniohojnnlkghklgmn |
  1
/061+ {rn rn {rn rklhqjoonlfjhoflnlnon rmjmqjooonffkkigmlmnh nqmnjninogmhigikjkmf |
  1
/:-,*=:1+r><>;L036;W6,+0-&r>++-6= {rn rn {rn {rn {ml n nnf nooooooooo mjnoon |
  1
,+->687+r<*-): {rn rn {rn rkghqjoonlfjhoflgjmfm rmomqjooonffkkiglfnll oqonjniohojnnlkgiffknm rjqigklknggiogogonkgh:rnk o n V V |
  1
/061+ {rn rn {rn rkghqjoonlfjhoflgjgin rmomqjooonffkkiglfnll nqmnjninogmhigikjkmf |
  1
/061+ {rn rn {rn rkghqjoonlfjhoflgjmfm rmomqjooonffkkiglfnll oqonjniohojnnlkgiffknm |
100
AcDbSurface
 71
     6
 72
     6
1001
ACAD_STEPID
1071
      119
1001
ACAD_OBJECT_CHANGE_GUID
1070
     1
1071
2101272587
1070
  5674
1070
-19128
1070
   162
1070
   196
1070
   112
1070
   213
1070
     8
1070
   103
1070
   243
1070
     3
  0
REGION
  5
2238
330
1F
100
AcDbEntity
  8
BASE
 62
     7
100
AcDbModelerGeometry
 70
     1
  1
mnjoo lm m mk          
  1
ni ^ *+0;:,4 ^ *+0\^ [ mo ^ LR mlnqiqmqijjlj QK o  
  1
mjqlfffffffffffffgjg fqfffffffffffffffjkh:roh nqooooooooooooooooli:rno 
  1
>,27:>;:- {rn rn _nl mlnqiqmqijjlj |
  1
=0;& {rn rn {rn {m {rn {l |
  1
3*2/ {rn rn {rn {rn {k {n |
  1
+->1,90-2 {rn rn n o o o n o o o n mgfoqkmngnimimihjhkg likgqkhfgignjiikhnhn rmmmqjnnigijklfglokim n 10@-0+>+: 10@-:93:<+ 10@,7:>- |
  1
,7:33 {rn rn {rn {rn {rn {j {rn {m |
  1
9><: {rn rn {rn {rn {i {k {rn {h 90-(>-; ;0*=3: 0*+ |
  1
300/ {rn rn {rn {rn {g {j |
  1
/3>1:r,*-9><: {rn rn {rn klgqkfffgfmomnlnfgjm mjmqjoooohkkilhjiinf roqfgkglfmfkggijmgii o n ro rn o o 90-(>-;@) V V V V |
  1
<0:;8: {rn rn {rn {f {no {rn {nn 90-(>-; {i {nm |
  1
<0:;8: {rn rn {rn {nl {g {rn {nk -:):-,:; {i {nj |
  1
<0:;8: {rn rn {rn {g {nl {rn {ni -:):-,:; {i {nh |
  1
:;8: {rn rn {rn {ng rkqioklnifmhhmjkkfmok:rnm {nf ghjqooonmghhlojgnmmj {g {mo 90-(>-; _h *1410(1 |
  1
/<*-): {rn rn {rn o 90-(>-; $ :'/@/>-@<*- 1*=, n 0/:1 m 
  1
 kfqffffffffffffhjgkm n fmjqooonmghhlojgkili n 
  1
 rklhqjoooiklgijlmfglj roqiooooongggmhkmfihom 
  1
 klhqjoooiklgijmjogmm roqiooooongggmhjklljh 
  1
 o 
  1
 /3>1: klgqkfffgfmomnlnfgjm mjmqjoooohkkilhjiinf roqfgkglfmfkggijmgii o n ro rn o o 90-(>-;@) V V V V 
  1
 " o o |
  1
<0:;8: {rn rn {rn {no {f {rn {mn -:):-,:; {i {mm |
  1
:;8: {rn rn {rn {ml o {nf nqmooooolhhijkgghfgk {f {mk 90-(>-; _h *1410(1 |
  1
/<*-): {rn rn {rn o 90-(>-; $ :'/@/>-@<*- 1*=, n 0/:1 m 
  1
 rnqmooooolhhijjolngif n ro n 
  1
 klhqjoooiklgijmjogmm roqiooooongggmhjklljh 
  1
 klhqjoooiklgijmjogmm oqiooooongggmhkonkhoj 
  1
 o 
  1
 /3>1: klgqkfffgfmomnlnfgjm mjmqjoooohkkilhjiinf roqfgkglfmfkggijmgii o n ro rn o o 90-(>-;@) V V V V 
  1
 " o o |
  1
:;8: {rn rn {rn {ng o {mj nqmooooolhhijkfghki {no {mi 90-(>-; _h *1410(1 |
  1
/<*-): {rn rn {rn o 90-(>-; $ :'/@/>-@<*- 1*=, n 0/:1 m 
  1
 rnqmooooolhhijjolngif n ro n 
  1
 rklhqjoooiklgijlmfglj oqiooooongggmhjlikhli 
  1
 rklhqjoooiklgijlmfglj roqiooooongggmhkmfihom 
  1
 o 
  1
 /3>1: klgqkfffgfmomnlnfgjm mjmqjoooohkkilhjiinf roqfgkglfmfkggijmgii o n ro rn o o 90-(>-;@) V V V V 
  1
 " o o |
  1
):-+:' {rn rn {rn {nn o {mh |
  1
):-+:' {rn rn {rn {nn n {mg |
  1
,+->687+r<*-): {rn rn {rn klhqkfffgfmomnljnigk mjmqjoooohkkilhjiinf oqonjniohojnnlkffhinif rn o o V V |
  1
:;8: {rn rn {rn {mj rkqjkhkhljoggikiknnf:rnm {ml ghjqooonmghhlojgnmmj {nl {mf 90-(>-; _h *1410(1 |
  1
/<*-): {rn rn {rn o 90-(>-; $ :'/@/>-@<*- 1*=, n 0/:1 m 
  1
 rfmjqooonmghhlojfolm n rkfqffffffffffffhgigk n 
  1
 klhqjoooiklgijmjogmm oqiooooongggmhkonkhoj 
  1
 rklhqjoooiklgijlmfglj oqiooooongggmhjlikhli 
  1
 o 
  1
 /3>1: klgqkfffgfmomnlnfgjm mjmqjoooohkkilhjiinf roqfgkglfmfkggijmgii o n ro rn o o 90-(>-;@) V V V V 
  1
 " o o |
  1
):-+:' {rn rn {rn {nk o {lo |
  1
,+->687+r<*-): {rn rn {rn rklhqjoonlfjhofmmgfhl mjmqjoooohkkilhjiinf nqmnjninogmhiglghgjh o o rn V V |
  1
):-+:' {rn rn {rn {mn o {ln |
  1
,+->687+r<*-): {rn rn {rn klhqkfffgfmomnlfhhmh mjmqjoooohkkilgfhjf oqonjniohojnnljkkmgnil rjqigklknggiogogonkgh:rnk o n V V |
  1
/061+ {rn rn {rn klhqkfffgfmomnlfhhmh mjmqjoooohkkilgfhjf oqonjniohojnnljkkmgnil |
  1
/061+ {rn rn {rn rklhqjoonlfjhofmmfjkn mjmqjoooohkkilhjiinf oqonjniohojnnlkffhinif |
  1
,+->687+r<*-): {rn rn {rn klhqkfffgfmomnljnigk mjmqjoooohkkilhjiinf nqmnjninogmhigkjjljg rn o o V V |
  1
/061+ {rn rn {rn rklhqjoonlfjhofmmgfhl mjmqjoooohkkilhjiinf nqmnjninogmhiglghgjh |
  1
/061+ {rn rn {rn klhqkfffgfmomnlfhnjf mjmqjoooohkkilgfhjf nqmnjninogmhigjlnhkm |
1001
ACAD_OBJECT_CHANGE_GUID
1070
     1
1071
1281187674
1070
 13433
1070
  8779
1070
   148
1070
   120
1070
   237
1070
   104
1070
    85
1070
    75
1070
   218
1070
    57
  0
SURFACE
  5
2239
330
1F
100
AcDbEntity
  8
BASE
 62
     7
160
                 8
310
0800000000000000
100
AcDbModelerGeometry
 70
     1
  1
mnjoo lh m mk          
  1
ni ^ *+0;:,4 ^ *+0\^ [ mo ^ LR mlnqiqmqijjlj QK o  
  1
mjqlfffffffffffffgjg fqfffffffffffffffjkh:roh nqooooooooooooooooli:rno 
  1
>,27:>;:- {rn rn _nl mlnqiqmqijjlj |
  1
=0;& {rn rn {rn {m {rn {l |
  1
3*2/ {rn rn {rn {rn {k {n |
  1
+->1,90-2 {rn rn n o o o n o o o n mgfoqkmngnimimihjhkg likgqkhfgignjiikhnhn rmmmqjnnigijklfglokim n 10@-0+>+: 10@-:93:<+ 10@,7:>- |
  1
,7:33 {rn rn {rn {rn {rn {j {rn {m |
  1
9><: {i rn {rn {rn {h {k {rn {g 90-(>-; ;0*=3: 0*+ |
  1
/:-,*=:1+r><>;L036;W6,+0-&r>++-6= {rn rn {rn {rn {j n nmo nooooooooo noon |
  1
300/ {rn rn {rn {rn {f {j |
  1
,/361:r,*-9><: {rn rn {rn 90-(>-; $ :'><+@,/3@,*- mofoo 9*33 1*-=, n m =0+7 0/:1 0/:1 101: 101: m m 
  1
 jqigklknggiogogonkgh:rnk n nqmooooolhhijjokklok n 
  1
 o m hgqjlfgnillfhfgnflmn m 
  1
 klhqkfffgfmomnlfhhmh mjmqjoooohkkilgfhjf oqonjniohojnnljkkmgnil n 
  1
 klhqkfffgfmomnlfhnjf mjmqjoooohkkilgfhjf nqmnjninogmhigjlnhkm n 
  1
 kghqkfffgfmomnljkjmi mjmqjoooohkkilhgmkgm oqonjniohokfghlonjnlij oqhohnoihgnngiijlkgg 
  1
 kghqkfffgfmomnljkjmi mjmqjoooohkkilhgmhih nqmnjninogmikmmgghmi oqhohnoihgnngiijllhh 
  1
 kghqkfffgfmomnlnjlok momqjoooohkkilgmjnnj oqonjniohojnnlioofol n 
  1
 kghqkfffgfmomnlnjlok momqjoooohkkilgmkgln nqmnjninogmhigjggjgj n 
  1
 o 
  1
 
  1
 o 
  1
 o 
  1
 o 
  1
 o 
  1
 o 
  1
 o 
  1
 Y Y jqigklknggiogogonkgh:rnk Y nqmooooolhhijjokklok Y o Y hgqjlfgnillfhfgnflmn ZGKZQ[Z[@Xn " Y jqigklknggiogogonkgh:rnk Y nqmooooolhhijjokklok Y o Y hgqjlfgnillfhfgnflmn |
  1
<0:;8: {rn rn {rn {no {nn {rn {nm 90-(>-; {h {nl |
  1
<0:;8: {rn rn {rn {nk {f {rn {nj -:):-,:; {h {ni |
  1
<0:;8: {rn rn {rn {f {nk {rn {nh 90-(>-; {h {ng |
  1
:;8: {nf rn {rn {mo o {mn nqmooooolhhijkfghki {f {mm 90-(>-; _h *1410(1 |
  1
/<*-): {rn rn {rn o 90-(>-; $ :'/@/>-@<*- 1*=, n 0/:1 m 
  1
 o n nqmooooolhhijjolngif n 
  1
 jqigklknggiogogonkgh:rnk o 
  1
 nqmooooolhhijjokklok o 
  1
 o 
  1
 ,/361: 90-(>-; $ -:9 o " Y jqigklknggiogogonkgh:rnk Y nqmooooolhhijjokklok Y o Y hgqjlfgnillfhfgnflmn 
  1
 " o o |
  1
<0:;8: {rn rn {rn {nn {no {rn {ml -:):-,:; {h {mk |
  1
:;8: {mj rn {rn {mi rhgqjlfgnillfhfgnflmn {mn ro {no {mh 90-(>-; _h *1410(1 |
  1
/<*-): {rn rn {rn o 90-(>-; $ :'/@/>-@<*- 1*=, n 0/:1 m 
  1
 o n hgqjlfgnillfhfgnflmn n 
  1
 nqmooooolhhijjokklok o 
  1
 nqmooooolhhijjokklok hgqjlfgnillfhfgnflmn 
  1
 o 
  1
 ,/361: 90-(>-; $ -:9 o " Y jqigklknggiogogonkgh:rnk Y nqmooooolhhijjokklok Y o Y hgqjlfgnillfhfgnflmn 
  1
 " o o |
  1
:;8: {mg rn {rn {mf rhgqjlfgnillfhfgnflmn {mo ro {nn {lo 90-(>-; _h *1410(1 |
  1
/<*-): {rn rn {rn o 90-(>-; $ :'/@/>-@<*- 1*=, n 0/:1 m 
  1
 rhgqjlfgnillfhfgnflmn n ro n 
  1
 jqigklknggiogogonkgh:rnk hgqjlfgnillfhfgnflmn 
  1
 jqigklknggiogogonkgh:rnk o 
  1
 o 
  1
 ,/361: 90-(>-; $ -:9 o " Y jqigklknggiogogonkgh:rnk Y nqmooooolhhijjokklok Y o Y hgqjlfgnillfhfgnflmn 
  1
 " o o |
  1
/:-,*=:1+r><>;L036;W6,+0-&r>++-6= {rn rn {rn {rn {nm n nmo nooooooooo jnoon |
  1
):-+:' {rn rn {rn {nm o {ln |
  1
):-+:' {rn rn {rn {nm n {lm |
  1
,+->687+r<*-): {rn rn {rn klhqkfffgfmomnlfhhmh mjmqjoooohkkilgfhjf oqonjniohojnnljkkmgnil rjqigklknggiogogonkgh:rnk o n V V |
  1
:;8: {ll rn {rn {mf rmqnjlglmiihhhmgoligg:rnk {mi nqmooooolhhijjojgjnk {nk {lk 90-(>-; _h *1410(1 |
  1
/<*-): {rn rn {rn o 90-(>-; $ :'/@/>-@<*- 1*=, n 0/:1 m 
  1
 rnqmooooolhhijjolngif n o n 
  1
 nqmooooolhhijjokklok hgqjlfgnillfhfgnflmn 
  1
 jqigklknggiogogonkgh:rnk hgqjlfgnillfhfgnflmn 
  1
 o 
  1
 ,/361: 90-(>-; $ -:9 o " Y jqigklknggiogogonkgh:rnk Y nqmooooolhhijjokklok Y o Y hgqjlfgnillfhfgnflmn 
  1
 " o o |
  1
/:-,*=:1+r><>;L036;W6,+0-&r>++-6= {rn rn {rn {rn {nj n nmo nooooooooo njnoon |
  1
):-+:' {rn rn {rn {nj o {lj |
  1
61+<*-):r<*-): {rn rn {rn 90-(>-; $ :'><+@61+@<*- mofoo 9*33 1*-=, m 0/:1 m 
  1
 rhgqjlfgnillfhfgnflmn m ro m 
  1
 kghqkfffgfmomnlnjlok momqjoooohkkilgmkgln nqmnjninogmhigjggjgj n 
  1
 kghqkfffgfmomnljkjmi mjmqjoooohkkilhgmhih nqmnjninogmikmmgghmi oqhohnoihgnngiijllhh 
  1
 klhqkfffgfmomnlfhnjf mjmqjoooohkkilgfhjf nqmnjninogmhigjlnhkm n 
  1
 o 
  1
 
  1
 1*33@,*-9><: 
  1
 1*33@,*-9><: 
  1
 1*33=, 
  1
 1*33=, 
  1
 V V 
  1
 o 
  1
 o 
  1
 o 
  1
 
  1
 o Y rhgqjlfgnillfhfgnflmn Y ro JQZGKZQ[Z[ JQZGKZQ[Z[ " Y rhgqjlfgnillfhfgnflmn Y ro |
  1
/:-,*=:1+r><>;L036;W6,+0-&r>++-6= {rn rn {rn {rn {nh n nmo nooooooooo ljnoon |
  1
):-+:' {rn rn {rn {ml o {li |
  1
61+<*-):r<*-): {rn rn {rn 90-(>-; $ :'><+@61+@<*- mofoo 9*33 1*-=, m 0/:1 m 
  1
 rhgqjlfgnillfhfgnflmn m ro m 
  1
 kghqkfffgfmomnlnjlok momqjoooohkkilgmjnnj oqonjniohojnnlioofol n 
  1
 kghqkfffgfmomnljkjmi mjmqjoooohkkilhgmkgm oqonjniohokfghlonjnlij oqhohnoihgnngiijlkgg 
  1
 klhqkfffgfmomnlfhhmh mjmqjoooohkkilgfhjf oqonjniohojnnljkkmgnil n 
  1
 o 
  1
 
  1
 1*33@,*-9><: 
  1
 1*33@,*-9><: 
  1
 1*33=, 
  1
 1*33=, 
  1
 V V 
  1
 o 
  1
 o 
  1
 o 
  1
 
  1
 o Y rhgqjlfgnillfhfgnflmn Y ro JQZGKZQ[Z[ JQZGKZQ[Z[ " Y rhgqjlfgnillfhfgnflmn Y ro |
  1
/061+ {rn rn {rn klhqkfffgfmomnlfhhmh mjmqjoooohkkilgfhjf oqonjniohojnnljkkmgnil |
  1
/061+ {rn rn {rn klhqkfffgfmomnlfhnjf mjmqjoooohkkilgfhjf nqmnjninogmhigjlnhkm |
  1
/:-,*=:1+r><>;L036;W6,+0-&r>++-6= {rn rn {rn {rn {ml n nmo nooooooooo mjnoon |
  1
,+->687+r<*-): {rn rn {rn kghqkfffgfmomnlnjlok momqjoooohkkilhgjok oqonjniohojnnlkgfggoh jqigklknggiogogonkgh:rnk o n V V |
  1
/061+ {rn rn {rn kghqkfffgfmomnlnjghl momqjoooohkkilhgjok nqmnjninogmhigjkglfj |
  1
/061+ {rn rn {rn kghqkfffgfmomnlnjlok momqjoooohkkilhglinf oqonjniohojnnlkiglkmlg |
100
AcDbSurface
 71
     6
 72
     6
1001
ACAD_STEPID
1071
      120
1001
ACAD_OBJECT_CHANGE_GUID
1070
     1
1071
1806879834
1070
-20138
1070
 -7356
1070
   183
1070
    22
1070
   122
1070
   162
1070
    65
1070
   196
1070
   146
1070
   130
  0
REGION
  5
223A
330
1F
100
AcDbEntity
  8
BASE
 62
     7
100
AcDbModelerGeometry
 70
     1
  1
mnjoo lm m mk          
  1
ni ^ *+0;:,4 ^ *+0\^ [ mo ^ LR mlnqiqmqijjlj QK o  
  1
mjqlfffffffffffffgjg fqfffffffffffffffjkh:roh nqooooooooooooooooli:rno 
  1
>,27:>;:- {rn rn _nl mlnqiqmqijjlj |
  1
=0;& {rn rn {rn {m {rn {l |
  1
3*2/ {rn rn {rn {rn {k {n |
  1
+->1,90-2 {rn rn n o o o n o o o n mgfoqkmngnimimihjhkg likgqkhfgignjiikhnhn rmmmqjnnigijklfglokim n 10@-0+>+: 10@-:93:<+ 10@,7:>- |
  1
,7:33 {rn rn {rn {rn {rn {j {rn {m |
  1
9><: {rn rn {rn {rn {i {k {rn {h 90-(>-; ;0*=3: 0*+ |
  1
300/ {rn rn {rn {rn {g {j |
  1
/3>1:r,*-9><: {rn rn {rn kghqkfffgfmomnlnjlok rmolqjooonffkkigolgf roqfgkglfmfkggijmgii n o o o n o 90-(>-;@) V V V V |
  1
<0:;8: {rn rn {rn {f {no {rn {nn 90-(>-; {i {nm |
  1
<0:;8: {rn rn {rn {nl {g {rn {nk 90-(>-; {i {nj |
  1
<0:;8: {rn rn {rn {g {nl {rn {ni -:):-,:; {i {nh |
  1
:;8: {rn rn {rn {ng fqofkfkhonhhmfmgmlhf:rnl {nf kojqoooomhlfnojhhjim {g {mo 90-(>-; _h *1410(1 |
  1
/<*-): {rn rn {rn o 90-(>-; $ :'/@/>-@<*- 1*=, n 0/:1 m 
  1
 kfqffffffffffffijngl n kjjqoooomhlfnojjhofg n 
  1
 rmomqjooonlifjjmigggi roqiooooongggmhjlfgokl 
  1
 momqjooonlifjjlogihi roqiooooongggmhkfimgli 
  1
 o 
  1
 /3>1: kghqkfffgfmomnlnjlok rmolqjooonffkkigolgf roqfgkglfmfkggijmgii n o o o n o 90-(>-;@) V V V V 
  1
 " o o |
  1
<0:;8: {rn rn {rn {no {f {rn {mn -:):-,:; {i {mm |
  1
:;8: {rn rn {rn {nf rmqnjlglmiihhhmgoligg:rnk {ml nqmooooolhhijjojgjnk {f {mk 90-(>-; _h *1410(1 |
  1
/<*-): {rn rn {rn o 90-(>-; $ :'/@/>-@<*- 1*=, n 0/:1 m 
  1
 o n nqmooooolhhijjolngif n 
  1
 momqjooonlifjjlogihi roqiooooongggmhkfimgli 
  1
 momqjooonlifjjlnofj oqiooooongggmhjimmlog 
  1
 o 
  1
 /3>1: kghqkfffgfmomnlnjlok rmolqjooonffkkigolgf roqfgkglfmfkggijmgii n o o o n o 90-(>-;@) V V V V 
  1
 " o o |
  1
:;8: {rn rn {rn {ng o {mj nqmooooolhhijkfghfok {no {mi 90-(>-; _h *1410(1 |
  1
/<*-): {rn rn {rn o 90-(>-; $ :'/@/>-@<*- 1*=, n 0/:1 m 
  1
 rnqmooooolhhijjoloofl n nqhhiljiglfkoomjokij:rnj n 
  1
 rmomqjooonlifjjmifnh oqiooooongggmhjikgfjk 
  1
 rmomqjooonlifjjmigggi roqiooooongggmhjlfgokl 
  1
 o 
  1
 /3>1: kghqkfffgfmomnlnjlok rmolqjooonffkkigolgf roqfgkglfmfkggijmgii n o o o n o 90-(>-;@) V V V V 
  1
 " o o |
  1
):-+:' {rn rn {rn {nn o {mh |
  1
):-+:' {rn rn {rn {nn n {mg |
  1
,+->687+r<*-): {rn rn {rn kghqkfffgfmomnlnjlok rmomqjooonffkkihflijg oqonjniohojnnlkiglkmlg o n o V V |
  1
:;8: {rn rn {rn {mj fqofkfkhonhhmfmgmlhf:rnl {ml kojqoooomhlfnojhgiff {nl {mf 90-(>-; _h *1410(1 |
  1
/<*-): {rn rn {rn o 90-(>-; $ :'/@/>-@<*- 1*=, n 0/:1 m 
  1
 rkjjqoooomhlfnojiniki n rkfqffffffffffffjfkff n 
  1
 momqjooonlifjjlnofj oqiooooongggmhjimmlog 
  1
 rmomqjooonlifjjmifnh oqiooooongggmhjikgfjk 
  1
 o 
  1
 /3>1: kghqkfffgfmomnlnjlok rmolqjooonffkkigolgf roqfgkglfmfkggijmgii n o o o n o 90-(>-;@) V V V V 
  1
 " o o |
  1
):-+:' {rn rn {rn {nk n {lo |
  1
,+->687+r<*-): {rn rn {rn kghqkfffgfmomnlnjlok momqjoooohkkilhgjok oqonjniohojnnlkgfggoh jqigklknggiogogonkgh:rnk o n V V |
  1
):-+:' {rn rn {rn {mn o {ln |
  1
,+->687+r<*-): {rn rn {rn kghqkfffgfmomnmklnnl rmomqjooonffkkihgkjil oqonjniohojnnliooigofi o o n V V |
  1
/061+ {rn rn {rn kghqkfffgfmomnmklnnl rmomqjooonffkkihgkjil oqonjniohojnnliooigofi |
  1
/061+ {rn rn {rn kghqkfffgfmomnlnjlok momqjoooohkkilhglinf oqonjniohojnnlkiglkmlg |
  1
,+->687+r<*-): {rn rn {rn kghqkfffgfmomnlnjlok rmomqjooonffkkihflijg nqmnjninogmhigjkffkf o n o V V |
  1
/061+ {rn rn {rn kghqkfffgfmomnlnjghl momqjoooohkkilhgjok nqmnjninogmhigjkglfj |
  1
/061+ {rn rn {rn kghqkfffgfmomnmklnnl rmomqjooonffkkihgkjil nqmnjninogmhigjggjgj |
1001
ACAD_OBJECT_CHANGE_GUID
1070
     1
1071
1690966927
1070
 27903
1070
    64
1070
   164
1070
    76
1070
   215
1070
   114
1070
   183
1070
    68
1070
   193
1070
    12
  0
REGION
  5
223B
330
1F
100
AcDbEntity
  8
BASE
 62
     7
100
AcDbModelerGeometry
 70
     1
  1
mnjoo lm m mk          
  1
ni ^ *+0;:,4 ^ *+0\^ [ mo ^ LR mlnqiqmqijjlj QK o  
  1
mjqlfffffffffffffgjg fqfffffffffffffffjkh:roh nqooooooooooooooooli:rno 
  1
>,27:>;:- {rn rn _nl mlnqiqmqijjlj |
  1
=0;& {rn rn {rn {m {rn {l |
  1
3*2/ {rn rn {rn {rn {k {n |
  1
+->1,90-2 {rn rn n o o o n o o o n mgfoqkmngnimimihjhkg likgqkhfgignjiikhnhn rmmmqjnnigijklfglokim n 10@-0+>+: 10@-:93:<+ 10@,7:>- |
  1
,7:33 {rn rn {rn {rn {rn {j {rn {m |
  1
9><: {rn rn {rn {rn {i {k {rn {h 90-(>-; ;0*=3: 0*+ |
  1
300/ {rn rn {rn {rn {g {j |
  1
/3>1:r,*-9><: {rn rn {rn rllqjgfoliimgjifomimg rnmhqojhkhghmllognhfl rnkqkffoonfomoikolhkf n o o o n o 90-(>-;@) V V V V |
  1
<0:;8: {rn rn {rn {f {no {rn {nn 90-(>-; {i {nm |
  1
<0:;8: {rn rn {rn {nl {g {rn {nk -:):-,:; {i {nj |
  1
<0:;8: {rn rn {rn {g {nl {rn {ni 90-(>-; {i {nh |
  1
:;8: {rn rn {rn {ng o {nf mjmqngjmgmogmffffkhl {g {mo 90-(>-; _h *1410(1 |
  1
/<*-): {rn rn {rn o 90-(>-; $ :'/@/>-@<*- 1*=, n 0/:1 m 
  1
 rlnjqhoknlfnfjofhjgmm n rilqjnggjhnnmofhifnh n 
  1
 nmiqofmiknoknkfffghf nqojlnhhmfhjfkfolnfj 
  1
 rnmiqofmiknoknkfffjfk nqojlnhhmfhjfkfokfhn 
  1
 o 
  1
 /3>1: rllqjgfoliimgjifomimg rnmhqojhkhghmllognhfl rnkqkffoonfomoikolhkf n o o o n o 90-(>-;@) V V V V 
  1
 " o o |
  1
<0:;8: {rn rn {rn {no {f {rn {mn 90-(>-; {i {mm |
  1
:;8: {rn rn {rn {ml nqhhiljiglfkoomjokij:rnj {nf mqnoiljkjfjngfgnhokh {f {mk 90-(>-; _h *1410(1 |
  1
/<*-): {rn rn {rn o 90-(>-; $ :'/@/>-@<*- 1*=, n 0/:1 m 
  1
 rmqnoiljkjfjngfgnlkfk n ro n 
  1
 rnmiqofmiknoknkfffjfk nqojlnhhmfhjfkfokfhn 
  1
 rnmiqofmiknoknkfffjfk rnqojlnhhmfhjfkfogjmk 
  1
 o 
  1
 /3>1: rllqjgfoliimgjifomimg rnmhqojhkhghmllognhfl rnkqkffoonfomoikolhkf n o o o n o 90-(>-;@) V V V V 
  1
 " o o |
  1
:;8: {rn rn {rn {mj o {ng mqnoiljkjfjngfgnhokh {no {mi 90-(>-; _h *1410(1 |
  1
/<*-): {rn rn {rn o 90-(>-; $ :'/@/>-@<*- 1*=, n 0/:1 m 
  1
 o n mqnoiljkjfjngfgnlkfk n 
  1
 nmiqofmiknoknkfffjfk rnqojlnhhmfhjfkfogjmk 
  1
 nmiqofmiknoknkfffghf nqojlnhhmfhjfkfolnfj 
  1
 o 
  1
 /3>1: rllqjgfoliimgjifomimg rnmhqojhkhghmllognhfl rnkqkffoonfomoikolhkf n o o o n o 90-(>-;@) V V V V 
  1
 " o o |
  1
):-+:' {rn rn {rn {nn o {mh |
  1
):-+:' {rn rn {rn {nn n {mg |
  1
,+->687+r<*-): {rn rn {rn rllqjgfoliimgjifolllg nmiqnmhgolljfifnhig rnnqlfmikhloighkmmokj o rn o V V |
  1
:;8: {rn rn {rn {ml iqlfkggkimngkofonihl:rnl {mj mjmqngjmgmogmfffgfoj {nl {mf 90-(>-; _h *1410(1 |
  1
/<*-): {rn rn {rn o 90-(>-; $ :'/@/>-@<*- 1*=, n 0/:1 m 
  1
 ilqjnggjhnnmofhifnh n lnjqhoknlfnfjofhjgmm n 
  1
 rnmiqofmiknoknkfffjfk rnqojlnhhmfhjfkfogjmk 
  1
 nmiqofmiknoknkfffjfk rnqojlnhhmfhjfkfogjmk 
  1
 o 
  1
 /3>1: rllqjgfoliimgjifomimg rnmhqojhkhghmllognhfl rnkqkffoonfomoikolhkf n o o o n o 90-(>-;@) V V V V 
  1
 " o o |
  1
):-+:' {rn rn {rn {nk o {lo |
  1
,+->687+r<*-): {rn rn {rn rllqjgfoliimgjifokokf rnmiqojhkhghmllohjlfg rnlqkffoonfomoikolfmh o o n V V |
  1
):-+:' {rn rn {rn {mn n {ln |
  1
,+->687+r<*-): {rn rn {rn rllqjgfoliimgjifolllg nmiqnmhgolljfifnhig rnlqkffoonfomoikolhkf o o n V V |
  1
/061+ {rn rn {rn rllqjgfoliimgjifolllg nmiqnmhgolljfifnhig rnnqlfmikhloighkmmokj |
  1
/061+ {rn rn {rn rllqjgfoliimgjifolllg rnmiqojhkhghmllognhfl rnnqlfmikhloighkmmmmm |
  1
,+->687+r<*-): {rn rn {rn rllqjgfoliimgjifomimg rnmiqojhkhghmllognlii rnlqkffoonfomoikolhkf o n o V V |
  1
/061+ {rn rn {rn rllqjgfoliimgjifolllg rnmiqojhkhghmllohkfhn rnlqkffoonfomoikolhkf |
  1
/061+ {rn rn {rn rllqjgfoliimgjifolllg nmiqnmhgolljfifnhig rnlqkffoonfomoikolhkf |
1001
ACAD_OBJECT_CHANGE_GUID
1070
     1
1071
513084429
1070
 24005
1070
  5451
1070
   144
1070
   232
1070
   243
1070
    75
1070
     1
1070
   153
1070
   128
1070
    65
  0
REGION
  5
223C
330
1F
100
AcDbEntity
  8
BASE
 62
     7
100
AcDbModelerGeometry
 70
     1
  1
mnjoo lm m mk          
  1
ni ^ *+0;:,4 ^ *+0\^ [ mo ^ LR mlnqiqmqijjlj QK o  
  1
mjqlfffffffffffffgjg fqfffffffffffffffjkh:roh nqooooooooooooooooli:rno 
  1
>,27:>;:- {rn rn _nl mlnqiqmqijjlj |
  1
=0;& {rn rn {rn {m {rn {l |
  1
3*2/ {rn rn {rn {rn {k {n |
  1
+->1,90-2 {rn rn n o o o n o o o n mgfoqkmngnimimihjhkg likgqkhfgignjiikhnhn rmmmqjnnigijklfglokim n 10@-0+>+: 10@-:93:<+ 10@,7:>- |
  1
,7:33 {rn rn {rn {rn {rn {j {rn {m |
  1
9><: {rn rn {rn {rn {i {k {rn {h 90-(>-; ;0*=3: 0*+ |
  1
300/ {rn rn {rn {rn {g {j |
  1
/3>1:r,*-9><: {rn rn {rn rnohqjjnjiohkolnfjhl rmonqolmjilfjimgflhfg rnkqkffoonfomoikolhkf o rn o o o n 90-(>-;@) V V V V |
  1
<0:;8: {rn rn {rn {f {no {rn {nn -:):-,:; {i {nm |
  1
<0:;8: {rn rn {rn {nl {g {rn {nk -:):-,:; {i {nj |
  1
<0:;8: {rn rn {rn {g {nl {rn {ni -:):-,:; {i {nh |
  1
:;8: {rn rn {rn {ng o {nf mqnoiljkjfjngfgnhokh {g {mo 90-(>-; _h *1410(1 |
  1
/<*-): {rn rn {rn o 90-(>-; $ :'/@/>-@<*- 1*=, n 0/:1 m 
  1
 rmqnoiljkjfjngfgnlkfk n ro n 
  1
 nqojlnhhmfhjfkfolnfj nmiqnijmlnngfoghmjnn 
  1
 rnqojlnhhmfhjfkfnol nmiqnijmlnngfoghmjnn 
  1
 o 
  1
 /3>1: rnohqjjnjiohkolnfjhl rmonqolmjilfjimgflhfg rnkqkffoonfomoikolhkf o rn o o o n 90-(>-;@) V V V V 
  1
 " o o |
  1
<0:;8: {rn rn {rn {no {f {rn {mn 90-(>-; {i {mm |
  1
:;8: {rn rn {rn {ml riqjlifflnigffmfmnhn:rnl {ng mjmqllokimlhgnhkjjf {f {mk 90-(>-; _h *1410(1 |
  1
/<*-): {rn rn {rn o 90-(>-; $ :'/@/>-@<*- 1*=, n 0/:1 m 
  1
 rlglqnigjgggmkgjjohgm n rnloqglgnmikkiigoilmf n 
  1
 rnqojlnhhmfhjfkfnol nmiqnijmlnngfoghmjnn 
  1
 rnqojlnhhmfhjfkfnol rnmiqnijmlnngfoghmhfj 
  1
 o 
  1
 /3>1: rnohqjjnjiohkolnfjhl rmonqolmjilfjimgflhfg rnkqkffoonfomoikolhkf o rn o o o n 90-(>-;@) V V V V 
  1
 " o o |
  1
:;8: {rn rn {rn {nf o {mj mjmqllokimlhgnhkjomm {no {mi 90-(>-; _h *1410(1 |
  1
/<*-): {rn rn {rn o 90-(>-; $ :'/@/>-@<*- 1*=, n 0/:1 m 
  1
 nloqglgnmikkiigoilmf n lglqnigjgggmkgjjohgm n 
  1
 nqojlnhhmfhjfkfolnfj rnmiqnijmlnngfoghmjnn 
  1
 nqojlnhhmfhjfkfolnfj nmiqnijmlnngfoghmjnn 
  1
 o 
  1
 /3>1: rnohqjjnjiohkolnfjhl rmonqolmjilfjimgflhfg rnkqkffoonfomoikolhkf o rn o o o n 90-(>-;@) V V V V 
  1
 " o o |
  1
):-+:' {rn rn {rn {nn o {mh |
  1
):-+:' {rn rn {rn {nn n {mg |
  1
,+->687+r<*-): {rn rn {rn rlioqggmomlnngkfkogfk rmonqolmjilfjimgflhfg rnlqkffoonfomoikolhkf o o n V V |
  1
:;8: {rn rn {rn {ml o {mj mqnoiljkjfjngfgnhokh {nl {mf 90-(>-; _h *1410(1 |
  1
/<*-): {rn rn {rn o 90-(>-; $ :'/@/>-@<*- 1*=, n 0/:1 m 
  1
 o n mqnoiljkjfjngfgnlkfk n 
  1
 rnqojlnhhmfhjfkfnol rnmiqnijmlnngfoghmhfj 
  1
 nqojlnhhmfhjfkfolnfj rnmiqnijmlnngfoghmjnn 
  1
 o 
  1
 /3>1: rnohqjjnjiohkolnfjhl rmonqolmjilfjimgflhfg rnkqkffoonfomoikolhkf o rn o o o n 90-(>-;@) V V V V 
  1
 " o o |
  1
):-+:' {rn rn {rn {nk o {lo |
  1
,+->687+r<*-): {rn rn {rn rnogqjjnjiohkolnfjkki rmonqolmjilfjimgflhfg rnlqkffoonfomoikolhkf rn o o V V |
  1
):-+:' {rn rn {rn {mn n {ln |
  1
,+->687+r<*-): {rn rn {rn rlioqggmomlnngkfkogfk rmonqolmjilfjimgflhfg rnnqlfmikhloighkmmokj n o o V V |
  1
/061+ {rn rn {rn rlioqggmomlnngkfkogfk rmonqolmjilfjimgflhfg rnlqkffoonfomoikolhkf |
  1
/061+ {rn rn {rn rlioqggmomlnngkfkogfk rmonqolmjilfjimgflhfg rnnqlfmikhloighkmmokj |
  1
,+->687+r<*-): {rn rn {rn rnogqjjnjiohkolnggfof rmonqolmjilfjimgflhfg rnlqkffoonfomoikolhkf o o n V V |
  1
/061+ {rn rn {rn rnogqjjnjiohkolnggfof rmonqolmjilfjimgflhfg rnlqkffoonfomoikolhkf |
  1
/061+ {rn rn {rn rnogqjjnjiohkolnfjhl rmonqolmjilfjimgflhfg rnnqlfmikhloighkmmokj |
1001
ACAD_OBJECT_CHANGE_GUID
1070
     1
1071
2132662672
1070
-21970
1070
 13390
1070
   155
1070
   140
1070
    50
1070
    99
1070
     5
1070
    42
1070
   134
1070
   106
  0
REGION
  5
223D
330
1F
100
AcDbEntity
  8
BASE
 62
     7
100
AcDbModelerGeometry
 70
     1
  1
mnjoo lm m mk          
  1
ni ^ *+0;:,4 ^ *+0\^ [ mo ^ LR mlnqiqmqijjlj QK o  
  1
mjqlfffffffffffffgjg fqfffffffffffffffjkh:roh nqooooooooooooooooli:rno 
  1
>,27:>;:- {rn rn _nl mlnqiqmqijjlj |
  1
=0;& {rn rn {rn {m {rn {l |
  1
3*2/ {rn rn {rn {rn {k {n |
  1
+->1,90-2 {rn rn n o o o n o o o n mgfoqkmngnimimihjhkg likgqkhfgignjiikhnhn rmmmqjnnigijklfglokim n 10@-0+>+: 10@-:93:<+ 10@,7:>- |
  1
,7:33 {rn rn {rn {rn {rn {j {rn {m |
  1
9><: {rn rn {rn {rn {i {k {rn {h 90-(>-; ;0*=3: 0*+ |
  1
300/ {rn rn {rn {rn {g {j |
  1
/3>1:r,*-9><: {rn rn {rn rlinqggmomlnngkflilkh monqnomgggjfmihmfigi rnkqkffoonfomoijglifk o n ro rnqlgkmhfljlfkononhjl:rnk o n 90-(>-;@) V V V V |
  1
<0:;8: {rn rn {rn {f {no {rn {nn -:):-,:; {i {nm |
  1
<0:;8: {rn rn {rn {nl {g {rn {nk -:):-,:; {i {nj |
  1
<0:;8: {rn rn {rn {g {nl {rn {ni -:):-,:; {i {nh |
  1
:;8: {rn rn {rn {ng o {nf mqnoiljkjfjngfgnhokh {g {mo 90-(>-; _h *1410(1 |
  1
/<*-): {rn rn {rn o 90-(>-; $ :'/@/>-@<*- 1*=, n 0/:1 m 
  1
 rmqnoiljkjfjngfgnlkfk n ro n 
  1
 nqojlnhhmfhjfkoofigh nmiqnijmlnngfoghoofj 
  1
 rnqojlnhhmfhjfjgolgoh nmiqnijmlnngfoghoofj 
  1
 o 
  1
 /3>1: rlinqggmomlnngkflilkh monqnomgggjfmihmfigi rnkqkffoonfomoijglifk o n ro rnqlgkmhfljlfkononhjl:rnk o n 90-(>-;@) V V V V 
  1
 " o o |
  1
<0:;8: {rn rn {rn {no {f {rn {mn 90-(>-; {i {mm |
  1
:;8: {rn rn {rn {ml jqigklknggiognklhimk:rnk {ng mjmqllokimlhgnhknokl {f {mk 90-(>-; _h *1410(1 |
  1
/<*-): {rn rn {rn o 90-(>-; $ :'/@/>-@<*- 1*=, n 0/:1 m 
  1
 nloqglgnmikkiigojkhi n lglqnigjgggmkgjkfohh n 
  1
 rnqojlnhhmfhjfjgolgoh nmiqnijmlnngfoghoofj 
  1
 rnqojlnhhmfhjfkoofigh rnmiqnijmlnngfoghogoi 
  1
 o 
  1
 /3>1: rlinqggmomlnngkflilkh monqnomgggjfmihmfigi rnkqkffoonfomoijglifk o n ro rnqlgkmhfljlfkononhjl:rnk o n 90-(>-;@) V V V V 
  1
 " o o |
  1
:;8: {rn rn {rn {nf o {mj mjmqllokimlhgnhkokhk {no {mi 90-(>-; _h *1410(1 |
  1
/<*-): {rn rn {rn o 90-(>-; $ :'/@/>-@<*- 1*=, n 0/:1 m 
  1
 rlglqnigjgggmkgjkfohh n rnloqglgnmikkiigojkhi n 
  1
 nqojlnhhmfhjfjgolgoh rnmiqnijmlnngfoghomlh 
  1
 nqojlnhhmfhjfkoofigh nmiqnijmlnngfoghoofj 
  1
 o 
  1
 /3>1: rlinqggmomlnngkflilkh monqnomgggjfmihmfigi rnkqkffoonfomoijglifk o n ro rnqlgkmhfljlfkononhjl:rnk o n 90-(>-;@) V V V V 
  1
 " o o |
  1
):-+:' {rn rn {rn {nn o {mh |
  1
):-+:' {rn rn {rn {nn n {mg |
  1
,+->687+r<*-): {rn rn {rn rnogqjjnjiohkolnfjhl monqnomgggjfmihmfigi rnlqkffoonfomoikolhkf o o n V V |
  1
:;8: {rn rn {rn {ml o {mj mqnoiljkjfjngfgnjmhn {nl {mf 90-(>-; _h *1410(1 |
  1
/<*-): {rn rn {rn o 90-(>-; $ :'/@/>-@<*- 1*=, n 0/:1 m 
  1
 o n mqnoiljkjfjngfgnlkfk n 
  1
 rnqojlnhhmfhjfkoofigh rnmiqnijmlnngfoghogoi 
  1
 nqojlnhhmfhjfjgolgoh rnmiqnijmlnngfoghomlh 
  1
 o 
  1
 /3>1: rlinqggmomlnngkflilkh monqnomgggjfmihmfigi rnkqkffoonfomoijglifk o n ro rnqlgkmhfljlfkononhjl:rnk o n 90-(>-;@) V V V V 
  1
 " o o |
  1
):-+:' {rn rn {rn {nk o {lo |
  1
,+->687+r<*-): {rn rn {rn rlioqggmomlnngkflifnj monqnomgggjfmihmfigi rnlqkffoonfomoikflmhg n o hqnojkmhljhionoongjf:rnj V V |
  1
):-+:' {rn rn {rn {mn n {ln |
  1
,+->687+r<*-): {rn rn {rn rnogqjjnjiohkolnfjhl monqnomgggjfmihmfkon rnnqlfmikhloighkmmokj rn o o V V |
  1
/061+ {rn rn {rn rnogqjjnjiohkolnfjhl monqnomgggjfmihmfigi rnlqkffoonfomoikolhkf |
  1
/061+ {rn rn {rn rnogqjjnjiohkolnfjhl monqnomgggjfmihmfkon rnnqlfmikhloighkmmokj |
  1
,+->687+r<*-): {rn rn {rn rlioqggmomlnngkflilkh monqnomgggjfmihmfigi rnlqkffoonfomoikolhkf o o n V V |
  1
/061+ {rn rn {rn rlioqggmomlnngkflilkh monqnomgggjfmihmfigi rnlqkffoonfomoikolhkf |
  1
/061+ {rn rn {rn rlioqggmomlnngkflilkh monqnomgggjfmihmfkon rnnqlfmikhloighkmmmmm |
1001
ACAD_OBJECT_CHANGE_GUID
1070
     1
1071
-1207845651
1070
 -7309
1070
 30285
1070
   135
1070
    28
1070
    60
1070
     3
1070
   145
1070
   239
1070
    95
1070
    25
  0
SURFACE
  5
223E
330
1F
100
AcDbEntity
  8
BASE
 62
     7
160
                 8
310
0800000000000000
100
AcDbModelerGeometry
 70
     1
  1
mnjoo lh m mk          
  1
ni ^ *+0;:,4 ^ *+0\^ [ mo ^ LR mlnqiqmqijjlj QK o  
  1
mjqlfffffffffffffgjg fqfffffffffffffffjkh:roh nqooooooooooooooooli:rno 
  1
>,27:>;:- {rn rn _nl mlnqiqmqijjlj |
  1
=0;& {rn rn {rn {m {rn {l |
  1
3*2/ {rn rn {rn {rn {k {n |
  1
+->1,90-2 {rn rn n o o o n o o o n mgfoqkmngnimimihjhkg likgqkhfgignjiikhnhn rmmmqjnnigijklfglokim n 10@-0+>+: 10@-:93:<+ 10@,7:>- |
  1
,7:33 {rn rn {rn {rn {rn {j {rn {m |
  1
9><: {i rn {rn {rn {h {k {rn {g 90-(>-; ;0*=3: 0*+ |
  1
/:-,*=:1+r><>;L036;W6,+0-&r>++-6= {rn rn {rn {rn {j n nmn nooooooooo noon |
  1
300/ {rn rn {rn {rn {f {j |
  1
,/361:r,*-9><: {rn rn {rn 90-(>-; $ :'><+@,/3@,*- mofoo 9*33 1*=, n l 0/:1 0/:1 101: 101: m i 
  1
 o n mqnoiljkjfjngfgnhokh n 
  1
 ngijqhmkljnojiolilnm l ngfjqlngmkmjkonhojjf m nfnoqohfkkonijigihnf m nfmkqgkoikkfmkjhimgn l nfjkqkhlmhigfkjklfnj m 
  1
 nfgkqnojknflglmkkkjl l 
  1
 rlioqggmomlnngkfkogfk rmonqolmjilfjimgflhfg rnlqkffoonfomoikolhkf 
  1
 rlioqggmomlnngkfkogfk rmonqolmjilfjimgflhfg rnnqlfmikhloighkmngih 
  1
 rlhoqhmifogminngjnkkj rmonqolmjilfjimgflhfg rnlqkffoonfomoikolhkf 
  1
 rlhoqhmifogminngjoghh rmonqolmjilfjimgflhfg rnnqlfmikhloighkmngih 
  1
 rlgoqkhjlhkfjhnijojgh rnffqofkikofmgnhnfknn rnlqkffoonfomoikolhkf 
  1
 rlgoqkhjlhkfjhnijojgh rnffqofkikofmgnhnfknn rnnqlfmikhloighkmngih 
  1
 rlfkqnognlingifmfngig rnflqkkggohmjklkhhknj rnlqkffoonfomoikolhkf 
  1
 rlfkqnognlingifmfngig rnflqkkggohmjklkhhknj rnnqlfmikhloighkmngih 
  1
 rlfgqkkflgjgomilfggnn rnfnqnmgjfhjmngkjmhfn rnlqkffoonfomoikolhkf 
  1
 rlfgqkkflgjgomilfgmkl rnfnqnmgjfhjmngkjmjoi rnnqlfmikhloighkmngih 
  1
 rkoiqinjklofmnnfnjkin rngjqihmmmjjghinnnfkk rnlqkffoonfomoikolhkf 
  1
 rkoiqinjklofmnnfnjkin rngjqihmmmjjghinnnfkk rnnqlfmikhloighkmngih 
  1
 rknoqkmoljmffjhlkkkhm rngmqjkflknjlfklimgkm rnlqkffoonfomoikolhkf 
  1
 rknoqkmoljmffjhlklfol rngmqjkflknjlfklimjjh rnnqlfmikhloighkmngih 
  1
 rknlqgfmlghmnggfnjffl rnhfqohihmjjmliijimfh rnlqkffoonfomoikolhkf 
  1
 rknlqgfmlghmnggfnjffl rnhfqohihmjjmliijimfh rnnqlfmikhloighkmngih 
  1
 rkmoqgjknofmhmmghnlmi rnhmqnnlglifmifnnnnfj rnlqkffoonfomoikolhkf 
  1
 rkmoqgjknofmhmmghnlmi rnhmqnnlglifmifnnofn rnnqlfmikhloighkmngih 
  1
 rkmiqlhjoilghhlnmiknn rnilqgkhiokgmgkifmgij rnlqkffoonfomoikolhkf 
  1
 rkmiqlhjoilghhlnmiknn rnilqgkhiokgmgkifmjgn rnnqlfmikhloighkmngih 
  1
 rkllqfohmmlomoojnhghf rnkjqijmfghlnnfnmjigm rnlqkffoonfomoikolhkf 
  1
 rkllqfohmmlomoojnhlnn rnkjqijmfghlnnfnmjigm rnnqlfmikhloighkmngih 
  1
 rkljqgkkjkiloikjilmmg rnljqfollnmoioglllklk rnlqkffoonfomoikolhkf 
  1
 rkljqgkkjkiloikjilmmg rnljqfollnmoioglllklk rnnqlfmikhloighkmngih 
  1
 rkljqgkkjkhmlomkknggj rnmiqojhkhghmllognhfl rnlqkffoonfomoikolhkf 
  1
 rkljqgkkjkhmlomkknlnh rnmiqojhkhghmllognhfl rnnqlfmikhloighkmngih 
  1
 o 
  1
 
  1
 o 
  1
 o 
  1
 o 
  1
 o 
  1
 o 
  1
 o 
  1
 Y Y o Y mqnoiljkjfjngfgnhokh Y ngijqhmkljnojiolilnm Y nfgkqnojknflglmkkkjl ZGKZQ[Z[@Xn " Y o Y mqnoiljkjfjngfgnhokh Y ngijqhmkljnojiolilnm Y nfgkqnojknflglmkkkjl |
  1
<0:;8: {rn rn {rn {no {nn {rn {nm -:):-,:; {h {nl |
  1
<0:;8: {rn rn {rn {nk {f {rn {nj -:):-,:; {h {ni |
  1
<0:;8: {rn rn {rn {f {nk {rn {nh -:):-,:; {h {ng |
  1
:;8: {nf rn {rn {mo nqhhiljiglfkoomjokij:rnj {mn mqnoiljkjfjngfgnjmhn {f {mm 90-(>-; _h *1410(1 |
  1
/<*-): {rn rn {rn o 90-(>-; $ :'/@/>-@<*- 1*=, n 0/:1 m 
  1
 rmqnoiljkjfjngfgnlkfk n ro n 
  1
 mqnoiljkjfjngfgnmioi nfgkqnojknflglmkkkjl 
  1
 o nfgkqnojknflglmkkkjl 
  1
 o 
  1
 ,/361: 90-(>-; $ -:9 o " Y o Y mqnoiljkjfjngfgnhokh Y ngijqhmkljnojiolilnm Y nfgkqnojknflglmkkkjl 
  1
 " o o |
  1
<0:;8: {rn rn {rn {nn {no {rn {ml 90-(>-; {h {mk |
  1
:;8: {mj rn {rn {mi ngijqhmkljnojiolilnm {mo nfgkqnojknflglmkkkjl {no {mh 90-(>-; _h *1410(1 |
  1
/<*-): {rn rn {rn o 90-(>-; $ :'/@/>-@<*- 1*=, n 0/:1 m 
  1
 rnfgkqnojknflglmkkkjl n rngijqhmkljnojiolilnm n 
  1
 o nfgkqnojknflglmkkkjl 
  1
 o ngijqhmkljnojiolilnm 
  1
 o 
  1
 ,/361: 90-(>-; $ -:9 o " Y o Y mqnoiljkjfjngfgnhokh Y ngijqhmkljnojiolilnm Y nfgkqnojknflglmkkkjl 
  1
 " o o |
  1
:;8: {mg rn {rn {mn rilqjnggjhnnmofhhfnnh {mf jkqgimmnnmnjnnolkflh {nn {lo 90-(>-; _h *1410(1 |
  1
/<*-): {rn rn {rn o 90-(>-; $ :'/@/>-@<*- 1*=, n 0/:1 m 
  1
 rjkqgimmnnmnjnnolkflh n ilqjnggjhnnmofhhfnnh n 
  1
 mqnoiljkjfjngfgnhokh ngijqhmkljnojiolilnm 
  1
 mqnoiljkjfjngfgnmioi nfgkqnojknflglmkkkjl 
  1
 o 
  1
 ,/361: 90-(>-; $ -:9 o " Y o Y mqnoiljkjfjngfgnhokh Y ngijqhmkljnojiolilnm Y nfgkqnojknflglmkkkjl 
  1
 " o o |
  1
/:-,*=:1+r><>;L036;W6,+0-&r>++-6= {rn rn {rn {rn {nm n nmn nooooooooo jnoon |
  1
):-+:' {rn rn {rn {nm o {ln |
  1
):-+:' {rn rn {rn {nm n {lm |
  1
,+->687+r<*-): {rn rn {rn rkljqgkkjkhmlomkknggj rnmiqojhkhghmllognijn rnlqkffoonfomoikolhkf o o n V V |
  1
:;8: {ll rn {rn {mi o {mf mqnoiljkjfjngfgnhokh {nk {lk 90-(>-; _h *1410(1 |
  1
/<*-): {rn rn {rn o 90-(>-; $ :'/@/>-@<*- 1*=, n 0/:1 m 
  1
 ro n mqnoiljkjfjngfgnlkfk n 
  1
 o ngijqhmkljnojiolilnm 
  1
 mqnoiljkjfjngfgnhokh ngijqhmkljnojiolilnm 
  1
 o 
  1
 ,/361: 90-(>-; $ -:9 o " Y o Y mqnoiljkjfjngfgnhokh Y ngijqhmkljnojiolilnm Y nfgkqnojknflglmkkkjl 
  1
 " o o |
  1
/:-,*=:1+r><>;L036;W6,+0-&r>++-6= {rn rn {rn {rn {nj n nmn nooooooooo njnoon |
  1
):-+:' {rn rn {rn {nj o {lj |
  1
61+<*-):r<*-): {rn rn {rn 90-(>-; $ :'><+@61+@<*- mofoo 9*33 1*=, l 0/:1 i 
  1
 ngijqhmkljnojiolilnm l ngfjqlngmkmjkonhojjf m nfnoqohfkkonijigihnf m nfmkqgkoikkfmkjhimgn l nfjkqkhlmhigfkjklfnj m 
  1
 nfgkqnojknflglmkkkjl l 
  1
 rlioqggmomlnngkfkogfk rmonqolmjilfjimgflhfg rnlqkffoonfomoikolhkf 
  1
 rlhoqhmifogminngjnkkj rmonqolmjilfjimgflhfg rnlqkffoonfomoikolhkf 
  1
 rlgoqkhjlhkfjhnijojgh rnffqofkikofmgnhnfknn rnlqkffoonfomoikolhkf 
  1
 rlfkqnognlingifmfngig rnflqkkggohmjklkhhknj rnlqkffoonfomoikolhkf 
  1
 rlfgqkkflgjgomilfggnn rnfnqnmgjfhjmngkjmhfn rnlqkffoonfomoikolhkf 
  1
 rkoiqinjklofmnnfnjkin rngjqihmmmjjghinnnfkk rnlqkffoonfomoikolhkf 
  1
 rknoqkmoljmffjhlkkkhm rngmqjkflknjlfklimgkm rnlqkffoonfomoikolhkf 
  1
 rknlqgfmlghmnggfnjffl rnhfqohihmjjmliijimfh rnlqkffoonfomoikolhkf 
  1
 rkmoqgjknofmhmmghnlmi rnhmqnnlglifmifnnnnfj rnlqkffoonfomoikolhkf 
  1
 rkmiqlhjoilghhlnmiknn rnilqgkhiokgmgkifmgij rnlqkffoonfomoikolhkf 
  1
 rkllqfohmmlomoojnhghf rnkjqijmfghlnnfnmjigm rnlqkffoonfomoikolhkf 
  1
 rkljqgkkjkiloikjilmmg rnljqfollnmoioglllklk rnlqkffoonfomoikolhkf 
  1
 rkljqgkkjkhmlomkknggj rnmiqojhkhghmllognhfl rnlqkffoonfomoikolhkf 
  1
 o 
  1
 
  1
 1*33@,*-9><: 
  1
 1*33@,*-9><: 
  1
 1*33=, 
  1
 1*33=, 
  1
 V V 
  1
 o 
  1
 o 
  1
 o 
  1
 
  1
 o Y ngijqhmkljnojiolilnm Y nfgkqnojknflglmkkkjl JQZGKZQ[Z[ JQZGKZQ[Z[ " Y ngijqhmkljnojiolilnm Y nfgkqnojknflglmkkkjl |
  1
/:-,*=:1+r><>;L036;W6,+0-&r>++-6= {rn rn {rn {rn {nh n nmn nooooooooo ljnoon |
  1
):-+:' {rn rn {rn {ml n {li |
  1
61+<*-):r<*-): {rn rn {rn 90-(>-; $ :'><+@61+@<*- mofoo 9*33 1*=, l 0/:1 i 
  1
 rilqjnggjhnnmofhhfnnh l rllqggihnkimllfhmjllg m rkqmjkogmijlkmfimonof l noqjohnmmnojkjffknfi m mjqmiglnfhlofhinomhl m 
  1
 jkqgimmnnmnjnnolkflh l 
  1
 rkljqgkkjkhmlomkkohkf rnmiqojhkhghmllognhfl rnnqlfmikhloighkmmokj 
  1
 rkljqgkkjkiloikjilmmg rnljqfollnmoioglllklk rnnqlfmikhloighkmmokj 
  1
 rkllqfohmmlomoojnhlnn rnkjqijmfghlnnfnmjigm rnnqlfmikhloighkmmokj 
  1
 rkmiqlhjoilghhlnmiknn rnilqgkhiokgmgkifmjgn rnnqlfmikhloighkmmokj 
  1
 rkmoqgjknofmhmmghnlmi rnhmqnnlglifmifnnoimi rnnqlfmikhloighkmmokj 
  1
 rknlqgfmlghmnggfnjffl rnhfqohihmjjmliijimfh rnnqlfmikhloighkmmokj 
  1
 rknoqkmoljmffjhlklfol rngmqjkflknjlfklimjjh rnnqlfmikhloighkmmokj 
  1
 rkoiqinjklofmnnfnjkin rngjqihmmmjjghinnnfkk rnnqlfmikhloighkmmokj 
  1
 rlfgqkkflgjgomilfhihj rnfnqnmgjfhjmngkjmjoi rnnqlfmikhloighkmmokj 
  1
 rlfkqnognlingifmfngig rnflqkkggohmjklkhhknj rnnqlfmikhloighkmmokj 
  1
 rlgoqkhjlhkfjhnijojgh rnffqofkikofmgnhnfknn rnnqlfmikhloighkmmokj 
  1
 rlhoqhmifogminngjoghh rmonqolmjilfjimgflhfg rnnqlfmikhloighkmmokj 
  1
 rlioqggmomlnngkfkogfk rmonqolmjilfjimgflhfg rnnqlfmikhloighkmmokj 
  1
 o 
  1
 
  1
 1*33@,*-9><: 
  1
 1*33@,*-9><: 
  1
 1*33=, 
  1
 1*33=, 
  1
 V V 
  1
 o 
  1
 o 
  1
 o 
  1
 
  1
 o Y rilqjnggjhnnmofhhfnnh Y jkqgimmnnmnjnnolkflh JQZGKZQ[Z[ JQZGKZQ[Z[ " Y rilqjnggjhnnmofhhfnnh Y jkqgimmnnmnjnnolkflh |
  1
/061+ {rn rn {rn rkljqgkkjkhmlomkknggj rnmiqojhkhghmllognhfl rnlqkffoonfomoikoljhm |
  1
/061+ {rn rn {rn rkljqgkkjkhmlomkknggj rnmiqojhkhghmllognhfl rnnqlfmikhloighkmmmmm |
  1
/:-,*=:1+r><>;L036;W6,+0-&r>++-6= {rn rn {rn {rn {ml n nmn nooooooooo mjnoon |
  1
,+->687+r<*-): {rn rn {rn rlioqggmomlnngkfkogfk rmonqolmjilfjimgflhfg rnlqkffoonfomoikolhkf o o n V V |
  1
/061+ {rn rn {rn rlioqggmomlnngkfkogfk rmonqolmjilfjimgflhfg rnlqkffoonfomoikolhkf |
  1
/061+ {rn rn {rn rlioqggmomlnngkfkogfk rmonqolmjilfjimgflhfg rnnqlfmikhloighkmmokj |
100
AcDbSurface
 71
     6
 72
     6
1001
ACAD_STEPID
1071
      121
1001
ACAD_OBJECT_CHANGE_GUID
1070
     1
1071
923324585
1070
-13349
1070
  8526
1070
   136
1070
   214
1070
    85
1070
   218
1070
   216
1070
   128
1070
    60
1070
   159
  0
SURFACE
  5
223F
330
1F
100
AcDbEntity
  8
BASE
 62
     7
160
                 8
310
0800000000000000
100
AcDbModelerGeometry
 70
     1
  1
mnjoo lh m mk          
  1
ni ^ *+0;:,4 ^ *+0\^ [ mo ^ LR mlnqiqmqijjlj QK o  
  1
mjqlfffffffffffffgjg fqfffffffffffffffjkh:roh nqooooooooooooooooli:rno 
  1
>,27:>;:- {rn rn _nl mlnqiqmqijjlj |
  1
=0;& {rn rn {rn {m {rn {l |
  1
3*2/ {rn rn {rn {rn {k {n |
  1
+->1,90-2 {rn rn n o o o n o o o n mgfoqkmngnimimihjhkg likgqkhfgignjiikhnhn rmmmqjnnigijklfglokim n 10@-0+>+: 10@-:93:<+ 10@,7:>- |
  1
,7:33 {rn rn {rn {rn {rn {j {rn {m |
  1
9><: {i rn {rn {rn {h {k {rn {g 90-(>-; ;0*=3: 0*+ |
  1
/:-,*=:1+r><>;L036;W6,+0-&r>++-6= {rn rn {rn {rn {j n nmm nooooooooo noon |
  1
300/ {rn rn {rn {rn {f {j |
  1
,/361:r,*-9><: {rn rn {rn 90-(>-; $ :'><+@,/3@,*- mofoo 9*33 1*=, n l 0/:1 0/:1 101: 101: m i 
  1
 o n mqnoiljkjfjngfgnlkfk n 
  1
 hjlqhlkflfmljoimflgh l hglqlihognhmlhilflnm m gnmqfffhnliflhlnmmlk l gmhqhiofngkjmimnkihi m gkmqjmmnniohgnlhfifj m 
  1
 ghmqnnioohjimmhnohfm l 
  1
 rkljqgkkjkhmlomkknggj nmiqnmhgolljfifnhig rnlqkffoonfomoikolhkf 
  1
 rkljqgkkjkhmlomkknggj nmiqnmhgolljfifnhgmm rnnqlfmikhloighkmmk 
  1
 rkljqgkkjkiloikjilmmg nljqfhliliifhmniflmn rnlqkffoonfomoikolhkf 
  1
 rkljqgkkjkiloikjilmmg nljqfhliliifhmniflmn rnnqlfmikhloighkmmk 
  1
 rkllqfohmmlomoojnlllm nkjqhmllnnfkgmfiinnh rnlqkffoonfomoikolhkf 
  1
 rkllqfohmmlomoojnlllm nkjqhmllnnfkgmfiinnh rnnqlfmikhloighkmmk 
  1
 rkmiqlhjoilghhlnmiknn nilqfnhfmfkikgjmkmoi rnlqkffoonfomoikolhkf 
  1
 rkmiqlhjoilghhlnmiknn nilqfnhfmfkikgjmkmoi rnnqlfmikhloighkmmk 
  1
 rkmoqgjknofmhmmgimmln nhmqngkninjilmfjnil rnlqkffoonfomoikolhkf 
  1
 rkmoqgjknofmhmmgimmln nhmqngkninjilmfjnil rnnqlfmikhloighkmmk 
  1
 rknlqgfmlghmnggfnnkki nhfqnkhojoniookfihlm rnlqkffoonfomoikolhkf 
  1
 rknlqgfmlghmnggfnmonk nhfqnkhojoniookfihlm rnnqlfmikhloighkmmk 
  1
 rknoqkmoljmffjhlljlhh ngmqinfiiinhjgmolmhh rnlqkffoonfomoikolhkf 
  1
 rknoqkmoljmffjhlljlhh ngmqinfiiinhjgmolmhh rnnqlfmikhloighkmmk 
  1
 rkoiqinjklofmnnfnjkin ngjqhkmjjommlffklmgj rnlqkffoonfomoikolhkf 
  1
 rkoiqinjklofmnnfnjkin ngjqhkmjjommlffklmgj rnnqlfmikhloighkmmk 
  1
 rlfgqkkflgjgomilgfhnh nfnqnfgfmmnjgmmflmmi rnlqkffoonfomoikolhkf 
  1
 rlfgqkkflgjgomilgfhnh nfnqnfgfmmnjgmmflmmi rnnqlfmikhloighkmmk 
  1
 rlfkqnognlingifmghlmn nflqjnfnlngfohlnllol rnlqkffoonfomoikolhkf 
  1
 rlfkqnognlingifmghlmn nflqjnfnlngfohlnllol rnnqlfmikhloighkmmk 
  1
 rlgoqkhjlhkfjhnikmoin nffqnikfijjikjjjfjim rnlqkffoonfomoikolhkf 
  1
 rlgoqkhjlhkfjhnikmimf nffqnikfijjikjjjfgkh rnnqlfmikhloighkmmk 
  1
 rlhoqhmifogminngkgolj monqnomgggjfmihmfigi rnlqkffoonfomoikolhkf 
  1
 rlhoqhmifogminngkgolj monqnomgggjfmihmfigi rnnqlfmikhloighkmmk 
  1
 rlioqggmomlnngkflilkh monqnomgggjfmihmfigi rnlqkffoonfomoikolhkf 
  1
 rlioqggmomlnngkflilkh monqnomgggjfmihmfigi rnnqlfmikhloighkmmk 
  1
 o 
  1
 
  1
 o 
  1
 o 
  1
 o 
  1
 o 
  1
 o 
  1
 o 
  1
 Y Y o Y mqnoiljkjfjngfgnlkfk Y hjlqhlkflfmljoimflgh Y ghmqnnioohjimmhnohfm ZGKZQ[Z[@Xn " Y o Y mqnoiljkjfjngfgnlkfk Y hjlqhlkflfmljoimflgh Y ghmqnnioohjimmhnohfm |
  1
<0:;8: {rn rn {rn {no {nn {rn {nm -:):-,:; {h {nl |
  1
<0:;8: {rn rn {rn {nk {f {rn {nj -:):-,:; {h {ni |
  1
<0:;8: {rn rn {rn {f {nk {rn {nh -:):-,:; {h {ng |
  1
:;8: {nf rn {rn {mo o {mn mqnoiljkjfjngfgnjmhn {f {mm 90-(>-; _h *1410(1 |
  1
/<*-): {rn rn {rn o 90-(>-; $ :'/@/>-@<*- 1*=, n 0/:1 m 
  1
 rmqnoiljkjfjngfgnlkfk n ro n 
  1
 mqnoiljkjfjngfgnlkfk ghmqnnioohjimmhnohfm 
  1
 o ghmqnnioohjimmhnohfm 
  1
 o 
  1
 ,/361: 90-(>-; $ -:9 o " Y o Y mqnoiljkjfjngfgnlkfk Y hjlqhlkflfmljoimflgh Y ghmqnnioohjimmhnohfm 
  1
 " o o |
  1
<0:;8: {rn rn {rn {nn {no {rn {ml 90-(>-; {h {mk |
  1
:;8: {mj rn {rn {mi hjlqhlkflfmljoimflgh {mo ghmqnnioohjimmhnnfmf {no {mh 90-(>-; _h *1410(1 |
  1
/<*-): {rn rn {rn o 90-(>-; $ :'/@/>-@<*- 1*=, n 0/:1 m 
  1
 rghmqnnioohjimmhnnfmf n rhjlqhlkflfmljoimflgh n 
  1
 o ghmqnnioohjimmhnohfm 
  1
 o hjlqhlkflfmljoimflgh 
  1
 o 
  1
 ,/361: 90-(>-; $ -:9 o " Y o Y mqnoiljkjfjngfgnlkfk Y hjlqhlkflfmljoimflgh Y ghmqnnioohjimmhnohfm 
  1
 " o o |
  1
:;8: {mg rn {rn {mn nokgqkhojjkhogghjimj {mf nniiqgjnimlolioglhij {nn {lo 90-(>-; _h *1410(1 |
  1
/<*-): {rn rn {rn o 90-(>-; $ :'/@/>-@<*- 1*=, n 0/:1 m 
  1
 rnniiqgjnimlolioglhij n rnokgqkhojjkhogghjimj n 
  1
 mqnoiljkjfjngfgnlkfk hjlqhlkflfmljoimflgh 
  1
 mqnoiljkjfjngfgnlkfk ghmqnnioohjimmhnohfm 
  1
 o 
  1
 ,/361: 90-(>-; $ -:9 o " Y o Y mqnoiljkjfjngfgnlkfk Y hjlqhlkflfmljoimflgh Y ghmqnnioohjimmhnohfm 
  1
 " o o |
  1
/:-,*=:1+r><>;L036;W6,+0-&r>++-6= {rn rn {rn {rn {nm n nmm nooooooooo jnoon |
  1
):-+:' {rn rn {rn {nm o {ln |
  1
):-+:' {rn rn {rn {nm n {lm |
  1
,+->687+r<*-): {rn rn {rn rlioqggmomlnngkflilkh monqnomgggjfmihmfigi rnlqkffoonfomoikolhkf o o n V V |
  1
:;8: {ll rn {rn {mi o {mf mqnoiljkjfjngfgnhokh {nk {lk 90-(>-; _h *1410(1 |
  1
/<*-): {rn rn {rn o 90-(>-; $ :'/@/>-@<*- 1*=, n 0/:1 m 
  1
 ro n mqnoiljkjfjngfgnlkfk n 
  1
 o hjlqhlkflfmljoimflgh 
  1
 mqnoiljkjfjngfgnlkfk hjlqhlkflfmljoimflgh 
  1
 o 
  1
 ,/361: 90-(>-; $ -:9 o " Y o Y mqnoiljkjfjngfgnlkfk Y hjlqhlkflfmljoimflgh Y ghmqnnioohjimmhnohfm 
  1
 " o o |
  1
/:-,*=:1+r><>;L036;W6,+0-&r>++-6= {rn rn {rn {rn {nj n nmm nooooooooo njnoon |
  1
):-+:' {rn rn {rn {nj o {lj |
  1
61+<*-):r<*-): {rn rn {rn 90-(>-; $ :'><+@61+@<*- mofoo 9*33 1*=, l 0/:1 i 
  1
 hjlqhlkflfmljoimflgh l hglqlihognhmlhilflnm m gnmqfffhnliflhlnllhn l gmhqhiofngkjmimnjgnl m gkmqjmmnniohgnlgogln m 
  1
 ghmqnnioohjimmhnnfmf l 
  1
 rkljqgkkjkhmlomkknggj nmiqnmhgolljfifnhig rnlqkffoonfomoikolhkf 
  1
 rkljqgkkjkiloikjilmmg nljqfhliliifhmniflmn rnlqkffoonfomoikolhkf 
  1
 rkllqfohmmlomoojnlllm nkjqhmllnnfkgmfiinnh rnlqkffoonfomoikolhkf 
  1
 rkmiqlhjoilghhlnmiknn nilqfnhfmfkikgjmkmoi rnlqkffoonfomoikolhkf 
  1
 rkmoqgjknofmhmmgimmln nhmqngkninjilmfjnil rnlqkffoonfomoikolhkf 
  1
 rknlqgfmlghmnggfnnkki nhfqnkhojoniookfihlm rnlqkffoonfomoikolhkf 
  1
 rknoqkmoljmffjhlljlhh ngmqinfiiinhjgmolmhh rnlqkffoonfomoikolhkf 
  1
 rkoiqinjklofmnnfnjkin ngjqhkmjjommlffklmgj rnlqkffoonfomoikolhkf 
  1
 rlfgqkkflgjgomilgfhnh nfnqnfgfmmnjgmmflmmi rnlqkffoonfomoikolhkf 
  1
 rlfkqnognlingifmghlmn nflqjnfnlngfohlnllol rnlqkffoonfomoikolhkf 
  1
 rlgoqkhjlhkfjhnikmoin nffqnikfijjikjjjfjim rnlqkffoonfomoikolhkf 
  1
 rlhoqhmifogminngkgolj monqnomgggjfmihmfigi rnlqkffoonfomoikolhkf 
  1
 rlioqggmomlnngkflilkh monqnomgggjfmihmfigi rnlqkffoonfomoikolhkf 
  1
 o 
  1
 
  1
 1*33@,*-9><: 
  1
 1*33@,*-9><: 
  1
 1*33=, 
  1
 1*33=, 
  1
 V V 
  1
 o 
  1
 o 
  1
 o 
  1
 
  1
 o Y hjlqhlkflfmljoimflgh Y ghmqnnioohjimmhnnfmf JQZGKZQ[Z[ JQZGKZQ[Z[ " Y hjlqhlkflfmljoimflgh Y ghmqnnioohjimmhnnfmf |
  1
/:-,*=:1+r><>;L036;W6,+0-&r>++-6= {rn rn {rn {rn {nh n nmm nooooooooo ljnoon |
  1
):-+:' {rn rn {rn {ml n {li |
  1
61+<*-):r<*-): {rn rn {rn 90-(>-; $ :'><+@61+@<*- mofoo 9*33 1*=, l 0/:1 i 
  1
 nokgqkhojjkhogghjimj l nohgqoikkkinflooghlj m nofmqgmjiklgngjmjlj m nnohqjgigkgjhhknjlih l nnlhqmnfkgojkhlgmhhl m 
  1
 nniiqgjnimlolioglhij l 
  1
 rlioqggmomlnngkflilkh monqnomgggjfmihmfigi rnnqlfmikhloighkmmk 
  1
 rlhoqhmifogminngkgolj monqnomgggjfmihmfigi rnnqlfmikhloighkmmk 
  1
 rlgoqkhjlhkfjhnikmimf nffqnikfijjikjjjfgkh rnnqlfmikhloighkmmk 
  1
 rlfkqnognlingifmghlmn nflqjnfnlngfohlnllol rnnqlfmikhloighkmmk 
  1
 rlfgqkkflgjgomilgfhnh nfnqnfgfmmnjgmmflmmi rnnqlfmikhloighkmmk 
  1
 rkoiqinjklofmnnfnjkin ngjqhkmjjommlffklmgj rnnqlfmikhloighkmmk 
  1
 rknoqkmoljmffjhlljlhh ngmqinfiiinhjgmolmhh rnnqlfmikhloighkmmk 
  1
 rknlqgfmlghmnggfnmonk nhfqnkhojoniookfihlm rnnqlfmikhloighkmmk 
  1
 rkmoqgjknofmhmmgimmln nhmqngkninjilmfjnil rnnqlfmikhloighkmmk 
  1
 rkmiqlhjoilghhlnmiknn nilqfnhfmfkikgjmkmoi rnnqlfmikhloighkmmk 
  1
 rkllqfohmmlomoojnlllm nkjqhmllnnfkgmfiinnh rnnqlfmikhloighkmmk 
  1
 rkljqgkkjkiloikjilmmg nljqfhliliifhmniflmn rnnqlfmikhloighkmmk 
  1
 rkljqgkkjkhmlomkknggj nmiqnmhgolljfifnhgmm rnnqlfmikhloighkmmk 
  1
 o 
  1
 
  1
 1*33@,*-9><: 
  1
 1*33@,*-9><: 
  1
 1*33=, 
  1
 1*33=, 
  1
 V V 
  1
 o 
  1
 o 
  1
 o 
  1
 
  1
 o Y nokgqkhojjkhogghjimj Y nniiqgjnimlolioglhij JQZGKZQ[Z[ JQZGKZQ[Z[ " Y nokgqkhojjkhogghjimj Y nniiqgjnimlolioglhij |
  1
/061+ {rn rn {rn rlioqggmomlnngkflilkh monqnomgggjfmihmfigi rnlqkffoonfomoikolhkf |
  1
/061+ {rn rn {rn rlioqggmomlnngkflilkh monqnomgggjfmihmfkon rnnqlfmikhloighkmmmmm |
  1
/:-,*=:1+r><>;L036;W6,+0-&r>++-6= {rn rn {rn {rn {ml n nmm nooooooooo mjnoon |
  1
,+->687+r<*-): {rn rn {rn rkljqgkkjkhmlomkknggj nmiqnmhgolljfifnhig rnlqkffoonfomoikolhkf o o n V V |
  1
/061+ {rn rn {rn rkljqgkkjkhmlomkknggj nmiqnmhgolljfifnhig rnlqkffoonfomoikolhkf |
  1
/061+ {rn rn {rn rkljqgkkjkhmlomkknggj nmiqnmhgolljfifnhig rnnqlfmikhloighkmmokj |
100
AcDbSurface
 71
     6
 72
     6
1001
ACAD_STEPID
1071
      122
1001
ACAD_OBJECT_CHANGE_GUID
1070
     1
1071
1285275714
1070
 -3298
1070
 19520
1070
   150
1070
    66
1070
   191
1070
   240
1070
    37
1070
   168
1070
   218
1070
   122
  0
REGION
  5
2240
330
1F
100
AcDbEntity
  8
BASE
 62
     7
100
AcDbModelerGeometry
 70
     1
  1
mnjoo lm m mk          
  1
ni ^ *+0;:,4 ^ *+0\^ [ mo ^ LR mlnqiqmqijjlj QK o  
  1
mjqlfffffffffffffgjg fqfffffffffffffffjkh:roh nqooooooooooooooooli:rno 
  1
>,27:>;:- {rn rn _nl mlnqiqmqijjlj |
  1
=0;& {rn rn {rn {m {rn {l |
  1
3*2/ {rn rn {rn {rn {k {n |
  1
+->1,90-2 {rn rn n o o o n o o o n mgfoqkmngnimimihjhkg likgqkhfgignjiikhnhn rmmmqjnnigijklfglokim n 10@-0+>+: 10@-:93:<+ 10@,7:>- |
  1
,7:33 {rn rn {rn {rn {rn {j {rn {m |
  1
9><: {rn rn {rn {rn {i {k {rn {h 90-(>-; ;0*=3: 0*+ |
  1
300/ {rn rn {rn {rn {g {j |
  1
/3>1:r,*-9><: {rn rn {rn rkljqgkkjkhmlomkknggj nmhqnmhgolljfifnhig rnkqkffoonfomoikolhkf rn o o o rn o 90-(>-;@) V V V V |
  1
<0:;8: {rn rn {rn {f {no {rn {nn 90-(>-; {i {nm |
  1
<0:;8: {rn rn {rn {nl {g {rn {nk -:):-,:; {i {nj |
  1
<0:;8: {rn rn {rn {g {nl {rn {ni 90-(>-; {i {nh |
  1
:;8: {rn rn {rn {ng o {nf mjmqngjmgmogmffffkhl {g {mo 90-(>-; _h *1410(1 |
  1
/<*-): {rn rn {rn o 90-(>-; $ :'/@/>-@<*- 1*=, n 0/:1 m 
  1
 ilqjnggjhnnmofhhfnnh n lnjqhoknlfnfjofhjmjl n 
  1
 nmiqofmiknoknkfffhlh nqojlnhhmfhjfkfoihkh 
  1
 rnmiqofmiknoknkfffhlh nqojlnhhmfhjfkfoihkh 
  1
 o 
  1
 /3>1: rkljqgkkjkhmlomkknggj nmhqnmhgolljfifnhig rnkqkffoonfomoikolhkf rn o o o rn o 90-(>-;@) V V V V 
  1
 " o o |
  1
<0:;8: {rn rn {rn {no {f {rn {mn 90-(>-; {i {mm |
  1
:;8: {rn rn {rn {ml o {nf mqnoiljkjfjngfgnhokh {f {mk 90-(>-; _h *1410(1 |
  1
/<*-): {rn rn {rn o 90-(>-; $ :'/@/>-@<*- 1*=, n 0/:1 m 
  1
 rmqnoiljkjfjngfgnlkfk n ro n 
  1
 rnmiqofmiknoknkfffhlh nqojlnhhmfhjfkfoihkh 
  1
 rnmiqofmiknoknkfffkjm rnqojlnhhmfhjfkfoihkh 
  1
 o 
  1
 /3>1: rkljqgkkjkhmlomkknggj nmhqnmhgolljfifnhig rnkqkffoonfomoikolhkf rn o o o rn o 90-(>-;@) V V V V 
  1
 " o o |
  1
:;8: {rn rn {rn {mj nqhhiljiglfkoomjokij:rnj {ng mqnoiljkjfjngfgnjmhn {no {mi 90-(>-; _h *1410(1 |
  1
/<*-): {rn rn {rn o 90-(>-; $ :'/@/>-@<*- 1*=, n 0/:1 m 
  1
 o n mqnoiljkjfjngfgnlkfk n 
  1
 nmiqofmiknoknkfffhlh rnqojlnhhmfhjfkfoihkh 
  1
 nmiqofmiknoknkfffhlh nqojlnhhmfhjfkfoihkh 
  1
 o 
  1
 /3>1: rkljqgkkjkhmlomkknggj nmhqnmhgolljfifnhig rnkqkffoonfomoikolhkf rn o o o rn o 90-(>-;@) V V V V 
  1
 " o o |
  1
):-+:' {rn rn {rn {nn o {mh |
  1
):-+:' {rn rn {rn {nn n {mg |
  1
,+->687+r<*-): {rn rn {rn rkljqgkkjkhmlomkknggj rnmiqojhkhghmllognhfl rnnqlfmikhloighkmmmmm o n o V V |
  1
:;8: {rn rn {rn {ml rkqmilmjiknkjioionnnj:rnk {mj mjmqngjmgmogmfffgfoj {nl {mf 90-(>-; _h *1410(1 |
  1
/<*-): {rn rn {rn o 90-(>-; $ :'/@/>-@<*- 1*=, n 0/:1 m 
  1
 rlnjqhoknlfnfjofhjmjl n rilqjnggjhnnmofhhfnnh n 
  1
 rnmiqofmiknoknkfffkjm rnqojlnhhmfhjfkfoihkh 
  1
 nmiqofmiknoknkfffhlh rnqojlnhhmfhjfkfoihkh 
  1
 o 
  1
 /3>1: rkljqgkkjkhmlomkknggj nmhqnmhgolljfifnhig rnkqkffoonfomoikolhkf rn o o o rn o 90-(>-;@) V V V V 
  1
 " o o |
  1
):-+:' {rn rn {rn {nk o {lo |
  1
,+->687+r<*-): {rn rn {rn rkljqgkkjkhmlomkknggj nmiqnmhgolljfifnhig rnlqkffoonfomoikolhkf o o n V V |
  1
):-+:' {rn rn {rn {mn n {ln |
  1
,+->687+r<*-): {rn rn {rn rkljqgkkjkhmlomkknggj rnmiqojhkhghmllognijn rnlqkffoonfomoikolhkf o o n V V |
  1
/061+ {rn rn {rn rkljqgkkjkhmlomkknggj rnmiqojhkhghmllognhfl rnnqlfmikhloighkmmmmm |
  1
/061+ {rn rn {rn rkljqgkkjkhmlomkknggj nmiqnmhgolljfifnhig rnnqlfmikhloighkmmokj |
  1
,+->687+r<*-): {rn rn {rn rkljqgkkjkhmlomkknggj nmiqnmhgolljfifnhmjk rnlqkffoonfomoikoljhm o rn o V V |
  1
/061+ {rn rn {rn rkljqgkkjkhmlomkknggj nmiqnmhgolljfifnhig rnlqkffoonfomoikolhkf |
  1
/061+ {rn rn {rn rkljqgkkjkhmlomkknggj rnmiqojhkhghmllognhfl rnlqkffoonfomoikoljhm |
1001
ACAD_OBJECT_CHANGE_GUID
1070
     1
1071
1083053426
1070
 16332
1070
 -9663
1070
   134
1070
   167
1070
   146
1070
     1
1070
   127
1070
    24
1070
   201
1070
   231
  0
REGION
  5
2241
330
1F
100
AcDbEntity
  8
BASE
 62
     7
100
AcDbModelerGeometry
 70
     1
  1
mnjoo lm m mk          
  1
ni ^ *+0;:,4 ^ *+0\^ [ mo ^ LR mlnqiqmqijjlj QK o  
  1
mjqlfffffffffffffgjg fqfffffffffffffffjkh:roh nqooooooooooooooooli:rno 
  1
>,27:>;:- {rn rn _nl mlnqiqmqijjlj |
  1
=0;& {rn rn {rn {m {rn {l |
  1
3*2/ {rn rn {rn {rn {k {n |
  1
+->1,90-2 {rn rn n o o o n o o o n mgfoqkmngnimimihjhkg likgqkhfgignjiikhnhn rmmmqjnnigijklfglokim n 10@-0+>+: 10@-:93:<+ 10@,7:>- |
  1
,7:33 {rn rn {rn {rn {rn {j {rn {m |
  1
9><: {rn rn {rn {rn {i {k {rn {h 90-(>-; ;0*=3: 0*+ |
  1
300/ {rn rn {rn {rn {g {j |
  1
/3>1:r,*-9><: {rn rn {rn rnohqjojgnkgjijjlmoog nffqnjfjgkimmijmhnjg rnmqhomhfnngkjfhlfmgh ro rn o o o n 90-(>-;@) V V V V |
  1
<0:;8: {rn rn {rn {f {no {rn {nn -:):-,:; {i {nm |
  1
<0:;8: {rn rn {rn {nl {g {rn {nk -:):-,:; {i {nj |
  1
<0:;8: {rn rn {rn {g {nl {rn {ni -:):-,:; {i {nh |
  1
:;8: {rn rn {rn {ng o {nf nqjggfiiilhifmmookhf {g {mo 90-(>-; _h *1410(1 |
  1
/<*-): {rn rn {rn o 90-(>-; $ :'/@/>-@<*- 1*=, n 0/:1 m 
  1
 rnqjggfiiilhifmnfgkg n ro n 
  1
 oqhfkkgllnggkiffkilj nmiqmnofhhohmifhhni 
  1
 roqhfkkgllnggkjmokoihl nmiqmnofhhohmifhhni 
  1
 o 
  1
 /3>1: rnohqjojgnkgjijjlmoog nffqnjfjgkimmijmhnjg rnmqhomhfnngkjfhlfmgh ro rn o o o n 90-(>-;@) V V V V 
  1
 " o o |
  1
<0:;8: {rn rn {rn {no {f {rn {mn 90-(>-; {i {mm |
  1
:;8: {rn rn {rn {ml iqihfnonhninkjoojlin:rnl {ng mjmqkmnfjknkjlfjighf {f {mk 90-(>-; _h *1410(1 |
  1
/<*-): {rn rn {rn o 90-(>-; $ :'/@/>-@<*- 1*=, l 0/:1 m 
  1
 rngokqjhjfhhifimknljl l rnjjmqnjkomljjogkjhj l 
  1
 roqhfkkgllnggkjmokoihl nmiqmnofhhohmifhhni 
  1
 roqhfkkgllnggkjgomiffi kmqoholmjifogffjmmf 
  1
 roqhfkkgllnggkilffjjjj rkmqoholmjifogffmnomi 
  1
 roqhfkkgllnggkiffgnghh rnmiqmnofhhohmifgoool 
  1
 o 
  1
 /3>1: rnohqjojgnkgjijjlmoog nffqnjfjgkimmijmhnjg rnmqhomhfnngkjfhlfmgh ro rn o o o n 90-(>-;@) V V V V 
  1
 " o o |
  1
:;8: {rn rn {rn {nf o {mj mjmqkmnfjknkjlfjhnil {no {mi 90-(>-; _h *1410(1 |
  1
/<*-): {rn rn {rn o 90-(>-; $ :'/@/>-@<*- 1*=, l 0/:1 m 
  1
 njjmqnjkomljjogkjhj l ngokqjhjfhhifimknljl l 
  1
 oqhfkkgllnggkjmommfn rnmiqmnofhhohmifgonkj 
  1
 oqhfkkgllnggkjhffnkif rkmqoholmjifogffmnomi 
  1
 oqhfkkgllnggkilfioomg kmqoholmjifogffjmmf 
  1
 oqhfkkgllnggkiffkilj nmiqmnofhhohmifhhni 
  1
 o 
  1
 /3>1: rnohqjojgnkgjijjlmoog nffqnjfjgkimmijmhnjg rnmqhomhfnngkjfhlfmgh ro rn o o o n 90-(>-;@) V V V V 
  1
 " o o |
  1
):-+:' {rn rn {rn {nn o {mh |
  1
):-+:' {rn rn {rn {nn n {mg |
  1
,+->687+r<*-): {rn rn {rn rlioqfmhhifoonfkggggh nffqnjfjgkimmijmighk rnnqhomhfnngkjfhkonhj o o n V V |
  1
:;8: {rn rn {rn {ml o {mj nqjggfiiilhifmnfifmi {nl {mf 90-(>-; _h *1410(1 |
  1
/<*-): {rn rn {rn o 90-(>-; $ :'/@/>-@<*- 1*=, n 0/:1 m 
  1
 o n nqjggfiiilhifmnfgkg n 
  1
 roqhfkkgllnggkiffgnghh rnmiqmnofhhohmifgoool 
  1
 oqhfkkgllnggkjmommfn rnmiqmnofhhohmifgonkj 
  1
 o 
  1
 /3>1: rnohqjojgnkgjijjlmoog nffqnjfjgkimmijmhnjg rnmqhomhfnngkjfhlfmgh ro rn o o o n 90-(>-;@) V V V V 
  1
 " o o |
  1
):-+:' {rn rn {rn {nk o {lo |
  1
,+->687+r<*-): {rn rn {rn rnogqjojgnkgjijjlmoog nffqnjfjgkimmijmhnjg rnnqhomhfnngkjfijomfm rn o rhqnojkmhljhionoongjf:rnj V V |
  1
):-+:' {rn rn {rn {mn n {ln |
  1
,+->687+r<*-): {rn rn {rn rlioqfmhhifoonfkgfkjj nffqnjfjgkimmijmighk rnoqnnlgmkjkifojmonmh n o o V V |
  1
/061+ {rn rn {rn rlioqfmhhifoonfkggggh nffqnjfjgkimmijmighk rnnqhomhfnngkjfhkonhj |
  1
/061+ {rn rn {rn rlioqfmhhifoonfkgfkjj nffqnjfjgkimmijmighk rnoqnnlgmkjkifojmonmh |
  1
,+->687+r<*-): {rn rn {rn rnogqjojgnkgjijjlgigh nffqnjfjgkimmijmighk rnnqhomhfnngkjfhlfgm o o n V V |
  1
/061+ {rn rn {rn rnogqjojgnkgjijjlgigh nffqnjfjgkimmijmighk rnnqhomhfnngkjfhlfgm |
  1
/061+ {rn rn {rn rnogqjojgnkgjijjlmmfm nffqnjfjgkimmijmighk rnoqnnlgmkjkifojmonmh |
1001
ACAD_OBJECT_CHANGE_GUID
1070
     1
1071
826124253
1070
  4283
1070
 29259
1070
   129
1070
   107
1070
    63
1070
    59
1070
   251
1070
    97
1070
   245
1070
    42
  0
REGION
  5
2242
330
1F
100
AcDbEntity
  8
BASE
 62
     7
100
AcDbModelerGeometry
 70
     1
  1
mnjoo lm m mk          
  1
ni ^ *+0;:,4 ^ *+0\^ [ mo ^ LR mlnqiqmqijjlj QK o  
  1
mjqlfffffffffffffgjg fqfffffffffffffffjkh:roh nqooooooooooooooooli:rno 
  1
>,27:>;:- {rn rn _nl mlnqiqmqijjlj |
  1
=0;& {rn rn {rn {m {rn {l |
  1
3*2/ {rn rn {rn {rn {k {n |
  1
+->1,90-2 {rn rn n o o o n o o o n mgfoqkmngnimimihjhkg likgqkhfgignjiikhnhn rmmmqjnnigijklfglokim n 10@-0+>+: 10@-:93:<+ 10@,7:>- |
  1
,7:33 {rn rn {rn {rn {rn {j {rn {m |
  1
9><: {rn rn {rn {rn {i {k {rn {h 90-(>-; ;0*=3: 0*+ |
  1
300/ {rn rn {rn {rn {g {j |
  1
/3>1:r,*-9><: {rn rn {rn rljqjkmmfkiokmglmjilg nmhqnglglgmfhlnookij rnmqhomhfnngkjfhkoljl rn o o o rn nqlfhohoijkmiffoigkf:rnh 90-(>-;@) V V V V |
  1
<0:;8: {rn rn {rn {f {no {rn {nn 90-(>-; {i {nm |
  1
<0:;8: {rn rn {rn {nl {g {rn {nk -:):-,:; {i {nj |
  1
<0:;8: {rn rn {rn {g {nl {rn {ni 90-(>-; {i {nh |
  1
:;8: {rn rn {rn {ng o {nf mjmqmfhljnfjgholohjn {g {mo 90-(>-; _h *1410(1 |
  1
/<*-): {rn rn {rn o 90-(>-; $ :'/@/>-@<*- 1*=, l 0/:1 m 
  1
 nngkqilmkljomnngjhji l nkliqfmfhgifhfggggln l 
  1
 nmiqnkgihjfhfljnlih oqhfkkgllnggkioffljnm 
  1
 kmqokfjhghnojhjghmmi oqhfkkgllnggkinonnmhj 
  1
 rkmqokfjngjjgnffimmkg oqhfkkgllnggkinonnmhj 
  1
 rnmiqnkgihjfhfljnihfi oqhfkkgllnggkinomfolf 
  1
 o 
  1
 /3>1: rljqjkmmfkiokmglmjilg nmhqnglglgmfhlnookij rnmqhomhfnngkjfhkoljl rn o o o rn nqlfhohoijkmiffoigkf:rnh 90-(>-;@) V V V V 
  1
 " o o |
  1
<0:;8: {rn rn {rn {no {f {rn {mn 90-(>-; {i {mm |
  1
:;8: {rn rn {rn {ml o {nf nqjggfiiilhifmmookhf {f {mk 90-(>-; _h *1410(1 |
  1
/<*-): {rn rn {rn o 90-(>-; $ :'/@/>-@<*- 1*=, n 0/:1 m 
  1
 rnqjggfiiilhifmnfgkg n ro n 
  1
 rnmiqnkgihjfhfljnihfi oqhfkkgllnggkinomfolf 
  1
 rnmiqnkgihjfhfljniflf roqhfkkgllnggkiofjhfgk 
  1
 o 
  1
 /3>1: rljqjkmmfkiokmglmjilg nmhqnglglgmfhlnookij rnmqhomhfnngkjfhkoljl rn o o o rn nqlfhohoijkmiffoigkf:rnh 90-(>-;@) V V V V 
  1
 " o o |
  1
:;8: {rn rn {rn {mj o {ng nqjggfiiilhifmnklilj {no {mi 90-(>-; _h *1410(1 |
  1
/<*-): {rn rn {rn o 90-(>-; $ :'/@/>-@<*- 1*=, n 0/:1 m 
  1
 o n nqjggfiiilhifmnjgfji n 
  1
 nmiqnkgihjfhfljnljmg roqhfkkgllnggkiojgkfj 
  1
 nmiqnkgihjfhfljnlih oqhfkkgllnggkioffljnm 
  1
 o 
  1
 /3>1: rljqjkmmfkiokmglmjilg nmhqnglglgmfhlnookij rnmqhomhfnngkjfhkoljl rn o o o rn nqlfhohoijkmiffoigkf:rnh 90-(>-;@) V V V V 
  1
 " o o |
  1
):-+:' {rn rn {rn {nn o {mh |
  1
):-+:' {rn rn {rn {nn n {mg |
  1
,+->687+r<*-): {rn rn {rn rljqjkmmfkiokmglmjilg rnmiqnnljnliinlflomgj rnoqnnlgmkjkifojmonmh o n o V V |
  1
:;8: {rn rn {rn {ml o {mj mjmqmfhljnfjgholokii {nl {mf 90-(>-; _h *1410(1 |
  1
/<*-): {rn rn {rn o 90-(>-; $ :'/@/>-@<*- 1*=, l 0/:1 m 
  1
 rnkliqfmfhgifhfggggln l rnngkqilmkljomnngjhji l 
  1
 rnmiqnkgihjfhfljniflf roqhfkkgllnggkiofjhfgk 
  1
 rkmqokfjjgijfhglhnlmn roqhfkkgllnggkiogjnkol 
  1
 kmqokfjjgijfhglgmif roqhfkkgllnggkioifnjln 
  1
 nmiqnkgihjfhfljnljmg roqhfkkgllnggkiojgkfj 
  1
 o 
  1
 /3>1: rljqjkmmfkiokmglmjilg nmhqnglglgmfhlnookij rnmqhomhfnngkjfhkoljl rn o o o rn nqlfhohoijkmiffoigkf:rnh 90-(>-;@) V V V V 
  1
 " o o |
  1
):-+:' {rn rn {rn {nk o {lo |
  1
,+->687+r<*-): {rn rn {rn rljqjkmmfkiokmglmjilg nmiqnglglgmfhlnoongn rnnqhomhfnngkjfhkonhj o o n V V |
  1
):-+:' {rn rn {rn {mn n {ln |
  1
,+->687+r<*-): {rn rn {rn rljqjkmmfkiokmglmjilg rnmiqnnljnliinlflomgj rnnqhomhfnngkjfhlkkfn o o n V V |
  1
/061+ {rn rn {rn rljqjkmmfkiokmglmjilg rnmiqnnljnliinlflomgj rnoqnnlgmkjkifojmonmh |
  1
/061+ {rn rn {rn rljqjkmmfkiokmglmjilg nmiqnglglgmfhlnoolml rnoqnnlgmkjkifojmonmh |
  1
,+->687+r<*-): {rn rn {rn rljqjkmmfkiokmglmjilg nmiqnglglgmfhlnoongn rnnqhomhfnngkjfhlgokk o rn o V V |
  1
/061+ {rn rn {rn rljqjkmmfkiokmglmjilg nmiqnglglgmfhlnoongn rnnqhomhfnngkjfhkonhj |
  1
/061+ {rn rn {rn rljqjkmmfkiokmglmjilg rnmiqnnljnliinlflomgj rnnqhomhfnngkjfhlkkfn |
1001
ACAD_OBJECT_CHANGE_GUID
1070
     1
1071
567192194
1070
 -8596
1070
 -9396
1070
   167
1070
    68
1070
    12
1070
   132
1070
    11
1070
   145
1070
    60
1070
   107
  0
REGION
  5
2243
330
1F
100
AcDbEntity
  8
BASE
 62
     7
100
AcDbModelerGeometry
 70
     1
  1
mnjoo lm m mk          
  1
ni ^ *+0;:,4 ^ *+0\^ [ mo ^ LR mlnqiqmqijjlj QK o  
  1
mjqlfffffffffffffgjg fqfffffffffffffffjkh:roh nqooooooooooooooooli:rno 
  1
>,27:>;:- {rn rn _nl mlnqiqmqijjlj |
  1
=0;& {rn rn {rn {m {rn {l |
  1
3*2/ {rn rn {rn {rn {k {n |
  1
+->1,90-2 {rn rn n o o o n o o o n mgfoqkmngnimimihjhkg likgqkhfgignjiikhnhn rmmmqjnnigijklfglokim n 10@-0+>+: 10@-:93:<+ 10@,7:>- |
  1
,7:33 {rn rn {rn {rn {rn {j {rn {m |
  1
9><: {rn rn {rn {rn {i {k {rn {h 90-(>-; ;0*=3: 0*+ |
  1
300/ {rn rn {rn {rn {g {j |
  1
/3>1:r,*-9><: {rn rn {rn rlinqfmhhifoommjfffmh rnffqogfmjffgimifnjjk rnmqhomhfnngkiomljoig o n ro rnqjglglgokomgoohhkgj:rnk o n 90-(>-;@) V V V V |
  1
<0:;8: {rn rn {rn {f {no {rn {nn -:):-,:; {i {nm |
  1
<0:;8: {rn rn {rn {nl {g {rn {nk -:):-,:; {i {nj |
  1
<0:;8: {rn rn {rn {g {nl {rn {ni -:):-,:; {i {nh |
  1
:;8: {rn rn {rn {ng o {nf nqjggfiiilhifmnjfimm {g {mo 90-(>-; _h *1410(1 |
  1
/<*-): {rn rn {rn o 90-(>-; $ :'/@/>-@<*- 1*=, n 0/:1 m 
  1
 rnqjggfiiilhifmnjgfji n ro n 
  1
 oqhfkkgllnggklilnffnj nmiqmnofhhohmifgnhog 
  1
 roqhfkkgllnggkgjmjgjki nmiqmnofhhohmifgnkmk 
  1
 o 
  1
 /3>1: rlinqfmhhifoommjfffmh rnffqogfmjffgimifnjjk rnmqhomhfnngkiomljoig o n ro rnqjglglgokomgoohhkgj:rnk o n 90-(>-;@) V V V V 
  1
 " o o |
  1
<0:;8: {rn rn {rn {no {f {rn {mn 90-(>-; {i {mm |
  1
:;8: {rn rn {rn {ml kqigmlimhgfomfglhihm:rmi {ng mjmqkmnfjknkjlfinffj {f {mk 90-(>-; _h *1410(1 |
  1
/<*-): {rn rn {rn o 90-(>-; $ :'/@/>-@<*- 1*=, l 0/:1 m 
  1
 rnoifqkognfgkjolohjof l rgniqfgimkklokfnnmmkk l 
  1
 roqhfkkgllnggkgjmjgjki nmiqmnofhhohmifgnkmk 
  1
 roqhfkkgllnggkifookggn kmqoholmjifogffljmlh 
  1
 roqhfkkgllnggkjmhigfhf rkmqoholmjifogffkofmn 
  1
 roqhfkkgllnggklijnjlnk rnmiqmnofhhohmifgojhn 
  1
 o 
  1
 /3>1: rlinqfmhhifoommjfffmh rnffqogfmjffgimifnjjk rnmqhomhfnngkiomljoig o n ro rnqjglglgokomgoohhkgj:rnk o n 90-(>-;@) V V V V 
  1
 " o o |
  1
:;8: {rn rn {rn {nf o {mj mjmqkmnfjknkjlfimmhf {no {mi 90-(>-; _h *1410(1 |
  1
/<*-): {rn rn {rn o 90-(>-; $ :'/@/>-@<*- 1*=, l 0/:1 m 
  1
 gniqfgimkklokfnnmmkk l noifqkognfgkjolohjof l 
  1
 oqhfkkgllnggkgjilnjgn rnmiqmnofhhohmifgoool 
  1
 oqhfkkgllnggkifmoomg rkmqoholmjifogffljmlh 
  1
 oqhfkkgllnggkjmhjnmni kmqoholmjifogfflgohf 
  1
 oqhfkkgllnggklilnffnj nmiqmnofhhohmifgnhog 
  1
 o 
  1
 /3>1: rlinqfmhhifoommjfffmh rnffqogfmjffgimifnjjk rnmqhomhfnngkiomljoig o n ro rnqjglglgokomgoohhkgj:rnk o n 90-(>-;@) V V V V 
  1
 " o o |
  1
):-+:' {rn rn {rn {nn o {mh |
  1
):-+:' {rn rn {rn {nn n {mg |
  1
,+->687+r<*-): {rn rn {rn rnogqjojgnkgjigilhflm rnffqogfmjffgimifnjjk rnnqhomhfnngkjfhliof rnqkmnogjkhnjmomoolhm:rnk o n V V |
  1
:;8: {rn rn {rn {ml o {mj nqjggfiiilhifmmjhlmm {nl {mf 90-(>-; _h *1410(1 |
  1
/<*-): {rn rn {rn o 90-(>-; $ :'/@/>-@<*- 1*=, n 0/:1 m 
  1
 o n nqjggfiiilhifmmnjg n 
  1
 roqhfkkgllnggklijnjlnk rnmiqmnofhhohmifgojhn 
  1
 oqhfkkgllnggkgjilnjgn rnmiqmnofhhohmifgoool 
  1
 o 
  1
 /3>1: rlinqfmhhifoommjfffmh rnffqogfmjffgimifnjjk rnmqhomhfnngkiomljoig o n ro rnqjglglgokomgoohhkgj:rnk o n 90-(>-;@) V V V V 
  1
 " o o |
  1
):-+:' {rn rn {rn {nk o {lo |
  1
,+->687+r<*-): {rn rn {rn rlioqfmhhifoommjfffmh rnffqogfmjffgimifnjjk rnnqhomhfnngkjffgjkf n o nqfjlffmjmllkomhjjnn:rnk V V |
  1
):-+:' {rn rn {rn {mn n {ln |
  1
,+->687+r<*-): {rn rn {rn rnogqjojgnkgjigilgmnh rnffqogfmjffgimifnjjk rnoqnnlgmkjkifojmonmh rn o o V V |
  1
/061+ {rn rn {rn rnogqjojgnkgjigilhflm rnffqogfmjffgimifnjjk rnnqhomhfnngkjfhliof |
  1
/061+ {rn rn {rn rnogqjojgnkgjigilgmnh rnffqogfmjffgimifnjjk rnoqnnlgmkjkifojmonmh |
  1
,+->687+r<*-): {rn rn {rn rlioqfmhhifoommjfffmh rnffqogfmjffgimifnjjk rnnqhomhfnngkjfhkjgi o o n V V |
  1
/061+ {rn rn {rn rlioqfmhhifoommjfffmh rnffqogfmjffgimifnjjk rnnqhomhfnngkjfhkjgi |
  1
/061+ {rn rn {rn rlioqfmhhifoommiookfj rnffqogfmjffgimifnjjk rnoqnnlgmkjkifojmonmh |
1001
ACAD_OBJECT_CHANGE_GUID
1070
     1
1071
1223393371
1070
 -2208
1070
  3919
1070
   128
1070
   247
1070
   126
1070
    91
1070
    65
1070
   222
1070
    72
1070
   206
  0
SURFACE
  5
2244
330
1F
100
AcDbEntity
  8
BASE
 62
     7
160
                 8
310
0800000000000000
100
AcDbModelerGeometry
 70
     1
  1
mnjoo lh m mk          
  1
ni ^ *+0;:,4 ^ *+0\^ [ mo ^ LR mlnqiqmqijjlj QK o  
  1
mjqlfffffffffffffgjg fqfffffffffffffffjkh:roh nqooooooooooooooooli:rno 
  1
>,27:>;:- {rn rn _nl mlnqiqmqijjlj |
  1
=0;& {rn rn {rn {m {rn {l |
  1
3*2/ {rn rn {rn {rn {k {n |
  1
+->1,90-2 {rn rn n o o o n o o o n mgfoqkmngnimimihjhkg likgqkhfgignjiikhnhn rmmmqjnnigijklfglokim n 10@-0+>+: 10@-:93:<+ 10@,7:>- |
  1
,7:33 {rn rn {rn {rn {rn {j {rn {m |
  1
9><: {i rn {rn {rn {h {k {rn {g 90-(>-; ;0*=3: 0*+ |
  1
/:-,*=:1+r><>;L036;W6,+0-&r>++-6= {rn rn {rn {rn {j n nml nooooooooo noon |
  1
300/ {rn rn {rn {rn {f {j |
  1
,/361:r,*-9><: {rn rn {rn 90-(>-; $ :'><+@,/3@,*- mofoo 9*33 1*=, n l 0/:1 0/:1 101: 101: m i 
  1
 o n nqjggfiiilhifmmjjjki n 
  1
 honqhimoohhllfjkjlll l hloqiolfjfgnfmfglmkf m hjfqkkilgffgfnmfkklm l hhlqgnlfilkhhkjnkiin m hggqngnjloommimnljfk m 
  1
 gniqfgimkklokfnnmmkk l 
  1
 rkllqgfnmgfmjkjmffijj rnmiqnnljnliiofmiool rnnqhomhfnngkjfhkjgi 
  1
 rkllqgfnmgfmjkjmffijj rnmiqnnljnliiofmiool rnoqnnlgmkjkifojmoloj 
  1
 rkllqgfnmggnlghgfioj rnljqifihgfmlnojjkkhj rnnqhomhfnngkjfhkjgi 
  1
 rkllqgfnmggnlghgfioj rnljqifihgfmlnojjkkhj rnoqnnlgmkjkifojmoloj 
  1
 rklmqoojimignmhjhhgml rnkjqngikhmjiohhmjmfn rnnqhomhfnngkjfhkjgi 
  1
 rklmqoojimignmhjhhgml rnkjqngikhmjiohhmjmfn rnoqnnlgmkjkifojmoloj 
  1
 rkmkqihklmjkjhimgjglj rnimqgfjgffhigkhhhoki rnnqhomhfnngkjfhkjgi 
  1
 rkmkqihklmjkjhimgjglj rnimqgfjgffhigkhhhoki rnoqnnlgmkjkifojmoloj 
  1
 rknfqloojfiloghliijgn rnhoqfkniffonofinhnlm rnnqhomhfnngkjfhkjgi 
  1
 rknfqloojfiloghliijgn rnhoqfkniffonofinhnlm rnoqnnlgmkjkifojmoloj 
  1
 rknmqjmkjmonhihijmlin rnhhqhngfnojhgkifiiog rnnqhomhfnngkjfhkjgi 
  1
 rknmqjmkjmonhihijmlin rnhhqhngfnojhgkifiiog rnoqnnlgmkjkifojmoloj 
  1
 rkofqnkjohljlmgfnhmf rngnqofgfmljookgignfm rnnqhomhfnngkjfhkjgi 
  1
 rkofqnkjohljlmgfnhmf rngnqofgfmljookgignfm rnoqnnlgmkjkifojmoloj 
  1
 rkojqkkniniokhooknnhh rngkqnlgjloikohofmlkk rnnqhomhfnngkjfhkjgi 
  1
 rkojqkkniniokhooknnhh rngkqnlgjloikohofmlkk rnoqnnlgmkjkifojmoloj 
  1
 rlfhqkflllmnlninlkkmj rngfqkkflfflmllikning rnnqhomhfnngkjfhkjgi 
  1
 rlfhqkflllmnlninlkkmj rngfqkkflfflmllikning rnoqnnlgmkjkifojmoloj 
  1
 rlflqmihgkfnhmlmngoln rnfnqhohhlihfilllkkfj rnnqhomhfnngkjfhkjgi 
  1
 rlflqmihgkfnhmlmngoln rnfnqhohhlihfilllkkfj rnoqnnlgmkjkifojmoloj 
  1
 rlhfqffgilogkgnoijgim rnfhqmolonlgmimklfgfn rnnqhomhfnngkjfhkjgi 
  1
 rlhfqffgilogkgnoijgim rnfhqmolonlgmimklfgfn rnoqnnlgmkjkifojmoloj 
  1
 rlhoqjnonmimkkogjlnlk rnffqogfmjgghjhlhonil rnnqhomhfnngkjfhkjgi 
  1
 rlhoqjnonmimkkogjmjij rnffqogfmjgghjhlhonil rnoqnnlgmkjkifojmoloj 
  1
 rlioqfmhhifoommjfffmh rnffqogfmjffgimifnjjk rnnqhomhfnngkjfhkjgi 
  1
 rlioqfmhhifoommjfffmh rnffqogfmjffgimifnjjk rnoqnnlgmkjkifojmoloj 
  1
 o 
  1
 
  1
 o 
  1
 o 
  1
 o 
  1
 o 
  1
 o 
  1
 o 
  1
 Y Y o Y nqjggfiiilhifmmjjjki Y honqhimoohhllfjkjlll Y gniqfgimkklokfnnmmkk ZGKZQ[Z[@Xn " Y o Y nqjggfiiilhifmmjjjki Y honqhimoohhllfjkjlll Y gniqfgimkklokfnnmmkk |
  1
<0:;8: {rn rn {rn {no {nn {rn {nm -:):-,:; {h {nl |
  1
<0:;8: {rn rn {rn {nk {f {rn {nj -:):-,:; {h {ni |
  1
<0:;8: {rn rn {rn {f {nk {rn {nh -:):-,:; {h {ng |
  1
:;8: {nf rn {rn {mo o {mn nqjggfiiilhifmmjhlmm {f {mm 90-(>-; _h *1410(1 |
  1
/<*-): {rn rn {rn o 90-(>-; $ :'/@/>-@<*- 1*=, n 0/:1 m 
  1
 rnqjggfiiilhifmmnjg n ro n 
  1
 nqjggfiiilhifmmjjjki gniqfgimkklokfnnmmkk 
  1
 o gniqfgimkklokfnnmmkk 
  1
 o 
  1
 ,/361: 90-(>-; $ -:9 o " Y o Y nqjggfiiilhifmmjjjki Y honqhimoohhllfjkjlll Y gniqfgimkklokfnnmmkk 
  1
 " o o |
  1
<0:;8: {rn rn {rn {nn {no {rn {ml 90-(>-; {h {mk |
  1
:;8: {mj rn {rn {mi honqhimoohhllfjkjlll {mo gniqfgimkklokfnnmmkk {no {mh 90-(>-; _h *1410(1 |
  1
/<*-): {rn rn {rn o 90-(>-; $ :'/@/>-@<*- 1*=, n 0/:1 m 
  1
 rgniqfgimkklokfnnmmkk n rhonqhimoohhllfjkjlll n 
  1
 o gniqfgimkklokfnnmmkk 
  1
 o honqhimoohhllfjkjlll 
  1
 o 
  1
 ,/361: 90-(>-; $ -:9 o " Y o Y nqjggfiiilhifmmjjjki Y honqhimoohhllfjkjlll Y gniqfgimkklokfnnmmkk 
  1
 " o o |
  1
:;8: {mg rn {rn {mn rgniqfgimkklokfnnmmkk {mf rhonqhimoohhllfjkjlll {nn {lo 90-(>-; _h *1410(1 |
  1
/<*-): {rn rn {rn o 90-(>-; $ :'/@/>-@<*- 1*=, n 0/:1 m 
  1
 honqhimoohhllfjkjlll n gniqfgimkklokfnnmmkk n 
  1
 nqjggfiiilhifmmjjnom honqhimoohhllfjkjlll 
  1
 nqjggfiiilhifmmjjjki gniqfgimkklokfnnmmkk 
  1
 o 
  1
 ,/361: 90-(>-; $ -:9 o " Y o Y nqjggfiiilhifmmjjjki Y honqhimoohhllfjkjlll Y gniqfgimkklokfnnmmkk 
  1
 " o o |
  1
/:-,*=:1+r><>;L036;W6,+0-&r>++-6= {rn rn {rn {rn {nm n nml nooooooooo jnoon |
  1
):-+:' {rn rn {rn {nm o {ln |
  1
):-+:' {rn rn {rn {nm n {lm |
  1
,+->687+r<*-): {rn rn {rn rlioqfmhhifoommjfffmh rnffqogfmjffgimifnjjk rnnqhomhfnngkjfhkjgi o o n V V |
  1
:;8: {ll rn {rn {mi o {mf nqjggfiiilhifmmjhlmm {nk {lk 90-(>-; _h *1410(1 |
  1
/<*-): {rn rn {rn o 90-(>-; $ :'/@/>-@<*- 1*=, n 0/:1 m 
  1
 ro n nqjggfiiilhifmmjjlmk n 
  1
 o honqhimoohhllfjkjlll 
  1
 nqjggfiiilhifmmjjnom honqhimoohhllfjkjlll 
  1
 o 
  1
 ,/361: 90-(>-; $ -:9 o " Y o Y nqjggfiiilhifmmjjjki Y honqhimoohhllfjkjlll Y gniqfgimkklokfnnmmkk 
  1
 " o o |
  1
/:-,*=:1+r><>;L036;W6,+0-&r>++-6= {rn rn {rn {rn {nj n nml nooooooooo njnoon |
  1
):-+:' {rn rn {rn {nj o {lj |
  1
61+<*-):r<*-): {rn rn {rn 90-(>-; $ :'><+@61+@<*- mofoo 9*33 1*=, l 0/:1 i 
  1
 honqhimoohhllfjkjlll l hloqiolfjfgnfmfglmkf m hjfqkkilgffgfnmfkklm l hhlqgnlfilkhhkjnkiin m hggqngnjloommimnljfk m 
  1
 gniqfgimkklokfnnmmkk l 
  1
 rkllqgfnmgfmjkjmffijj rnmiqnnljnliiofmiool rnnqhomhfnngkjfhkjgi 
  1
 rkllqgfnmggnlghgfioj rnljqifihgfmlnojjkkhj rnnqhomhfnngkjfhkjgi 
  1
 rklmqoojimignmhjhhgml rnkjqngikhmjiohhmjmfn rnnqhomhfnngkjfhkjgi 
  1
 rkmkqihklmjkjhimgjglj rnimqgfjgffhigkhhhoki rnnqhomhfnngkjfhkjgi 
  1
 rknfqloojfiloghliijgn rnhoqfkniffonofinhnlm rnnqhomhfnngkjfhkjgi 
  1
 rknmqjmkjmonhihijmlin rnhhqhngfnojhgkifiiog rnnqhomhfnngkjfhkjgi 
  1
 rkofqnkjohljlmgfnhmf rngnqofgfmljookgignfm rnnqhomhfnngkjfhkjgi 
  1
 rkojqkkniniokhooknnhh rngkqnlgjloikohofmlkk rnnqhomhfnngkjfhkjgi 
  1
 rlfhqkflllmnlninlkkmj rngfqkkflfflmllikning rnnqhomhfnngkjfhkjgi 
  1
 rlflqmihgkfnhmlmngoln rnfnqhohhlihfilllkkfj rnnqhomhfnngkjfhkjgi 
  1
 rlhfqffgilogkgnoijgim rnfhqmolonlgmimklfgfn rnnqhomhfnngkjfhkjgi 
  1
 rlhoqjnonmimkkogjlnlk rnffqogfmjgghjhlhonil rnnqhomhfnngkjfhkjgi 
  1
 rlioqfmhhifoommjfffmh rnffqogfmjffgimifnjjk rnnqhomhfnngkjfhkjgi 
  1
 o 
  1
 
  1
 1*33@,*-9><: 
  1
 1*33@,*-9><: 
  1
 1*33=, 
  1
 1*33=, 
  1
 V V 
  1
 o 
  1
 o 
  1
 o 
  1
 
  1
 o Y honqhimoohhllfjkjlll Y gniqfgimkklokfnnmmkk JQZGKZQ[Z[ JQZGKZQ[Z[ " Y honqhimoohhllfjkjlll Y gniqfgimkklokfnnmmkk |
  1
/:-,*=:1+r><>;L036;W6,+0-&r>++-6= {rn rn {rn {rn {nh n nml nooooooooo ljnoon |
  1
):-+:' {rn rn {rn {ml n {li |
  1
61+<*-):r<*-): {rn rn {rn 90-(>-; $ :'><+@61+@<*- mofoo 9*33 1*=, l 0/:1 i 
  1
 rgniqfgimkklokfnnmmkk l rhggqngnjloommimnljfk m rhhlqgnlfilkhhkjnkiin m rhjfqkkilgffgfnmfkklm l rhloqiolfjfgnfmfglmkf m 
  1
 rhonqhimoohhllfjkjlll l 
  1
 rlioqfmhhifoommjfffmh rnffqogfmjffgimifnjjk rnoqnnlgmkjkifojmoloj 
  1
 rlhoqjnonmimkkogjmjij rnffqogfmjgghjhlhonil rnoqnnlgmkjkifojmoloj 
  1
 rlhfqffgilogkgnoijgim rnfhqmolonlgmimklfgfn rnoqnnlgmkjkifojmoloj 
  1
 rlflqmihgkfnhmlmngoln rnfnqhohhlihfilllkkfj rnoqnnlgmkjkifojmoloj 
  1
 rlfhqkflllmnlninlkkmj rngfqkkflfflmllikning rnoqnnlgmkjkifojmoloj 
  1
 rkojqkkniniokhooknnhh rngkqnlgjloikohofmlkk rnoqnnlgmkjkifojmoloj 
  1
 rkofqnkjohljlmgfnhmf rngnqofgfmljookgignfm rnoqnnlgmkjkifojmoloj 
  1
 rknmqjmkjmonhihijmlin rnhhqhngfnojhgkifiiog rnoqnnlgmkjkifojmoloj 
  1
 rknfqloojfiloghliijgn rnhoqfkniffonofinhnlm rnoqnnlgmkjkifojmoloj 
  1
 rkmkqihklmjkjhimgjglj rnimqgfjgffhigkhhhoki rnoqnnlgmkjkifojmoloj 
  1
 rklmqoojimignmhjhhgml rnkjqngikhmjiohhmjmfn rnoqnnlgmkjkifojmoloj 
  1
 rkllqgfnmggnlghgfioj rnljqifihgfmlnojjkkhj rnoqnnlgmkjkifojmoloj 
  1
 rkllqgfnmgfmjkjmffijj rnmiqnnljnliiofmiool rnoqnnlgmkjkifojmoloj 
  1
 o 
  1
 
  1
 1*33@,*-9><: 
  1
 1*33@,*-9><: 
  1
 1*33=, 
  1
 1*33=, 
  1
 V V 
  1
 o 
  1
 o 
  1
 o 
  1
 
  1
 o Y rgniqfgimkklokfnnmmkk Y rhonqhimoohhllfjkjlll JQZGKZQ[Z[ JQZGKZQ[Z[ " Y rgniqfgimkklokfnnmmkk Y rhonqhimoohhllfjkjlll |
  1
/061+ {rn rn {rn rlioqfmhhifoommjfffmh rnffqogfmjffgimifnjjk rnnqhomhfnngkjfhkjgi |
  1
/061+ {rn rn {rn rlioqfmhhifoommiookfj rnffqogfmjffgimifnjjk rnoqnnlgmkjkifojmonmh |
  1
/:-,*=:1+r><>;L036;W6,+0-&r>++-6= {rn rn {rn {rn {ml n nml nooooooooo mjnoon |
  1
,+->687+r<*-): {rn rn {rn rkllqgfnmgfmjkjmffijj rnmiqnnljnliiofmiool rnnqhomhfnngkjfhkjgi o o n V V |
  1
/061+ {rn rn {rn rkllqgfnmgfmjkjmffijj rnmiqnnljnliiofmiool rnnqhomhfnngkjfhkjgi |
  1
/061+ {rn rn {rn rkllqgfnmgfmjkjmffijj rnmiqnnljnliiofmiool rnoqnnlgmkjkifojmonmh |
100
AcDbSurface
 71
     6
 72
     6
1001
ACAD_STEPID
1071
      123
1001
ACAD_OBJECT_CHANGE_GUID
1070
     1
1071
-645380044
1070
 20155
1070
 15945
1070
   134
1070
   161
1070
   102
1070
   159
1070
   158
1070
   218
1070
    47
1070
   179
  0
REGION
  5
2245
330
1F
100
AcDbEntity
  8
BASE
 62
     7
100
AcDbModelerGeometry
 70
     1
  1
mnjoo lm m mk          
  1
ni ^ *+0;:,4 ^ *+0\^ [ mo ^ LR mlnqiqmqijjlj QK o  
  1
mjqlfffffffffffffgjg fqfffffffffffffffjkh:roh nqooooooooooooooooli:rno 
  1
>,27:>;:- {rn rn _nl mlnqiqmqijjlj |
  1
=0;& {rn rn {rn {m {rn {l |
  1
3*2/ {rn rn {rn {rn {k {n |
  1
+->1,90-2 {rn rn n o o o n o o o n mgfoqkmngnimimihjhkg likgqkhfgignjiikhnhn rmmmqjnnigijklfglokim n 10@-0+>+: 10@-:93:<+ 10@,7:>- |
  1
,7:33 {rn rn {rn {rn {rn {j {rn {m |
  1
9><: {rn rn {rn {rn {i {k {rn {h 90-(>-; ;0*=3: 0*+ |
  1
300/ {rn rn {rn {rn {g {j |
  1
/3>1:r,*-9><: {rn rn {rn rkllqgfnmgfmjkjmffijj rnmhqnnljnliiofmiool rnmqhomhfnngkjfhkjgi n o o o n o 90-(>-;@) V V V V |
  1
<0:;8: {rn rn {rn {f {no {rn {nn 90-(>-; {i {nm |
  1
<0:;8: {rn rn {rn {nl {g {rn {nk -:):-,:; {i {nj |
  1
<0:;8: {rn rn {rn {g {nl {rn {ni 90-(>-; {i {nh |
  1
:;8: {rn rn {rn {ng o {nf mjmqmfhljnfjghomimol {g {mo 90-(>-; _h *1410(1 |
  1
/<*-): {rn rn {rn o 90-(>-; $ :'/@/>-@<*- 1*=, l 0/:1 m 
  1
 kkfqkikijjhhjmjnfnmf l honqhimoohhllfjkjlll l 
  1
 nmiqnkgihjfhfljnmgnh oqhfkkgllnggkinmhhhmf 
  1
 kmqokfjngjjgnffihflm oqhfkkgllnggkinmhhhmf 
  1
 rkmqokfjhghnojhjgnjkm oqhfkkgllnggkinmjffij 
  1
 rnmiqnkgihjfhfljnlnom oqhfkkgllnggkinmjffij 
  1
 o 
  1
 /3>1: rkllqgfnmgfmjkjmffijj rnmhqnnljnliiofmiool rnmqhomhfnngkjfhkjgi n o o o n o 90-(>-;@) V V V V 
  1
 " o o |
  1
<0:;8: {rn rn {rn {no {f {rn {mn 90-(>-; {i {mm |
  1
:;8: {rn rn {rn {ml o {nf nqjggfiiilhifmmjhlmm {f {mk 90-(>-; _h *1410(1 |
  1
/<*-): {rn rn {rn o 90-(>-; $ :'/@/>-@<*- 1*=, n 0/:1 m 
  1
 rnqjggfiiilhifmmjjlmk n ro n 
  1
 rnmiqnkgihjfhfljnlnom oqhfkkgllnggkinmjffij 
  1
 rnmiqnkgihjfhfljnlnom roqhfkkgllnggkinmhhhmf 
  1
 o 
  1
 /3>1: rkllqgfnmgfmjkjmffijj rnmhqnnljnliiofmiool rnmqhomhfnngkjfhkjgi n o o o n o 90-(>-;@) V V V V 
  1
 " o o |
  1
:;8: {rn rn {rn {mj rgqggnhgknfhoonmjmlml:rnj {ng nqjggfiiilhifmmlfjjf {no {mi 90-(>-; _h *1410(1 |
  1
/<*-): {rn rn {rn o 90-(>-; $ :'/@/>-@<*- 1*=, n 0/:1 m 
  1
 o n nqjggfiiilhifmmligfk n 
  1
 nmiqnkgihjfhfljnlnom roqhfkkgllnggkinnooofl 
  1
 nmiqnkgihjfhfljnmgnh oqhfkkgllnggkinmhhhmf 
  1
 o 
  1
 /3>1: rkllqgfnmgfmjkjmffijj rnmhqnnljnliiofmiool rnmqhomhfnngkjfhkjgi n o o o n o 90-(>-;@) V V V V 
  1
 " o o |
  1
):-+:' {rn rn {rn {nn o {mh |
  1
):-+:' {rn rn {rn {nn n {mg |
  1
,+->687+r<*-): {rn rn {rn rkllqgfnmgfmjkjmffijj nmiqnglglgmfhhhiioln rnoqnnlgmkjkifojmonmh o rn o V V |
  1
:;8: {rn rn {rn {ml nqkmnogjkhnjmomoolhm:rnk {mj mjmqmfhljnfjghomimol {nl {mf 90-(>-; _h *1410(1 |
  1
/<*-): {rn rn {rn o 90-(>-; $ :'/@/>-@<*- 1*=, l 0/:1 m 
  1
 rhonqhimoohhllfjkjlll l rkkfqkikijjhhjmjnfnmf l 
  1
 rnmiqnkgihjfhfljnlnom roqhfkkgllnggkinmhhhmf 
  1
 rkmqokfjjgijfhglhhooj roqhfkkgllnggkinmmkklg 
  1
 kmqokfjjgijfhglhhooj roqhfkkgllnggkinnjllgk 
  1
 nmiqnkgihjfhfljnlnom roqhfkkgllnggkinnooofl 
  1
 o 
  1
 /3>1: rkllqgfnmgfmjkjmffijj rnmhqnnljnliiofmiool rnmqhomhfnngkjfhkjgi n o o o n o 90-(>-;@) V V V V 
  1
 " o o |
  1
):-+:' {rn rn {rn {nk o {lo |
  1
,+->687+r<*-): {rn rn {rn rkllqgfnmgfmjkjmffijj rnmiqnnljnliiofmiool rnnqhomhfnngkjfhkjgi o o n V V |
  1
):-+:' {rn rn {rn {mn n {ln |
  1
,+->687+r<*-): {rn rn {rn rkllqgfnmgfmjkjmffijj nmiqnglglgmfhhhiinhl rnnqhomhfnngkjfhkkogl o o n V V |
  1
/061+ {rn rn {rn rkllqgfnmgfmjkjmffijj nmiqnglglgmfhhhiioln rnoqnnlgmkjkifojmonmh |
  1
/061+ {rn rn {rn rkllqgfnmgfmjkjmffijj rnmiqnnljnliiofmiool rnoqnnlgmkjkifojmonmh |
  1
,+->687+r<*-): {rn rn {rn rkllqgfnmgfmjkjmffijj rnmiqnnljnliiofmionhm rnnqhomhfnngkjfhkkfhn o n o V V |
  1
/061+ {rn rn {rn rkllqgfnmgfmjkjmffijj rnmiqnnljnliiofmiool rnnqhomhfnngkjfhkjgi |
  1
/061+ {rn rn {rn rkllqgfnmgfmjkjmffijj nmiqnglglgmfhhhiinhl rnnqhomhfnngkjfhkkfhn |
1001
ACAD_OBJECT_CHANGE_GUID
1070
     1
1071
-916656741
1070
-17000
1070
-25020
1070
   145
1070
   236
1070
    85
1070
   195
1070
   174
1070
     8
1070
   116
1070
   139
  0
REGION
  5
2246
330
1F
100
AcDbEntity
  8
BASE
 62
     7
100
AcDbModelerGeometry
 70
     1
  1
mnjoo nmf m mk         
  1
ni ^ *+0;:,4 ^ *+0\^ [ mo ^ LR mlnqiqmqijjlj QK o  
  1
mjqlfffffffffffffgjg fqfffffffffffffffjkh:roh nqooooooooooooooooli:rno 
  1
>,27:>;:- {rn rn _nl mlnqiqmqijjlj |
  1
=0;& {rn rn {rn {m {rn {l |
  1
3*2/ {rn rn {rn {rn {k {n |
  1
+->1,90-2 {rn rn n o o o n o o o n mgfoqkmngnimimihjhkg likgqkhfgignjiikhnhn rmmmqjnnigijklfglokim n 10@-0+>+: 10@-:93:<+ 10@,7:>- |
  1
,7:33 {rn rn {rn {rn {rn {j {rn {m |
  1
9><: {rn rn {rn {rn {i {k {rn {h 90-(>-; ;0*=3: 0*+ |
  1
300/ {rn rn {rn {g {f {j |
  1
/3>1:r,*-9><: {rn rn {rn rkjjqofjifmhkkllnnlnj mnfqloiongokmnnlfhim rnoqnnlgmkjkifojmonmh ro o n o rn o 90-(>-;@) V V V V |
  1
300/ {rn rn {rn {rn {no {j |
  1
<0:;8: {rn rn {rn {nn {nm {rn {nl 90-(>-; {i {nk |
  1
<0:;8: {rn rn {rn {nj {ni {rn {nh -:):-,:; {g {ng |
  1
<0:;8: {rn rn {rn {nf {f {rn {mo 90-(>-; {i {mn |
  1
<0:;8: {rn rn {rn {f {mm {rn {ml 90-(>-; {i {mk |
  1
:;8: {rn rn {rn {mj ro {mi llqlhkinhlmifffflnhg {f {mh 90-(>-; _h *1410(1 |
  1
/<*-): {rn rn {rn o 90-(>-; $ :'/@/>-@<*- 1*=, l 0/:1 i 
  1
 o l iqoffnnkijmlijhnmhog l nmqfngoilhknmhlnkioj l nfqhlifhnogggmjmmnkk l miqjjjhghoolhhfijmim l 
  1
 llqlhkinhlmifffflnhg l 
  1
 nfjqmonngomnijnlfgfg mmnqkkgnhfnjgljkmlin 
  1
 nfkqmkmjoolommmkljhl mnfqiinmhmmlhgjmikmg 
  1
 nfmqfhingnmkhmolkff mngqojhkhgfihonlijnn 
  1
 nfnqkioklhlkkofhiknh mniqhnokohfjkfnmhnoh 
  1
 ngfqhiigiljggfilmngj mnjqmojmfinolknhlnof 
  1
 nghqhflljifgjogoljog mnkqokgiohnninohnhhh 
  1
 ngjqijmifloomlhmnggf mnlqloimigmmjomiffhm 
  1
 nglqjnmokmnmlkhkkmff mnmqjilfllghgogmhohj 
  1
 ngnqmkinlolhmogmfkkf mnmqmjokhookofhlgjng 
  1
 nhgqfgklkjnmmjigiifm mnmqlgliiknfijjimgnf 
  1
 nhiqhmmjfomooimjfhl mnmqjnigjijiinhffnoh 
  1
 nhkqjofnjhiikhlmngjg mnlqofkofnnloggjfffj 
  1
 nhmqkhokoiknhjighnog mnkqogmkojfhlnfgmoin 
  1
 nhoqklnijogimkfnjhfg mnjqohohmmfolgljmhj 
  1
 nigqiohknnmfnkklonkj mniqkjognmhnjnkjikkf 
  1
 nihqnongfhmnmjlookhf mngqnklfinoflojlnhgj 
  1
 o 
  1
 /3>1: rkjjqofjifmhkkllnnlnj mnfqloiongokmnnlfhim rnoqnnlgmkjkifojmonmh ro o n o rn o 90-(>-;@) V V V V 
  1
 " o o |
  1
<0:;8: {rn rn {rn {mg {no {rn {mf 90-(>-; {g {lo |
  1
<0:;8: {rn rn {rn {no {ln {rn {lm 90-(>-; {g {ll |
  1
:;8: {rn rn {rn {lk o {lj mjmqmfhljnfjghomimol {no {li 90-(>-; _h *1410(1 |
  1
/<*-): {rn rn {rn o 90-(>-; $ :'/@/>-@<*- 1*=, l 0/:1 m 
  1
 rhonqhimoohhllfjkjlll l rkkfqkikijjhhjmjnfnmf l 
  1
 nmiqnnljoiofgllojngn rmonqmklhhjiigjjlljkl 
  1
 kmqonkkoggmfjjjolhjl rmonqmklhhjiigjjlljkl 
  1
 rkmqogkiggklfmmokjhmn rmonqmklhhjiigjjlljkl 
  1
 rnmiqnglgkjgiolhmohlg rmonqmklhhjiigjjlljkl 
  1
 o 
  1
 /3>1: rkjjqofjifmhkkllnnlnj mnfqloiongokmnnlfhim rnoqnnlgmkjkifojmonmh ro o n o rn o 90-(>-;@) V V V V 
  1
 " o o |
  1
<0:;8: {rn rn {rn {lh {nn {rn {lg 90-(>-; {i {lf |
  1
:;8: {rn rn {rn {mi llqlhkinhlmifffflnhg {ko lhqkmljfiklninjlflfj {nn {kn 90-(>-; _h *1410(1 |
  1
/<*-): {rn rn {rn o 90-(>-; $ :'/@/>-@<*- 1*=, l 0/:1 m 
  1
 llqlhkinhlmifffflnhg l lhqkmljfiklninjlflfj l 
  1
 nihqnongfhmnmjlookhf mngqnklfinoflojlnhgj 
  1
 niiqmoiofohfokmlnokk mnfqnjnknlnoihgfhgfl 
  1
 nijqklnkljogkijklnoh mmoqmiolhgfifnofoknm 
  1
 nikqhflgnolhjkkiilfh mmnqkkgnhfnjgljkmlin 
  1
 o 
  1
 /3>1: rkjjqofjifmhkkllnnlnj mnfqloiongokmnnlfhim rnoqnnlgmkjkifojmonmh ro o n o rn o 90-(>-;@) V V V V 
  1
 " o o |
  1
<0:;8: {rn rn {rn {nm {km {rn {kl -:):-,:; {i {kk |
  1
:;8: {rn rn {rn {kj o {mj mlqnokgkjljklnnlmmjg {nm {ki 90-(>-; _h *1410(1 |
  1
/<*-): {rn rn {rn o 90-(>-; $ :'/@/>-@<*- 1*=, n 0/:1 m 
  1
 rhkhqiinnmljflokkgimf n rhmmqogkkkgikogfomgih n 
  1
 mngqloiomjjhogmjlnml mmnqkkgnhfnjgljkmlin 
  1
 nfjqmonngomnijnlfgfg mmnqkkgnhfnjgljkmlin 
  1
 o 
  1
 /3>1: rkjjqofjifmhkkllnnlnj mnfqloiongokmnnlfhim rnoqnnlgmkjkifojmonmh ro o n o rn o 90-(>-;@) V V V V 
  1
 " o o |
  1
):-+:' {rn rn {rn {nl o {kh |
  1
):-+:' {rn rn {rn {nl n {kg |
  1
61+<*-):r<*-): {rn rn {rn 90-(>-; $ :'><+@61+@<*- mofoo 9*33 1*=, l 0/:1 ll 
  1
 ro l mqogkkojjfkhkimlifgf m kqnoomogkmflgmhiklog m kqlkihglkjmljmlgllfm m kqjfmnngfjjlikllljii m 
  1
 jqohfohnhlmgihogkmkl m iqolhfljokghngkmiihg m iqfflfkfonjjhhkljfhf m hqfhojhihhfkifimifkf m gqkiinmfnikojkkhgfoi m 
  1
 gqfiikfgokfmfiljigjk m fqfgnijinklfjlmkgjnh m nmqoimnkhimnillgilgf m nmqlmikjfkkkhggjlij m nmqjfnikflnkmghjfjlh m 
  1
 nlqnmkilmgnkgljhkmoh m nkqmoojijnnfhgonhin m niqlgmomfomfjjfllomh m niqflmmninhiknfjjnlj m nhqkglgmionjohklgnlf m 
  1
 ngqjfofnknnjkhgilinj m moqgoghfgigfmlhojogf m mnqlimjjhkliijlnllgf m mnqfnjkfnolmoknimjil m mlqongkignnnlifhkmmj m 
  1
 mkqnnkgkionnfomhlkg m mkqijfjikkjnjfkjfhhi m mkqflofghhhmonjjomm m mjqmonhhlnilghhmfnkf m mhqlkmnlmfkfhlnlklih m 
  1
 mfqkmjlmlmghlhgmlomm m lnqklfmgfkiglmnhohml m llqlhkinhlmifffflnhg l 
  1
 rnnqnffllkkmhimmliiln rnfjqmonnghhhfnofkioj rnoqnnlgmkjkifojmkjig 
  1
 rnnqgogoinilnfnjmglnl rnfkqghkiokmnhjhiiggg rnoqnnlgmkjkifojmmfh 
  1
 rnmqlfijkoiligfolkijg rnfkqjnnhgifkinnkfofg rnoqnnlgljlnnhgkkinmh 
  1
 rnlqjoglknhfnimkllmom rnflqhlokfhkjnnfnofgk rnoqnnlgljfnkoonnkkf 
  1
 rnkqolmoikmhgfkokinfl rnflqlnjolnlmogkikmfh rnoqnnlgmjiklnmiinngn 
  1
 rnkqjfnkmmofkmffmfjnj rnfmqgnjhlgkfollhghgk rnoqnnlgmkkhgjjghonmi 
  1
 rnkqijnffnhmhhfnjnii rnfmqhiogfkjjglhhfh rnoqnnlgmkhklihjjiglf 
  1
 rnkqhhmojgomkhimhmmgf rnfmqijoinjmhlloligji rnoqnnlgmgnnghmlggjij 
  1
 rnkqglnjkljklgfngilom rnfmqjfjnfgoimnjhioh rnoqnnlglohikgmiikl 
  1
 rnjqoohfkmnlinonmokgh rnfmqkmgjngmfgigjkhj rnoqnnlglfjookgjnigkk 
  1
 rnjqnmlilonhlnhgfmfll rnfmqlniogfhnjhghkjjg rnoqnnlgkikmmgojinnjm 
  1
 rnjqkimjliomlnminghmj rnfnqfhhljikjlnjifnj rnoqnnlgjkokhigimhfhn 
  1
 rnjqigoihjjflkfllifok rnfnqhkiflfmkfjjikkhh rnoqnnlgkmkgfjmohfnf 
  1
 rniqnokohgkfhnlgfljif rnfnqmhkmnjnklngnkikg rnoqnnlifhfogfhigmmgi 
  1
 rniqlogjhiignnhofjnni rnfnqolmgkomhiiohffgf rnoqnnlihkkknglikljkf 
  1
 rniqhogffhfgfgjgogooj rnfoqjlmflmmfoollokjl rnoqnnlhmlmmgilljonhn 
  1
 rniqfolgjnonomlkonkok rnfoqmhjnmfmfhlhjoghg rnoqnnlhhgokkmihhgkok 
  1
 rnhqngifhigiiffjmifgl rngfqghhhhfilfkiknlhn rnoqnnlgmogomimhijjkg 
  1
 rnhqmgolmmigmfkofknof rngfqhkmhljmnmhgmillf rnoqnnlgmkjjffliihhim 
  1
 rnhqkiknomlmmnofononj rngfqkigjhnnfjijlnkoi rnoqnnlgmkjnglnlmigf 
  1
 rnhqjjkkoljghggilomoi rngfqlmfjihnhhfmnnhhl rnoqnnlgmkkikmglflgjj 
  1
 rnhqgmnfmlolkmfogfoof rnggqfokkhlmgkhlmoiln rnoqnnlgmklkikfikknki 
  1
 rnhqffmkmhooihjlklkkl rnggqinjnohinlgoogghj rnoqnnlgmkljokohingim 
  1
 rngqkghnfhgkomlgnhhg rnghqhniljjmgmonoggoj rnoqnnlgmkiloimifjhfn 
  1
 rngqhglnifgmkgjhkgoff rnghqoflommimijnhjgok rnoqnnlgmkgliofoifki 
  1
 rnfqohlgkgjloihmnhmhf rngiqlhmlljijklmkmki rnoqnnlgmkiofjliliom 
  1
 rnfqnojffnmnlimkjgknf rngiqmfogiolgillohfnh rnoqnnlgmkjgkjknfolfm 
  1
 rnfqnifnkjghimhhinhf rngiqnmhnlkjgkjhnnfkf rnoqnnlgmkjjolhhkjgkm 
  1
 rnfqmoonkkjloolmnmijn rngiqokkfoimiimnokokn rnoqnnlgmkjogmkjfilig 
  1
 rnfqmfnjingfjijoigokh rngjqhfiihflimmmonng rnoqnnlgmkhohflgilkfh 
  1
 rnfqljoomiijhffoihjon rngjqiloogjhnifhllmil rnoqnnlgmjmffkgnkfknn 
  1
 rnfqjnggjmnimljlflhmh rngjqnmklonlighihflof rnoqnnlgmhjojkhilnmok 
  1
 rnfqimnomjfmlkkklihjg rngkqhgllghjlinhojhfl rnoqnnlgmfkkkhknfhfm 
  1
 rnfqgfghhgfkifhfhnkmg rnglqhkongjnjmjomlfnj rnoqnnlglmokklilkookk 
  1
 rmoqokoifloigofonnkog rnglqolojglmfoiglonnf rnoqnnlgmhngjioffmfhh 
  1
 rmoqnimnkfmooijjmkmfi rngmqnllkiniognjlflii rnoqnnlgmkjomikogomf 
  1
 rmoqnglhlkgjhhlnljfnn rngnqfjmkfijmgknkjnlf rnoqnnlgmklkimfhhjhhl 
  1
 rmoqmmnmllnomfhkiigjg rngnqjgfmhiijfhljnimk rnoqnnlgmjifoggnoohg 
  1
 rmoqmlhnohmlfjofijnng rngnqkohmkggnhklkjkfk rnoqnnlgmifhoimhngjmg 
  1
 rmoqmhinjfljmmmmklfkg rngoqgjgfmmgifmmifkkk rnoqnnlglnookihoinnif 
  1
 rmoqmfojmmklfljkokmmn rngoqkflokklmhlnkhmoj rnoqnnlgllhkkihniooki 
  1
 rmoqmfgikhokfmhonojmn rnhfqlfnnlljjhknijlhg rnoqnnlgljhmiffkkgkog 
  1
 rmoqmjhnomgkgofoghonk rnhgqijijmonflogknlk rnoqnnlgmjlnlonfglmji 
  1
 rmoqnkigniigjjnnkhofg rnhhqhkkiojnljogfokjh rnoqnnlgmklfoingjifik 
  1
 rmoqnmngfmmlgffkglngn rnhhqjimghiioiojihgfg rnoqnnlgmjmnihhonlnom 
  1
 rmoqoiimihojgklooffhm rnhhqmoolkijlihmgfkli rnoqnnlgmhjfgfnkfohjh 
  1
 rmoqoljinommnfjllomn rnhhqonfhhlhomlomhgjj rnoqnnlgmfnllggonofim 
  1
 rnfqfljnjomoihjomnjlm rnhiqkgomjjfhgjfgjoig rnoqnnlgllmflmnhlnnlf 
  1
 rnfqgjhomnolfiimgikjg rnhiqnmlfnkmgkimlnigh rnoqnnlgljmhohimjooll 
  1
 rnfqihglfgmmfffhonglg rnhjqknhmklfgoikokhgm rnoqnnlglkhhglljklhij 
  1
 rnfqjhgkgkjolfnfmlglk rnhjqoigikhiijjhfingk rnoqnnlglmllhjkjokgmf 
  1
 rnfqknmmnmhmnkggnmgnj rnhkqjjogojlfmljhhnij rnoqnnlgmgofkjmilfoof 
  1
 rnfqljklimlnijgoimiih rnhkqlhfgfmlmfgfhljfn rnoqnnlgmiikohmjkliif 
  1
 rnfqmililjljnififkhgj rnhkqnmjogmnkggfmighk rnoqnnlgmjnhnhjkmmljg 
  1
 rnfqmlmgokinlfiiognlm rnhkqokojgfonkifknkgg rnoqnnlgmkgoknofhmomf 
  1
 rnfqnifgfolookonloinj rnhlqghmmihlggoknomkn rnoqnnlgmkkhiilkgkgng 
  1
 rnfqnlhgnfkokfilkimml rnhlqhggkillflijioloi rnoqnnlgmkjmikhmhkjjj 
  1
 rngqgkikojojlkgllimkg rnhlqokkkofifkllkfnii rnoqnnlgmffmoionghgmk 
  1
 rngqjkhmigihflglmliik rnhmqkoojkmokfgmlmonl rnoqnnlgjfgogihhlngi 
  1
 rnhqggoklklokiimlnjfg rnhnqnifgkgogljnhkhfm rnoqnnlgfgjliiokiogjg 
  1
 rnhqjnjkjohihnmlfhiln rnhoqjglnghjikohfmmkg rnoqnnlfogkjmigohfofh 
  1
 rniqhlollklfllohoiohk rnifqkhjlminikjkimlnh rnoqnnlgfghhnoojghihj 
  1
 rniqlnlmmoiikkjiniknk rnigqfjlifgmkmjlkkhng rnoqnnlggohnijmmgmigl 
  1
 rnjqklhflkhoigiikffgm rnihqfgojhghkmlijjof rnoqnnlgkllolgfjgioin 
  1
 rnkqfgmgiifhohmllfgnl rnihqjmgnonhlifllhfnh rnoqnnlgmkilgfgomjgnf 
  1
 rnkqjoljjmkfmfmlkoklm rnihqnonfokhhjnmjiolf rnoqnnlgmkilgfgomjikn 
  1
 o 
  1
 
  1
 1*33@,*-9><: 
  1
 1*33@,*-9><: 
  1
 1*33=, 
  1
 1*33=, 
  1
 V V 
  1
 o 
  1
 o 
  1
 o 
  1
 
  1
 o Y ro Y llqlhkinhlmifffflnhg JQZGKZQ[Z[ JQZGKZQ[Z[ " Y ro Y llqlhkinhlmifffflnhg |
  1
<0:;8: {rn rn {rn {kf {nj {rn {jo 90-(>-; {g {jn |
  1
:;8: {rn rn {rn {lk rkkfqkikijjhhjmjnfnmf {jm rllkqmkoknfmoklhlklgl {nj {jl 90-(>-; _h *1410(1 |
  1
/<*-): {rn rn {rn o 90-(>-; $ :'/@/>-@<*- 1*=, l 0/:1 i 
  1
 rkkfqkikijjhhjmjnfnmf l rkmoqimmhonfhnnognffk l rlfnqhgomhoogmmnlfhkn l rlhhqknmifjhlhjjgjhgf l rlilqokjnmglliojlhmng l 
  1
 rllkqmkoknfmoklhlklgl l 
  1
 rnmiqnglgkjgiolhmohlg rmonqmklhhjiigjjlljkl 
  1
 rnljqhihnmnklongfnmnm rmonqmklhhkjjmhgmohof 
  1
 rnkjqmjigokhjfgmlklgi rnffqljgnnlmmihjnnjhg 
  1
 rnjkqnnnkkkfhilonhjkh rnfjqifmkfmfmfgfjihgl 
  1
 rnimqfiimlnfihkjhmngg rnfmqomignnghnijnjnhj 
  1
 rnhnqonmolnmoffkohhmh rngiqijlogmhmmhjfjfmn 
  1
 rnhhqhgfmkmhhhkkghmol rnhfqghhooijfohggnhon 
  1
 rngnqnifmjjiffkijghgh rnhiqkfhjjffkifnkmogm 
  1
 rngkqmoggimglfiggmflf rnhmqhfknomkinomhjoij 
  1
 rngiqgikmfhgmmilhjjll rnigqgnffjfjklohilhfl 
  1
 rngfqjnfhlnjmmlkknlog rnikqgkjgngjkjiljkih 
  1
 rnfnqhhgoigffjlnmojkl rnioqimolljjgilkjikii 
  1
 rnflqioighjhknnhnihhk rnjiqmoklfnjmnhlgnjfi 
  1
 rnfhqmhllkjnjnoggghji rnkhqljnnnflhmgijgfjm 
  1
 rnffqnjfjfonhjlokmjfh rnlhqgiminhngmkhhfnfm 
  1
 rnffqnjfjfmngjmkgnjgn rnmgqmgomjjknjfhmllkl 
  1
 o 
  1
 /3>1: rkjjqofjifmhkkllnnlnj mnfqloiongokmnnlfhim rnoqnnlgmkjkifojmonmh ro o n o rn o 90-(>-;@) V V V V 
  1
 " o o |
  1
<0:;8: {rn rn {rn {ni {jk {rn {jj 90-(>-; {g {ji |
  1
:;8: {rn rn {rn {jh rgniqfgimkklokfnnmmkk {lj rhonqhimoohhllfjkjlll {ni {jg 90-(>-; _h *1410(1 |
  1
/<*-): {rn rn {rn o 90-(>-; $ :'/@/>-@<*- 1*=, l 0/:1 i 
  1
 rgniqfgimkklokfnnmmkk l rhggqngnjloommimnljfk l rhhlqgnlfilkhhkjnkiin l rhjfqkkilgffgfnmfkklm l rhloqiolfjfgnfmfglmkf l 
  1
 rhonqhimoohhllfjkjlll l 
  1
 nffqogfmjmkmlihligkh rnmgqmgomjjknimgllgnj 
  1
 nffqogfmjnlnlnknjkji rnlhqgiminmijgnoghomn 
  1
 nfhqmolooimilikgjngk rnkhqljnnnhmimnmffhj 
  1
 nflqjlijljfhfjfhofol rnjiqmoklfnjmnhlgjgjf 
  1
 nfnqhohhmfmllhlhfhgg rnioqimolljjgilkjnfng 
  1
 ngfqkkflfnhiohigifn rnikqgkjgngjkjiliglnm 
  1
 ngiqhflfjgoinoimhihm rnigqgnffjfjklohiglkn 
  1
 ngkqnlgjmlohgnnlhili rnhmqhfknomkinomhjoij 
  1
 ngnqofgfnjflhgfnlkgk rnhiqkfhjjffkifnjnnhh 
  1
 nhhqhngfolonjghknf rnhfqghhooijfohggimkf 
  1
 nhoqfknifnkkgliimkmk rngiqijlogmhmmhiookif 
  1
 nimqgfjgfmmojggmmllg rnfmqomignnghnijnfhml 
  1
 njkqoknnojmnkhmhogml rnfjqifmkfmfmfgfjffn 
  1
 nkjqngikikffgnhhojgl rnffqljgnnlmmihgnnhnn 
  1
 nljqifihgniigkjffhig rmonqmklhhkjjmgnmfflg 
  1
 nmiqnnljoiofgllojngn rmonqmklhhjiigjjlljkl 
  1
 o 
  1
 /3>1: rkjjqofjifmhkkllnnlnj mnfqloiongokmnnlfhim rnoqnnlgmkjkifojmonmh ro o n o rn o 90-(>-;@) V V V V 
  1
 " o o |
  1
):-+:' {rn rn {rn {nh o {jf |
  1
):-+:' {rn rn {rn {nh n {io |
  1
,+->687+r<*-): {rn rn {rn rkllqgfnmgfmjkjmffijj nmiqnglglgmfhhhiioln rnoqnnlgmkjkifojmonmh o rn o V V |
  1
<0:;8: {rn rn {rn {in {nf {rn {im 90-(>-; {i {il |
  1
:;8: {rn rn {rn {ko jqigklknggiogogonkgh:rnk {ik lmfqjflhjohhijhmnikg {nf {ij 90-(>-; _h *1410(1 |
  1
/<*-): {rn rn {rn o 90-(>-; $ :'/@/>-@<*- 1*=, n 0/:1 m 
  1
 riggqkmkoonfgljkgkikj n rlmlqjifmiifkknlighoh n 
  1
 nikqhflgnolhjkkiilfh mmnqkkgnhfnjgljkmlin 
  1
 rnikqhfffkokonnmjjmjn mmnqkkgnhfnjgljkmlin 
  1
 o 
  1
 /3>1: rkjjqofjifmhkkllnnlnj mnfqloiongokmnnlfhim rnoqnnlgmkjkifojmonmh ro o n o rn o 90-(>-;@) V V V V 
  1
 " o o |
  1
):-+:' {rn rn {rn {mo n {ii |
  1
61+<*-):r<*-): {rn rn {rn 90-(>-; $ :'><+@61+@<*- mofoo 9*33 1*=, l 0/:1 j 
  1
 llqlhkinhlmifffflnhg l lkqlgigimhhfgjjhhjll m ljqlffnogmlmhnninnhg m liqknnljllkgggknkglm m lhqkmljfiklninjlflfj l 
  1
 rnkqjoljjmkfmfmlkomjk rnihqnonfokhhjnmjjhjj rnoqnnlgmkilgfgomjkil 
  1
 rnkqmimjkklmiglmilhjn rniiqgghiojohikjfkijm rnoqnnlgmkilgfgomjkil 
  1
 rnkqonmhmkikmigngmkin rniiqihhjhkgimhljmknk rnoqnnlgmhfnlmkojnkgf 
  1
 rnlqkfjihmgkinkkgogll rniiqmihgilngjmimnnjm rnoqnnlgllmffonmkfmim 
  1
 rnlqmmgkkonnghfhhigfl rniiqoigngmhnlfmjljmg rnoqnnlgljlgfhmkknhfg 
  1
 rnmqihiffjgglknkgmlhj rnijqignomjimkmijkjgf rnoqnnlgljjnmkfmnfink 
  1
 rnmqlfmhglfngjmffjjhi rnijqkfljjonjijfmkhih rnoqnnlglljminjgglghf 
  1
 rnnqgogojioooogflhhfj rnijqnlmiifhjiokifflg rnoqnnlgmgojohhljhooi 
  1
 rnnqjohjlfgnmjlmkfmli rnikqfjfmiiogifkolnhi rnoqnnlgmkjkifojmllmj 
  1
 rnnqnffllkkmhimmljhkm rnikqhflgnhflgokmogm rnoqnnlgmkjkifojmklfn 
  1
 o 
  1
 
  1
 1*33@,*-9><: 
  1
 1*33@,*-9><: 
  1
 1*33=, 
  1
 1*33=, 
  1
 V V 
  1
 o 
  1
 o 
  1
 o 
  1
 
  1
 o Y llqlhkinhlmifffflnhg Y lhqkmljfiklninjlflfj JQZGKZQ[Z[ JQZGKZQ[Z[ " Y llqlhkinhlmifffflnhg Y lhqkmljfiklninjlflfj |
  1
<0:;8: {rn rn {rn {mm {ih {rn {ig 90-(>-; {i {if |
  1
:;8: {rn rn {rn {kj jqigklknggiogogonkgh:rnk {ho kmmqgfiljgmikkhhlmgm {mm {hn 90-(>-; _h *1410(1 |
  1
/<*-): {rn rn {rn o 90-(>-; $ :'/@/>-@<*- 1*=, n 0/:1 m 
  1
 kqnfmmomnkofgkjfnofh:rnl n kmiqfjfilgfhmjjkfjjh n 
  1
 mngqloiomjjhnolnjkol rmonqkkgnhfnoinmlofmm 
  1
 mngqloiomjjhogmjlnml mmnqkkgnhfnjgljkmlin 
  1
 o 
  1
 /3>1: rkjjqofjifmhkkllnnlnj mnfqloiongokmnnlfhim rnoqnnlgmkjkifojmonmh ro o n o rn o 90-(>-;@) V V V V 
  1
 " o o |
  1
):-+:' {rn rn {rn {kl o {hm |
  1
,+->687+r<*-): {rn rn {rn rnnqnffllkkmhimmkmgkg rmngqloiollnllkmohgln rnoqnnlgmkjkifojmoloj o n o V V |
  1
/061+ {rn rn {rn rnnqnffllkkmhimmliiln rnfjqmonnghhhfnofkioj rnoqnnlgmkjkifojmkjig |
  1
/061+ {rn rn {rn rnkqjoljjmkfmfmlkoklm rnihqnonfokhhjnmjiolf rnoqnnlgmkilgfgomjikn |
  1
<0:;8: {rn rn {rn {hl {mg {rn {hk 90-(>-; {g {hj |
  1
:;8: {rn rn {rn {jm o {hi mjmqkmnfjknkjlfjhnil {mg {hh 90-(>-; _h *1410(1 |
  1
/<*-): {rn rn {rn o 90-(>-; $ :'/@/>-@<*- 1*=, l 0/:1 m 
  1
 rngokqjhjfhhifimknljl l rnjjmqnjkomljjogkjhj l 
  1
 rnffqnjfjfmngjmkgnjgn rnmgqmgomjjknjfhmllkl 
  1
 rnffqnjfjfmngjmkgmnkf rkkqnlfiokolknhknknnl 
  1
 rnffqnjfjfmngjmkgmnkf koqoonokhlkhimkimokk 
  1
 rnffqnjfjfmngjmkgnjgn nmkqnknifghmfkmlknok 
  1
 o 
  1
 /3>1: rkjjqofjifmhkkllnnlnj mnfqloiongokmnnlfhim rnoqnnlgmkjkifojmonmh ro o n o rn o 90-(>-;@) V V V V 
  1
 " o o |
  1
):-+:' {rn rn {rn {mf n {hg |
  1
61+<*-):r<*-): {rn rn {rn 90-(>-; $ :'><+@61+@<*- mofoo 9*33 1*=, l 0/:1 i 
  1
 rkkfqkikijjhhjmjnfnmf l rkmoqimmholifonkmgmhg m rlfnqhgomhljmolnnnfhf l rlhhqknmhooolnfgfhklk m rlilqokjnllkgigngijik m 
  1
 rllkqmkoknfmoklhlklgl l 
  1
 rkllqgfnmgfmjkjmffijj nmiqnglglgmfhhhhmffk rnoqnnlgmkjkifojmokgl 
  1
 rkllqgfnmggnlghjgjigj nljqhihnnlgihjfknojm rnoqnnlgmkjkifojmokgl 
  1
 rklmqoojimignmhmhijjl nkjqmjihfhnfhmmgnlgk rnoqnnlgmkjkifojmokgl 
  1
 rkmkqihklmjkjhimgnmgg nimqfiimmkkokginhkgn rnoqnnlgmkjkifojmokgl 
  1
 rknfqloojfiloghlimolk nhnqonmomlikhlkjlonf rnoqnnlgmkjkifojmokgl 
  1
 rknmqjmkjmonhihikhmkj nhhqhgfmljmnkgjlmkfj rnoqnnlgmkjkifojmokgl 
  1
 rkofqnkjohljlmgfohimi ngnqnifmkgnlighokog rnoqnnlgmkjkifojmokgl 
  1
 rkojqkkniniokhookoiof ngkqmoggjjmhhofmgmln rnoqnnlgmkjkifojmokgl 
  1
 rlfhqkflllmnlninmohgm ngfqjnfhmlfjfhkgii rnoqnnlgmkjkifojmokgl 
  1
 rlflqmihgkfnhmlmmmon nfnqhhgoinklmhnijgli rnoqnnlgmkjkifojmokgl 
  1
 rlhfqffgilogkgojhknii nfhqmhlllgkimikgonln rnoqnnlgmkjkifojmokgl 
  1
 rlhoqjnonmimklfgmffjm nffqnjfjgljnmnkojgjj rnoqnnlgmkjkifojmokgl 
  1
 rlioqfmhhifoonfkgfkjj nffqnjfjgkimmijmhnjg rnoqnnlgmkjkifojmokgl 
  1
 o 
  1
 
  1
 1*33@,*-9><: 
  1
 1*33@,*-9><: 
  1
 1*33=, 
  1
 1*33=, 
  1
 V V 
  1
 o 
  1
 o 
  1
 o 
  1
 
  1
 o Y rkkfqkikijjhhjmjnfnmf Y rllkqmkoknfmoklhlklgl JQZGKZQ[Z[ JQZGKZQ[Z[ " Y rkkfqkikijjhhjmjnfnmf Y rllkqmkoknfmoklhlklgl |
  1
<0:;8: {rn rn {rn {ln {hl {rn {hf 90-(>-; {g {go |
  1
:;8: {rn rn {rn {gn o {jh mjmqkmnfjknkjlfimmhf {ln {gm 90-(>-; _h *1410(1 |
  1
/<*-): {rn rn {rn o 90-(>-; $ :'/@/>-@<*- 1*=, l 0/:1 m 
  1
 rnoifqkognfgkjolohjof l rgniqfgimkklokfnnmmkk l 
  1
 nffqogfmjmkmlihligkh nmkqnknifghmfnnmgng 
  1
 nffqogfmjmkmlihligkh koqoonokhlkhlnkomg 
  1
 nffqogfmjmkmlihligkh rkkqnlfiokolkkgkhlljh 
  1
 nffqogfmjmkmlihligkh rnmgqmgomjjknimgllgnj 
  1
 o 
  1
 /3>1: rkjjqofjifmhkkllnnlnj mnfqloiongokmnnlfhim rnoqnnlgmkjkifojmonmh ro o n o rn o 90-(>-;@) V V V V 
  1
 " o o |
  1
):-+:' {rn rn {rn {jj n {gl |
  1
61+<*-):r<*-): {rn rn {rn 90-(>-; $ :'><+@61+@<*- mofoo 9*33 1*=, l 0/:1 i 
  1
 rgniqfgimkklokfnnmmkk l rhggqngnjloommimnljfk m rhhlqgnlfilkhhkjnkiin m rhjfqkkilgffgfnmfkklm l rhloqiolfjfgnfmfglmkf m 
  1
 rhonqhimoohhllfjkjlll l 
  1
 rlioqfmhhifoommjfffmh rnffqogfmjffgimifnjjk rnoqnnlgmkjkifojmoloj 
  1
 rlhoqjnonmimkkogjmjij rnffqogfmjgghjhlhonil rnoqnnlgmkjkifojmoloj 
  1
 rlhfqffgilogkgnoijgim rnfhqmolonlgmimklfgfn rnoqnnlgmkjkifojmoloj 
  1
 rlflqmihgkfnhmlmngoln rnfnqhohhlihfilllkkfj rnoqnnlgmkjkifojmoloj 
  1
 rlfhqkflllmnlninlkkmj rngfqkkflfflmllikning rnoqnnlgmkjkifojmoloj 
  1
 rkojqkkniniokhooknnhh rngkqnlgjloikohofmlkk rnoqnnlgmkjkifojmoloj 
  1
 rkofqnkjohljlmgfnhmf rngnqofgfmljookgignfm rnoqnnlgmkjkifojmoloj 
  1
 rknmqjmkjmonhihijmlin rnhhqhngfnojhgkifiiog rnoqnnlgmkjkifojmoloj 
  1
 rknfqloojfiloghliijgn rnhoqfkniffonofinhnlm rnoqnnlgmkjkifojmoloj 
  1
 rkmkqihklmjkjhimgjglj rnimqgfjgffhigkhhhoki rnoqnnlgmkjkifojmoloj 
  1
 rklmqoojimignmhjhhgml rnkjqngikhmjiohhmjmfn rnoqnnlgmkjkifojmoloj 
  1
 rkllqgfnmggnlghgfioj rnljqifihgfmlnojjkkhj rnoqnnlgmkjkifojmoloj 
  1
 rkllqgfnmgfmjkjmffijj rnmiqnnljnliiofmiool rnoqnnlgmkjkifojmoloj 
  1
 o 
  1
 
  1
 1*33@,*-9><: 
  1
 1*33@,*-9><: 
  1
 1*33=, 
  1
 1*33=, 
  1
 V V 
  1
 o 
  1
 o 
  1
 o 
  1
 
  1
 o Y rgniqfgimkklokfnnmmkk Y rhonqhimoohhllfjkjlll JQZGKZQ[Z[ JQZGKZQ[Z[ " Y rgniqfgimkklokfnnmmkk Y rhonqhimoohhllfjkjlll |
  1
/061+ {rn rn {rn rkllqgfnmgfmjkjmffijj nmiqnglglgmfhhhiioln rnoqnnlgmkjkifojmonmh |
  1
/061+ {rn rn {rn rkllqgfnmgfmjkjmffijj rnmiqnnljnliiofmiool rnoqnnlgmkjkifojmonmh |
  1
<0:;8: {rn rn {rn {gk {lh {rn {gj 90-(>-; {i {gi |
  1
:;8: {rn rn {rn {ik ro {gh ljqminklilikjiignfng {lh {gg 90-(>-; _h *1410(1 |
  1
/<*-): {rn rn {rn o 90-(>-; $ :'/@/>-@<*- 1*=, l 0/:1 j 
  1
 o l hqhmilfhfgnniolfiggg l nkqjhijimffmijkhkgik l mnqkmihmhiihhlilmmhi l ljqminklilikjiiglllf l 
  1
 rnikqhfffkokonnmjjmjn mmnqkkgnhfnjgljkmlin 
  1
 rniiqonlnmofojfhljmmh mnfqnggmjjogjmhmkloh 
  1
 rnihqhnjojofmgkgkhfff mnhqmmhljlommkfkilfg 
  1
 rnifqhgnijghhgljnmhni mnjqhognohiljnflljhj 
  1
 rnhnqioigkjlgkgmkojjn mnkqliilkojhgnnimjn 
  1
 rnhlqihgkojnolfmkgomh mnlqlfhofoiimmoifhhi 
  1
 rnhjqghgojlhlgogikfmg mnmqgjjiliooinnhjmnm 
  1
 rnhgqohhhommikmmloilk mnmqlnkngnlhiingfgfg 
  1
 rngoqlimkhlmgjllhgkng mnmqmnnofglklonihhmn 
  1
 rngmqionflggofhhgmlmi mnmqjjmlmgjonlkgmmg 
  1
 rnghqnmkgonlkkhlhkkf mnlqmknkgmhnlkonngl 
  1
 rnfnqngfooligomiognog mnjqifghkfgjnflllnkk 
  1
 rnflqgffhmhjmkmoghnkm mnfqlgkkfkkfiglinkol 
  1
 o 
  1
 /3>1: rkjjqofjifmhkkllnnlnj mnfqloiongokmnnlfhim rnoqnnlgmkjkifojmonmh ro o n o rn o 90-(>-;@) V V V V 
  1
 " o o |
  1
):-+:' {rn rn {rn {lg n {gf |
  1
,+->687+r<*-): {rn rn {rn rnnqnffllkkmhimmkmgkg rnikqhflgnhflgokmnlgg rnoqnnlgmkjkifojmoloj o n o V V |
  1
/061+ {rn rn {rn rnnqnffllkkmhimmljhkm rnikqhflgnhflgokmogm rnoqnnlgmkjkifojmklfn |
  1
<0:;8: {rn rn {rn {km {fo {rn {fn -:):-,:; {i {fm |
  1
:;8: {rn rn {rn {fl rlnqknjhmgnojgfgjjng {ho ro {km {fk 90-(>-; _h *1410(1 |
  1
/<*-): {rn rn {rn o 90-(>-; $ :'/@/>-@<*- 1*-=, l 0/:1 f 
  1
 rlnqknjhmgnojfmhlohkh l rmhqikinjfhionjhmkikn l rmlqghijfnknklghnfmki l rnfqhfmmmhhllihfjoifk l rnjqhohgikojmfhngmnkm l 
  1
 rnnqimljoolhmmikooiml l rhqjlfnliifnjjinghkgi l rlqhifjiglkjhhgofnfih l o l 
  1
 nfgqhmlmmnogkhogigll rmmnqkkgnhfnoikoofkmg n 
  1
 nffqfjljknkllfnjnhhn rmmnqkkgmhoniolfjnfii nqooooooooooooooommm 
  1
 monqnglgkmnfkfifkjhg rmmnqlmfkkfnmkknnifjj oqffffffffffffffflllf 
  1
 momqlfmliinioomlljhm rmmnqofkonomikflfhmin oqffffffffffffffflllf 
  1
 molqioogfonmjohhmgjn rmmoqgjgjhnkojkihgnlj oqffffffffffffffflllf 
  1
 mokqhghilhmfknlohhj rmmoqjoijnkhmmjohlkhk nqoooooooooooooookkk 
  1
 mojqflnjilgohjkmiloh rmmoqoklfggjmomihlojk nqoooooooooooooookkk 
  1
 mohqnhnonfmmkmkojgn rmnfqjkmglifnijkfgkjm nqoooooooooooooookkk 
  1
 mogqliomolkglffjjkhf rmngqfnnffkgjmjngmfoi oqfffffffffffffffnnng 
  1
 mofqkhklfmmihokhgkif rmngqnikjkiogkhnigngn oqfffffffffffffffnnng 
  1
 mnoqjggjgnojonoonkjg rmnhqknhofhlnifnjmggh oqfffffffffffffffmmmg 
  1
 mnnqimhhhkljikkfhhif rmniqjjlokngkjlklgiff nqoooooooooooooooiii 
  1
 mnmqjholghonihkgmfgf rmnjqjfolkifnoogogmjm nqoooooooooooooonnn 
  1
 mnlqjnmfffihhokihfmi rmnkqimhijnfhkgnhilgl nqoooooooooooooonjjk 
  1
 mnkqljfolnifnmfknkgf rmnlqjiilnhjhjgimffin nqoooooooooooooooggg 
  1
 mnjqofogghgkiklmjlif rmnmqkmglfnmjjijgimkj nqoooooooooooooooiii 
  1
 mnjqgmmhkkoonjhofmkf rmnnqmfokikfljkjkmgnm nqoooooooooooooookkk 
  1
 mniqkkokmkmfhioolhmf rmnoqohjfkiifkooolhf nqoooooooooooooookkk 
  1
 mniqflnnmlnhnfjjfolm rmogqgnoogijkgfllnjig nqoooooooooooooookkk 
  1
 mnhqlgkoommhnokiffjm rmohqiknhfokoilimlin nqoooooooooooooookkk 
  1
 mnhqhmghnflfmfjnjngl rmoiqkmfhinjjmgilmmik nqoooooooooooooookkk 
  1
 mnhqfjfmklnfgfmhhijh rmojqnfjkgflnmflkfihn nqoooooooooooooookkk 
  1
 mngqngfhihookfolfjin rmolqfinmnhohlooiihfk nqoooooooooooooooiii 
  1
 mngqloiofhkfkfjngnk rmomqhokhonkkiikfnjlm nqoooooooooooooonnn 
  1
 mngqloiomjjhnolnkglk rmonqkkgnhfnoinmmfhgj n 
  1
 o 
  1
 /3>1: rkjjqofjifmhkkllnnlnj mnfqloiongokmnnlfhim rnoqnnlgmkjkifojmonmh ro o n o rn o 90-(>-;@) V V V V 
  1
 " o o |
  1
):-+:' {rn rn {rn {ig n {fj |
  1
,+->687+r<*-): {rn rn {rn rnnqnffllkkmhimmlhnil rmngqloiollnlljmlgfh rnoqnnlgmkjkifojmonmh rn o o V V |
  1
/061+ {rn rn {rn rnnqnffllkkmhimmkmgkg rmngqloiollnllkmohgln rnoqnnlgmkjkifojmoloj |
  1
<0:;8: {rn rn {rn {jk {kf {rn {fi -:):-,:; {g {fh |
  1
:;8: {rn rn {rn {hi rgnqgngkijojgfhhnihgn {fg llqkojhhnjnnfhfogmhf {kf {ff 90-(>-; _h *1410(1 |
  1
/<*-): {rn rn {rn o 90-(>-; $ :'/@/>-@<*- 1*=, l 0/:1 i 
  1
 rgnqgngkijojgfhhgljhm l rjlqonlhjjfmhkjmgkgkg l rlgqikinggjmjfjofkhmm l rmkqmhginkngnmflojofl l kqjilgnhhohionkonhog l 
  1
 llqkojhhnjnnfhfogmhf l 
  1
 rnffqnjfjfmngjmkgnjgn nmkqnknifghmfkmlknok 
  1
 rnffqnjfjfonhjmgkmmmk nllqhmkoiokfjhmolg 
  1
 rnfhqmhllkjnjnoigglgl nklqmnmjimigiojkngkl 
  1
 rnflqioighjhknnhnfini njmqoijglkglkghgohkg 
  1
 rnfnqhhgoigffjlnmfilg njiqkgnhhggffkgkmgmf 
  1
 rngfqjnfhlnjmmlklmmnl nioqhohmingjghhilhh 
  1
 rngiqgikmfhgmmilhlgmg nikqignkomgjimnilml 
  1
 rngkqmoggimglfighglfn nigqijjjkjhhknihfing 
  1
 rngnqnifmjjiffkiilllj nhmqljfoolmioojkmogg 
  1
 rnhhqhgfmkmhhhkkghmol nhjqhlgkkffolfmgnhoh 
  1
 rnhnqonmolnmoffkohhmh ngmqjnkjmioljfoookhk 
  1
 rnimqfiimlnfihkjhihli nghqgggmjjngkhfnjngn 
  1
 rnjkqnnnkkkfhilonfmjm nfnqjjlflimkloljgmn 
  1
 rnkjqmjigokhjfhjnjggi nfjqmnfjjijlffmnnhni 
  1
 rnljqhihnmnkloolkfing nfhqnojmnhgijfjmjlfi 
  1
 rnmiqnglgkjgjffojkggf nfhqnojmngfgniflljkf 
  1
 o 
  1
 /3>1: rkjjqofjifmhkkllnnlnj mnfqloiongokmnnlfhim rnoqnnlgmkjkifojmonmh ro o n o rn o 90-(>-;@) V V V V 
  1
 " o o |
  1
):-+:' {rn rn {rn {jo n {noo |
  1
,+->687+r<*-): {rn rn {rn rlioqfmhhifoonfkgfkjj nffqnjfjgkimmijmighk rnoqnnlgmkjkifojmonmh n o o V V |
  1
/061+ {rn rn {rn rlioqfmhhifoonfkgfkjj nffqnjfjgkimmijmighk rnoqnnlgmkjkifojmonmh |
  1
:;8: {rn rn {rn {non mgjqholnmlkhoigmnjhf {gn kooqfmhliooknjiokojn {jk {nom 90-(>-; _h *1410(1 |
  1
/<*-): {rn rn {rn o 90-(>-; $ :'/@/>-@<*- 1*=, l 0/:1 i 
  1
 mgjqholnmlkhoigmnjhf l lnkqjkjohmnnfimkgnfi l lklqlghjojhmfgolhoil l ljhqhjjogoflngfgknfl l lhmqnmmikfnfogklmhil l 
  1
 kooqfmhliooknjiokojn l 
  1
 nmiqnnljoiofghfhjjhg nfhqnojmngfgniflljkf 
  1
 nljqifihginflikgmmml nfhqnojmnifiihigjgol 
  1
 nkjqngikihnoflionogf nfjqmnfjjjiijflfimlm 
  1
 njkqoknnojmnkhmhjijj nfnqjjlflimkloljgkfk 
  1
 nimqgfjgfmmojggmiggi nghqgggmjjngkhfnjngn 
  1
 nhoqfknifnkkgliiifhm ngmqjnkjmioljgffjfmh 
  1
 nhhqhngfolonjghkikkg nhjqhlgkkffolfmgnhoh 
  1
 ngnqofgfnjflhgfogflh nhmqljfoolmioojjnngl 
  1
 ngkqnlgjmlohgnnkihln nigqijjjkjhhkniijfhj 
  1
 ngiqhflfjgoinoilnlih nikqignkomgjimnilml 
  1
 ngfqkkflfnhiohifnkjg nioqhohmingjghhjfmml 
  1
 nfnqhohhmfmllhlhfhgg njiqkgnhhggffkgkhlhi 
  1
 nflqjlijljfhfjfhmiog njmqoijglkglkghgokik 
  1
 nfhqmoloojlgfjnklhlh nklqmnmjimigioojgihk 
  1
 nffqogfmjoknlhlomnmi nllqhmkoiokfjinhhhhi 
  1
 nffqogfmjmkmlihligkh nmkqnknifghmfnnmgng 
  1
 o 
  1
 /3>1: rkjjqofjifmhkkllnnlnj mnfqloiongokmnnlfhim rnoqnnlgmkjkifojmonmh ro o n o rn o 90-(>-;@) V V V V 
  1
 " o o |
  1
):-+:' {rn rn {rn {hf n {nol |
  1
,+->687+r<*-): {rn rn {rn rnogqjojgnkgjigilgmnh rnffqogfmjffgimifnjjk rnoqnnlgmkjkifojmonmh rn o o V V |
  1
/061+ {rn rn {rn rlioqfmhhifoommiookfj rnffqogfmjffgimifnjjk rnoqnnlgmkjkifojmonmh |
  1
<0:;8: {rn rn {rn {nok {in {rn {noj 90-(>-; {i {noi |
  1
:;8: {rn rn {rn {gh o {noh mqkkkghjnnnkokjlgnh {in {nog 90-(>-; _h *1410(1 |
  1
/<*-): {rn rn {rn o 90-(>-; $ :'/@/>-@<*- 1*=, l 0/:1 m 
  1
 o l mqkkkghjnnnkokjlgnh l 
  1
 rnflqgffhmhjmkmoghnkm mnfqlgkkfkkfiglinkol 
  1
 rnfkqlgmlhohjgkmlolim mmoqokohkoolmfmjhmjh 
  1
 rnfkqgnhfokmmkmkhflfh mmoqhloliolhgigjhghh 
  1
 rnfjqmolojljioonoofoj mmnqkkgnhfnjgljkmlin 
  1
 o 
  1
 /3>1: rkjjqofjifmhkkllnnlnj mnfqloiongokmnnlfhim rnoqnnlgmkjkifojmonmh ro o n o rn o 90-(>-;@) V V V V 
  1
 " o o |
  1
):-+:' {rn rn {rn {im n {nof |
  1
61+<*-):r<*-): {rn rn {rn 90-(>-; $ :'><+@61+@<*- mofoo 9*33 1*=, l 0/:1 lh 
  1
 ro l mqmkjngjnjoogfgkijlh m kqkmlhglgoifihgkijii m iqjmmijjgigfgghglkih m hqjlfmfnlfhimgmgngmn m 
  1
 gqjkilgoilogmmlnfgom m gqgonmfkogfkmjkngjhi m fqojhimfknhghghinlom m fqjhkjhojkflijlfgfhj m noqimjljhjolhlffhhon m 
  1
 noqgfnnjjmkokhffmh m nnqnjgmmjinjjlhmogi m nnqifinhmhfkghlmigll m nmqhgifhookngmgkkiij m nlqoimmgnjkklifmlffk m 
  1
 nlqllgiijigojmhfmof m nlqgfkimmlfkkkgkkhmh m njqonggmlonmfilhikjk m nhqlojoglmgnogggfhhn m nhqggloknhjgnkffmfom m 
  1
 ngqkimffmoknkojhmlnk m nfqimgkmllfihinkhlnf m mnqfihfkjhgngfkjkjgl m mmqjjmfniikkfgnngnof m mlqnlhmfgngonkmiikhn m 
  1
 mkqlolgoilnfgnnoojfm m mjqkikoffnfgomngkjng m miqokohkihlimofmjok m miqlmgnnkhhgnjflmkhh m miqinkgmfmkiinkglfoi m 
  1
 mgqggnkffmflkkoijgmj m mfqfflkohmllgmmflmoi m loqjkmihmmhggifoomni m loqgnjjgnjfljmgiglgh m lnqoghlljllkoifohojh m 
  1
 llqmnhjfinikohfgohgi m ljqminklilikjiiglllf l 
  1
 rnnqnffllkkmhimmlghim nikqhffflmglgjlonnnm rnoqnnlgmkjkifojmgnmn 
  1
 rnnqgkfikjmfkikllniim nijqnkfolkfkfjlimonn rnoqnnlgmkjkifojmjgnm 
  1
 rnmqkhignhjflngihhgkn nijqjlfkhfgngikgggji rnoqnnlglfnmfhmlkklnm 
  1
 rnlqijfjfkhiojhfojoik niiqlgjikkggmfiolhhg rnoqnnlglfohjgfoihlhh 
  1
 rnkqmnjkhgnlofjnhnfhj niiqglgnjiikfmjmogkh rnoqnnlgmkhnhffnmnknf 
  1
 rnjqmkgigmhhijihhhjfl nihqhfmomohgohnkilif rnoqnnlgmklgkmimljmhj 
  1
 rnjqhmhonjnhfjomlmhkn nigqmgffknmniohhhmnh rnoqnnlfoniolilffmojm 
  1
 rniqlfnomllollifjnnkn nifqoifhlhjjkhljofgh rnoqnnlflnijnonglhin 
  1
 rniqjffgignkmgllnkjni nifqlmffkogngjigjjfl rnoqnnlfmgnhhgmkjhjfg 
  1
 rnhqoonoiolhkflgoffoh nifqgioikhinmiflmkmn rnoqnnlgijjlmgjnoggmj 
  1
 rnhqnfmhnjjgoohjklfgh nhoqnmffliomomngliik rnoqnnlgmgmogfnijfmmf 
  1
 rnhqkmlkionihmigknffj nhoqkhkhmmglmijjhkll rnoqnnlgmkjjjolohlggj 
  1
 rnhqkifjjjofkiofnmlgn nhoqjkkififgijhmfkkl rnoqnnlgmkjnflnfkmhin 
  1
 rnhqjiofghoninmonjgkk nhoqigjhmomifhmgmmnf rnoqnnlgmkjjogmfmjlkh 
  1
 rnhqioiloiogjjijfjohg nhoqhjihjklonhmkhmi rnoqnnlgmkjjngmmkgjil 
  1
 rnhqhknkjfkhfhfjngfmm nhoqfhmojgjgmkmihnng rnoqnnlgmkimojnnhgnii 
  1
 rnhqgmfililhnhgfhnhfk nhnqnnhmkijmkofkfmli rnoqnnlgmkhohifnojjmk 
  1
 rngqofoilmolfmijkhjjg nhnqjinijljjkiljmjii rnoqnnlgmkgghmhimonff 
  1
 rngqmjimjlhioglnimmii nhnqgikofngiokmoinkf rnoqnnlgmkgmioimogjjj 
  1
 rngqkjmiiogkjmkjgjngm nhmqmkfhgojfjlljngnj rnoqnnlgmkikomhmlkgng 
  1
 rngqkfnhnjlohjgjmnlkm nhmqlmhflkfhhiiihgjh rnoqnnlgmkiomlijmohik 
  1
 rngqjiggmhgkimlhgjjjk nhmqkgjmmimlmfmmmonj rnoqnnlgmkjjofnmffgol 
  1
 rngqioigifolnlonhfgnj nhmqjiklklnngfgnlglf rnoqnnlgmkjljogfggfgg 
  1
 rngqhnfhmkijhmmfokhkk nhmqgolhnhlgkfmnhmjk rnoqnnlgmkiomglolhigg 
  1
 rngqhfmilhgifgjfgfnhn nhmqfikhknjgmfjgojjm rnoqnnlgmkhhnoinhhonk 
  1
 rnfqoojfhflgfihflgji nhlqkjjgkmnihlkhfgnl rnoqnnlgmjnkifhljifi 
  1
 rnfqnlgmgfgmnlkjlljng nhlqhgglgkfgjllhkhmh rnoqnnlgmjogiloohhkgn 
  1
 rnfqmfnmkninigingljif nhkqmnoiljjnolnokmkf rnoqnnlgmkhklfmmgjjom 
  1
 rnfqlmnlfngkllmfiihik nhkqmfjfiogmignnkiik rnoqnnlgmkihnifnjnmlk 
  1
 rnfqlgokhonkgokkoigkm nhkqkihkljnohfgghlkk rnoqnnlgmkjiimffifkk 
  1
 rnfqkoflglhfhihgjklhn nhkqjjljjfmjlnjhjkki rnoqnnlgmkkhfnommmomh 
  1
 rnfqkfkknhfnhlhnkgjhh nhkqgnlilhmlhohgkfjk rnoqnnlgmkhihimhfhikk 
  1
 rnfqjkgkmmknfhmgfkljh nhkqfggnkihggnighojg rnoqnnlgmjfnmifikhjnl 
  1
 rnfqhollnohffkfigkhkf nhjqjnglmjmiojfkkgon rnoqnnlglommfnmilikm 
  1
 rnfqhfjlmonfngjnggjhk nhjqghjkhhnfogliihil rnoqnnlglkojhojklolmh 
  1
 rmoqokoolimjmhkhlmhif nhiqfifiofhhnfkkgnhi rnoqnnlglflomjlggllji 
  1
 rmoqnjjfghillfkfnofhj nhhqhnmfhmhgfmmoklon rnoqnnlglojkhmjklofjm 
  1
 rmoqmkoogohklfgjmjmgn nhgqijogomlnfjknnmgl rnoqnnlgmkhklkghhjoim 
  1
 rmoqmjlfnjnmkijkfhljh nhgqgkonfkokoinhkokf rnoqnnlgmkmolhfgfgflf 
  1
 rmoqmhjlhkjjonjojkkfn nhfqmmomklmofngimikh rnoqnnlgmjkfgknkfomjl 
  1
 rmoqmgmfillmfjoojgjji nhfqknoikmohhomfihhf rnoqnnlgmhoifljgmkfkf 
  1
 rmoqmfilnmklhhjinjlki nhfqfgkmigfhhgfhfglm rnoqnnlglmmimjjolikoj 
  1
 rmoqmfmkghjmkofgglkfk ngoqliijlogfolnlmnkl rnoqnnlgliognmokglkom 
  1
 rmoqmkmiljmonlgkjifk ngnqjnhignlglhhjflif rnoqnnlglfjifggmhfjik 
  1
 rmoqnjgomjlonfoolmoni ngmqmgmfhflnjhilikom rnoqnnlgmhmmoijolljf 
  1
 rnfqfgghflofhgikolimk nglqmmflhkhfmhjhflhj rnoqnnlgmkmohkffminkg 
  1
 rnfqfjngokooifkkjfjmm nglqknhfhfigolmilfif rnoqnnlgmkhkhikimfinl 
  1
 rnfqghnjmhmoglnmjnhgk nglqhflfmogfjjjkoiik rnoqnnlgmiimlhkjmjkn 
  1
 rnfqgmglongomkfghohmm nglqfgoffiknlnkloggg rnoqnnlgmhfjfjfjhmklk 
  1
 rnfqigflhknmfgkhgfjol ngkqjlfjhngmfnnkjhgl rnoqnnlglnhommminjfmk 
  1
 rnfqjgkhojiimogfgnhmm ngkqfohinooglljfioon rnoqnnlgllijnggljhfil 
  1
 rnfqljnohjgfglnllkhoh ngjqiljfhhfflgogmnnl rnoqnnlgllinlhmnjgjng 
  1
 rnfqmmmggilhgokglfifj ngjqffklkljmmkklljgi rnoqnnlglnihlioglfgil 
  1
 rnfqonmginlnjfkiojoih ngiqjmjlmmhlklkligf rnoqnnlgmgojfklilnnif 
  1
 rngqfkomhfnkkffnnhihn ngiqhoollkhfnkgfjmkk rnoqnnlgmihginjgokgkm 
  1
 rngqgmhnjgknlilgjljhn ngiqfioghijjogmkmjmh rnoqnnlgmjlgiolmhjgoj 
  1
 rngqhgggmfiofiggimmfm nghqokhmogohjojnoggk rnoqnnlgmjoohohfoiijn 
  1
 rngqhnoglkilhkghjinjf nghqmnfoilmnlflogiin rnoqnnlgmkjjnfgfiljkg 
  1
 rngqihnngkgommokjhkff nghqlokjjfliglofhmjm rnoqnnlgmkjmhfhjgkngi 
  1
 rngqlnngoomnhgikkghnf nggqoilnkmkjkmmmkmfj rnoqnnlgmkgfngoikmjl 
  1
 rnhqfkfjomjnjgofmnkhk nggqhnjnnglmfnonnloh rnoqnnlgmhooifnkimfkk 
  1
 rnhqlkgmfmkllgijmhnjl ngfqikfonhkjfliggmof rnoqnnlgmimhmjifhonki 
  1
 rnhqnknnggjgnhighknmh ngfqfkflmkjoiijlhiig rnoqnnlgmjigfkihijijf 
  1
 rniqgnholkoooinjnfgnj nfoqlgggnnnghiihokj rnoqnnlgmkfhgnoljnmnn 
  1
 rniqhohilglflionkmkjj nfoqjlmljjiohimnglgn rnoqnnlgmkhhlikofnmlh 
  1
 rniqjkokjmjfgjjlmojlg nfoqhkkhmfnfkkgoiifl rnoqnnlgmkjfhhomgjng 
  1
 rniqkgkkninohmiklg nfoqgnkhhffgfhlihfng rnoqnnlgmkjioilngmkih 
  1
 rniqlhnkhfmjgolflfll nfoqfjlhmjojmikmijll rnoqnnlgmkjlfjmmjifgg 
  1
 rniqlnkiooiomjiljlonh nfnqommionffjiijgiin rnoqnnlgmkjojolkjojfm 
  1
 rnjqgohohhinkmihjghjn nfnqimhjkfifonhkjgfi rnoqnnlgmlojjfgggjkkj 
  1
 rnjqlmkgnlfiknmkmhkkl nfmqnliokmgifmnjolmm rnoqnnlgnhkmghmkoijnf 
  1
 rnkqlmnifhfohjnkgijlg nflqohmlhmhflhgikmgm rnoqnnlgnhgmifnflhgli 
  1
 rnlqgokmfmnnilhnighil nflqjonilkjijogmknmn rnoqnnlgmkjkifojnfhhm 
  1
 rnlqmilonfogfnkokiomk nflqgffhnffininllool rnoqnnlgmkjkifojnffj 
  1
 o 
  1
 
  1
 1*33@,*-9><: 
  1
 1*33@,*-9><: 
  1
 1*33=, 
  1
 1*33=, 
  1
 V V 
  1
 o 
  1
 o 
  1
 o 
  1
 
  1
 o Y ro Y ljqminklilikjiiglllf JQZGKZQ[Z[ JQZGKZQ[Z[ " Y ro Y ljqminklilikjiiglllf |
  1
/061+ {rn rn {rn rnnqnffllkkmhimmkmgkg nikqhffflmglgjloomjf rnoqnnlgmkjkifojmokgl |
  1
<0:;8: {rn rn {rn {ih {nok {rn {nno -:):-,:; {i {nnn |
  1
:;8: {rn rn {rn {fl o {nnm lfhqkkikkmnjmofihhf {ih {nnl 90-(>-; _h *1410(1 |
  1
/<*-): {rn rn {rn o 90-(>-; $ :'/@/>-@<*- 1*-=, l 0/:1 m 
  1
 o l lfhqgmionkmnkilookfj l 
  1
 rnfgqhmlmmnoihlggnmkn rmmnqkkgnhfnoiihkmki n 
  1
 riiqmknohliglljilokfh rmmnqkkgnhfnoijglmlfh oqffffffffffffffgggfg 
  1
 iiqmknohlhooihiilig rmmnqkkgnhfnoikfmmfom nqooooooooooooooommm 
  1
 nfgqhmlmmnogkhogigll rmmnqkkgnhfnoikoofkmg n 
  1
 o 
  1
 /3>1: rkjjqofjifmhkkllnnlnj mnfqloiongokmnnlfhim rnoqnnlgmkjkifojmonmh ro o n o rn o 90-(>-;@) V V V V 
  1
 " o o |
  1
):-+:' {rn rn {rn {fn o {nnk |
  1
61+<*-):r<*-): {rn rn {rn 90-(>-; $ :'><+@61+@<*- mofoo 9*33 1*-=, l 0/:1 f 
  1
 rlnqknjhmgnojfmhlohkh l rmhqkgghimofmigilflnj m rmlqjinhfiohfkkjkhggm m rnfqilkglooiimokjikj m rnjqhohgikojmfilijlhl m 
  1
 rnnqhgogfgolfhmmhknnf m rhqgjlflmomikgngmigih m rlqfmifiionlmkofnlkll m ro l 
  1
 rkjkqofjifmifmijnnknk rnfgqhmlmmgikhmhjihjj rnoqnnlgmkjkifojolmjm n 
  1
 rkjkqofjhfnoklhglhnff rmooqonhfgimhimigfffl rnoqnnlgmkjkifojngljn oqfffffffffffffffjjjf 
  1
 rkjlqfiknnjhfhkojlgk rmonqlnmhkjgfkhggiiml rnoqnnlgmkjkifokfhfml nqoooooooooooooookkk 
  1
 rkjlqkklkinkiknjghjgi rmolqgkfkmogkoffmhilh rnoqnnlgmkjkifojmljom n 
  1
 rkjlqojkihhmkkjiigkii rmojqofnklfoinngmoonn rnoqnnlgmkjkifojooojj nqoooooooooooooookkk 
  1
 rkjmqoligohikgkoiljmm rmohqkhmgjnmhihljhjmf rnoqnnlgmkjkifojonkhi n 
  1
 rkjnqkognmkffmhnjnjgf rmogqinmjhjoonfolgkfm rnoqnnlgmkjkifojmgmff nqooooooooooooooommm 
  1
 rkkfqflhfhgmfnkkgghnj rmnoqhkjoiohjjikgofhj rnoqnnlgmkjkifokfmkni oqfffffffffffffffjjjf 
  1
 rkkfqofiilnllhlnjjjhm rmnnqhlgljliifomhohhl rnoqnnlgmkjkifojmmhfm nqoooooooooooooookkk 
  1
 rkkhqmlilgjllifngklnm rmnlqjknkigilmihinjif rnoqnnlgmkjkifojonnm nqoooooooooooooookkk 
  1
 rkkiqmnhkgjlfkiihhgff rmnkqljnjfhkolmifgfmn rnoqnnlgmkjkifojnnkml oqffffffffffffffflllf 
  1
 rkkkqokmihhkjnnljfkk rmnjqhiomjfnnhhfmlkkl rnoqnnlgmkjkifojmoii nqoooooooooooooookkk 
  1
 rkkmqggiiiihilknnhnoh rmniqljggmhgfkoilnmjj rnoqnnlgmkjkifojogkol oqfffffffffffffffjjjf 
  1
 rkkoqkgnijkhojlnmihgl rmnhqlmkilhghhlonjnmk rnoqnnlgmkjkifojmilkj nqoooooooooooooookkk 
  1
 rklfqmlmihljlkmjimohk rmnhqifniokhfgflilfi rnoqnnlgmkjkifojnkfhi oqfffffffffffffffhhg 
  1
 rkliqighimgkhgfhgmfhm rmngqngmknkfgmjmllkoj rnoqnnlgmkjkifojnilfh nqoooooooooooooookkk 
  1
 rkljqlfnihjiglfhgfnhl rmngqloinogkmnjjnngif rnoqnnlgmkjkifojmighg oqfffffffffffffffkkkf 
  1
 rklkqofjifmifmnokjljn rmngqloiollnlllfjhhm rnoqnnlgmkjkifojmoloj n 
  1
 o 
  1
 
  1
 1*33@,*-9><: 
  1
 1*33@,*-9><: 
  1
 1*33=, 
  1
 1*33=, 
  1
 V V 
  1
 o 
  1
 o 
  1
 o 
  1
 
  1
 o Y rlnqknjhmgnojfmhlohkh Y ro JQZGKZQ[Z[ JQZGKZQ[Z[ " Y rlnqknjhmgnojfmhlohkh Y ro |
  1
/061+ {rn rn {rn rklkqofjifmifmoffholk rmngqloiollnlljmlgfh rnoqnnlgmkjkifojmonmh |
  1
:;8: {rn rn {rn {non o {fg mjmqmfhljnfjgholohjn {hl {nnj 90-(>-; _h *1410(1 |
  1
/<*-): {rn rn {rn o 90-(>-; $ :'/@/>-@<*- 1*=, l 0/:1 m 
  1
 rnkliqfmfhgifhfggggln l rnngkqilmkljomnngjhji l 
  1
 rnmiqnglgkjgjffojkggf nfhqnojmngfgniflljkf 
  1
 rkmqogkiggklghjlkmkjg nfhqnojmngfgniflljkf 
  1
 kmqonkkoggloommohoni nfhqnojmngfgniflljkf 
  1
 nmiqnnljoiofghfhjjhg nfhqnojmngfgniflljkf 
  1
 o 
  1
 /3>1: rkjjqofjifmhkkllnnlnj mnfqloiongokmnnlfhim rnoqnnlgmkjkifojmonmh ro o n o rn o 90-(>-;@) V V V V 
  1
 " o o |
  1
):-+:' {rn rn {rn {hk n {nni |
  1
61+<*-):r<*-): {rn rn {rn 90-(>-; $ :'><+@61+@<*- mofoo 9*33 1*=, l 0/:1 i 
  1
 rgnqgngkijojgfhhgljhm l rjlqonlhjohhiighnhkfj m rlgqikingkmlnjnfnooij m rmkqmhginohklnfjkgioh l kqjilgnfkmiilimooii m 
  1
 llqkojhhnjnnfhfogmhf l 
  1
 rnogqjojgnkgjijjlgfhn nffqnjfjgkimmijmhkkm rnoqnnlgmkjkifojnffj 
  1
 rfgqfmlkjhinkhmgllkgh nffqnjfjgljnmnmoiinf rnoqnnlgmkjkifojnffj 
  1
 rgfqklkfjlonohohhjglg nfhqmhlllgkimimgnnhf rnoqnnlgmkjkifojnffj 
  1
 rhiqnijhlkigikfmlmgli nfnqhhgoinklmhnhkfln rnoqnnlgmkjkifojnffj 
  1
 rhnqfkomjnhmhmoomlkm ngfqjnfhmlfjfhkhhjoj rnoqnnlgmkjkifojnffj 
  1
 rilqffnfihgnngogikfki ngkqmoggjjmhhofmlfig rnoqnnlgmkjkifojnffj 
  1
 rioqmggjnolmjfmmkomkk ngnqnifmkgnlighogfnn rnoqnnlgmkjkifojnffj 
  1
 rjiqfofoiligmokgkkhih nhhqhgfmljmnkgjlmkfj rnoqnnlgmkjkifojnffj 
  1
 rjoqnlmfghjjoohijhofl nhnqonmomlikhlkjlonf rnoqnnlgmkjkifojnffj 
  1
 rkkqhjfmjgkonngjoflnl nimqfiimmkkokgimmomg rnoqnnlgmkjkifojnffj 
  1
 rlhqkmhfjhokiojjjmkgh nkjqmjihfhnfhnjilnig rnoqnnlgmkjkifojnffj 
  1
 rljqjkmmfjhmoomknhgmj nljqhihnnlgihklffkjg rnoqnnlgmkjkifojnffj 
  1
 rljqjkmmfkiokmglmjilg nmiqnglglgmfhlnohmgi rnoqnnlgmkjkifojnffj 
  1
 o 
  1
 
  1
 1*33@,*-9><: 
  1
 1*33@,*-9><: 
  1
 1*33=, 
  1
 1*33=, 
  1
 V V 
  1
 o 
  1
 o 
  1
 o 
  1
 
  1
 o Y rgnqgngkijojgfhhgljhm Y llqkojhhnjnnfhfogmhf JQZGKZQ[Z[ JQZGKZQ[Z[ " Y rgnqgngkijojgfhhgljhm Y llqkojhhnjnnfhfogmhf |
  1
/061+ {rn rn {rn rnogqjojgnkgjijjlmmfm nffqnjfjgkimmijmighk rnoqnnlgmkjkifojmonmh |
  1
):-+:' {rn rn {rn {fi o {nnh |
  1
61+<*-):r<*-): {rn rn {rn 90-(>-; $ :'><+@61+@<*- mofoo 9*33 1*=, l 0/:1 i 
  1
 mgjqholnmlkhoigmnjhf l lnkqjkjohjjjjhfmmofl m lklqlghjojhmjimlmnlf l ljhqhjjohfmnlfkmjogk m lhmqnmmikjhjfnnmimfn m 
  1
 kooqfmhliooknjiokojn l 
  1
 rljqjkmmfkiokmglmjilg rnmiqnnljnliinlflomgj rnoqnnlgmkjkifojmoloj 
  1
 rljqjkmmfjhmoojkjlmik rnljqifihgfmlnmnooini rnoqnnlgmkjkifojmoloj 
  1
 rlhqkmhfjhokiogkffnog rnkjqngikhmjiogkkgllf rnoqnnlgmkjkifojmoloj 
  1
 rkkqhjfmjgkonngjoflnl rnimqgfjgffhigkhgnjfl rnoqnnlgmkjkifojmoloj 
  1
 rjoqnlmfghjjoohhongjh rnhoqfkniffonofimnlfj rnoqnnlgmkjkifojmoloj 
  1
 rjiqfofoiligmokgkkojh rnhhqhngfnojhgkhoojgh rnoqnnlgmkjkifojmoloj 
  1
 rioqmggjnolmjfmnkfmfj rngnqofgfmljookgilikk rnoqnnlgmkjkifojmoloj 
  1
 rilqffnfihgnngnoonlh rngkqnlgjloikohnonklf rnoqnnlgmkjkifojmoloj 
  1
 rhnqfkomjnhmhmooiggfj rngfqkkflfflmllikinij rnoqnnlgmkjkifojmoloj 
  1
 rhiqnijhlkigikfnghlim rnfnqhohhlihfilllkkfj rnoqnnlgmkjkifojmoloj 
  1
 rgfqklkfjlonohjjhkgkk rnfhqmolonlgmimikkjmh rnoqnnlgmkjkifojmoloj 
  1
 rfgqfmlkjhinkglommih rnffqogfmjgghjhjhkhff rnoqnnlgmkjkifojmoloj 
  1
 rnogqjojgnkgjigilgohk rnffqogfmjffgimifnjjk rnoqnnlgmkjkifojmoloj 
  1
 o 
  1
 
  1
 1*33@,*-9><: 
  1
 1*33@,*-9><: 
  1
 1*33=, 
  1
 1*33=, 
  1
 V V 
  1
 o 
  1
 o 
  1
 o 
  1
 
  1
 o Y mgjqholnmlkhoigmnjhf Y kooqfmhliooknjiokojn JQZGKZQ[Z[ JQZGKZQ[Z[ " Y mgjqholnmlkhoigmnjhf Y kooqfmhliooknjiokojn |
  1
/061+ {rn rn {rn rnogqjojgnkgjigilgmnh rnffqogfmjffgimifnjjk rnoqnnlgmkjkifojmonmh |
  1
<0:;8: {rn rn {rn {fo {gk {rn {nng 90-(>-; {i {nnf |
  1
:;8: {rn rn {rn {noh jqigklknggiogogonkgh:rnk {nmo mlqnomfhnffjjmlfkklm {gk {nmn 90-(>-; _h *1410(1 |
  1
/<*-): {rn rn {rn o 90-(>-; $ :'/@/>-@<*- 1*=, n 0/:1 m 
  1
 rmgfqfnljlmlimllnljmj n rmikqllgflnngfoiglngf n 
  1
 rnfjqmolojljioonoofoj mmnqkkgnhfnjgljkmlin 
  1
 rmngqloiomjjjljognljl mmnqkkgnhfnjgljkmlin 
  1
 o 
  1
 /3>1: rkjjqofjifmhkkllnnlnj mnfqloiongokmnnlfhim rnoqnnlgmkjkifojmonmh ro o n o rn o 90-(>-;@) V V V V 
  1
 " o o |
  1
):-+:' {rn rn {rn {gj n {nmm |
  1
61+<*-):r<*-): {rn rn {rn 90-(>-; $ :'><+@61+@<*- mofoo 9*33 1*=, l 0/:1 l 
  1
 o l nqmmmklhihklmigmlfln m mqkkkghjnnnkokjlgnh l 
  1
 rnlqmilonfogfnkokjkfn nflqgffhnffininlmhng rnoqnnlgmkjkifojngjmf 
  1
 rnmqfklgjoognkllkihlg nfkqnlkkjikllfigifk rnoqnnlgmkjkifojnghoi 
  1
 rnmqinmomnjkmiojnlofh nfkqlinjkmnggmjkmkhg rnoqnnlgminnlhifhhgfn 
  1
 rnnqfmlhfnihlfnlomofh nfkqhfhofhhnnikkgjml rnoqnnlgminmnnklkjjif 
  1
 rnnqjihlggfggfmlkkmol nfjqoojjikkjhojonjji rnoqnnlgmkjkifojmllmj 
  1
 rnnqnffllkkmhimmljjij nfjqmolokjffhknkikgn rnoqnnlgmkjkifojmhkn 
  1
 o 
  1
 
  1
 1*33@,*-9><: 
  1
 1*33@,*-9><: 
  1
 1*33=, 
  1
 1*33=, 
  1
 V V 
  1
 o 
  1
 o 
  1
 o 
  1
 
  1
 o Y o Y mqkkkghjnnnkokjlgnh JQZGKZQ[Z[ JQZGKZQ[Z[ " Y o Y mqkkkghjnnnkokjlgnh |
  1
/061+ {rn rn {rn rnlqmilonfogfnkokjkfn nflqgffhnffininlmhng rnoqnnlgmkjkifojngjmf |
  1
:;8: {rn rn {rn {nnm rlgqghfillolkmfgflljg {nml ro {fo {nmk 90-(>-; _h *1410(1 |
  1
/<*-): {rn rn {rn o 90-(>-; $ :'/@/>-@<*- 1*-=, l 0/:1 f 
  1
 o l kqgjffjknmfmghliiifg l fqhnffogmjgjhkhlllfj l nkqjhfgimlghgimnooof l nfqklfgnijnhnkfkiihf l 
  1
 mkqmffhhoikikligllkf l mfqnjfhmkhhjhmkmoonf l lkqonfihgfojonnjiigg l lgqghfillolkmfgflljg l 
  1
 rmngqloiomjjjljoglimh rmonqkkgnhfnoinmhfmlf n 
  1
 rmngqloinoogkniiklhkj rmomqhkknimofgoonhofm oqfffffffffffffffkkkf 
  1
 rmngqngmkohkomilinong rmokqokonnkgfloonijhj nqoooooooooooooookkk 
  1
 rmnhqflhoomlnogkmknik rmojqlnmilhkmoikoikn n 
  1
 rmnhqifnjfhmnfokghomj rmoiqjgjnjffkgmhfjfim oqfffffffffffffffhhg 
  1
 rmnhqlmkilomfhknkmnig rmohqglknknnnflliolgi nqoooooooooooooookkk 
  1
 rmniqgknhmjlojhfkhfi rmofqoliikhnkglgjjgll n 
  1
 rmniqljggmolnknhjlhjm rmnoqmlfnjlnhhkljnmhf oqfffffffffffffffjjjf 
  1
 rmnjqhiomjnjlhfojnoji rmnnqlfjnilgijnjflokk nqoooooooooooooookkk 
  1
 rmnjqojjfmoigoiklhfkm rmnmqkgmjihglifmjmjjh oqfffffffffffffffggf 
  1
 rmnkqljnjgfgmllgmkgmg rmnlqjiffhngogifnnhgh oqffffffffffffffflllf 
  1
 rmnlqjknkinojmhggfngn rmnkqjggghnhjofknhfni nqoooooooooooooookkk 
  1
 rmnmqilffoljhofiklhgl rmnjqjngffkhjnnkomkof nqoooooooooooooookkk 
  1
 rmnnqhlglkiogfnlfgnon rmniqkkfnnhhjnllgifon nqoooooooooooooookkk 
  1
 rmnoqhkjojlnhjhiolngh rmnhqmfokikhojkhnfkhi oqfffffffffffffffjjjf 
  1
 rmofqihggnomfggggkohh rmngqomjjlgojinojnnfh oqfffffffffffffffggf 
  1
 rmogqinmjihkmmonikigl rmngqhioinnkoihlgmilk nqooooooooooooooommm 
  1
 rmohqkhmgklifigkgnkki rmnfqlgfmfkoimkmfkjih n 
  1
 rmoiqmgmnlhjgfohnkmjn rmnfqgfgmmggiojofhok nqooooooooooooooommm 
  1
 rmojqofnklnkgnmfkhllf rmmoqkohnilijgjgffhfi nqoooooooooooooookkk 
  1
 rmolqgkfknlminnojmifm rmmoqhfjfkhghgngngilm n 
  1
 rmomqjgnohjhggoolmgfj rmmnqojimhjokkgojnhjf nqooooooooooooooommm 
  1
 rmonqlnmhlglnkfonllgl rmmnqlniiommnnkmgjnh nqoooooooooooooookkk 
  1
 rmooqonhfhgifilgnnilh rmmnqkkgmhhkjhgoihfin oqfffffffffffffffjjjf 
  1
 rnfgqhmlmmnoihlggnmkn rmmnqkkgnhfnoiihkmki n 
  1
 o 
  1
 /3>1: rkjjqofjifmhkkllnnlnj mnfqloiongokmnnlfhim rnoqnnlgmkjkifojmonmh ro o n o rn o 90-(>-;@) V V V V 
  1
 " o o |
  1
):-+:' {rn rn {rn {nno o {nmj |
  1
,+->687+r<*-): {rn rn {rn rkjkqofjifmifmjnkmimj rnfgqhmlmmgikhloknmji rnoqnnlgmkjkifojmonmh o n o V V |
  1
/061+ {rn rn {rn rkjkqofjifmifmjnkmimj rnfgqhmlmmgikhloknmji rnoqnnlgmkjkifojmonmh |
  1
,+->687+r<*-): {rn rn {rn rljqjkmmfkiokmglmjilg rnmiqnnljnliinlflomgj rnoqnnlgmkjkifojmonmh o n o V V |
  1
/061+ {rn rn {rn rljqjkmmfkiokmglmjilg nmiqnglglgmfhlnoolml rnoqnnlgmkjkifojmonmh |
  1
/061+ {rn rn {rn rljqjkmmfkiokmglmjilg rnmiqnnljnliinlflomgj rnoqnnlgmkjkifojmonmh |
  1
:;8: {rn rn {rn {nmo hqnojkmhljhionoongjf:rnk {nml kmmqgfiljgmikkgmnjff {nok {nmi 90-(>-; _h *1410(1 |
  1
/<*-): {rn rn {rn o 90-(>-; $ :'/@/>-@<*- 1*=, n 0/:1 m 
  1
 rkmiqfjfilgfhmjjkfjjh n rkqnfmmomnkofgkjfnofh:rnl n 
  1
 rmngqloiomjjjljognljl mmnqkkgnhfnjgljkmlin 
  1
 rmngqloiomjjjljoglimh rmonqkkgnhfnoinmhfmlf 
  1
 o 
  1
 /3>1: rkjjqofjifmhkkllnnlnj mnfqloiongokmnnlfhim rnoqnnlgmkjkifojmonmh ro o n o rn o 90-(>-;@) V V V V 
  1
 " o o |
  1
):-+:' {rn rn {rn {noj n {nmh |
  1
,+->687+r<*-): {rn rn {rn rnnqnffllkkmhimmkmgkg nfjqmolokjffhknkjfnl rnoqnnlgmkjkifojmokgl o n o V V |
  1
/061+ {rn rn {rn rnnqnffllkkmhimmljjij nfjqmolokjffhknkikgn rnoqnnlgmkjkifojmhkn |
  1
):-+:' {rn rn {rn {nng n {nmg |
  1
61+<*-):r<*-): {rn rn {rn 90-(>-; $ :'><+@61+@<*- mofoo 9*33 1*-=, l 0/:1 f 
  1
 rlgqghfillolkmfgflljg l rlkqonfihgfojonnjiigg m rmfqnjfhmkhhjhmkmoonf m rmkqmffhhoikikligllkf m rnfqklfgnijnhnkfkiihf m 
  1
 rnkqjhfgimlghgimnooof m rfqhnffogmjgjhkhlllfj m rkqgjffjknmfmghliiifg m ro l 
  1
 rkjkqofjifmifmijnnknk nfgqhmlmnljokhfmigng rnoqnnlgmkjkifojolmjm n 
  1
 rkjkqofjhfnoklhglhnff mooqonhfhnnllhgjhmnl rnoqnnlgmkjkifojngljn oqfffffffffffffffjjjf 
  1
 rkjlqfiknnjhfhkojlgk monqlnmhlohjmlojgfi rnoqnnlgmkjkifokfhfml nqoooooooooooooookkk 
  1
 rkjlqkklkinkiknjghjgi molqgkfkojifgjofgmig rnoqnnlgmkjkifojmljom n 
  1
 rkjlqojkihhmkkjiigkii mojqofnkmlfngiffmfni rnoqnnlgmkjkifojooojj nqoooooooooooooookkk 
  1
 rkjmqoligohikgkoiljmm mohqkhmglinlkmjmhoml rnoqnnlgmkjkifojonkhi n 
  1
 rkjnqkognmkffmhnjnjgf mogqinmjjfgjfkmnomi rnoqnnlgmkjkifojmgmff nqooooooooooooooommm 
  1
 rkkfqflhfhgmfnkkgghnj mnoqhkjokjinlnikghik rnoqnnlgmkjkifokfmkni oqfffffffffffffffjjjf 
  1
 rkkfqofiilnllhlnjjjhm mnnqhlgllgjmijkklihg rnoqnnlgmkjkifojmmhfm nqoooooooooooooookkk 
  1
 rkkhqmlilgjllifngklnm mnlqjknkjlkfonflkkhk rnoqnnlgmkjkifojonnm nqoooooooooooooookkk 
  1
 rkkiqmnhkgjlfkiihhgff mnkqljnjgmmiohghonm rnoqnnlgmkjkifojnnkml oqffffffffffffffflllf 
  1
 rkkkqokmihhkjnnljfkk mnjqhiomklfhjlofilkg rnoqnnlgmkjkifojmoii nqoooooooooooooookkk 
  1
 rkkmqggiiiihilknnhnoh mniqljggnmhjnjhffokk rnoqnnlgmkjkifojogkol oqfffffffffffffffjjjf 
  1
 rkkoqkgnijkhojlnmihgl mnhqlmkimmhlkgnghki rnoqnnlgmkjkifojmilkj nqoooooooooooooookkk 
  1
 rklfqmlmihljlkmjimohk mnhqifnjgfijikjlmlng rnoqnnlgmkjkifojnkfhi oqfffffffffffffffhhg 
  1
 rkliqighimgkhgfhgmfhm mngqngmlffgkookoiln rnoqnnlgmkjkifojnilfh nqoooooooooooooookkk 
  1
 rkljqlfnihjiglfhgfnhl mngqloioflmhfoignflm rnoqnnlgmkjkifojmighg oqfffffffffffffffkkkf 
  1
 rklkqofjifmifmnokjljn mngqloionhffofnmgfnf rnoqnnlgmkjkifojmoloj n 
  1
 o 
  1
 
  1
 1*33@,*-9><: 
  1
 1*33@,*-9><: 
  1
 1*33=, 
  1
 1*33=, 
  1
 V V 
  1
 o 
  1
 o 
  1
 o 
  1
 
  1
 o Y rlgqghfillolkmfgflljg Y ro JQZGKZQ[Z[ JQZGKZQ[Z[ " Y rlgqghfillolkmfgflljg Y ro |
  1
/061+ {rn rn {rn rkjkqofjifmifmjnkmimj nfgqhmlmnljokhfmimkf rnoqnnlgmkjkifojmonmh |
  1
,+->687+r<*-): {rn rn {rn rnnqnffllkkmhimmlhnil mngqloionhffofnmhhgl rnoqnnlgmkjkifojmonmh rn o o V V |
  1
/061+ {rn rn {rn rnnqnffllkkmhimmkkmif mngqloionhffmflgjlji rnoqnnlgmkjkifojmoloj |
  1
/061+ {rn rn {rn rklkqofjifmifmnokjljn mngqloionhffofnmhhgl rnoqnnlgmkjkifojmonmh |
1001
ACAD_OBJECT_CHANGE_GUID
1070
     1
1071
537539896
1070
 29964
1070
 -8127
1070
   190
1070
   244
1070
   177
1070
    87
1070
   244
1070
    66
1070
   132
1070
    60
  0
REGION
  5
2247
330
1F
100
AcDbEntity
  8
BASE
 62
     7
100
AcDbModelerGeometry
 70
     1
  1
mnjoo lom m mk         
  1
ni ^ *+0;:,4 ^ *+0\^ [ mo ^ LR mlnqiqmqijjlj QK o  
  1
mjqlfffffffffffffgjg fqfffffffffffffffjkh:roh nqooooooooooooooooli:rno 
  1
>,27:>;:- {rn rn _nl mlnqiqmqijjlj |
  1
=0;& {rn rn {rn {m {rn {l |
  1
3*2/ {rn rn {rn {rn {k {n |
  1
+->1,90-2 {rn rn n o o o n o o o n mgfoqkmngnimimihjhkg likgqkhfgignjiikhnhn rmmmqjnnigijklfglokim n 10@-0+>+: 10@-:93:<+ 10@,7:>- |
  1
,7:33 {rn rn {rn {rn {rn {j {rn {m |
  1
9><: {rn rn {rn {rn {i {k {rn {h 90-(>-; ;0*=3: 0*+ |
  1
300/ {rn rn {rn {g {f {j |
  1
/3>1:r,*-9><: {rn rn {rn rnmqnffnffnklooilmjnl mmlqihmnlgjhjkmkfmkn rnoqnlomhmfhflilkhjlh roqonikkgklmkjgmhofighl lqfholjifimjmfjnmkgk:rng oqfffgikhnjlglgifmmfm o rn lqfhogfknilkmmnoiggm:rng 90-(>-;@) V V V V |
  1
300/ {rn rn {rn {no {nn {j |
  1
<0:;8: {rn rn {rn {nm {nl {rn {nk 90-(>-; {i {nj |
  1
300/ {rn rn {rn {ni {nh {j |
  1
<0:;8: {rn rn {rn {ng {nf {rn {mo -:):-,:; {g {mn |
  1
<0:;8: {rn rn {rn {mm {f {rn {ml 90-(>-; {i {mk |
  1
<0:;8: {rn rn {rn {f {mj {rn {mi -:):-,:; {i {mh |
  1
:;8: {rn rn {rn {mg iqokoghggngjkjomjhl {mf jiqjmkogijglohmijfn {f {lo 90-(>-; _h *1410(1 |
  1
/<*-): {rn rn {rn o 90-(>-; $ :'/@/>-@<*- 1*=, l 0/:1 f 
  1
 iqokoghggngjkjomjhl l gqhfmmohggkigkkjgkil l njqinoifkfnfihgfhggm l mmqkmfmgjnonknglogji l mfqmkhghhmkgiohfkfmk l 
  1
 liqoihoolmmfkkhmhlll l kmqgginoolhioogkgjjh l kfqhojofkkjgljlnhlog l jiqjmkogijglohmijfn l 
  1
 nikqhflgnoljjnjgnklj rmlhqlfjohoofoomojihj 
  1
 nikqlilkhmnjomfgfhkg rmliqjfllohkklnjnnlmf 
  1
 nilqffimlfjjgioghkfi rmljqhjifnmngofijlhml 
  1
 nilqifikjhmhnfnfnhmm rmlkqgflmgnlmohmonhhj 
  1
 nimqfjljmnnfokfmnjlf rmlmqhjmfgilmhffmfffg 
  1
 nimqilflfjoglklgfjjh rmloqkghlmljmkflinjgj 
  1
 nimqhhmnokjmgninifn rmmgqmmjiljjjggolmnfl 
  1
 nimqfokgnjfgokkgnkgi rmmjqfilfnllhgfjgmfjh 
  1
 nilqkgnhhioknmhgofji rmmlqhjojoiijmoilnlhk 
  1
 nikqkhoognmkoiljhhgk rmmnqhnngnkjgfffhkomk 
  1
 nijqkjglgihmkghnmngn rmnfqihlnmnfkomgnnfnh 
  1
 niiqglgijohjmjljhmhk rmnhqgkfnljgooikmokjj 
  1
 nigqjlmolloiggffjmmh rmniqlklffokinkgijglf 
  1
 nhoqmmjjkfkimhoojknf rmnkqglghmjfkgfgfmikm 
  1
 nhmqnffommlmfhimmnjn rmnlqignghohggholfngm 
  1
 nhkqllfhnnlkjhimfljf rmnmqflfknlojkhjgilnj 
  1
 nhiqkgolfnloffgkkfhi rmnmqnfifjgkiomjmhhlm 
  1
 nhgqhkiljlhkhhoollff rmnnqgglklflijnkilgh 
  1
 ngnqoogmojlkonjlhmml rmnmqoniiijffiflngoin 
  1
 nglqmhoommhkigjjlkik rmnmqnkfgfoinjnmmkkki 
  1
 ngjqkglkgnmfijjolof rmnmqhmhmlfgjfmkfklif 
  1
 nghqjmmmmjjiklmgjhfn rmnlqhnjhnnmlhfhfgoli 
  1
 ngfqjiofifmkignjijfj rmnkqhokngmllmfljhnjh 
  1
 nfnqlgjnlgmjlkfogjn rmniqogkkkfnokomjgmm 
  1
 nfmqgfojhlmookihnnij rmnhqhhhhlhjiljjlknji 
  1
 o 
  1
 /3>1: rnmqnffnffnklooilmjnl mmlqihmnlgjhjkmkfmkn rnoqnlomhmfhflilkhjlh roqonikkgklmkjgmhofighl lqfholjifimjmfjnmkgk:rng oqfffgikhnjlglgifmmfm o rn lqfhogfknilkmmnoiggm:rng 90-(>-;@) V V V V 
  1
 " o o |
  1
300/ {rn rn {rn {ln {lm {j |
  1
<0:;8: {rn rn {rn {ll {lk {rn {lj -:):-,:; {no {li |
  1
<0:;8: {rn rn {rn {lh {nn {rn {lg -:):-,:; {g {lf |
  1
<0:;8: {rn rn {rn {nn {ko {rn {kn -:):-,:; {g {km |
  1
:;8: {rn rn {rn {kl o {kk liiqokhihoiknngjihjl {nn {kj 90-(>-; _h *1410(1 |
  1
/<*-): {rn rn {rn o 90-(>-; $ :'/@/>-@<*- 1*-=, l 0/:1 m 
  1
 rliiqokhihoiknnglhffj l ro l 
  1
 rhhqhfmjljihfimojnlil mojqfnjmkihmnnhnnnjj n 
  1
 rhhqhfmjljihfimojnlil glqgffljijohkkmfhlfn n 
  1
 rhhqhfmjljihfimojnlil rlgqnnijllhoimgkfkoln n 
  1
 rhhqhfmjljihfimojnlil rnioqnlmkmlfmoonmgjkj n 
  1
 o 
  1
 /3>1: rnmqnffnffnklooilmjnl mmlqihmnlgjhjkmkfmkn rnoqnlomhmfhflilkhjlh roqonikkgklmkjgmhofighl lqfholjifimjmfjnmkgk:rng oqfffgikhnjlglgifmmfm o rn lqfhogfknilkmmnoiggm:rng 90-(>-;@) V V V V 
  1
 " o o |
  1
<0:;8: {rn rn {rn {ki {nm {rn {kh -:):-,:; {i {kg |
  1
:;8: {rn rn {rn {mf ro {kf mnqnikjlgfljonnglhnk {nm {jo 90-(>-; _h *1410(1 |
  1
/<*-): {rn rn {rn o 90-(>-; $ :'/@/>-@<*- 1*=, l 0/:1 j 
  1
 o l iqgokofmmiiiilmggjfn l nlqiogmnkhlommkhofk l moqknmklfhfhihkkfgon l mnqnikjlgfljonnglhnk l 
  1
 nfmqgfojhlmookihnnij rmnhqhhhhlhjiljjlknji 
  1
 nfkqlfmhlgokkkmmoolk rmnfqkihlkgnglgmikomk 
  1
 nfjqjkgmikjjinnomkom rmmnqkljignkminlkhmnn 
  1
 nfiqmfnlgimgmjjfgknk rmmlqjhoghfhkiknhoil 
  1
 nfhqolkjnnlohomoklhh rmmjqhoioghjkmgnjmmjg 
  1
 nfhqljohlhkhkghgjnlf rmmhqfiijlmofooinfnhf 
  1
 nfhqmmnfflfoiilhkogn rmloqmmlifgljlinolln 
  1
 nfhqoflmkglfifgiknof rmlmqkgogfgijkkhoniig 
  1
 nfiqjmmolnhghgmkighk rmlkqifohjjifononifi 
  1
 nfjqjkohgjimghilmkjj rmliqhmhjfogjioiogmgi 
  1
 nfjqklmlmkklmiokfgi rmliqfjmhloihognmhfgn 
  1
 nfjqlnfoghhjgfkofjmk rmlhqnhjmhoklkgioiohl 
  1
 nfjqmonngonfimmjkflj rmlhqlfjohoofoomojihj 
  1
 o 
  1
 /3>1: rnmqnffnffnklooilmjnl mmlqihmnlgjhjkmkfmkn rnoqnlomhmfhflilkhjlh roqonikkgklmkjgmhofighl lqfholjifimjmfjnmkgk:rng oqfffgikhnjlglgifmmfm o rn lqfhogfknilkmmnoiggm:rng 90-(>-;@) V V V V 
  1
 " o o |
  1
<0:;8: {rn rn {rn {nl {jn {rn {jm 90-(>-; {i {jl |
  1
:;8: {rn rn {rn {mg jqigklknggiogogonkgh:rnk {jk lmfqjflhjohhijhmnikg {nl {jj 90-(>-; _h *1410(1 |
  1
/<*-): {rn rn {rn o 90-(>-; $ :'/@/>-@<*- 1*=, n 0/:1 m 
  1
 lmlqjifmiifkknlighoh n iggqkmkoonfgljkgkikj n 
  1
 rnikqhfffkokmnknkomnl rmlhqlfjohoofoomojihj 
  1
 nikqhflgnoljjnjgnklj rmlhqlfjohoofoomojihj 
  1
 o 
  1
 /3>1: rnmqnffnffnklooilmjnl mmlqihmnlgjhjkmkfmkn rnoqnlomhmfhflilkhjlh roqonikkgklmkjgmhofighl lqfholjifimjmfjnmkgk:rng oqfffgikhnjlglgifmmfm o rn lqfhogfknilkmmnoiggm:rng 90-(>-;@) V V V V 
  1
 " o o |
  1
):-+:' {rn rn {rn {nk o {ji |
  1
):-+:' {rn rn {rn {nk n {jh |
  1
61+<*-):r<*-): {rn rn {rn 90-(>-; $ :'><+@61+@<*- mofoo 9*33 1*=, l 0/:1 jo 
  1
 iqokoghggngjkjomjhl l fqnhhhooonfglnkifjkh m fqlhhhkmglkkklffhfmn m fqjhgmokkgojfffgmkng m fqfgolifkhofkkgigkgm m 
  1
 noqhgfkjgkhlofkiijkk m nnqiolgkhgfkmnhgioih m nmqonmimlikhjlfhgihl m nmqkmmkoniklklfffhof m njqhmjmkofgffmhlljff m 
  1
 nhqlhgijihglkgjggooi m ngqmolojgifhmolljihf m ngqinkohihfjgnjjiljn m nfqomkmjmohkhmfhnili m moqijkkkojffmkiggiom m 
  1
 mnqkinghmfnmmlkmmhll m mnqiimigihklkghifljm m mnqgilofmmfjnmomljhg m mmqmimiiljjkimifokmh m mlqgkmknlkkjlijilmf m 
  1
 mkqimoojohoghjomomjm m mkqgnmfgoghofjjjlkgk m mjqoojllogifkgkgokgg m mjqlggmgllgilklgfign m mgqlinmnilfmmmgjmojl m 
  1
 mfqohilhokilgonjlnml m mfqhgijoolololhjfnii m lnqmlfhffhmmhlkmokjg m lnqkmkjhmmomghhjjiok m lnqinoomnlohojkmgmnj m 
  1
 lnqfgmfkgkmfkjjkfomn m lmqhligmhfioohofnnji m lkqmhliholfhlmmigmlf m lhqkkfkhjnjhhhimimhf m koqhnfkfmnilfjhjlmig m 
  1
 kmqlhngjnjkjlgkjjglk m klqnffimlohnkgfnmgmg m klqinlmfoiilhhfgohml m kkqomihjkolhfjliflfn m kjqihilkjniihnjhknnf m 
  1
 kiqkfhnlnlkihlkhinlk m kiqfojfmhfflljjgnhln m khqlnliofkofijfglmhj m kgqflnngikkgjjjfnmh m kfqhlohfniinfonjlkkk m 
  1
 joqnmhhhhmmolnjljnhh m joqjmmgjofmlflnognon m jlqioihlgmoifiklogg m jjqoghgiohiofifjmijj m jiqjmkogijglohmijfn l 
  1
 rnnqnffllkkmhimmljhkm rnikqhflgnhflgokmogm rnoqnnlgmkjkifojmklfn 
  1
 rnoqmglikfiogjlgnmjmi rnikqlommihfllifhngoj rnoqofghioflgoignhnn 
  1
 rfqlmjihmmfoglmkinngi rnilqgfkjihhgmfoghmln rnoqoglooniihojnjhohj 
  1
 rgqmhljmghhkhojngfjkg rnilqjjjnkiglkooflhhh rnoqoijiflnnjmkoggiin 
  1
 rgqmnolknkjfkmijimmlg rnilqjljnilfihofmnggk rnoqoikijliihjmojokj 
  1
 rgqogljfhifklmnnjoflf rnilqkfjggljhmkklfnjj rnoqoimjighknjhgllool 
  1
 rgqomoojnlnkhkfhlmjkn rnilqkhijfogknifklolk rnoqoinjmlkmghomfjgig 
  1
 rhqgmgihkofgonlmfomgl rnilqknfiflikhjiilfok rnoqojglhjlgnnlomokjh 
  1
 rhqhoojiofffnmnjokokh rnilqlglmnjnkohhgfjgn rnoqojimigolkoimjmgnm 
  1
 rhqlnlljjofkhmhhmkgmi rnilqmhhhfhjkonimlihg rnoqokfgfghgljkgoihfg 
  1
 rhqojlkmmgfokfflnonkf rnilqmnlkfimgknggkogf rnoqokjimmffnlmgjojlk 
  1
 riqjmgkmmlgknfhlkjggj rnilqofijllmhnfmmojjj rnoqolifgiljhiimfgmjl 
  1
 riqmikojmiginfglgmoif rnilqokknnnolgoggil rnoqolmilhooiljonknnn 
  1
 rjqgikgoflogfnkofjljk rnimqfhkillhmgiolklin rnoqomioigikoghohgogh 
  1
 rjqhlnnjhogghonnkhlhl rnimqfjmfflhofgkmkhlf rnoqomlgifhhgfhlfimnk 
  1
 rjqkimfjgfjohlofnokml rnimqfnmgokkoffigigin rnoqonfkjhkjjohnnnmkn 
  1
 rjqlmgjojojklgigohhhn rnimqgfkmhiglogoknlof rnoqonhmkjkkffgkfjjol 
  1
 rkqnognoiggmmiofmihfj rnimqhkohiiljgoijlklk rfqffhnhomoghghinggin 
  1
 rlqonngfnolkloillmlnj rnimqhohglilgggjhggkf rfqfhfnjmkinifflkgnof 
  1
 rnqlhllmhfmijnnllofjk rnimqgnkimofkkmjooofk rfqfjmnfknmfmlgikllmg 
  1
 roqgmghogmfomholkmlngm rnimqghimifijggjjikg rfqfklmlogminljiinooj 
  1
 roqonglmnnljmifiojnjffm rnilqoohlkjhnnnklfmig rfqfmfgfljkjgllgokig 
  1
 oqmkfgfnkkjhkogginmon rnilqojhmfoomigkifnkn rfqfmjkhflghiikfhnlfg 
  1
 oqijolgijijmlhkmnllmk rnilqnknhjmggnohhnihn rfqfngggfmfknhlnkiljk 
  1
 oqhglmkffhgmjljhknnfj rnilqnhnkmnomhknfnnki rfqfniholmljjfmmmiiim 
  1
 nqokgojgninkgomniomm rnilqmllgjlhhilgmhnim rfqfnmlkigmomhnlmkohh 
  1
 nqnhffnngnhfffhfnnig rnilqmiijfonnlhmghnog rfqfnonhhgnomkgmogfgj 
  1
 nqglkonlkmhjionjgjoj rnilqklhmmnmgljfnlgkm rfqgffknhkgihgkfjnjfm 
  1
 mqlkffnfmljhjngknkhl rnilqjfgomkighikgoilj rfqgfoflojlllklloffin 
  1
 lqnoggnnofohhhmgjfom rnilqghkmgjmgojhhjfjk rfqghgkkingigiiggiifn 
  1
 lqljhhnfghhojghkgilh rnilqfhnjofhonmlihglj rfqghkljnkkmlllnkgijk 
  1
 lqiijfionllimlgjfnfi rnikqnoomkfilkgkjjihf rfqgifmgoihohnnfnfinm 
  1
 lqhmhnfflokhngmlglkg rnikqnmimkkogokfoonof rfqgigmhlmklhhkjhoiom 
  1
 lqgkfmjghhinmfnmklhn rnikqnhggfoghgljnfjol rfqgiimijmgmgjlkoihi 
  1
 lqfnooifkfflhifkmfmj rnikqmojjlhlfihjhikgi rfqgijmikfofifloojng 
  1
 kqofnihlfoffjkmjjnhl rnikqmgilihillgkghjjn rfqgimmhhlgjjnokomgfk 
  1
 kqmnnfjggimlhnjifgon rnikqlknjhlnimmhnggjm rfqgiomfgjhlkjofokhif 
  1
 kqgokhhliomlifjgggli rnikqimnfjigjmjkojlj rfqgjojkioghfmkglnkk 
  1
 jqmihkjghmkhkiilnnmh rnikqgihnjokonjnfhmmf rfqgkmflklonjhmnjhofi 
  1
 jqfkomlohikgljlkkoig rnijqmilgfhmofgkihlm rfqglngihongigijgonfj 
  1
 iqnjgfjlhmiokgmnlooh rnijqlffjhjklmjgojnfk rfqgmgmifojfjmlmfgghg 
  1
 iqkmgljohnlomkjkmjmf rnijqjhjnilhmfkokljnf rfqgmlglhkjjnmkinilif 
  1
 iqkgnholjnglfhjmmihf rnijqinolimlkkfnfkhff rfqgmmfjfhfmjgoghkhoj 
  1
 iqjghgimgglkhjolmnmh rnijqignmkfkmglojhlll rfqgmnmnlklignfkmjmif 
  1
 iqikoiimkjmijlnogini rnijqhnifloiimjjjjkoh rfqgmolkjoioiflkhnmk 
  1
 iqhfhffhmhhgfjhonimf rnijqgmkjlojhnfffokgl rfqgnhhjjfgjjjlolgl 
  1
 iqfonfojfjijjmfonfjj rnijqgfhmggjkknjmfgjk rfqgniokmgnghonhnjigf 
  1
 hqgojiohjhfnkmjjkjkm rniiqjkjokhikfioomili rfqgonnmnokhhkllnggmi 
  1
 gqjjjmmkmfoiigmhohmi rnihqnginmljohnilnlnl rfqhggjglffglljillhjn 
  1
 fqknmjfffkjnflggoijh rnigqojigmlgglfnmfmij rfqhhkjnokknlhmihiklf 
  1
 fqjhjmomkfgfokkkfl rnigqmmgfolfjnhhijhl rfqhhngjjnjgnflfhmnom 
  1
 fqgfmkomjgojjjnmmhgm rnigqjhghjjkmooljoogh rfqhiihnjihnhonifmfif 
  1
 noqokihniiiolnlkkglk rnigqhjinnmihfglgnfil rfqhikmmgonljnonfnlnh 
  1
 noqjoiohlggifhmkmigl rnifqloilffjojhjihmfh rfqhjihjmghikmgjmkfjh 
  1
 noqhfgfffnnhhkmjmhog rnifqigghigingogkfohl rfqhjnflhmggmgoijhgih 
  1
 nnqnnohkimhiigojgkf rnhoqnllojfmmfgkhihkj rfqhkigofoknfhhkijhgm 
  1
 nnqnkjiknhmgghjkhihh rnhoqnglljgllnonjnnkn rfqhkimlkfghmjkfnliim 
  1
 nnqmnjomigfgikmnmjff rnhoqmgkjnhlognnfooif rfqhkjoflhomhjimhnimj 
  1
 nnqmkfjofhnokohoohij rnhoqlljlhnlkmgfljjmn rfqhkkjmijjjkmmlfnmnm 
  1
 nnqljmjmnhgomnlnofjk rnhoqkgfojnmkomlnhomf rfqhkmglmlfnjjfiigngn 
  1
 nnqkmonffohlinlokgln rnhoqjfmkoonloniijfjl rfqhknhnfkggiomnlilml 
  1
 nnqimnlihkhfghffklnm rnhoqfoifmmihflffhh rfqhlgknniojknhniilmg 
  1
 nnqhjnmljnhhgnjnlofk rnhnqnmoomlonligkhklg rfqhlimhilgollnhlioli 
  1
 nmqnlmojhfkohfmmgilf rnhnqhhijhfloklkhghii rfqhloonkkimjngginnjn 
  1
 nmqlihfojlgmhomhfkmh rnhmqmmgnmmhgniinnkm rfqhminljlimmliigmimk 
  1
 nlqomgghkoogllkoiknh rnhlqikmgljniiomkifi rfqhnjmjhnhhghinnnkmh 
  1
 nlqlgiohhjnnimongkih rnhkqilkhjimgmjlmlmml rfqhoflihmlifngfgfinf 
  1
 nlqfmlmhnkifnlmhjoni rnhiqhonfoiommlgmjloi rfqhoojohfmgohngfgklk 
  1
 nkqofikoilijjikmonnm rnhhqhhlgijjjmognikjn rfqifhijkkigjhiljmgmi 
  1
 nkqmokonnhonkmnfokfj rnhfqkonlklgfmkhkgifg rfqifjgfilkfkhigkigij 
  1
 nkqmnknnlhomgnigkkoj rnhfqfkfohoomlmggjgkl rfqifjhlhmnjjmikhohm 
  1
 nkqnfonhmhignkkmfjmf rngoqhhojnknoknfhninj rfqifinknlmkfflhifjhm 
  1
 nkqnhjiigholjigkkkll rngnqokknonmkomomnnon rfqifilglmlillhjfhkih 
  1
 nkqnkknnnolkoghhlfk rngnqkjkmkomifmofljol rfqififojfihgknhmfjlk 
  1
 nkqnlnfhngnijknfinmm rngnqjfohlnkfjjkjngjm rfqifhnoiimjhijofmgjg 
  1
 nkqnokkkmkgfjffiojgf rngnqgilknjlglgjhjool rfqifhjioiggimhjikfmf 
  1
 nkqogfoilhkmiffnkfil rngnqfffjnnjlnohgmnmi rfqifhgnlhhkolkhhhiml 
  1
 nkqookmmjmkgjohoffmh rngmqihhgnfioklkihgon rfqiffmofnnfmlolnfjgh 
  1
 nlqfnoiimgnohhkjimki rnglqmniijkololnifomf rfqhoohkhofifiijgmnoi 
  1
 nlqhlmkflogmmhlokjn rngkqonjjgkoinkklfhk rfqholihgkmkfijmnigm 
  1
 nlqiihnnkhjjlknggnmj rngkqmhfmimmgjkfginhg rfqhokhjklolflmnlokjj 
  1
 nlqjjfhjohgnlgfjgnig rngkqihmmgojfkfgjhhgi rfqhoijmnomlnknijhghg 
  1
 nlqjmmjlojolnflogifn rngkqgomkgnnokkmmokmg rfqhohnllkhfionofongh 
  1
 nlqkkjnnklmnhgfjhijj rngjqoinhojkfiongfloh rfqhogkohnhjimooolmnj 
  1
 nlqkokfjlkhghihkjkfn rngjqnfoikmlngiokjhkl rfqhofoihgnnllnhmilin 
  1
 nlqnfhggmjmiollifnni rngjqgmgfjhnhlinjjmn rfqhnmkhlijhgfklohnii 
  1
 nlqooggknhhhljiomnij rngiqllohgljfkimigflg rfqhnjjgmklmjlnjolkkl 
  1
 nmqifnfnmlkoofnghlnf rnghqoiilmhhmimmhlnkn rfqhmohfiijoihjgfngmi 
  1
 nmqjgninifllohjjjnk rnghqloifnlmfinkoklik rfqhmminnjohhjgihl 
  1
 nmqkognliggggmglgjgk rnghqiilkmijhlmgnnjhn rfqhmjkijgfmknijnjion 
  1
 nmqlkfmkfigkkhgnklgi rnghqhgnoogmghmhnmkgj rfqhmiklkhhkhjnminink 
  1
 nmqmmfojliljjkoglgnl rnggqonklohhhlkjmmomk rfqhmgknmnhliiohjhlgf 
  1
 nmqnihhfiifhfighkjog rnggqnmffjilnfjkgnhn rfqhmfknfhlhlkonjjnfk 
  1
 nnqiniigjologhomhhlh rngfqnkmlfggggomljohm rfqhlgkgnlfjijnigokhm 
  1
 nnqokfinkkinfgmomion rngfqffkklnmgoojimlmf rfqhkhhfjoohihkfnlnlh 
  1
 noqnolmgokfjgggnhlon rnfnqnhkljhjmiimohgnl rfqhillijkjfhnmkhmgmh 
  1
 fqhgoofnnojljhokofjf rnfnqjklgifgngmiognik rfqhigigjfoomglmjfnni 
  1
 fqnnlmgjohmhlmjohkl rnfmqmklikfnlmohkokom rfqhhfiilgjlhklolnnjk 
  1
 gqhhofjlhimkifkijhgi rnfmqjhklhfhijfkiohig rfqhgjlooniinkljninij 
  1
 gqknjlkknhjjkkkhioom rnfmqgfojgohglljnojjn rfqhfnnjonhhglmnjogol 
  1
 o 
  1
 
  1
 1*33@,*-9><: 
  1
 1*33@,*-9><: 
  1
 1*33=, 
  1
 1*33=, 
  1
 V V 
  1
 o 
  1
 o 
  1
 o 
  1
 
  1
 o Y iqokoghggngjkjomjhl Y jiqjmkogijglohmijfn JQZGKZQ[Z[ JQZGKZQ[Z[ " Y iqokoghggngjkjomjhl Y jiqjmkogijglohmijfn |
  1
300/ {rn rn {rn {jg {jf {j |
  1
<0:;8: {rn rn {rn {io {in {rn {im 90-(>-; {ni {il |
  1
<0:;8: {rn rn {rn {ik {nh {rn {ij -:):-,:; {no {ii |
  1
<0:;8: {rn rn {rn {nh {ih {rn {ig -:):-,:; {no {if |
  1
:;8: {rn rn {rn {ho o {hn liiqokhihoiknngjihjl {nh {hm 90-(>-; _h *1410(1 |
  1
/<*-): {rn rn {rn o 90-(>-; $ :'/@/>-@<*- 1*-=, l 0/:1 m 
  1
 rliiqokhihoiknnglhffj l ro l 
  1
 rnlqhfmkijglfljlijlmm mojqfnjmkihmnnhnnnjj n 
  1
 rnlqhfmkijglfljlijlmm glqgffljijohkkmfhlfn n 
  1
 rnlqhfmkijglfljljfilg rlgqnnijllhoimgkfkoln n 
  1
 rnlqhfmkijglfljljfilg rnioqnlmkmlfmoonmgjkj n 
  1
 o 
  1
 /3>1: rnmqnffnffnklooilmjnl mmlqihmnlgjhjkmkfmkn rnoqnlomhmfhflilkhjlh roqonikkgklmkjgmhofighl lqfholjifimjmfjnmkgk:rng oqfffgikhnjlglgifmmfm o rn lqfhogfknilkmmnoiggm:rng 90-(>-;@) V V V V 
  1
 " o o |
  1
<0:;8: {rn rn {rn {hl {ng {rn {hk -:):-,:; {g {hj |
  1
:;8: {rn rn {rn {hi gnhqgfjmilmoghhjfgii {kl gkiqkfjnklgfmjgknnol {ng {hh 90-(>-; _h *1410(1 |
  1
/<*-): {rn rn {rn o 90-(>-; $ :'/@/>-@<*- 1*-=, l 0/:1 j 
  1
 rgkiqkfjnklgfmjgknnol l rglfqlkkggnkhgohlglol l rglmqnfkioljggighgif l rgmjqokkfknnlfoihfgh l rgnhqgfjmilmoghhjfgii l 
  1
 rhhqhfmjljihfimojnlil rnioqnlmkmlfmoonmgjkj n 
  1
 rhhqhfmgmgnnljofkjhfm rnimqjmljmjnkjkgffifi n 
  1
 rhgqmilfikfmojnkojjhl rnikqgfnnginiljomjnoj n 
  1
 rhfqnhfohfmlijjfkkjjg rnihqnoomkkhijjmfmgmi n 
  1
 rgoqofknfjjllnlohgiii rnifqloflognkgkgikjnl n 
  1
 rgnqkljlghihmnjfhoiof rnhnqlnijkhmkggfhogoi n 
  1
 rglqnminkjjkogfoloioj rnhlqoohllljjkkofhkok n 
  1
 rgkqgnihjimlimhighlkk rnhkqifhfhmigknololji n 
  1
 rgiqgmlhhognngjhkklni rnhiqolfnnoijijjggngg n 
  1
 rgfqolmijhgoklkigjklf rnhiqfjknlmjinnknkkfl n 
  1
 rfnqmknjkfjhfjghmhnjm rnhhqgifnjikkifjgokkm n 
  1
 rflqiofomgfkhfomjonhl rnhgqlkonlokggjlfjmfn n 
  1
 rfjqffffkjmoifnogjnkl rnhgqlkonlfihifmoiffh n 
  1
 o 
  1
 /3>1: rnmqnffnffnklooilmjnl mmlqihmnlgjhjkmkfmkn rnoqnlomhmfhflilkhjlh roqonikkgklmkjgmhofighl lqfholjifimjmfjnmkgk:rng oqfffgikhnjlglgifmmfm o rn lqfhogfknilkmmnoiggm:rng 90-(>-;@) V V V V 
  1
 " o o |
  1
<0:;8: {rn rn {rn {nf {hl {rn {hg -:):-,:; {g {hf |
  1
:;8: {rn rn {rn {kk liiqokhihoiknnglhffj {go lfkqikhjjnlngkmljjmk {nf {gn 90-(>-; _h *1410(1 |
  1
/<*-): {rn rn {rn o 90-(>-; $ :'/@/>-@<*- 1*-=, l 0/:1 j 
  1
 rlfkqikhjjnlngkmljjmk l rlghqkfhghmlmklofkifn l rlgoqlkgmofiilmkiimof l rlhlqnfhflnjimlffnimk l rliiqokhihoiknnglhffj l 
  1
 rfjqffffkjmoifnnomnfi mmkqnmmfimkhgohfllon n 
  1
 rflqiofomgfkhfommhklj mmkqnmmfjlmgfifgnomh n 
  1
 rfnqmknjkfjhfjghinmjg mmlqijnfhfmkgnnigkjm n 
  1
 rgfqolmijhihmihjflgkk mmmqhlifjjlohhjjfhhm n 
  1
 rgiqgmlhhognngjhmnjhf mmnqgmnfllkjhhnhlik n 
  1
 rgkqgnihjimlimhihjfhj mmoqkgohfjkgjminjmlf n 
  1
 rglqnminkjjkogfonfmli mngqhfonjiljjjignhnf n 
  1
 rgnqkljlghihmnjfffol mnhqofflhoojoojiojmm n 
  1
 rgoqofknfjjllnlollnfn mnjqofmnlofkfikkimh n 
  1
 rhfqnhfohfmlijjfnhjjh mnmqggloihjiiighhnkn n 
  1
 rhgqmilfijnlgifkmhkjn mnoqihkoofkfnlkmonfk n 
  1
 rhhqhfmgmgllgnikflhfm mogqloilkfohjilimimi n 
  1
 rhhqhfmjljihfimojnlil mojqfnjmkihmnnhnnnjj n 
  1
 o 
  1
 /3>1: rnmqnffnffnklooilmjnl mmlqihmnlgjhjkmkfmkn rnoqnlomhmfhflilkhjlh roqonikkgklmkjgmhofighl lqfholjifimjmfjnmkgk:rng oqfffgikhnjlglgifmmfm o rn lqfhogfknilkmmnoiggm:rng 90-(>-;@) V V V V 
  1
 " o o |
  1
):-+:' {rn rn {rn {mo o {gm |
  1
):-+:' {rn rn {rn {mo n {gl |
  1
,+->687+r<*-): {rn rn {rn iiqojmgjfmfkfjifolnn hhqhfmjmgofihlijngmj rgqgkmfhjnmfglojknfol oqfffgikhnjlglgikihhl o oqonikkgklmkjgmhojkjkj V V |
  1
<0:;8: {rn rn {rn {gk {mm {rn {gj -:):-,:; {i {gi |
  1
:;8: {rn rn {rn {gh o {kf mlqnokgkjljklnnlmmjg {mm {gg 90-(>-; _h *1410(1 |
  1
/<*-): {rn rn {rn o 90-(>-; $ :'/@/>-@<*- 1*=, n 0/:1 m 
  1
 hmmqogkkkgikogfomgih n hkhqiinnmljflokkgimf n 
  1
 nfjqmonngonfimmjkflj rmlhqlfjohoofoomojihj 
  1
 mngqloiomjjjojlignin rmlhqlfjohoofoomojihj 
  1
 o 
  1
 /3>1: rnmqnffnffnklooilmjnl mmlqihmnlgjhjkmkfmkn rnoqnlomhmfhflilkhjlh roqonikkgklmkjgmhofighl lqfholjifimjmfjnmkgk:rng oqfffgikhnjlglgifmmfm o rn lqfhogfknilkmmnoiggm:rng 90-(>-;@) V V V V 
  1
 " o o |
  1
):-+:' {rn rn {rn {ml n {gf |
  1
61+<*-):r<*-): {rn rn {rn 90-(>-; $ :'><+@61+@<*- mofoo 9*33 1*=, l 0/:1 nh 
  1
 ro l nqlmmhglkhkgongnjfoi m mqikjjiifkfiolilngnm m lqfigljooghnghmhiffg m jqmfnnllmmkhhofmmngl m 
  1
 iqinlfnkillmkkhiimj m hqfliifioknhngiofkmf m fqmjfkhhlhjihighkf m noqjgmmjghofiljnlfkg m nnqfojokllgkkomlfljn m 
  1
 nlqmmhgmgojfnifikjhh m nkqjjoinlnhiflikonhh m njqghllfgmfkholnji m nhqnfinglkhmmnjlggnm m ngqjngfigikfhmhimmom m 
  1
 nfqgknhjlhfmlifhmfjg m mnqnikjlgfljonnglhnk l 
  1
 gqknjlkknhjjkkkhmkkf rnfmqgfojgohglljnojjn rfqhfnnjonhhglmnklifh 
  1
 gqnmklfgkgokljljglfk rnflqnkfmglfkjffmkijl rfqhfjflikmiljniglflk 
  1
 hqgmoionjhjohghjjnfh rnflqkonhifghioikkoii rfqgooflnhkihhfgjkmlh 
  1
 hqnghhnkigghlklkiiom rnflqgfnnnnihmhnflngf rfqgnnllggjggfkoimijl 
  1
 iqgjgimlmomomhokonmm rnfkqnmhfikfomimjffok rfqgnihjohomgfflofmgf 
  1
 iqnhiolhhfhfihhigloi rnfkqjgmhingihnjojofl rfqgmhfhghonojonigfog 
  1
 jqgmmjkmgfjgigoffnkk rnfkqgoohomkggoohoinh rfqgllhfkgfggllkfokj 
  1
 jqofmjiknilhmflhholi rnfjqmnkkonfjhnhliilj rfqgkjgohlghfngfonnff 
  1
 kqhniogoonlfnhjlfglh rnfjqknonjhlnhkofohln rfqgjmoolhnoolkmijgfl 
  1
 lqfkmogonkikmmokmmfh rnfjqhhilmolomkgknmlm rfqgikhlfomgnnfkfkklj 
  1
 lqjkkjijoknnfhhkfimm rnfjqfkihmknfkoojkkoh rfqghnmhhlnlhkjihlfij 
  1
 mqhlnoolonfookigmnm rnfiqmjfmllmogonfjlhi rfqggkiiokhmjgiigikjl 
  1
 mqlnkfjhmljhmlfokjkf rnfiqkonllkhilgiglimi rfqgfnjojohojfnofmjnf 
  1
 nqkihlkjiokmnghffji rnfiqijkinjkjlfongfhn rfqfojkkfkfnjlfjgkfgl 
  1
 nqoljhgmogghmlgnmhmm rnfiqhijhfnnmihmggjif rfqfnmjkgkkiminkgfmlm 
  1
 oqnioiogoihhkmgomingm rnfiqfjjoloonnojlmmkg rfqfmifkjmoohoijllfih 
  1
 roqmgmfffjoihlklililhm rnfhqollofoljfiokjmgf rfqflkmklmjhghkjjmlnl 
  1
 rnqnhgknmihjhjomnkmkj rnfhqnjkklfkmlnmjoifm rfqfkgfhlfifllgoimhhl 
  1
 rnqilomnkmhggminonlhn rnfhqnfhhmjgmngghkhlg rfqfjikolnfmolkimgofn 
  1
 rmqjlhgghomlgnjhggonm rnfhqmkgkhkijhiloojjm rfqfhnlnhgioiohnhjhlm 
  1
 rmqfflhjknlgngjkkgkkl rnfhqmjjfljggmigjnmmk rfqfhggojhhjjkonilnmj 
  1
 rlqfojmgojfioonninnhj rnfhqmlkikmmkhhhlhfnh rfqfflhgnohilmnhfgfoi 
  1
 rkqliofljkjmhinoifogh rnfhqmojgghnijnojnlf rnoqoonmigliojjkmllng 
  1
 rjqmihhlfojnokmnnmkgi rnfhqnnmkjolfmkkignhm rnoqoninhjkhljlhklfof 
  1
 rjqhngggllgkfhkjioinl rnfhqokhhifjjlhhngnkg rnoqomljfjnfjlkmoojfk 
  1
 riqinmkgmofggifgnfgjg rnfiqgglkkmgkgjmhmiih rnoqolgmfglillnhffngi 
  1
 rhqojkflmklkhknifjfjh rnfiqhglhfggmjjlllmkk rnoqokjjgnhokmoikkffn 
  1
 rhqfmhmonkiijmkjhkifn rnfiqjjnnlgimokgnlnoh rnoqojffkkiolhmijnjih 
  1
 rgqljhonihmfoijfigmik rnfiqkngnmjnmilknfkgl rnoqoihomkoijkmijgihf 
  1
 rfqmookmfmomfnfhljghm rnfiqnmoggnkhigmohmhi rnoqogofniohmfohkfngn 
  1
 rfqinkomlhhkiknjmomkg rnfjqfjiijkilgimfgmgj rnoqoghhmgjljhjknhonh 
  1
 rnoqkmngjjkfnlkkkomlh rnfjqjffinnkiilimiggk rnoqnonolojolfikmihlg 
  1
 rnoqgniofogfknfhhifnj rnfjqkoihfggmijkffghg rnoqnohjnffkkkillffgj 
  1
 rnnqnffllkkmhimmliiln rnfjqmonnghhhfnofkioj rnoqnnlgmkjkifojmkjig 
  1
 o 
  1
 
  1
 1*33@,*-9><: 
  1
 1*33@,*-9><: 
  1
 1*33=, 
  1
 1*33=, 
  1
 V V 
  1
 o 
  1
 o 
  1
 o 
  1
 
  1
 o Y ro Y mnqnikjlgfljonnglhnk JQZGKZQ[Z[ JQZGKZQ[Z[ " Y ro Y mnqnikjlgfljonnglhnk |
  1
<0:;8: {rn rn {rn {mj {fo {rn {fn 90-(>-; {i {fm |
  1
:;8: {rn rn {rn {fl jkqjkmiionklifjnhmhf {jk hkqmhhkollfmiifgfimm {mj {fk 90-(>-; _h *1410(1 |
  1
/<*-): {rn rn {rn o 90-(>-; $ :'/@/>-@<*- 1*=, l 0/:1 k 
  1
 jkqjkmiionklifjnhmhf l ihqjommhmikfijmgjmon l hlqfmijmjhhgmkkfhflf l hkqmhhkollfmiifgfimm l 
  1
 rniiqnonohgnjhflghjgl rmnfqomolhflkkiiijijh 
  1
 rnilqjjfhmhionjminimh rmmmqkhimfhifkghlfkfm 
  1
 rnimqlfhijljnfmjgmji rmmiqhjjnklgoolkgiimk 
  1
 rnimqgknkhokomlijkkjn rmlnqomngliiolololjnk 
  1
 rnilqoinkhililohhokgl rmllqnligflmjnoknnmfg 
  1
 rnilqihoifgohiflolohl rmljqnflommfjikhminhi 
  1
 rnikqilglknlghhjjhlom rmlhqogijigogfohjflfl 
  1
 rnikqifnnfnhfmmijnonk rmlhqngffgfohionfkonm 
  1
 rnikqhkjoinijjhoighh rmlhqmfmgmhhmkjmmlnnk 
  1
 rnikqhfffkokmnknkomnl rmlhqlfjohoofoomojihj 
  1
 o 
  1
 /3>1: rnmqnffnffnklooilmjnl mmlqihmnlgjhjkmkfmkn rnoqnlomhmfhflilkhjlh roqonikkgklmkjgmhofighl lqfholjifimjmfjnmkgk:rng oqfffgikhnjlglgifmmfm o rn lqfhogfknilkmmnoiggm:rng 90-(>-;@) V V V V 
  1
 " o o |
  1
):-+:' {rn rn {rn {jm n {fj |
  1
,+->687+r<*-): {rn rn {rn rnnqnffllkkmhimmkmgkg rnikqhflgnhflgokmnlgg rnoqnnlgmkjkifojmoloj o n o V V |
  1
/061+ {rn rn {rn rnnqnffllkkmhimmljhkm rnikqhflgnhflgokmogm rnoqnnlgmkjkifojmklfn |
  1
/061+ {rn rn {rn gqknjlkknhjjkkkhmkkf rnfmqgfojgohglljnojjn rfqhfnnjonhhglmnklifh |
  1
300/ {rn rn {rn {fi {fh {j |
  1
<0:;8: {rn rn {rn {fg {ff {rn {noo 90-(>-; {ln {non |
  1
<0:;8: {rn rn {rn {nom {lm {rn {nol 90-(>-; {ni {nok |
  1
<0:;8: {rn rn {rn {lm {noj {rn {noi 90-(>-; {ni {noh |
  1
:;8: {rn rn {rn {nog liiqokhihoiknnglfnlm {nof lfkqikhjjnlngkmknhhh {lm {nno 90-(>-; _h *1410(1 |
  1
/<*-): {rn rn {rn o 90-(>-; $ :'/@/>-@<*- 1*-=, l 0/:1 j 
  1
 liiqokhihoiknnglfnlm l lhlqnfhflnjimlfgogmk l lgoqlkgmofiilmkigkgl l lghqkfhghmlmklofngkf l lfkqikhjjnlngkmknhhh l 
  1
 nlqhfmkilnhnggilgmni mojqfnjmkihmnnhnnnjj n 
  1
 nlqhfmhjjgloklogfnhn mogqloilkfohjilikgff n 
  1
 nkqmilgfmilofiolnljh mnoqihkoofkfnlkmonfk n 
  1
 njqnhfooihmggmjmnik mnmqggloihjiiighigjh n 
  1
 niqofknmlomjlfihnmom mnjqofmnlofkfikjlofn n 
  1
 nhqkljlnjnikkmjlkhml mnhqofflhoojoojjjfhk n 
  1
 nfqnmiohlollnjioiogf mngqhfonjiljjjiglffm n 
  1
 moqgniiglhmgjkmkjhhk mmoqkgohfjkgjminmfii n 
  1
 mmqgmlifgloknmljlfoi mmnqgmnfllkjhhnhlik n 
  1
 mjqolmjgjnikfknfoikk mmmqhlifjjlohhjjgfnf n 
  1
 mhqmknkhhohngjlijnik mmlqijnfhfmkgnnigkjm n 
  1
 mfqiogfjikkoniglhomj mmkqnmmfjlmgfifgnomh n 
  1
 lnqfffghmiffnhhoinon mmkqnmmfimkhgohfllon n 
  1
 o 
  1
 /3>1: rnmqnffnffnklooilmjnl mmlqihmnlgjhjkmkfmkn rnoqnlomhmfhflilkhjlh roqonikkgklmkjgmhofighl lqfholjifimjmfjnmkgk:rng oqfffgikhnjlglgifmmfm o rn lqfhogfknilkmmnoiggm:rng 90-(>-;@) V V V V 
  1
 " o o |
  1
<0:;8: {rn rn {rn {nnn {ll {rn {nnm -:):-,:; {no {nnl |
  1
:;8: {rn rn {rn {nnk gnhqgfjmilmoghhklfj {ho gkiqkfjnklgfmjgkmmk {ll {nnj 90-(>-; _h *1410(1 |
  1
/<*-): {rn rn {rn o 90-(>-; $ :'/@/>-@<*- 1*-=, l 0/:1 j 
  1
 rgkiqkfjnklgfmjgkmmk l rglfqlkkggnkhgohkojhh l rglmqnfkioljggighfgmh l rgmjqokkfknnlfoiijofn l rgnhqgfjmilmoghhklfj l 
  1
 rnlqhfmkijglfljljfilg rnioqnlmkmlfmoonmgjkj n 
  1
 rnlqhfmhjgmhlmkmjfhjn rnimqjmljmjnkjkgfhffn n 
  1
 rnkqmilgfjogomkhnfjlm rnikqgfnnginiljomhlhg n 
  1
 rnjqnhfooflfimfmkgjif rnihqnoomkkhijjmfmjkm n 
  1
 rniqofknmjifmgilhjjhm rnifqloflognkgkgimgoh n 
  1
 rnhqkljlnhglngflljhmh rnhnqlnijkhmkggfhjljk n 
  1
 rnfqnmiohjhooimljomkg rnhlqoohllljjkkofhkok n 
  1
 rmoqgniigilfionojmkim rnhkqifhfhmigknolkfol n 
  1
 rmmqgmlhoofhnjfoohnni rnhiqolfnnoijijjgjlki n 
  1
 rmjqolmjghfikohfggomf rnhiqfjknlmjinnknlik n 
  1
 rmhqmknkhfhlflmomkojg rnhhqgifnjikkifjhfghl n 
  1
 rmfqiogfjfnohiljgigif rnhgqlkonlokggjlfjmfn n 
  1
 rlnqfffghjliiikknokh rnhgqlkonlfihifmoiffh n 
  1
 o 
  1
 /3>1: rnmqnffnffnklooilmjnl mmlqihmnlgjhjkmkfmkn rnoqnlomhmfhflilkhjlh roqonikkgklmkjgmhofighl lqfholjifimjmfjnmkgk:rng oqfffgikhnjlglgifmmfm o rn lqfhogfknilkmmnoiggm:rng 90-(>-;@) V V V V 
  1
 " o o |
  1
<0:;8: {rn rn {rn {lk {nnn {rn {nni -:):-,:; {no {nnh |
  1
:;8: {rn rn {rn {hn liiqokhihoiknnglhffj {nng lfkqikhjjnlngkmliiin {lk {nnf 90-(>-; _h *1410(1 |
  1
/<*-): {rn rn {rn o 90-(>-; $ :'/@/>-@<*- 1*-=, l 0/:1 j 
  1
 rlfkqikhjjnlngkmliiin l rlghqkfhghmlmklnngjii l rlgoqlkgmofiilmkijikn l rlhlqnfhflnjimkooohnf l rliiqokhihoiknnglhffj l 
  1
 rlnqfffghjliiikkninjj mmkqnmmfimkhgohfllon n 
  1
 rmfqiogfjfnohilkjokkj mmkqnmmfjlmgfifgnomh n 
  1
 rmhqmknkhfhlflmnjkhfg mmlqijnfhfmkgnnhohmj n 
  1
 rmjqolmjghglmkofonkog mmmqhlifjjlohhjjgljn n 
  1
 rmmqgmlhoofhnjghfihfi mmnqgmnfllkjhhnimmhm n 
  1
 rmoqgniigilfionnggggi mmoqkgohfjkgjmiljhol n 
  1
 rnfqnmiohjhooimlllnfj mngqhfonjiljjjignhnf n 
  1
 rnhqkljlnhglngflnmfgf mnhqofflhoojoojiojmm n 
  1
 rniqofknmjifmgiljgjnf mnjqofmnlofkfikkimh n 
  1
 rnjqnhfooflfimfmlhm mnmqggloihjiiighijhl n 
  1
 rnkqmilgfjmfgkmhngihl mnoqihkoofkfnlknllhl n 
  1
 rnlqhfmhjgkfhgfgohhjn mogqloilkfohjilifkkh n 
  1
 rnlqhfmkijglfljlijlmm mojqfnjmkihmnnhnnnjj n 
  1
 o 
  1
 /3>1: rnmqnffnffnklooilmjnl mmlqihmnlgjhjkmkfmkn rnoqnlomhmfhflilkhjlh roqonikkgklmkjgmhofighl lqfholjifimjmfjnmkgk:rng oqfffgikhnjlglgifmmfm o rn lqfhogfknilkmmnoiggm:rng 90-(>-;@) V V V V 
  1
 " o o |
  1
):-+:' {rn rn {rn {lj o {nmo |
  1
):-+:' {rn rn {rn {lj n {nmn |
  1
,+->687+r<*-): {rn rn {rn iiqojmgjfmfkfjifolnn nlqhfmkjgmjikifinjmn rgqgkmfhjnmfglojknfol oqfffgikhnjlglgikihhl o oqonikkgklmkjgmhojkjkj V V |
  1
<0:;8: {rn rn {rn {ko {lh {rn {nmm -:):-,:; {g {nml |
  1
:;8: {rn rn {rn {nmk hgfqmfjlgmjmkfikhflk {hi gnhqgfjmilmoghhjfgii {lh {nmj 90-(>-; _h *1410(1 |
  1
/<*-): {rn rn {rn o 90-(>-; $ :'/@/>-@<*- 1*-=, l 0/:1 j 
  1
 rgnhqgfjmilmoghhjfgii l rgnoqhkjjgjmikhijnigm l rgolqjfjfmmgnfilhlfkm l rhfiqkkjikkflkhklijki l rhgfqmfjlgmjmkfikihfg l 
  1
 rfjqffffkjmoifnogjnkl rnhgqlkonlfihifmoiffh n 
  1
 rfgqlfoginkiklmolofkk rnhgqlkonkggijlonghol n 
  1
 rnooqhjglkkkjofloglj rnhhqgifnflomofhfogmi n 
  1
 rnomqfihmklmiolofngfm rnhiqfjknginnnghhnfnf n 
  1
 rnojqnhinlhmgnmfjomh rnhiqolfngnngilolofii n 
  1
 rnohqnglnimnimgjhhglj rnhkqifgojgilfhfjikhm n 
  1
 rnogqghlhgjgkfgnnmjjg rnhlqoohklmjoljiokfkl n 
  1
 rnnoqjikjjihnnmlfmojg rnhnqlniijfnfmilhhgim n 
  1
 rnnnqfojhikmhkoomkohf rnifqlofklokoookilmlf n 
  1
 rnnmqgmogfhjkkgjofflm rnihqnoolhkojokmohgmi n 
  1
 rnnlqhliomggljnoimfim rnikqgfnlmmkgnhgklmgi n 
  1
 rnnkqmohnglglkjhkhili rnimqjmliijogjilonnlf n 
  1
 rnnkqmohkfkiknihjlmkf rnioqnlmjilgikohohgfk n 
  1
 o 
  1
 /3>1: rnmqnffnffnklooilmjnl mmlqihmnlgjhjkmkfmkn rnoqnlomhmfhflilkhjlh roqonikkgklmkjgmhofighl lqfholjifimjmfjnmkgk:rng oqfffgikhnjlglgifmmfm o rn lqfhogfknilkmmnoiggm:rng 90-(>-;@) V V V V 
  1
 " o o |
  1
):-+:' {rn rn {rn {lg o {nmi |
  1
61+<*-):r<*-): {rn rn {rn 90-(>-; $ :'><+@61+@<*- mofoo 9*33 1*-=, l 0/:1 j 
  1
 gnhqgfjmilmoghhjfgii l gmjqokkfknnlfoigmnkk m glmqnfkioljggiggofik l glfqlkkggnkhgohkojhh m gkiqkfjnklgfmjgknnol l 
  1
 khqgkhioihinggjfnlll fjqfffflhimkomifglfk rfqnkmkiljnmihhkknnhl n 
  1
 khqgkhinjfkfomkolmol flqiofomnlijongjhhk rfqnkmkillinjkmfhiml n 
  1
 kgqlngjmimhjoilokffg fnqmknjknffiholkokok rfqnlkhnijhiglokmklhl n 
  1
 joqnkglmkkggkmooghni giqgmlhilmmgfhlkinff rfqnokinjnfmmjnjoogkk n 
  1
 jnqkgfmgnomjjkoofkji gkqgnihkgijllfmfkfnn rfqogmjjjjhkgfklljgkg n 
  1
 jlqnhfifnklhhihhonmj glqnminlhfjgooilmkgg rfqojkhkhmnnljgmikffn n 
  1
 jkqghomkfoojfokokmgi gnqkljlgoogfmhjiigoh rfqomiflikmhonoihnllg n 
  1
 jiqghhmnijjhhkljogfl goqofknghfjomkihkgik rgqfflfmokfomlffighjh n 
  1
 inqmfkhkoglghfojgoff hgqmilfjhllhiloohkji rgqfmnmkflofnhhjjfjlf n 
  1
 ilqiimognjkgifnokghk hhqhfmgmojloimjjlljf rgqggmlokffiglgifgml n 
  1
 iiqojmgjfmfkfjiikhlm hhqhfmjmgofihlijlmki rgqgkmfhjnmfglojjohgj n 
  1
 o 
  1
 
  1
 1*33@,*-9><: 
  1
 1*33@,*-9><: 
  1
 1*33=, 
  1
 1*33=, 
  1
 V V 
  1
 o 
  1
 o 
  1
 o 
  1
 
  1
 o Y gnhqgfjmilmoghhjfgii Y gkiqkfjnklgfmjgknnol JQZGKZQ[Z[ JQZGKZQ[Z[ " Y gnhqgfjmilmoghhjfgii Y gkiqkfjnklgfmjgknnol |
  1
:;8: {rn rn {rn {go lfkqikhjjnlngkmljjmk {nmh kmlqmkhklnffjiikgkon {ko {nmg 90-(>-; _h *1410(1 |
  1
/<*-): {rn rn {rn o 90-(>-; $ :'/@/>-@<*- 1*-=, l 0/:1 j 
  1
 rkmlqmkhklnffjiikgkon l rkniqofhniflhkkmklig l rkogqfkigfnmhgohonjkk l rkonqhfhmmgimnkfffmjg l rlfkqikhjjnlngkmljjmk l 
  1
 rnnkqmohkfkiknihjlmkf mojqfnjlgiiijmmgghfg n 
  1
 rnnkqmohnglglkjhkgmoj mogqloikghggihghgill n 
  1
 rnnlqhliomggljnoimlfk mnoqihknkjmgmfklnmfi n 
  1
 rnnmqgmogfhjkkgjnnoif mnmqgglnfigjnjhfmhn n 
  1
 rnnnqfojhikmhkoomgimi mnjqofmmjlmonmokonij n 
  1
 rnnoqjikjjihnnmlggohf mnhqoffkgnfflhfihjhh n 
  1
 rnogqghlhgjgkfgnnjkon mngqhfomjjlokhngfmjg n 
  1
 rnohqnglnimnimgjhhglj mmoqkgoggnkkofjkjllk n 
  1
 rnojqnhinlhmgnmfjjlgi mmnqgmmoolfghkinjgj n 
  1
 rnomqfihmklnmgilgnomh mmmqhlhoogfihjhgfong n 
  1
 rnooqhjglkkkjoflojjog mmlqijmonjgmmnlhfigg n 
  1
 rfgqlfoginkiklmnmngfl mmkqnmmfhniiikiojjhi n 
  1
 rfjqffffkjmoifnnomnfi mmkqnmmfimkhgohfllon n 
  1
 o 
  1
 /3>1: rnmqnffnffnklooilmjnl mmlqihmnlgjhjkmkfmkn rnoqnlomhmfhflilkhjlh roqonikkgklmkjgmhofighl lqfholjifimjmfjnmkgk:rng oqfffgikhnjlglgifmmfm o rn lqfhogfknilkmmnoiggm:rng 90-(>-;@) V V V V 
  1
 " o o |
  1
):-+:' {rn rn {rn {hg o {nmf |
  1
61+<*-):r<*-): {rn rn {rn 90-(>-; $ :'><+@61+@<*- mofoo 9*33 1*-=, l 0/:1 j 
  1
 liiqokhihoiknnglhffj l lhlqnfhflnjimlffnimk m lgoqlkgmofiilmkiimof l lghqkfhghmlmklofkifn m lfkqikhjjnlngkmljjmk l 
  1
 klmqojnooflnhjlmiki hhqhfmjmgofihlijlmki rmqgmmoikhkmhgninojif n 
  1
 klkqkknhggnfmillimli hhqhfmgmohjjmgofjihj rmqhgmhlkgjhmollhhmn n 
  1
 kliqgofnmgloologfkni hgqmilfjhjjjgnomfllk rmqhklhfojjkhhnjmkkkg n 
  1
 kknqmmiijmojkhkionng goqofknghfjomkiljohk rmqihnnnflgmlhmnfklhl n 
  1
 kklqmllinfioijgimhlh gnqkljlgoogfmhioofnl rmqilgnolkkjionkhmmjm n 
  1
 kkkqfmknhhnhkhmmmhkm glqnminlhfjgooimnnnf rmqinomfmiinmjlgglfmg n 
  1
 kkiqinkjghjgifkfhihm gkqgnihkgijllfmhhgjg rmqjgmkgkmfhhnhgnlohn n 
  1
 kkhqfjjjkknmkoifglnj giqgmlhilmmgfhlmlkim rmqjiokmkigolioijjngn n 
  1
 kkfqhgjlkmllhkmhmiii fnqmknjknffiholilnkn rmqjlolmlmfjhgnhmmhh n 
  1
 kjoqmjimjmiilkiinnk flqiofomnlijongmflng rmqjmmjhijnnoifnhkkij n 
  1
 kjoqmjimingjoiokmgfj fjqfffflhimkomhokohg rmqjmmjhiljfflkhohhki n 
  1
 o 
  1
 
  1
 1*33@,*-9><: 
  1
 1*33@,*-9><: 
  1
 1*33=, 
  1
 1*33=, 
  1
 V V 
  1
 o 
  1
 o 
  1
 o 
  1
 
  1
 o Y liiqokhihoiknnglhffj Y lfkqikhjjnlngkmljjmk JQZGKZQ[Z[ JQZGKZQ[Z[ " Y liiqokhihoiknnglhffj Y lfkqikhjjnlngkmljjmk |
  1
/061+ {rn rn {rn iiqojmgjfmfkfjifolnn hhqhfmjmgofihlijngmj rgqgkmfhjnmfglojknfol |
  1
/061+ {rn rn {rn klmqojnooflnhjlmiki hhqhfmjmgofihlijngmj rmqgmmoikhkmhgninnonl |
  1
<0:;8: {rn rn {rn {nlo {ki {rn {nln 90-(>-; {i {nlm |
  1
:;8: {rn rn {rn {nll o {gh kjoqogijlgonmmjlmffh {ki {nlk 90-(>-; _h *1410(1 |
  1
/<*-): {rn rn {rn o 90-(>-; $ :'/@/>-@<*- 1*-=, l 0/:1 h 
  1
 rkkfqfmnffgmomghmfknf l rlflqiinngjnojolfifmm l rlijqjlohhgjjinmlofjg l rllhqkoolhmoohmoikkmj l rmmkqghghkjgnnjlffhni l 
  1
 rnnmqljhnnfinjghlkklg l oqnikjoijhfhflolkmfn l 
  1
 mngqloiomjjjojlignin rmlhqlfjohoofoomojihj n 
  1
 mngqloiomjjjojflmini rmngqiknkikllfjnonhfn nqoooooooooooooonllm 
  1
 mngqloiomjjjoikfijol rnffqgghgjgjggfffflmf oqffhhhoinkhnfnhnglll 
  1
 mngqloiomjjjohojhmil rngnqnhnoinlfohjhohki oqfflgifnfokhhhmlfmfk 
  1
 mngqloiomjjjohllfhhj rnhnqhjhkkffilmlklikj oqffnfngkhgljifffgiij 
  1
 mngqloiomjjjohimjfgm rnimqlgoikhoghfhgfool oqfgfjkfhjikfinmokmjn 
  1
 mngqloiomjjjohfohikn rnjlqomfiinjmkmjmhghg oqfgiglmiflngjnnnigig 
  1
 mngqloiomjjjognfoklh rnklqimhoknllhkighlfk oqfgknnjimfghknolnhoj 
  1
 mngqloiomjjjogkiinmg rnlkqmjomlgkimmnljghg oqfgnojommjnnmfijljhl 
  1
 mngqloiomjjjoghkkfkj rnmjqoonhmmilhkkhojfi oqfhhhoinkhnfnhmlggkk 
  1
 mngqloiomjjjofggmofh rghqliimmkogjflhjlnik oqfiklmfgljjoihjhhhn 
  1
 mngqloiomjjjnnonmffh rkfqgjfonmjgkfnilgjkk oqfkikfkhjlmionliijik 
  1
 mngqloiomjjjnmnmooml rnlqohmnlkohgigjigjih oqfmgijfihnonljnjijmf 
  1
 mngqloiomjjjnlmiffij mjqnjjknoknhnmjjfklk oqfnogmkjgghiigfkikfk 
  1
 mngqloiomjjjnklffnjf imqiimimnfngnkiggmij oqgfmfgfjoijmomhlikjf 
  1
 mngqloiomjjjnjjofgg ffqjffkjfgnnmfljhojn oqghfinlnfkgljlohgiji 
  1
 mngqloiomjjjniijkhoi nlhqihhokkfmonghhigm oqfnngkgomfghkkkngonn 
  1
 mngqloiomjjjnhhgihkl nhjqngkmjikmnmoggmfn oqfkffhfkkmjflhinklim 
  1
 mngqloiomjjjngfngkfj mnmqifnkihfmmmloimf n 
  1
 o 
  1
 /3>1: rnmqnffnffnklooilmjnl mmlqihmnlgjhjkmkfmkn rnoqnlomhmfhflilkhjlh roqonikkgklmkjgmhofighl lqfholjifimjmfjnmkgk:rng oqfffgikhnjlglgifmmfm o rn lqfhogfknilkmmnoiggm:rng 90-(>-;@) V V V V 
  1
 " o o |
  1
):-+:' {rn rn {rn {kh o {nlj |
  1
,+->687+r<*-): {rn rn {rn rnnqnffllkkmhimmkmgkg rmngqloiollnllkmohgln rnoqnnlgmkjkifojmoloj o n o V V |
  1
/061+ {rn rn {rn rnnqnffllkkmhimmliiln rnfjqmonnghhhfnofkioj rnoqnnlgmkjkifojmkjig |
  1
<0:;8: {rn rn {rn {jn {nli {rn {nlh -:):-,:; {i {nlg |
  1
:;8: {rn rn {rn {nlf mqkjhlffjfoijlknlgki {fl jkqjkmiionklifjnhmhf {jn {nko 90-(>-; _h *1410(1 |
  1
/<*-): {rn rn {rn o 90-(>-; $ :'/@/>-@<*- 1*=, l 0/:1 f 
  1
 mqkjhlffjfoijlknlgki l iqgnhhlgmihkoklgiflm l nlqiljkihninhgjhglmm l moqkjlohjnonfmkflklf l mhqmhoijilnogkngokjl l 
  1
 lkqoggjglnmmgolnjoim l koqfoijnfmgonmkinmif l khqhmkjhilmfomgjijnh l jkqjkmiionklifjnhmhf l 
  1
 rnfjqmolojljgomfgjgih rmlhqlfjohoofoomojihj 
  1
 rnfjqggkflnmjkhokmkni rmliqnmkojmiknmjjhgh 
  1
 rnfiqkoinfinfmijniiln rmlkqhifikgohgiojfnnm 
  1
 rnfiqhjmlihlghkjmgfmk rmllqlimgoofnjhfmnkfh 
  1
 rnfhqmflilmfflihljmim rmlnqnilogjghfnfhjgnn 
  1
 rnfhqlfimnhjhlkiihnkm rmmgqghgloifogmlnnih 
  1
 rnfhqojklmiigkjjfgfik rmmiqilgflojfoomjgfll 
  1
 rnfiqhnmkknginngjmmil rmmkqlffjfkooogfioghm 
  1
 rnfjqflmhfggnmlkjjfjl rmmmqmkfjkmhkniglgmjk 
  1
 rnfkqhjfffgkkmkfnhljm rmmoqlnnkfinffjgnjkoi 
  1
 rnflqjghmomihnognhkog rmngqlhlkjhmjilglfnjn 
  1
 rnfmqokkmohjokknmlmhn rmniqigjljnonkhghmkkn 
  1
 rnfoqmnfnkifolhfimjhh rmnjqlklkfjojhnkkliij 
  1
 rnggqlflffmhlfiolllk rmnkqoonjholohgffnjhg 
  1
 rngiqlmmklknlkgmgkjjk rmnlqolmnhnolhmmhiknk 
  1
 rngkqnmmhllnmmkkikhil rmnmqkfoilmgkiihkfknk 
  1
 rngnqfmlomfofkfmjlkon rmnnqfkfoflfnlgllimni 
  1
 rnhfqilgnflhhnjkionk rmnnqgkiooiigjmhningm 
  1
 rnhhqlfgiijjlgingjghl rmnmqnghlnfimooohjkmh 
  1
 rnhjqnjfofhjfjhnoinfj rmnmqjmgilgioihonnmmm 
  1
 rnhlqoogiigjlfkhommnj rmnlqlohifjnhilhhlogn 
  1
 rnhnqohonfhjfnhiohhk rmnkqkgoofjlmojlhijhm 
  1
 rnifqnlnhnfolknimfmhn rmnjqijmjoooihmofmki 
  1
 rnihqkklnghffjkgnfljn rmnhqnfjmhgnngfmoknln 
  1
 rniiqnonohgnjhflghjgl rmnfqomolhflkkiiijijh 
  1
 o 
  1
 /3>1: rnmqnffnffnklooilmjnl mmlqihmnlgjhjkmkfmkn rnoqnlomhmfhflilkhjlh roqonikkgklmkjgmhofighl lqfholjifimjmfjnmkgk:rng oqfffgikhnjlglgifmmfm o rn lqfhogfknilkmmnoiggm:rng 90-(>-;@) V V V V 
  1
 " o o |
  1
):-+:' {rn rn {rn {fn n {nkn |
  1
61+<*-):r<*-): {rn rn {rn 90-(>-; $ :'><+@61+@<*- mofoo 9*33 1*=, l 0/:1 nh 
  1
 jkqjkmiionklifjnhmhf l jjqhhiognkolmgnmolji m jhqoofjomiimgihmlkll m jgqmkmfmlfmmkjlmijnn m jfqkhilkjngmolfmfjgg m 
  1
 ioqhofhiikmnfnlnninm m inqfklnghiinhgiflili m ilqnhiioghhnnhgolnjl m ikqknoomfggojifnmih m ijqiklkjnkoimnlkmfhg m 
  1
 iiqghighmflngjhhlmgj m igqnnomfkllmlmoojmok m ifqlklhnjhlmhgmlgjkl m hoqjhhnlhgohjofioofg m hnqgnojjfggmmlignijm m 
  1
 hlqoklfgnilhkjlljilh m hkqmhhkollfmiifgfimm l 
  1
 hqnhmghojokhkhimnnnm niiqnonohojhjojkgnfg rfqgnnjgfighihnkhgjkk 
  1
 iqgglohmmlnhgnkjijjn nijqgghfljnklmokhffh rfqgniljhojffklonknoh 
  1
 iqjgmglifflohloijfnm nijqignnojmnolgfiggk rfqgmnmfogklkmgjffmi 
  1
 jqfimollnhfhlfgnflgg nijqmgmjliklnflghgom rfqglnkgffgikmkokmlhn 
  1
 jqiknkilhllmjgjjhhih nijqofohffkmigkgjnfh rfqglihjjljjfinohojlj 
  1
 kqfgoggjkjlgnmlffggg nikqhmkfmfmmkgkmgfjg rfqgkhiohfmnfolningof 
  1
 kqikoghiogjmhfjnonmn nikqjjohfgnkjnlhoflg rfqgjlnfjnnggklolmihk 
  1
 lqfkmiggfiigimomonfj nikqmmmimmjkggmlkfkj rfqgikihmggihoiokiomf 
  1
 lqjgkjnnnoljolmlflnj nikqoigjgoljhfoglggn rfqghojilkkhokohghmjl 
  1
 mqgjnikjnmlgmingfmgg nilqhgmfiglfnlloogif rfqggmimofmfhfhkkhmng 
  1
 mqkhifjhlghnogfnmnnm nilqijnkonojlliihmi rfqggghghgmflgiggninm 
  1
 nqhnlnnlnikjfilnkigi nilqknmfjjghjnnjgnmf rfqfonlimfnhjnjfnnomm 
  1
 nqlmlfjhjfignikfiojm nilqloiogokikgmlkmlf rfqfohhhnohojfkgogjkf 
  1
 oqjlljgllkomlfjlfnmhg nilqnngfflfjfmgihigg rfqfmohgikolfioiijkih 
  1
 oqnlmliinmnimogghgfff nilqolghgjnkjhnfijhj rfqfmhlfljliimfkngjfn 
  1
 roqihflfhioinjoinioimk nimqfoiiflohflofolik rfqfkohjgimfifgigihlm 
  1
 rnqogffkmnmllmggkgkll nimqgjkgnngmnhifjhl rfqfkhjnijlnglfjokmlf 
  1
 rnqfnhljokfhnkjkjfhfg nimqhgoijhgnojnkjmil rfqfinnloimnjkojilhml 
  1
 rmqllkmnngjfkimgngoim nimqhjglgiikkhhhgmfn rfqfihfghffhihnjmgkll 
  1
 rlqnhnollfoiomniklolk nimqhkklolkgjnllojfk rfqfgnhjiinlnjimhkflg 
  1
 rlqjfoffngjfhnmohnjhh nimqhjmkfmjnmglmnojg rfqfggiiikomggnnjfgnn 
  1
 rkqkloijhlgininliioil nimqhffhogikhhmnmhkh rnoqoomkgonmjkniholoi 
  1
 rkqgjolinfhmhoglkkki nimqglghlinjjkghgjn rnoqooflglfgjikohhfli 
  1
 rjqiginmhgloliiglmnnk nimqfkhjnkhilkjmooji rnoqomlnloigmfoojlkkk 
  1
 riqnomngiohfjmmnhmjnl nilqonhmijiojimofoik rnoqomffhlkjomgnonkmg 
  1
 riqfmhlnkogmnfokioiln nilqngiggohjmloffhkh rnoqokljkihkkmgiljinf 
  1
 rhqllilgojkjnoggifmhg nilqmgihkkogfgjljgkh rnoqojomhglnlohkimimh 
  1
 rgqnkklnkgfgnfloglfim nilqjnjkfjknoiminoni rnoqoiljhllfohofmkmim 
  1
 rgqjklngomghonmkmkoki nilqikklgnfnnligkknl rnoqohonliijkkgjnfkig 
  1
 rfqlmhhmlfimfmhjnogmi nilqfmfikflgnglghklm rnoqogloklnfnknnlhjim 
  1
 rfqhnlkooognfjhfjnjhn nikqogiomgljnlnnhihf rnoqogflgikmkghmhmgl 
  1
 rnoqkiggigjjohflhilnn nikqkmklingnlniijifg rnoqnongnokkkkifkngnm 
  1
 rnoqglgijfmjoighfgokm nikqioilnlfjmkgjkflm rnoqnohgfnmojngigkhkh 
  1
 rnnqnffllkkmhimmlghim nikqhffflmglgjlonnnm rnoqnnlgmkjkifojmgnmn 
  1
 o 
  1
 
  1
 1*33@,*-9><: 
  1
 1*33@,*-9><: 
  1
 1*33=, 
  1
 1*33=, 
  1
 V V 
  1
 o 
  1
 o 
  1
 o 
  1
 
  1
 o Y jkqjkmiionklifjnhmhf Y hkqmhhkollfmiifgfimm JQZGKZQ[Z[ JQZGKZQ[Z[ " Y jkqjkmiionklifjnhmhf Y hkqmhhkollfmiifgfimm |
  1
/061+ {rn rn {rn rnnqnffllkkmhimmkmgkg nikqhffflmglgjloomjf rnoqnnlgmkjkifojmokgl |
  1
300/ {rn rn {rn {rn {nkm {j |
  1
<0:;8: {rn rn {rn {nkl {nkk {rn {nkj 90-(>-; {jg {nki |
  1
<0:;8: {rn rn {rn {nkh {jf {rn {nkg 90-(>-; {ln {nkf |
  1
<0:;8: {rn rn {rn {jf {njo {rn {njn 90-(>-; {ln {njm |
  1
:;8: {rn rn {rn {njl liiqokhihoiknnglfnlm {njk lfkqikhjjnlmkfflfifj {jf {njj 90-(>-; _h *1410(1 |
  1
/<*-): {rn rn {rn o 90-(>-; $ :'/@/>-@<*- 1*-=, l 0/:1 j 
  1
 liiqokhihoiknnglfnlm l lhlqnfhfllojjifkhini l lgoqlkgmnofkjogokfjj l lghqkfhghllfkhooggfn l lfkqikhjjnlmkfflfifj l 
  1
 hhqhfmjllonmnjlljimj mojqfnjmkihmnnhnnnjj n 
  1
 hhqhfmgmjkkiokmmklh mogqloilkhfkiikgmjf n 
  1
 hgqmilfimmjlokigfglj mnoqihkoogfikiinogkn n 
  1
 hfqnhfohijifofmniol mnmqggloihjiiighijhl n 
  1
 goqofknfmgijiilmggmm mnjqofmnlofkfikklffi n 
  1
 gnqkljlgjookifmfkiin mnhqofflhoojoojimhfj n 
  1
 glqnminkmghlkmlolkfg mngqhfonjiljjjiglffm n 
  1
 gkqgnihjljiggnolknll mmoqkgohfjkgjmimkllk n 
  1
 giqgmlhignkklgfhnhlj mmnqgmnfllkjhhnhnlih n 
  1
 gfqolmijjnlighfjjkf mmmqhlifjjlimmfffiin n 
  1
 fnqmknjkifnmnmojiggf mmlqijnfhfmkgnnigkjm n 
  1
 flqiofomimgokljoolmf mmkqnmmfjlmgfifgnomh n 
  1
 fjqffffkmjlfkklgohhl mmkqnmmfimkhgohfllon n 
  1
 o 
  1
 /3>1: rnmqnffnffnklooilmjnl mmlqihmnlgjhjkmkfmkn rnoqnlomhmfhflilkhjlh roqonikkgklmkjgmhofighl lqfholjifimjmfjnmkgk:rng oqfffgikhnjlglgifmmfm o rn lqfhogfknilkmmnoiggm:rng 90-(>-;@) V V V V 
  1
 " o o |
  1
<0:;8: {rn rn {rn {nji {io {rn {njh 90-(>-; {ni {njg |
  1
:;8: {rn rn {rn {nof lfkqikhjjnlngkmknhhh {njf kmlqmkhklnffjiijoihj {io {nio 90-(>-; _h *1410(1 |
  1
/<*-): {rn rn {rn o 90-(>-; $ :'/@/>-@<*- 1*-=, l 0/:1 j 
  1
 lfkqikhjjnlngkmknhhh l konqhfhmmgimnkfglfn l kogqfkigfnmhgohoklgi l kniqofhniflhkkmkffll l kmlqmkhklnffjiijngnn l 
  1
 lnqfffghmiffnhhoinon mmkqnmmfimkhgohfllon n 
  1
 lkqlfohggfjijgimlkg mmkqnmmfhniiikiojjhi n 
  1
 liqhjgmhnfklnfhjjim mmlqijmonjgmmnlhjnkn n 
  1
 lgqfihnhoimofokogkf mmmqhlhoogfihjhggnij n 
  1
 knqnhioikhhljinhkgmn mmnqgmmoolfghkinljhi n 
  1
 klqnglogfijjnmlhoggf mmoqkgoggnkkofjkjllk n 
  1
 kkqghlhnllkmohhjmmmh mngqhfomjjlokhngfmjg n 
  1
 kiqjikkgkmoljojlonhn mnhqoffkgnfflhfilol n 
  1
 khqfojifnhiimighgg mnjqofmmjlmonmokifgi n 
  1
 kgqgmogmjolhnnhmlgln mnmqgglnfigjnjhfmhn n 
  1
 kfqhljfjilmhlhmjojgl mnoqihknkjmgmfkmihkg n 
  1
 joqmohnnnlmigkogjfjl mogqloikghggihgglngn n 
  1
 joqmohkmmnllfknlohnj mojqfnjlgiiijmmgghfg n 
  1
 o 
  1
 /3>1: rnmqnffnffnklooilmjnl mmlqihmnlgjhjkmkfmkn rnoqnlomhmfhflilkhjlh roqonikkgklmkjgmhofighl lqfholjifimjmfjnmkgk:rng oqfffgikhnjlglgifmmfm o rn lqfhogfknilkmmnoiggm:rng 90-(>-;@) V V V V 
  1
 " o o |
  1
<0:;8: {rn rn {rn {in {nji {rn {nin 90-(>-; {ni {nim |
  1
:;8: {rn rn {rn {nil o {nog liiqokhihoiknngjhgf {in {nik 90-(>-; _h *1410(1 |
  1
/<*-): {rn rn {rn o 90-(>-; $ :'/@/>-@<*- 1*-=, l 0/:1 m 
  1
 o l liiqokhihoiknnglfnlm l 
  1
 nlqhfmkilnhnggikfjgk rnioqnlmkmlfmoonmfigm n 
  1
 nlqhfmkilnhnggikfjgk rlgqnnijllhoimgkffhnj n 
  1
 nlqhfmkilnhnggikfjgk glqgffljijohkkmfhlfn n 
  1
 nlqhfmkilnhnggilgmni mojqfnjmkihmnnhnnnjj n 
  1
 o 
  1
 /3>1: rnmqnffnffnklooilmjnl mmlqihmnlgjhjkmkfmkn rnoqnlomhmfhflilkhjlh roqonikkgklmkjgmhofighl lqfholjifimjmfjnmkgk:rng oqfffgikhnjlglgifmmfm o rn lqfhogfknilkmmnoiggm:rng 90-(>-;@) V V V V 
  1
 " o o |
  1
):-+:' {rn rn {rn {im o {nij |
  1
):-+:' {rn rn {rn {im n {nii |
  1
61+<*-):r<*-): {rn rn {rn 90-(>-; $ :'><+@61+@<*- mofoo 9*33 1*-=, l 0/:1 j 
  1
 liiqokhihoiknnglfnlm l lhlqnfhflnjimlfgogmk m lgoqlkgmofiilmkigkgl l lghqkfhghmlmklofngkf m lfkqikhjjnlngkmknhhh l 
  1
 klmqojnooflnhjlmiki rnlqhfmkhohjkhholilll rmqgmmoikhkmhgnioghfl n 
  1
 klkqkknhggnfmillgjof rnlqhfmhilknllnkghmgg rmqhgmhlkgjhmollhlijh n 
  1
 kliqgofnmgloologfkni rnkqmilfoomnlgkkmfkhk rmqhklhfojjkhhnjnfnnf n 
  1
 kknqmmiijmojkhkiiflf rniqofknloiogmgoiflm rmqihnnnflgmlhmngonim n 
  1
 kklqmllinfioijgjgngf rnhqkljlmmhkhloflmgkn rmqilgnolkkjionkhfljg n 
  1
 kkkqfmknhhnhkhmmmhkm rnfqnmiogoiniokookmoi rmqinomfmiinmjlgglfmg n 
  1
 kkiqinkjghjgifkfhihm rmoqgniifnlnnkmiklgfm rmqjgmkgkmfhhnhgniimk n 
  1
 kkhqfjjjkknmkohoojgg rmmqgmlhojgghoohjmoml rmqjiokmkigolioijnimg n 
  1
 kkfqhgjlkmllhkmhmiii rmhqmknkgkijkhlhilmgn rmqjlolmlmfjhgnhmkjki n 
  1
 kjoqmjimjmiilkiinnk rmfqiogfikomlojmljnkm rmqjmmjhijnnoifnhmigf n 
  1
 kjoqmjimingjoiokmgfj rlnqfffggomgmoinokmng rmqjmmjhiljfflkhojfh n 
  1
 o 
  1
 
  1
 1*33@,*-9><: 
  1
 1*33@,*-9><: 
  1
 1*33=, 
  1
 1*33=, 
  1
 V V 
  1
 o 
  1
 o 
  1
 o 
  1
 
  1
 o Y liiqokhihoiknnglfnlm Y lfkqikhjjnlngkmknhhh JQZGKZQ[Z[ JQZGKZQ[Z[ " Y liiqokhihoiknnglfnlm Y lfkqikhjjnlngkmknhhh |
  1
<0:;8: {rn rn {rn {ih {ik {rn {nih -:):-,:; {no {nig |
  1
:;8: {rn rn {rn {nif hgfqmfjlgmjmkfijomog {nnk gnhqgfjmilmoghhkojk {ik {nho 90-(>-; _h *1410(1 |
  1
/<*-): {rn rn {rn o 90-(>-; $ :'/@/>-@<*- 1*-=, l 0/:1 j 
  1
 rgnhqgfjmilmoghhklfj l rgnoqhkjjgjmikhijgjol l rgolqjfjfmmgnfilhimni l rhfiqkkjikkflkhklijki l rhgfqmfjlgmjmkfikhflk l 
  1
 rlnqfffghjliiikknokh rnhgqlkonlfihifmoiffh n 
  1
 rlkqlfohfnimkojmffkmg rnhgqlkonkggijlongnlk n 
  1
 rliqhjgmhkinoiikjffgf rnhhqgifnflomofhghfgk n 
  1
 rlgqfihnhlkmookmnonlg rnhiqfjknginnnghhmhhm n 
  1
 rknqnhioihkknomhflfmj rnhiqolfngnngilolmnol n 
  1
 rklqnglofmlmmjfnoflij rnhkqifgojgilfhfjjllj n 
  1
 rkkqghlhnioofjkklfjkl rnhlqoohklmjoljiojjnn n 
  1
 rkiqjikkgighofhmmlnhn rnhnqlniijfnfmilhgfff n 
  1
 rkhqfojifkkllhljiinni rnifqlofklokoookilgog n 
  1
 rkgqgmogmhhokjgkninmn rnihqnoolhkojokmofjlm n 
  1
 rkfqhljfjgffkglflmmnk rnikqgfnlmmkgnhgkhmij n 
  1
 rjoqmohnnlffklohfiooh rnimqjmliijogjimffklk n 
  1
 rjoqmohkmkgonkogkikjl rnioqnlmjilgikohofjff n 
  1
 o 
  1
 /3>1: rnmqnffnffnklooilmjnl mmlqihmnlgjhjkmkfmkn rnoqnlomhmfhflilkhjlh roqonikkgklmkjgmhofighl lqfholjifimjmfjnmkgk:rng oqfffgikhnjlglgifmmfm o rn lqfhogfknilkmmnoiggm:rng 90-(>-;@) V V V V 
  1
 " o o |
  1
):-+:' {rn rn {rn {ij o {nhn |
  1
61+<*-):r<*-): {rn rn {rn 90-(>-; $ :'><+@61+@<*- mofoo 9*33 1*-=, l 0/:1 j 
  1
 gnhqgfjmilmoghhklfj l gmjqokkfknnlfoiigjom m glmqnfkioljggiggklhk l glfqlkkggnkhgohkjnmk m gkiqkfjnklgfmjgkmmk l 
  1
 khqgkhioihinggjfnlll lnqfffgihhglhiokikjf rfqnkmkiljnmihhkknnhl n 
  1
 khqgkhinjfkfomlfhjnf mfqiogfjnjmkhjmnnkgf rfqnkmkillinjkmfhiml n 
  1
 kgqlngjmimhjoilnmnol mhqmknkhmnjiklilimkk rfqnlkhnijhigloknhmih n 
  1
 joqnkglmkkggkmolhnlg mmqgmlifllgghoiogfff rfqnokinjnfmmjnkfongi n 
  1
 jnqkgfmgnomjjlfilfgn moqgniihggnlnmijklkj rfqogmjjjjhkgfklkmfjl n 
  1
 jlqnhfifnklhhihhonmj nfqnmioignnhhlfjmnln rfqojkhkhmnnljgmikffn n 
  1
 jkqghomkfoojfoljggnn nhqkljlnomkfooflhiof rfqomiflikmhonoihgkkl n 
  1
 jiqghhmnijjhhklihfki niqofknngnoffhfhhkjk rgqfflfmokfomlffijmok n 
  1
 inqmfkhkoglghfomgmjh nkqmilgghkfhlilmgifg rgqfmnmkflofnhhjilofm n 
  1
 ilqiimognjkgifnohhni nlqhfmhjoifoljgifofj rgqggmlokffiglgifgml n 
  1
 iiqojmgjfmfkfjiklkni nlqhfmkjgmjikifinjmn rgqgkmfhjnmfglojjohgj n 
  1
 o 
  1
 
  1
 1*33@,*-9><: 
  1
 1*33@,*-9><: 
  1
 1*33=, 
  1
 1*33=, 
  1
 V V 
  1
 o 
  1
 o 
  1
 o 
  1
 
  1
 o Y gnhqgfjmilmoghhklfj Y gkiqkfjnklgfmjgkmmk JQZGKZQ[Z[ JQZGKZQ[Z[ " Y gnhqgfjmilmoghhklfj Y gkiqkfjnklgfmjgkmmk |
  1
:;8: {rn rn {rn {nng lfkqikhjjnlngkmliiin {nhm kmlqmkhklnffjiikgfif {ih {nhl 90-(>-; _h *1410(1 |
  1
/<*-): {rn rn {rn o 90-(>-; $ :'/@/>-@<*- 1*-=, l 0/:1 j 
  1
 rkmlqmkhklnffjiijonoi l rkniqofhniflhkkmjhgfn l rkogqfkigfnmhgoholgng l rkonqhfhmmgimnkfgjini l rlfkqikhjjnlngkmliiin l 
  1
 rjoqmohkmkgonkogkikjl mojqfnjlgiiijmmgghfg n 
  1
 rjoqmohnnlffklogonifn mogqloikghggihghgill n 
  1
 rkfqhljfjgffkglfkljgl mnoqihknkjmgmfkmfomm n 
  1
 rkgqgmogmhhokjgklkjfj mnmqgglnfigjnjhfmnkn n 
  1
 rkhqfojifkkllhljglnif mnjqofmmjlmonmokfmi n 
  1
 rkiqjikkgighofhmgoonj mnhqoffkgnfflhfiohji n 
  1
 rkkqghlhnioofjkkhlikf mngqhfomjjlokhngifgk n 
  1
 rklqnglofmlmmjfnoflij mmoqkgoggnkkofjkloin n 
  1
 rknqnhioihkknomghfnf mmnqgmmoolfghkinljhi n 
  1
 rlgqfihnhlmgglhnnfmjk mmmqhlhoogfihjhghjfh n 
  1
 rliqhjgmhkinoiikkmfli mmlqijmonjgmmnlhjnkn n 
  1
 rlkqlfohfnimkojljimhn mmkqnmmfhniiikiojjhi n 
  1
 rlnqfffghjliiikkninjj mmkqnmmfimkhgohfllon n 
  1
 o 
  1
 /3>1: rnmqnffnffnklooilmjnl mmlqihmnlgjhjkmkfmkn rnoqnlomhmfhflilkhjlh roqonikkgklmkjgmhofighl lqfholjifimjmfjnmkgk:rng oqfffgikhnjlglgifmmfm o rn lqfhogfknilkmmnoiggm:rng 90-(>-;@) V V V V 
  1
 " o o |
  1
):-+:' {rn rn {rn {nni o {nhk |
  1
61+<*-):r<*-): {rn rn {rn 90-(>-; $ :'><+@61+@<*- mofoo 9*33 1*-=, l 0/:1 j 
  1
 liiqokhihoiknnglhffj l lhlqnfhflnjimkooohnf m lgoqlkgmofiilmkijikn l lghqkfhghmlmklnngjii m lfkqikhjjnlngkmliiin l 
  1
 klmqojnooflnhjlmiki nlqhfmkjgmjikifihmoj rmqgmmoikhkmhgninojif n 
  1
 klkqkknhggnfmilklojh nlqhfmhjofnjonkolfkf rmqhgmhlkgjhmollikhhi n 
  1
 kliqgofnmgloologmjfk nkqmilgghhnjjklmojji rmqhklhfojjkhhnjllll n 
  1
 kknqmmiijmojkhkionng niqofknngnoffhfiokon rmqihnnnflgmlhmnfklhl n 
  1
 kklqmllinfioijgimhlh nhqkljlnomkfoofofngg rmqilgnolkkjionkhkomf n 
  1
 kkkqfmknhhnhkhmmmhkm nfqnmioignnhhlfljohg rmqinomfmiinmjlgglfmg n 
  1
 kkiqinkjghjgifjngnli moqgniihggnlnmhfohif rmqjgmkgkmfhhnhhgnofh n 
  1
 kkhqfjjjkknmkoigifki mmqgmlifllggholfgihg rmqjiokmkigolioihnnig n 
  1
 kkfqhgjlkmllhkmhmiii mhqmknkhmnjiklhjiign rmqjlolmlmfjhgnhmoffk n 
  1
 kjoqmjimjmiilkiinnk mfqiogfjnjmkhjojmlmg rmqjmmjhijnnoifnhkkij n 
  1
 kjoqmjimingjoiokmgfj lnqfffgihhglhiongolh rmqjmmjhiljfflkhohhki n 
  1
 o 
  1
 
  1
 1*33@,*-9><: 
  1
 1*33@,*-9><: 
  1
 1*33=, 
  1
 1*33=, 
  1
 V V 
  1
 o 
  1
 o 
  1
 o 
  1
 
  1
 o Y liiqokhihoiknnglhffj Y lfkqikhjjnlngkmliiin JQZGKZQ[Z[ JQZGKZQ[Z[ " Y liiqokhihoiknnglhffj Y lfkqikhjjnlngkmliiin |
  1
/061+ {rn rn {rn iiqojmgjfmfkfjifolnn nlqhfmkjgmjikifinjmn rgqgkmfhjnmfglojknfol |
  1
/061+ {rn rn {rn klmqojnooflnhjlmiki nlqhfmkjgmjikifinjmn rmqgmmoikhkmhgninnonl |
  1
:;8: {rn rn {rn {nmh o {nmk liiqokhfjojmflonlnhi {hl {nhj 90-(>-; _h *1410(1 |
  1
/<*-): {rn rn {rn o 90-(>-; $ :'/@/>-@<*- 1*-=, l 0/:1 m 
  1
 rhgfqmfjlgmjmkfikihfg l rkmlqmkhklnffjiikgkon l 
  1
 rnnkqmohkfkiknihjlmkf rnioqnlmjilgikohohgfk n 
  1
 rnnkqmohkfkiknihjlmkf rlgqnnijgoljkloknhinl n 
  1
 rnnkqmohkfkiknihjlmkf glqgffkolnjjkimlgomj n 
  1
 rnnkqmohkfkiknihjlmkf mojqfnjlgiiijmmgghfg n 
  1
 o 
  1
 /3>1: rnmqnffnffnklooilmjnl mmlqihmnlgjhjkmkfmkn rnoqnlomhmfhflilkhjlh roqonikkgklmkjgmhofighl lqfholjifimjmfjnmkgk:rng oqfffgikhnjlglgifmmfm o rn lqfhogfknilkmmnoiggm:rng 90-(>-;@) V V V V 
  1
 " o o |
  1
):-+:' {rn rn {rn {hk o {nhi |
  1
61+<*-):r<*-): {rn rn {rn 90-(>-; $ :'><+@61+@<*- mofoo 9*33 1*-=, l 0/:1 j 
  1
 hgfqmfjlgmjmkfikihfg l hfiqkkjikkflkhklijki m golqjfjfmmgnfilhjohf l gnoqhkjjgjmikhijmgnf m gnhqgfjmilmoghhjfgii l 
  1
 iiqojmhnflifglnlmmik nnkqmohkghojghfnmgif rgqgkmfhhklnifofmfjlj n 
  1
 ilqiinfknimhkgmgiogf nnkqmohnhimjnifohmji rgqggmlohmfgilkilfili n 
  1
 inqmfkiokjlgfjoiliij nnlqhliomnmjmmmmmjgm rgqfmnmjnjjnlffioiigl n 
  1
 jiqghhofklmmhmmlhnof nnnqfojhjiifnnngkmih rgqfflfmmjonogikfkkfm n 
  1
 jkqghonlhohhlohinhg nnoqjikjkfnmgljjmmki rfqomiflgmiglofhlnmmg n 
  1
 jlqnhfjfmjomoolmlnk nogqghlhhgmiifmhllnj rfqojkhkgglgfniifogon n 
  1
 jnqkgfnfjognkhjfknnj nohqnglnjkjhffhlgomk rfqogmjjifgghlohkomkk n 
  1
 joqnkgmjlfigmnhlhjnl nojqnhinmfifgknnokjf rfqnokiniljmljjmlloll n 
  1
 kgqlngkgfhojffoolmml nooqhjglligigokifihj rfqnlkhnhnhgknjhlhkfl n 
  1
 khqgkhjfhjhkhkhhfkim fgqlfogjlggnklikfgg rfqnkmkiliilgnnfofiif n 
  1
 khqgkhioihinggjfnlll fjqfffflhimkomifglfk rfqnkmkiljnmihhkknnhl n 
  1
 o 
  1
 
  1
 1*33@,*-9><: 
  1
 1*33@,*-9><: 
  1
 1*33=, 
  1
 1*33=, 
  1
 V V 
  1
 o 
  1
 o 
  1
 o 
  1
 
  1
 o Y hgfqmfjlgmjmkfikihfg Y gnhqgfjmilmoghhjfgii JQZGKZQ[Z[ JQZGKZQ[Z[ " Y hgfqmfjlgmjmkfikihfg Y gnhqgfjmilmoghhjfgii |
  1
/061+ {rn rn {rn khqgkhioihinggjfnlll fjqfffflhimkomifglfk rfqnkmkiljnmihhkknnhl |
  1
):-+:' {rn rn {rn {nmm o {nhh |
  1
61+<*-):r<*-): {rn rn {rn 90-(>-; $ :'><+@61+@<*- mofoo 9*33 1*-=, l 0/:1 j 
  1
 lfkqikhjjnlngkmljjmk l konqhfhmmgimnkfffgmi m kogqfkigfnmhgohomnnm l kniqofhniflhkkmkkgnh m kmlqmkhklnffjiikgkon l 
  1
 kjoqmjimingjoiokmgfj fjqfffflhimkomhokohg rmqjmmjhiljfflkhohhki n 
  1
 kjoqmjimhnolhhkmmlhh fgqlfogjlggnklhmlhhi rmqjmmjhimoggoomlfmj n 
  1
 kkfqhgjlhgfoijoomgkl nooqhjglligigokijifi rmqjlolmmifknfiknnkmi n 
  1
 kkhqfjjinkikkmhmkmfg nojqnhinmfifgknnjjhj rmqjiokmljmomjifmmffn n 
  1
 kkiqinkihljlnonkminh nohqnglnjkjhffhlgomk rmqjgmkgmgglggnkoigff n 
  1
 kkkqfmkmhinnokgigoof nogqghlhhgmiifmhjjgf rmqinomfnollifjkilkkh n 
  1
 kklqmllhlnjljngmfmin nnoqjikjkfnmgljkgmih rmqilgnonioklomknknlg n 
  1
 kknqmmihhkmgfhiigijk nnnqfojhjiifnnngggnj rmqihnnnhlhnjmjihjhkl n 
  1
 kliqgofmikohljlfjiim nnlqhliomnmjmmmmmkk rmqhklhgglmnmnmjknlkg n 
  1
 klkqkknfmifgjooijkin nnkqmohnhimjnifognof rmqhgmhlmjhlfhhjmmioj n 
  1
 klmqojnnkfmkmijgjlfm nnkqmohkghojghfnlklg rmqgmmoimkkofmnmmlgmj n 
  1
 o 
  1
 
  1
 1*33@,*-9><: 
  1
 1*33@,*-9><: 
  1
 1*33=, 
  1
 1*33=, 
  1
 V V 
  1
 o 
  1
 o 
  1
 o 
  1
 
  1
 o Y lfkqikhjjnlngkmljjmk Y kmlqmkhklnffjiikgkon JQZGKZQ[Z[ JQZGKZQ[Z[ " Y lfkqikhjjnlngkmljjmk Y kmlqmkhklnffjiikgkon |
  1
/061+ {rn rn {rn kjoqmjimingjoiokmgfj fjqfffflhimkomhokohg rmqjmmjhiljfflkhohhki |
  1
<0:;8: {rn rn {rn {nhg {gk {rn {nhf -:):-,:; {i {ngo |
  1
:;8: {rn rn {rn {nll rlhqogjhikfkmilhnfoh {ngn ro {gk {ngm 90-(>-; _h *1410(1 |
  1
/<*-): {rn rn {rn o 90-(>-; $ :'/@/>-@<*- 1*-=, l 0/:1 f 
  1
 rlhqogjhikfkmilhkgmom l rlmqkjookklmkgohhfgjj l rmhqgnklmlhoifhgnnnjm l rmlqnhgiologfnkgkmkkf l rngqjkmggmkhnlnghknon l 
  1
 rnlqfohningjlkgfojjhi l rfqmhnkknmljijflhojoi l rkqiljhmoinhgmfigjmjl l ro l 
  1
 mngqloiomjjjngfngkfj mnmqifnkihfmmmlojnjl n 
  1
 mngqlojggnigflimhljm mnlqfgihfgnfhojgnilf oqfkffhfkkmjflhinggol 
  1
 mngqngljilonoknnnhhm mnjqmhiklgiiffgiihkg oqfokgohhnlkgnihiklkk 
  1
 mnhqflhlmhgjjfknjin mniqjjklokkmioojlghj oqgilkjonjnjkflohjfgj 
  1
 mnhqifllohghijjhfgog mnhqgmoihkmhjmmhnojj oqgihljnjhjhfohjjhmkk 
  1
 mnhqlmfmokinjkojlomj mnfqoijghkhjkkiklkin oqghmfmjolgffmgmkfnff 
  1
 mniqgklofnimlljofkli mmoqmhhlkklkkonmnljj oqghfinlnfkgljlohgiji 
  1
 mniqliklnjngiimlgmh mmnqkhojloofokifkgof oqggilonljoihhhfohoom 
  1
 mnjqhifnjonimghhfill mmmqimjlhjkfgkflhmkj oqgfknoknffnioighfjnl 
  1
 mnjqojgikhknlomfoik mmlqhmlnohholnmjlhf oqfomkiklflfilhfnohgl 
  1
 mnkqlinnghiioiljhmnk mmkqgooigglhijmhfhmk oqfnogmkjgghiigfkofkl 
  1
 mnlqjjlikikgjjlfknhm mmjqgmojhkhgghnlgjjh oqfnfhkmnmfgfomoimojf 
  1
 mnmqiklifmkogigomiim mmiqhiolojmnmjglmfol oqfmgijfihnonljnjghj 
  1
 mnnqhjnokhfjmlfjijnf mmhqigmnjfjfkifoijfg oqflhjhhmnmnligmjjkkn 
  1
 mnoqhjggjnnilljiilgk mmgqjmiolfgilkggkkfi oqfkikfkhjlmionlifgfj 
  1
 mofqigmfjnkhlfmjkkmn mmfqmignmkjnknjmlfom oqfjkgjkfkgoilmkokkfi 
  1
 mogqimjhmgmjhggkokgg mmfqffhlmhlijnhh oqfilmnjnkmgiilkkomoh 
  1
 mohqkgjnojfmlnjojhon mloqimflkinmogllllmi oqfhnonhffnlkfmkoflgh 
  1
 moiqmgioiinkfoonkffn mlnqnklmmkmognflg oqfhhhoinkhnfnhmlhhlk 
  1
 mojqnollnflignofjiig mlnqijonnfjlnngkfknj oqfgklfklololkmoiiogn 
  1
 molqgjhoiojlknohiggj mlmqolfllngkinmnlffk oqfgffihhiimlimhjjgnk 
  1
 momqjglogkofloljkn mlmqlonngglhffllmmmk oqfflgifnfokhhhmljfik 
  1
 monqlnfohojognkgjnlj mlmqjioffhnmnjififgh oqffhhhoinkhnfnhnjool 
  1
 mooqonfomgnigknhginj mlmqifillmohghflhhlm oqfffffffffffffffhhg 
  1
 nfgqhmlmmnoikkojngok mlmqifknhlfgmokogogg n 
  1
 o 
  1
 /3>1: rnmqnffnffnklooilmjnl mmlqihmnlgjhjkmkfmkn rnoqnlomhmfhflilkhjlh roqonikkgklmkjgmhofighl lqfholjifimjmfjnmkgk:rng oqfffgikhnjlglgifmmfm o rn lqfhogfknilkmmnoiggm:rng 90-(>-;@) V V V V 
  1
 " o o |
  1
):-+:' {rn rn {rn {gj o {ngl |
  1
,+->687+r<*-): {rn rn {rn klgqgmilnlgoonogmiii rmngqloiollnlkofglmgm rmqhnoioijmiollihhljj roqfffgikhnjlglgikihhl o roqonikkgklmkjgmhofgfjk V V |
  1
/061+ {rn rn {rn rnnqnffllkkmhimmkmgkg rmngqloiollnllkmohgln rnoqnnlgmkjkifojmoloj |
  1
<0:;8: {rn rn {rn {fo {nhg {rn {ngk -:):-,:; {i {ngj |
  1
:;8: {rn rn {rn {nlf jqigklknggiogogonkgh:rnk {ngi mlqnomfhnffjjmlfkklm {fo {ngh 90-(>-; _h *1410(1 |
  1
/<*-): {rn rn {rn o 90-(>-; $ :'/@/>-@<*- 1*=, n 0/:1 m 
  1
 mikqllgflnngfoiglngf n mgfqfnljlmlimllnljmj n 
  1
 rmngqloiomjjhlhfiilnj rmlhqlfjohoofoomojihj 
  1
 rnfjqmolojljgomfgjgih rmlhqlfjohoofoomojihj 
  1
 o 
  1
 /3>1: rnmqnffnffnklooilmjnl mmlqihmnlgjhjkmkfmkn rnoqnlomhmfhflilkhjlh roqonikkgklmkjgmhofighl lqfholjifimjmfjnmkgk:rng oqfffgikhnjlglgifmmfm o rn lqfhogfknilkmmnoiggm:rng 90-(>-;@) V V V V 
  1
 " o o |
  1
):-+:' {rn rn {rn {nlh o {ngg |
  1
61+<*-):r<*-): {rn rn {rn 90-(>-; $ :'><+@61+@<*- mofoo 9*33 1*=, l 0/:1 lf 
  1
 mqkjhlffjfoijlknlgki l jqimnmomghionikomhgl m gqfmiofglgngmhjngjg m nmqlngfokmonomhlfhmj m nkqomhgffhhfjgfooili m 
  1
 nkqggmkhjhilmmofjmji m njqlofnokhflmhimkohk m njqhljmlofgillohnmhn m nfqnnlkhnfiknokfkfln m mmqlfohjmgikimnhihoi m 
  1
 mjqjniilhijkggffgifm m mhqooffkfhhojhimknif m mgqkghogjofiologlggl m mgqihkfiogkgkfiilghl m mgqgiljghkoofnjiofok m 
  1
 mfqmklofkngomhkgkgjl m loqonnoklmkoghigmlmf m lnqjhfinjmjlkokfnhok m lkqgllofjjojhgmfohmj m lgqnfhjfnlihgiojlfkk m 
  1
 lfqfomnjfkjmfkigfhol m koqhjholikhlhfoginfm m knqngkkkjjninjohgofh m knqinnhifgfgkfgjgikl m klqlnhhjmfnmomnnkggi m 
  1
 kkqnihnkggmlmgkkhogf m kkqjfomghmkkmoiokjin m kjqonmlmgjghjlkmilnk m kiqighmfmlglkgfhhinh m khqjnjkoimkfilkgnkil m 
  1
 khqfmijlghlignlngjkk m kgqlljiglnmfgofofoff m kfqfjoiogngonngiohok m joqhklfmgilnilmjgkgm m jnqnlijfohlgknlhnjfk m 
  1
 jnqllnfoimjonmkkkoln m jnqjmijklmfkoghighhk m jlqojgkffjmkinohlgmi m jkqjkmiionklifjnhmhf l 
  1
 rnnqnffllkkmhimmljjij nfjqmolokjffhknkikgn rnoqnnlgmkjkifojmhkn 
  1
 rnoqmhjimgjihiilfjfi nfjqifgiijojgknlmkoi rnoqofgimgfhlnkhgkikh 
  1
 rfqlofomijllfjfkklnmg nfiqnoggigkgnffghifn rnoqogmhmighmmlkmojgl 
  1
 rhqmigognililhffmohhk nfiqhilnlhfjnlijllhn rnoqokfnmiljgmfjmjjfn 
  1
 riqnfiohgkmkkifgglmnh nfiqffhmhijomlnlglhf rnoqolnkigfkliflkmmlj 
  1
 rlqffmgfiohfigkghnnkh nfhqmimiolkofmnhjngf rfqffjmonkninlmjgoinf 
  1
 rmqgiikmgliijhjhhlmig nfhqmghjkmmjogmihiok rfqfhiihmigiomgmmgijk 
  1
 rnqngofnngfkfkllnmglk nfhqnjffngmmgoojkofk rfqfkgfhlnhllmikmfmhi 
  1
 roqinghkhhokihkjminnnn nfhqogflgnhmgklhknij rfqflfhlgmjmnonmjomgm 
  1
 oqmnhhgggimlfolhhjohg nfiqfkmmgnoghnnljffk rfqfmjffllfogimnojknk 
  1
 oqkfjomklonmjjghggng nfiqggikimfnfhlmnnog rfqfmnklhifikiolohmij 
  1
 oqfogfhfkhomookiolmii nfiqhfmkjfhmionfhook rfqfnkilmhkkkkkggoohj 
  1
 nqokilgjfmgklnjffkff nfiqhjfkhjlonojlmhnl rfqfnmlhlkfgmfmoojjli 
  1
 nqlmomggjglnfngimfl nfiqifonjmfjkgjfoom rfqfohgighnknijoinghk 
  1
 nqkjiigmkhmhjggjnghi nfiqijlgkjnkiofhfjom rfqfojimkfnlokgkgogoi 
  1
 mqihoihlgihlkhilgkjl nfiqlnkiiighhkknghff rfqggjilinglkfifflkig 
  1
 lqhnihklihfjnlnkgff nfjqfofmhokhmggglgol rfqgiglmnhhhlgmjmkkhl 
  1
 jqigjgnnhkjfolljniff nfkqfnijojjmknoinjii rfqgljhfmimofknijjohl 
  1
 iqioigfinlkknhhghgfn nfkqllhlogfngknojkmk rfqgmoiohlggookkmokjh 
  1
 gqmggjjofioookfnnghm nflqoklhjmfohnkomjfk rfqhfmffjhnkfoiffjmhj 
  1
 fqojoijhjonnokgnfnkh nfmqllffnjhgonkiifh rfqhgojlgiggmilfmkol 
  1
 noqohhnfgfoikhkfmill nfnqmokijgnimghjjnhh rfqhilhjgkkmhfjfofkln 
  1
 noqlflohglojkninok nfoqgmljfjlggmljikjj rfqhjgjfljllmiinjoikk 
  1
 noqfggojfliolmojhlng nfoqolfjmgmhmiknjhjg rfqhkggllkkgkghonjgmf 
  1
 nnqmihnhkfinfhholjin ngfqilhmimggklkjnnfi rfqhkkmljhflollnifjjh 
  1
 nnqjimnminkiggomolmk ngfqnhnonhjoihllfgf rfqhlflgljnjlfmohfli 
  1
 nnqjfjnmoinlkhhifgjn ngfqnngmlnmjnimijjk rfqhlggkokmghmklnhfgg 
  1
 nnqiioihngiljlfkjlfj ngfqonmogjmjnjjjlojk rfqhlhhiolhnfnkiimlhm 
  1
 nnqiflmmnjllfinklkkf nggqfjghlngfohjgfkoi rfqhlhmmlioggiojhilil 
  1
 nnqhfolfohojohkmimki nggqhfhkfkkjggniolmi rfqhljinffhgjooligjlm 
  1
 nnqgjknomlgkgghnmfkm nggqigfnnmlfngnmihof rfqhlkjiignjkohjkgiki 
  1
 nmqoklngfiioikhjhhkj nggqljfmkfngfgflofni rfqhlnklifgffonmkmmgj 
  1
 nmqnikhogmjkmflnkok nggqnljfjgokmoknkof rfqhmfknfgkoknilmjoni 
  1
 nmqjnfihnmfghjjllokh nghqkkhfomnhnlhilfgk rfqhmljnhookohhjlkojk 
  1
 nmqhlifjigkkkgmoniok ngiqfhjjoinikkmlnofn rfqhnfgggflljgfnnilm 
  1
 nlqllgkmgjmjggglloin ngjqkfjmooommoohhlii rfqhofgklljingjgiknlg 
  1
 nlqikfiflnlogjjlmmmn ngkqkiogkkfmhknjmgok rfqhokikhminkjogmjonl 
  1
 nkqogmjnkmfgjmnhijmg ngmqlnnongmhjjolfmin rfqifhjmkjjnjlmgnhmmh 
  1
 nkqnfinngnfniigmggjf ngnqnffknnkkgogkhi rfqifjhlmgjmokmlhkooi 
  1
 nkqmokjlkiomojogjhgl nhfqjnfhnkkmlmjhhfjj rfqifjhkjlhijlnhifgmn 
  1
 nkqnhfilojfohhklnhgh nhgqfjjoggjofhkmokoj rfqifimnoofojkmlolmoi 
  1
 nkqnoohmimgkngikgmmm nhgqnnoijljlgonjifh rfqifhjhmilnigofojggi 
  1
 nkqoihkhgjnlljmohgjj nhhqgmfihfilknjlffol rfqifgnlhfifhjjjimogm 
  1
 nkqoohnhhgolollolfin nhhqkofohkhomofooofi rfqiffnkgfggomiigjkjg 
  1
 nlqfgjliohfkohhikgof nhhqmifngoolmmnmminh rfqiffjnmhfiohfgmnogi 
  1
 nlqflgmhinilkogkgnjm nhiqfgfgfmnfklnimifn rfqhoomfljgfiglgfgklm 
  1
 nlqfnlomhojihfjkhffn nhiqgjoiokiffiillfmh rfqhoohofigkgflnlhjil 
  1
 nlqhhglghiohomomfmnf nhiqnjiiknghlgmgohgg rfqhomfmkkiiigklfjkjj 
  1
 nlqikljnokhhininjnff nhjqiohlnigjohgffkmj rfqhojnkmiglmfoofjnoh 
  1
 nlqkonkjllkklmljkmng nhkqhfjgflfjinhjjkhn rfqhofnmkgjojgoliimmg 
  1
 nlqlnkjmigfkkkofnlm nhkqjmgjkfiokjghlkon rfqhnojjjommnhihikifj 
  1
 nlqnhklhlokkoklfmlmf nhkqnlogjknkmffioffh rfqhnmgioggllniliihih 
  1
 nlqnminhjjhgkhfmmlji nhlqfffmlnokmfomngnl rfqhnlijlglingmogklll 
  1
 nlqomiihghlkjmohjfln nhlqhlhkknjhlflginof rfqhnjmfoiffkinkkgmfg 
  1
 nmqfhjkmkkgmjnjnmlmi nhlqiohlifokkkgknom rfqhninllgjmlgjjllgkm 
  1
 nmqhnmgkojnhjnlkogoj nhmqfikomfiohgjjlofm rfqhmokjljljfnohihlmf 
  1
 nmqkhgkljgilnliignkn nhmqkioiokiihmflkiih rfqhmklofhmihhfilhmln 
  1
 nmqofmkhhkhkihigkmkm nhnqhmikijlfiimlonmg rfqhloijfoojiglhnfkkm 
  1
 nnqfjfnglfifmlmlofgi nhnqkgifhnmfhmfkjjfm rfqhlmgjnhjoiokhnofhm 
  1
 nnqhjofggnlokfhmkfgg nhnqnllollkfhgmnmomm rfqhlimhiiikgolihgfmi 
  1
 nnqigojjofnfjmiffghj nhnqonikholnlgokkgff rfqhlhkljlghlknhigfkk 
  1
 nnqjlhmlmmkmhgfhfgkm nhoqhgjjmkognlfnlnji rfqhlfhflojghkojnnhnn 
  1
 nnqkikknkonggloojjk nhoqihnmnlklhnmjionl rfqhkoffofgmikhkgjnfh 
  1
 nnqofhkllfhgfhgnlfff nhoqnofgkomfjijgmkkh rfqhkhomglglimfnmnioi 
  1
 noqhglfhjmoijllgffng nifqihjgkliomlgmkjhm rfqhjmngjjgngoiogkfif 
  1
 noqmghnhmglnnjggknmf nifqojnlggjhkhffjkjf rfqhioljgohmnmgffogif 
  1
 noqnnfoljjnkgfiofjhi nigqgkfigiolliohohnn rfqhilnmlgnflimjkkmjl 
  1
 fqgiojglkgjofjonkfmm nigqjjliilofmnonfkml rfqhihlhjmnlojgjohm 
  1
 fqhhlflmjkmlhngnljmi nigqkjiijljomfiniklm rfqhiggoojgnjiiokjifl 
  1
 fqikmjnnjokkonmjolhh nigqlnmglogoiikjfimk rfqhhofimkhlnfhnljiml 
  1
 fqjfgjfoknhfnlohgoff nigqmijlojolilhmgogk rfqhhnigkffohlkjinjlg 
  1
 fqjnolimionljgiinmfk nigqnhofohhjoihfkkhm rfqhhlnliknfnfjohhgoi 
  1
 fqkiioikihffkioklhmj nigqnmkoknfioigkfojf rfqhhlgijngjmnfilmlml 
  1
 fqohohjkhhgmnilhhjkj nihqhnokggmnnkjokfi rfqhgolighjfmngjniihm 
  1
 gqhokomignmmhklgljhl nihqljfmilmohlhkmglk rfqhgikomhgfhomjijlgi 
  1
 hqfjmkhgihoiohighhin niiqhoojkflhjjomlojl rfqhfghijffghlgjjkkhm 
  1
 hqjifomklklflkmfjong niiqlfmkmiknimkonnl rfqgojohmifiljjgjhkln 
  1
 hqnhmghojokhkhimikkn niiqnonohojhjojkgnfg rfqgnnjgfighihnkhnklg 
  1
 o 
  1
 
  1
 1*33@,*-9><: 
  1
 1*33@,*-9><: 
  1
 1*33=, 
  1
 1*33=, 
  1
 V V 
  1
 o 
  1
 o 
  1
 o 
  1
 
  1
 o Y mqkjhlffjfoijlknlgki Y jkqjkmiionklifjnhmhf JQZGKZQ[Z[ JQZGKZQ[Z[ " Y mqkjhlffjfoijlknlgki Y jkqjkmiionklifjnhmhf |
  1
/061+ {rn rn {rn hqnhmghojokhkhimikkn niiqnonohojhjojkgnfg rfqgnnjgfighihnkhnklg |
  1
<0:;8: {rn rn {rn {ngf {nfo {rn {nfn -:):-,:; {fi {nfm |
  1
<0:;8: {rn rn {rn {nfl {fh {rn {nfk 90-(>-; {jg {nfj |
  1
<0:;8: {rn rn {rn {fh {nfi {rn {nfh 90-(>-; {jg {nfg |
  1
:;8: {rn rn {rn {nff liiqokhihoiknnglfnlm {moo lfkqikhjjnlmkfflfifj {fh {mon 90-(>-; _h *1410(1 |
  1
/<*-): {rn rn {rn o 90-(>-; $ :'/@/>-@<*- 1*-=, l 0/:1 j 
  1
 liiqokhihoiknnglfnlm l lhlqnfhfllojjifljihf l lgoqlkgmnofkjogokfjj l lghqkfhghllfkhooglml l lfkqikhjjnlmkfflfifj l 
  1
 nknqhfmjmhnfjiimgnlh mojqfnjmkihmnnhnnnjj n 
  1
 nknqhfmgnfimfjjnhonm mogqloilkhfkiikgolnh n 
  1
 nkmqmilfjiklijjiknmh mnoqihkoogfikiinlnnk n 
  1
 nklqnhfohohjmioniolj mnmqggloihjiiighhnkn n 
  1
 nkkqofknghokfnhmfhl mnjqofmnlofkfikjognh n 
  1
 nkjqkljlhfnggmomooim mnhqofflhoojoojjgmkg n 
  1
 nkhqnminlhojiflmkfmk mngqhfonjiljjjiglffm n 
  1
 nkgqgnihkhhjmlngfkin mmoqkgohfjkgjminjmlf n 
  1
 njoqgmlhimlmhgffjnjf mmnqgmnfllkjhhnhlik n 
  1
 njlqolmikflmolggfifh mmmqhlifjjlimmfffiin n 
  1
 njjqmknjknofjimfimgk mmlqijnfhfmkgnniinhg n 
  1
 njhqiofomokilfkkfhml mmkqnmmfjlmgfifgnomh n 
  1
 njfqfffflihmmfjllhgf mmkqnmmfimkhgohfllon n 
  1
 o 
  1
 /3>1: rnmqnffnffnklooilmjnl mmlqihmnlgjhjkmkfmkn rnoqnlomhmfhflilkhjlh roqonikkgklmkjgmhofighl lqfholjifimjmfjnmkgk:rng oqfffgikhnjlglgifmmfm o rn lqfhogfknilkmmnoiggm:rng 90-(>-;@) V V V V 
  1
 " o o |
  1
<0:;8: {rn rn {rn {mom {fg {rn {mol 90-(>-; {ln {mok |
  1
:;8: {rn rn {rn {njk lfkqikhjjnlmkffknk {moj kmlqmkhklmooggokhikg {fg {moi 90-(>-; _h *1410(1 |
  1
/<*-): {rn rn {rn o 90-(>-; $ :'/@/>-@<*- 1*-=, l 0/:1 j 
  1
 lfkqikhjjnlmkfflfifj l konqhfhmmfmifoomhfgk l kogqfkigfnhnknlnhofl l kniqofhnifjffomignln l kmlqmkhklmooggokhikg l 
  1
 fjqffffkmjlfkklgohhl mmkqnmmfimkhgohfllon n 
  1
 fgqlfogjghfigjlofjmn mmkqnmmfhniiikiojjhi n 
  1
 nooqhjglknhglkikmkin mmlqijmonjgmmnlhjnkn n 
  1
 nomqfihmkojfmgkmoggi mmmqhlhoogfnloljgmmk n 
  1
 nojqnhinlkinlgmglgnm mmnqgmmoolfghkinjgj n 
  1
 nohqnglnjfkfjlfoigl mmoqkgoggnkkofjkloin n 
  1
 nogqghlhglngmlkkklfj mngqhfomjjlokhngfmjg n 
  1
 nnoqjikjjkoklhhmmhjg mnhqoffkgnfflhfilol n 
  1
 nnnqfojhinioijljkhhf mnjqofmmjlmonmokfmi n 
  1
 nnmqgmogfkghhlglfhhf mnmqgglnfigjnjhfmnkn n 
  1
 nnlqhliominihilgfnnj mnoqihknkjmgmfklljh n 
  1
 nnkqmohngnnihnohiiln mogqloikghggihghiljf n 
  1
 nnkqmohkfnfhkmognnoh mojqfnjlgiiijmmgghfg n 
  1
 o 
  1
 /3>1: rnmqnffnffnklooilmjnl mmlqihmnlgjhjkmkfmkn rnoqnlomhmfhflilkhjlh roqonikkgklmkjgmhofighl lqfholjifimjmfjnmkgk:rng oqfffgikhnjlglgifmmfm o rn lqfhogfknilkmmnoiggm:rng 90-(>-;@) V V V V 
  1
 " o o |
  1
<0:;8: {rn rn {rn {ff {mom {rn {moh 90-(>-; {ln {mog |
  1
:;8: {rn rn {rn {mof o {njl liiqokhihoiknngjhgf {ff {mno 90-(>-; _h *1410(1 |
  1
/<*-): {rn rn {rn o 90-(>-; $ :'/@/>-@<*- 1*-=, l 0/:1 m 
  1
 o l liiqokhihoiknnglfnlm l 
  1
 hhqhfmjllonmnjlljimj rnioqnlmkmlfmoonmfigm n 
  1
 hhqhfmjllonmnjlljimj rlgqnnijllhoimgkffhnj n 
  1
 hhqhfmjllonmnjlljimj glqgffljijohkkmfhlfn n 
  1
 hhqhfmjllonmnjlljimj mojqfnjmkihmnnhnnnjj n 
  1
 o 
  1
 /3>1: rnmqnffnffnklooilmjnl mmlqihmnlgjhjkmkfmkn rnoqnlomhmfhflilkhjlh roqonikkgklmkjgmhofighl lqfholjifimjmfjnmkgk:rng oqfffgikhnjlglgifmmfm o rn lqfhogfknilkmmnoiggm:rng 90-(>-;@) V V V V 
  1
 " o o |
  1
):-+:' {rn rn {rn {noo o {mnn |
  1
):-+:' {rn rn {rn {noo n {mnm |
  1
61+<*-):r<*-): {rn rn {rn 90-(>-; $ :'><+@61+@<*- mofoo 9*33 1*-=, l 0/:1 j 
  1
 liiqokhihoiknnglfnlm l lhlqnfhfllojjifkhini m lgoqlkgmnofkjogokfjj l lghqkfhghllfkhooggfn m lfkqikhjjnlmkfflfifj l 
  1
 klmqojnooflnhjlmiki rhhqhfmjkojfjolhllhkl rmqgmmoikhkmhgnioghfl n 
  1
 klkqkknhghoilhfgljgl rhhqhfmgllomgfmimmkgh rmqhgmhlkghjhhlkinlkh n 
  1
 kliqgofnmhhhliffmlnn rhgqmilfifgljfloghfjl rmqhklhfojilklkjfgmim n 
  1
 kknqmmiijmojkhkjhgkk rgoqofkmookkgjkhmiflf rmqihnnnflgmlhmnfhfmi n 
  1
 kklqmllinfioijgijon rgnqkljlfmjghjhifmhhg rmqilgnolkkjionkhokhi n 
  1
 kkkqfmknhhnhkhmmmhkm rglqnminjokjilohonini rmqinomfmiinmjlgglfmg n 
  1
 kkiqinkjghjgifjoihih rgkqgnihinnjnifklmmjn rmqjgmkgkmfhhnhgooili n 
  1
 kkhqfjjjkknmkoifglnj rgiqgmlhhjhmhmhlifgjm rmqjiokmkigolioijghll n 
  1
 kkfqhgjlkmllhkmhmiii rfnqmknjjkkfjookjjooi rmqjlolmlmfjhgnhmgoff n 
  1
 kjoqmjimjmiilkiinnk rflqiofollgillngfgkki rmqjmmjhijnnoifnhkkij n 
  1
 kjoqmjimingjoiokmgfj rfjqffffjonmmlmhhggf rmqjmmjhiljfflkhohhki n 
  1
 o 
  1
 
  1
 1*33@,*-9><: 
  1
 1*33@,*-9><: 
  1
 1*33=, 
  1
 1*33=, 
  1
 V V 
  1
 o 
  1
 o 
  1
 o 
  1
 
  1
 o Y liiqokhihoiknnglfnlm Y lfkqikhjjnlmkfflfifj JQZGKZQ[Z[ JQZGKZQ[Z[ " Y liiqokhihoiknnglfnlm Y lfkqikhjjnlmkfflfifj |
  1
<0:;8: {rn rn {rn {noj {nom {rn {mnl 90-(>-; {ni {mnk |
  1
:;8: {rn rn {rn {njf o {mnj liiqokhfjojmflonmiog {nom {mni 90-(>-; _h *1410(1 |
  1
/<*-): {rn rn {rn o 90-(>-; $ :'/@/>-@<*- 1*-=, l 0/:1 m 
  1
 kmlqmkhklnffjiijngnn l hgfqmfjlgmjmkfikihfg l 
  1
 joqmohkmmnllfknlohnj mojqfnjlgiiijmmgghfg n 
  1
 joqmohkmmnllfknlohnj glqgffkolnjjkimlgomj n 
  1
 joqmohkmmnllfknlik rlgqnnijgoljkloknhinl n 
  1
 joqmohkmmnllfknlohnj rnioqnlmjilgikohohlmj n 
  1
 o 
  1
 /3>1: rnmqnffnffnklooilmjnl mmlqihmnlgjhjkmkfmkn rnoqnlomhmfhflilkhjlh roqonikkgklmkjgmhofighl lqfholjifimjmfjnmkgk:rng oqfffgikhnjlglgifmmfm o rn lqfhogfknilkmmnoiggm:rng 90-(>-;@) V V V V 
  1
 " o o |
  1
):-+:' {rn rn {rn {nol n {mnh |
  1
61+<*-):r<*-): {rn rn {rn 90-(>-; $ :'><+@61+@<*- mofoo 9*33 1*-=, l 0/:1 j 
  1
 lfkqikhjjnlngkmknhhh l konqhfhmmgimnkfgmmoj m kogqfkigfnmhgohomign l kniqofhniflhkkmkgmmg m kmlqmkhklnffjiijngnn l 
  1
 kjoqmjimingjoiokmgfj rlnqfffggomgmoinmnmhn rmqjmmjhiljfflkhojfh n 
  1
 kjoqmjimhnolhhkmkijn rlkqlfohfijlfkholnjkj rmqjmmjhimoggoomlfmj n 
  1
 kkfqhgjlhgfoikffgmfi rliqhjgmhfjmiognjfkmn rmqjlolmmifknfiknkfhf n 
  1
 kkhqfjjinkikkmhmkmfg rknqnhiohmljikkjhmflg rmqjiokmljmomjifmmffn n 
  1
 kkiqinkihljlnonkminh rklqnglofhmlgoohifooh rmqjgmkgmgglggnkojnmm n 
  1
 kkkqfmkmhinnokgijhlj rkkqghlhmofmkfinjolkk rmqinomfnollifjkinihn n 
  1
 kklqmllhlnjljngmmkk rkiqjikkfnhgilgfmgmgg rmqilgnonioklomkmnmkk n 
  1
 kknqmmihhkmgfhihlmom rkhqfojifflkfnjmhifnh rmqihnnnhlhnjmjiinjlm n 
  1
 kliqgofmikohljlgffhg rkfqhljfilfnomjijogln rmqhklhgglmnmnmjkiihh n 
  1
 klkqkknfmifgjooijkin rjoqmohnngfofhmkgifnl rmqhgmhlmjhlfhhjmnhnh n 
  1
 klmqojnnkfmkmijhfhoh rjoqmohkmfhnigmjmgglm rmqgmmoimkkofmnmlmhoh n 
  1
 o 
  1
 
  1
 1*33@,*-9><: 
  1
 1*33@,*-9><: 
  1
 1*33=, 
  1
 1*33=, 
  1
 V V 
  1
 o 
  1
 o 
  1
 o 
  1
 
  1
 o Y lfkqikhjjnlngkmknhhh Y kmlqmkhklnffjiijngnn JQZGKZQ[Z[ JQZGKZQ[Z[ " Y lfkqikhjjnlngkmknhhh Y kmlqmkhklnffjiijngnn |
  1
:;8: {rn rn {rn {mng gnhqgfjmilmoghhklfj {nil gkiqkfjnklgfmjgknnol {noj {mnf 90-(>-; _h *1410(1 |
  1
/<*-): {rn rn {rn o 90-(>-; $ :'/@/>-@<*- 1*-=, l 0/:1 j 
  1
 gnhqgfjmilmoghhklfj l gmjqokkfknnlfoigkkng l glmqnfkioljggighgif l glfqlkkggnkhgohjhil l gkiqkfjnklgfmjgkmmk l 
  1
 lnqfffghmiffnhifkhlm rnhgqlkonlfihifmoiffh n 
  1
 mfqiogfjikkonignkmgg rnhgqlkonlokggjlfjmfn n 
  1
 mhqmknkhhohngjlhogkg rnhhqgifnjikkifjgmnkh n 
  1
 mjqolmjgjmfiinmhojnj rnhiqfjknlmjinnknllji n 
  1
 mmqgmlifgloknmlkgmmm rnhiqolfnnoijijjghim n 
  1
 moqgniiglhmgjkmfifll rnhkqifhfhmigknololji n 
  1
 nfqnmiohlollnjilkjn rnhlqoohllljjkkofhkok n 
  1
 nhqkljlnjnikkmjmlljj rnhnqlnijkhmkggfiimjf n 
  1
 niqofknmlomjlfhniihh rnifqloflognkgkghkhkj n 
  1
 njqnhfooihmggmjkkjjj rnihqnoomkkhijjmflihf n 
  1
 nkqmilgfmknmhgonjnil rnikqgfnnginiljomgjnj n 
  1
 nlqhfmhjjiojhhjkigjj rnimqjmljmjnkjkgffifi n 
  1
 nlqhfmkilnhnggikfjgk rnioqnlmkmlfmoonmfigm n 
  1
 o 
  1
 /3>1: rnmqnffnffnklooilmjnl mmlqihmnlgjhjkmkfmkn rnoqnlomhmfhflilkhjlh roqonikkgklmkjgmhofighl lqfholjifimjmfjnmkgk:rng oqfffgikhnjlglgifmmfm o rn lqfhogfknilkmmnoiggm:rng 90-(>-;@) V V V V 
  1
 " o o |
  1
):-+:' {rn rn {rn {nin n {mmo |
  1
,+->687+r<*-): {rn rn {rn iiqojmgjfmfkfjigolik rnlqhfmkhohjkhhokmonh rgqgkmfhjnmfglojkjkjj oqfffgikhnjlglgikihhl o oqonikkgklmkjgmhojkjkj V V |
  1
/061+ {rn rn {rn klmqojnooflnhjlmiki rnlqhfmkhohjkhhokmonh rmqgmmoikhkmhgninnonl |
  1
/061+ {rn rn {rn kjoqmjimingjoiokmgfj rlnqfffggomgmoinokmng rmqjmmjhiljfflkhojfh |
  1
:;8: {rn rn {rn {nhm o {nif liiqokhfjojmflonkggn {nnn {mmn 90-(>-; _h *1410(1 |
  1
/<*-): {rn rn {rn o 90-(>-; $ :'/@/>-@<*- 1*-=, l 0/:1 m 
  1
 rhgfqmfjlgmjmkfikhflk l rkmlqmkhklnffjiijonoi l 
  1
 rjoqmohkmkgonkogkikjl rnioqnlmjilgikohofjff n 
  1
 rjoqmohkmkgonkogkikjl rlgqnnijgoljkloknnfmg n 
  1
 rjoqmohkmkgonkogkikjl glqgffkolnjjkimlgomj n 
  1
 rjoqmohkmkgonkogkikjl mojqfnjlgiiijmmgghfg n 
  1
 o 
  1
 /3>1: rnmqnffnffnklooilmjnl mmlqihmnlgjhjkmkfmkn rnoqnlomhmfhflilkhjlh roqonikkgklmkjgmhofighl lqfholjifimjmfjnmkgk:rng oqfffgikhnjlglgifmmfm o rn lqfhogfknilkmmnoiggm:rng 90-(>-;@) V V V V 
  1
 " o o |
  1
):-+:' {rn rn {rn {nnm o {mmm |
  1
61+<*-):r<*-): {rn rn {rn 90-(>-; $ :'><+@61+@<*- mofoo 9*33 1*-=, l 0/:1 j 
  1
 hgfqmfjlgmjmkfikhflk l hfiqkkjikkflkhklhigl m golqjfjfmmgnfilhhljl l gnoqhkjjgjmikhijgjol m gnhqgfjmilmoghhklfj l 
  1
 iiqojmhnflifglnlmmik joqmohknhmngjmkkglli rgqgkmfhhklnifofmfjlj n 
  1
 ilqiinfknimhkglolnkl joqmohnoiknnkmlfmmoj rgqggmlohmfgilkiliogk n 
  1
 inqmfkiokjlgfjomlghj kfqhljfjnknnfjjmgknl rgqfmnmjnjjnlffinlhgg n 
  1
 jiqghhofklmmhmmlnkmj khqfojigigjogjnimlnj rgqfflfmmjonogikfoflf n 
  1
 jkqghonlhohhlohjoknn kiqjikkhfmggoggmjojk rfqomiflgmiglofhmhihj n 
  1
 jlqnhfjfmjomoolnhkji kkqghlhogkmiiioknkmi rfqojkhkgglgfniighmkg n 
  1
 jnqkgfnfjognkhiojkgk klqnglogkhlfhohnnmkg rfqogmjjifgghlohliifn n 
  1
 joqnkgmjlfigmnhminkk knqnhiojfgjgnklfjgog rfqnokiniljmljjmlloll n 
  1
 kgqlngkgfhojffomjfin liqhjgmihomhhgoinghm rfqnlkhnhnhgknjhlolgg n 
  1
 khqgkhjfhjhkhkhgjnkh lkqlfohgkoknnifonlnn rfqnkmkiliilgnnfoinni n 
  1
 khqgkhioihinggjfnlll lnqfffgihhglhionmljl rfqnkmkiljnmihhkknnhl n 
  1
 o 
  1
 
  1
 1*33@,*-9><: 
  1
 1*33@,*-9><: 
  1
 1*33=, 
  1
 1*33=, 
  1
 V V 
  1
 o 
  1
 o 
  1
 o 
  1
 
  1
 o Y hgfqmfjlgmjmkfikhflk Y gnhqgfjmilmoghhklfj JQZGKZQ[Z[ JQZGKZQ[Z[ " Y hgfqmfjlgmjmkfikhflk Y gnhqgfjmilmoghhklfj |
  1
/061+ {rn rn {rn khqgkhioihinggjfnlll lnqfffgihhglhiokignk rfqnkmkiljnmihhkknnhl |
  1
):-+:' {rn rn {rn {nih o {mml |
  1
61+<*-):r<*-): {rn rn {rn 90-(>-; $ :'><+@61+@<*- mofoo 9*33 1*-=, l 0/:1 j 
  1
 lfkqikhjjnlngkmliiin l konqhfhmmgimnkfglfn m kogqfkigfnmhgohomnnm l kniqofhniflhkkmjingi m kmlqmkhklnffjiijonoi l 
  1
 kjoqmjimingjoiokmgfj lnqfffgihhglhioljof rmqjmmjhiljfflkhohhki n 
  1
 kjoqmjimhnolhhkmmlhh lkqlfohgkoknnifignom rmqjmmjhimoggoomlfmj n 
  1
 kkfqhgjlhgfoijooojif liqhjgmihomhhgojojol rmqjlolmmifknfiknkfhf n 
  1
 kkhqfjjinkikkmhmkmfg knqnhiojfgjgnkkgnohl rmqjiokmljmomjifmnmnj n 
  1
 kkiqinkihljlnonkolkl klqnglogkhlfhohnnmkg rmqjgmkgmgglggnkogihj n 
  1
 kkkqfmkmhinnokgijhlj kkqghlhogkmiiiohjjlm rmqinomfnollifjkilkkh n 
  1
 kklqmllhlnjljngmonii kiqjikkhfmggogggngfg rmqilgnonioklomkmijhl n 
  1
 kknqmmihhkmgfhihjkhj khqfojigigjogjngjojm rmqihnnnhlhnjmjiinjlm n 
  1
 kliqgofmikohljlfmmjn kfqhljfjnknnfjjkhjfg rmqhklhgglmnmnmjkiihh n 
  1
 klkqkknfmifgjooiofnk joqmohnoiknnkmkoikni rmqhgmhlmjhlfhhjmjmh n 
  1
 klmqojnnkfmkmijhfhoh joqmohknhmngjmkkglli rmqgmmoimkkofmnmmfnjk n 
  1
 o 
  1
 
  1
 1*33@,*-9><: 
  1
 1*33@,*-9><: 
  1
 1*33=, 
  1
 1*33=, 
  1
 V V 
  1
 o 
  1
 o 
  1
 o 
  1
 
  1
 o Y lfkqikhjjnlngkmliiin Y kmlqmkhklnffjiijonoi JQZGKZQ[Z[ JQZGKZQ[Z[ " Y lfkqikhjjnlngkmliiin Y kmlqmkhklnffjiijonoi |
  1
/061+ {rn rn {rn kjoqmjimingjoiokmgfj lnqfffgihhglhiongolh rmqjmmjhiljfflkhohhki |
  1
,+->687+r<*-): {rn rn {rn klmqojnnkfmkmijgnknm nnkqmohkghojghfnlnjl rmqgmmoimkkofmnmmfnjk roqfffgikhnjlglgikihhl o roqonikkgklmkjgmhofgfjk V V |
  1
/061+ {rn rn {rn iiqojmhnflifglnmjnjg nnkqmohkghojghfnlnjl rgqgkmfhhklnifofmfjlj |
  1
/061+ {rn rn {rn klmqojnnkfmkmijgnknm nnkqmohkghojghfnlnjl rmqgmmoimkkofmnmmfnjk |
  1
<0:;8: {rn rn {rn {nli {nlo {rn {mmk 90-(>-; {i {mmj |
  1
:;8: {rn rn {rn {mmi o {ngn lfhqkkikkmnjmofjjmgk {nlo {mmh 90-(>-; _h *1410(1 |
  1
/<*-): {rn rn {rn o 90-(>-; $ :'/@/>-@<*- 1*-=, n 0/:1 m 
  1
 rkojqfnlhnnnnhknfgflj n rlqifkgmmmmjfjmjmofih:rnl n 
  1
 nfgqhmlmmnoikkojngok mlmqifknhlfgmokogijh n 
  1
 rnfgqhmlmmnoghifolkg mlmqifknhlfgojmhmlfn n 
  1
 o 
  1
 /3>1: rnmqnffnffnklooilmjnl mmlqihmnlgjhjkmkfmkn rnoqnlomhmfhflilkhjlh roqonikkgklmkjgmhofighl lqfholjifimjmfjnmkgk:rng oqfffgikhnjlglgifmmfm o rn lqfhogfknilkmmnoiggm:rng 90-(>-;@) V V V V 
  1
 " o o |
  1
):-+:' {rn rn {rn {nln n {mmg |
  1
61+<*-):r<*-): {rn rn {rn 90-(>-; $ :'><+@61+@<*- mofoo 9*33 1*-=, l 0/:1 f 
  1
 rlhqogjhikfkmilhkgmom l rlmqkjookklmkgohhfgjj m rmhqgnklmlhoifhgnnnjm m rmlqnhgiologfnkgkmkkf m rngqjkmggmkhnlnghknon m 
  1
 rnlqfohningjlkgfojjhi m rfqmhnkknmljijflhojoi m rkqiljhmoinhgmfigjmjl m ro l 
  1
 klgqgmilnlgoonogofin rmngqloiollnlkhhjhggn rmqhnoioijmiollijohof oqgjhlnflkmomholnfhm 
  1
 kkoqnmnkiggliihjfkkh rmngqlojggfmhmmkiihlh rmqigfloolhlkfihhlhjj oqgjhlnflkmomholngin 
  1
 kknqknoflkgknoggflnn rmngqngljhojflmfjnkkn rmqiigoghgofmgmjffkhi oqgjfjkghmhlohgjflinj 
  1
 kklqfjkgmimjolfnkmom rmnhqifllnjkjfkknfnfl rmqimimlfnmnhhnglklgk oqgihljnjhjhfohjjhmkk 
  1
 kkjqnffgjgmhlnjfgokf rmnhqlmfmnmnfgmgfmknn rmqiojhjhjmjhfnfgmfkl oqghmfmjolgffmgmkfnff 
  1
 kkhqioknggmfimfnjihf rmniqliklmmhifjohhijj rmqjiimokhnkfnmkkkmgj oqggilonljoihhhfohoom 
  1
 kkgqhjgghhkhnkfhnoof rmnjqhifnjhhkjhinghlj rmqjkhmoflngmnghoniig oqgfknoknffnioighfjnl 
  1
 kjoqfllgfioilnilgffh rmnkqlinnfjmkljnfiggl rmqjnnkmgglnmighjfnjk oqfnogmkjgghiigfkofkl 
  1
 kjnqfjlikkjookoggnlh rmnlqjjlijkoigkmlljjh rmqkfkijlmfgjomfojfjg oqfnfhkmnmfgfomoimojf 
  1
 kjlqgnkfhhkimjffgnlk rmnnqhjnojjjljmhfingf rmqkikollnkijjikmljgn oqflhjhhmnmnligmjjkkn 
  1
 kjkqijghkljihlhflolg rmnoqhjggjghkimkoillg rmqkjonjmilgfjmnmighn oqfkikfkhjlmionlifgfj 
  1
 kjiqnmfglmomijolioig rmogqimjhljgkohigljif rmqkmjfjmmijgjkohjhjn oqfilmnjnkmgiilkkomoh 
  1
 kjiqhinhijmhfhkkjijg rmohqkgjnnljoiolkjijj rmqknjjjijkgolfmjkkjf oqfhnonhffnlkfmkoflgh 
  1
 kjhqhgmkoojfjnjhngkf rmojqnollmifjofflkhif rmqlfghiikmjjklhgjmhk oqfgklfklololkmoiiogn 
  1
 kjgqnhnjiomjjijkfgnn rmolqgjhoignniffnijjk rmqlfmlikkfloifhhlnig oqfgffihhiimlimhjjgnk 
  1
 kjgqiflnjkfjhgnhkjjk rmonqlnfohgofnolmjogg rmqlglhglfnhomojfjmmm oqffhhhoinkhnfnhninnl 
  1
 kjgqgmgkhnioilologmg rmooqonfoljhjnlongmgk rmqlgnjjhgifnnhiinlnf n 
  1
 kjgqgmilnlgonjohjmkm rnfgqhmlmmgikhmgfnkhk rmqlgnjflliikmimkngij nqooooooooooooooommm 
  1
 o 
  1
 
  1
 1*33@,*-9><: 
  1
 1*33@,*-9><: 
  1
 1*33=, 
  1
 1*33=, 
  1
 V V 
  1
 o 
  1
 o 
  1
 o 
  1
 
  1
 o Y rlhqogjhikfkmilhkgmom Y ro JQZGKZQ[Z[ JQZGKZQ[Z[ " Y rlhqogjhikfkmilhkgmom Y ro |
  1
/061+ {rn rn {rn klgqgmilnlgoonogmiii rmngqloiollnlkofglmgm rmqhnoioijmiollihhljj |
  1
:;8: {rn rn {rn {ngi o {mmf kjoqogijlgonmkhgoonh {nli {mlo 90-(>-; _h *1410(1 |
  1
/<*-): {rn rn {rn o 90-(>-; $ :'/@/>-@<*- 1*-=, l 0/:1 h 
  1
 rkjoqomhikggmiinlgiff l rllhqjmohliinffioknii l rmmjqonlgmkknlloiflj l rnnmqjoifnmmoiijlkihj l rgkqlgongknjkffonokni l 
  1
 rjiqmjlkjinollmihllhk l ro l 
  1
 rmngqloiomjjhhgkgklok mnmqifnkihfmmkjhhngj n 
  1
 rmngqloiomjjhhjnonjjm nhjqngkmjikmnkniomlk nqoooooooooooooooggg 
  1
 rmngqloiomjjhhnhlokjl nlhqihhokkfmolhfh oqfffffffffffffffiiif 
  1
 rmngqloiomjjhigljojkk nooqnifgllknfllgghnh oqfffffffffffffffggf 
  1
 rmngqloiomjjhikfholj imqiimimnfngmfgomfl nqooooooooooooooommm 
  1
 rmngqloiomjjhininofok mjqnjjknoknhmjfjlnik n 
  1
 rmngqloiomjjhjgmmjln rnmqljngonoglhgolnioj n 
  1
 rmngqloiomjjhjkgk rkfqgjfonmjgkgmonhogk oqfffffffffffffffggf 
  1
 rmngqloiomjjhjnkhjklg rghqliimmkogjgioffnfg nqooooooooooooooommm 
  1
 rmngqloiomjjhkgnokiml rnmkqghlkljjgigffjlml nqooooooooooooooommm 
  1
 rmngqloiomjjhkhminfm rnlkqmjomlgkimnjfniom nqooooooooooooooommm 
  1
 rmngqloiomjjhkilfikhf rnklqimhoknllhkmnfjhm nqoooooooooooooooiii 
  1
 rmngqloiomjjhkjjinkkf rnjlqoolgkkmnmigojkhg nqoooooooooooooookkk 
  1
 rmngqloiomjjhkkhmihol rnimqlgoikhoghflfnn nqooooooooooooooommm 
  1
 rmngqloiomjjhklghhkim rnhnqhjhkkffilmonnfik n 
  1
 rmngqloiomjjhklolgnif rngnqnlkmjmglgkioifij oqfffffffffffffffggf 
  1
 rmngqloiomjjhknliokli rnffqgghgjgjggfhfifii oqfffffffffffffffkkkf 
  1
 rmngqloiomjjhlfijmmfn rmngqiknkikllfkffgim nqoooooooooooooonllm 
  1
 rmngqloiomjjhlhfiilnj rmlhqlfjohoofoomojihj n 
  1
 o 
  1
 /3>1: rnmqnffnffnklooilmjnl mmlqihmnlgjhjkmkfmkn rnoqnlomhmfhflilkhjlh roqonikkgklmkjgmhofighl lqfholjifimjmfjnmkgk:rng oqfffgikhnjlglgifmmfm o rn lqfhogfknilkmmnoiggm:rng 90-(>-;@) V V V V 
  1
 " o o |
  1
):-+:' {rn rn {rn {ngk o {mln |
  1
,+->687+r<*-): {rn rn {rn rnnqnffllkkmhimmkmgkg nfjqmolokjffhknkjfnl rnoqnnlgmkjkifojmokgl o n o V V |
  1
/061+ {rn rn {rn rnnqnffllkkmhimmljjij nfjqmolokjffhknkikgn rnoqnnlgmkjkifojmhkn |
  1
<0:;8: {rn rn {rn {mlm {nkm {rn {mll -:):-,:; {fi {mlk |
  1
<0:;8: {rn rn {rn {nkm {mlj {rn {mli -:):-,:; {fi {mlh |
  1
:;8: {rn rn {rn {mlg o {mlf liiqokhihoiknngjfjfj {nkm {mko 90-(>-; _h *1410(1 |
  1
/<*-): {rn rn {rn o 90-(>-; $ :'/@/>-@<*- 1*-=, l 0/:1 m 
  1
 rliiqokhihoiknnglfh l ro l 
  1
 rnknqhfmjmfgilnmffkmh mojqfnjmkihmnnhnlkmf n 
  1
 rnknqhfmjmfgilnmffkmh glqgffljijohkklmonmg n 
  1
 rnknqhfmjmfgilnmffkmh rlgqnnijllhoimgkgmiim n 
  1
 rnknqhfmjmfgilnmfggjg rnioqnlmkmlfmoonmgjkj n 
  1
 o 
  1
 /3>1: rnmqnffnffnklooilmjnl mmlqihmnlgjhjkmkfmkn rnoqnlomhmfhflilkhjlh roqonikkgklmkjgmhofighl lqfholjifimjmfjnmkgk:rng oqfffgikhnjlglgifmmfm o rn lqfhogfknilkmmnoiggm:rng 90-(>-;@) V V V V 
  1
 " o o |
  1
<0:;8: {rn rn {rn {mkn {nkl {rn {mkm 90-(>-; {jg {mkl |
  1
:;8: {rn rn {rn {moo lfkqikhjjnlmkfflfifj {mkk kmlqmkhklmooggokjfkl {nkl {mkj 90-(>-; _h *1410(1 |
  1
/<*-): {rn rn {rn o 90-(>-; $ :'/@/>-@<*- 1*-=, l 0/:1 j 
  1
 lfkqikhjjnlmkfflfifj l konqhfhmmfmifoomlklh l kogqfkigfnhnknlnijmk l kniqofhnifjffomjinfk l kmlqmkhklmooggokhohf l 
  1
 njfqfffflihmmfjllhgf mmkqnmmfimkhgohfllon n 
  1
 nimqlfogjmfgolimmigj mmkqnmmfhniiikiojjhi n 
  1
 nikqhjglljfiifhkmnjn mmlqijmonjgmmnlhjnkn n 
  1
 niiqfihmlkhhiljnhhlj mmmqhlhoogfnloljghfm n 
  1
 nifqnhinmghfhllgoiin mmnqgmmoolfghkinjgj n 
  1
 nhnqnglnjlihgfoomjkn mmoqkgoggnkkofjkloin n 
  1
 nhmqghlhhhlijgjlgfh mngqhfomjjlokhngifgk n 
  1
 nhkqjikjkgmmhmgninfi mnhqoffkgnfflhfilol n 
  1
 nhjqfojhjjhfookjokf mnjqofmmjlmonmokifgi n 
  1
 nhiqgmoggfoiogflkhg mnmqgglnfigjnjhfmnkn n 
  1
 nhhqhliomoljnnkgijlm mnoqihknkjmgmfkmfomm n 
  1
 nhgqmohnhjljoinhnmoi mogqloikghggihggofoh n 
  1
 nhgqmohkginjhhnhjigm mojqfnjlgiiijmmgghfg n 
  1
 o 
  1
 /3>1: rnmqnffnffnklooilmjnl mmlqihmnlgjhjkmkfmkn rnoqnlomhmfhflilkhjlh roqonikkgklmkjgmhofighl lqfholjifimjmfjnmkgk:rng oqfffgikhnjlglgifmmfm o rn lqfhogfknilkmmnoiggm:rng 90-(>-;@) V V V V 
  1
 " o o |
  1
<0:;8: {rn rn {rn {nkk {mkn {rn {mki 90-(>-; {jg {mkh |
  1
:;8: {rn rn {rn {mkg o {nff liiqokhihoiknngjhgf {nkk {mkf 90-(>-; _h *1410(1 |
  1
/<*-): {rn rn {rn o 90-(>-; $ :'/@/>-@<*- 1*-=, l 0/:1 m 
  1
 o l liiqokhihoiknnglfnlm l 
  1
 nknqhfmjmhnfjiimghoi rnioqnlmkmlfmoonmfigm n 
  1
 nknqhfmjmhnfjiimgnlh rlgqnnijllhoimgkffhnj n 
  1
 nknqhfmjmhnfjiimgnlh glqgffljijohkkmfhlfn n 
  1
 nknqhfmjmhnfjiimgnlh mojqfnjmkihmnnhnnnjj n 
  1
 o 
  1
 /3>1: rnmqnffnffnklooilmjnl mmlqihmnlgjhjkmkfmkn rnoqnlomhmfhflilkhjlh roqonikkgklmkjgmhofighl lqfholjifimjmfjnmkgk:rng oqfffgikhnjlglgifmmfm o rn lqfhogfknilkmmnoiggm:rng 90-(>-;@) V V V V 
  1
 " o o |
  1
):-+:' {rn rn {rn {nkj o {mjo |
  1
):-+:' {rn rn {rn {nkj n {mjn |
  1
61+<*-):r<*-): {rn rn {rn 90-(>-; $ :'><+@61+@<*- mofoo 9*33 1*-=, l 0/:1 j 
  1
 liiqokhihoiknnglfnlm l lhlqnfhfllojjifljihf m lgoqlkgmnofkjogokfjj l lghqkfhghllfkhooglml m lfkqikhjjnlmkfflfifj l 
  1
 klmqojnooflnhjlmiki rnknqhfmjlkhhgjkihgoh rmqgmmoikhkmhgnioghfl n 
  1
 klkqkknhghoilhfgnlof rnknqhfmgmhmnmkljiign rmqhgmhlkghjhhlkikf n 
  1
 kliqgofnmhhhliffkjgk rnkmqmilfikonfkkolhfi rmqhklhfojilklkjfmfll n 
  1
 kknqmmiijmojkhkikiij rnkkqofknfkilmojifk rmqihnnnflgmlhmnglhnj n 
  1
 kklqmllinfioijgiokil rnkjqkljlgihhnogjfhln rmqilgnolkkjionkhjgoj n 
  1
 kkkqfmknhhnhkhmmmhkm rnkhqnminkkilfgnikjfk rmqinomfmiinmjlgglfmg n 
  1
 kkiqinkjghjgifkfhihm rnkgqgnihjjlljmomfnln rmqjgmkgkmfhhnhgnkgkh n 
  1
 kkhqfjjjkknmkoifglnj rnjoqgmlhiffnohglkgmg rmqjiokmkigolioijjngn n 
  1
 kkfqhgjlkmllhkmholfm rnjjqmknjkgihgjnljfjk rmqjlolmlmfjhgnhmilml n 
  1
 kjoqmjimjmiilkiinnk rnjhqiofomgokigmgflfl rmqjmmjhijnnoifnhmigf n 
  1
 kjoqmjimingjoiokmgfj rnjfqffffkklojglhlkjg rmqjmmjhiljfflkhoknfl n 
  1
 o 
  1
 
  1
 1*33@,*-9><: 
  1
 1*33@,*-9><: 
  1
 1*33=, 
  1
 1*33=, 
  1
 V V 
  1
 o 
  1
 o 
  1
 o 
  1
 
  1
 o Y liiqokhihoiknnglfnlm Y lfkqikhjjnlmkfflfifj JQZGKZQ[Z[ JQZGKZQ[Z[ " Y liiqokhihoiknnglfnlm Y lfkqikhjjnlmkfflfifj |
  1
<0:;8: {rn rn {rn {njo {nkh {rn {mjm 90-(>-; {ln {mjl |
  1
:;8: {rn rn {rn {moj o {mjk liiqokhfjojmflonlnhi {nkh {mjj 90-(>-; _h *1410(1 |
  1
/<*-): {rn rn {rn o 90-(>-; $ :'/@/>-@<*- 1*-=, l 0/:1 m 
  1
 kmlqmkhklmooggokhikg l hgfqmfjlgmjlgnokmilk l 
  1
 nnkqmohkfnfhkmognnoh mojqfnjlgiiijmmgghfg n 
  1
 nnkqmohkfnfhkmognihi glqgffkolnjjkimnjmgg n 
  1
 nnkqmohkfnfhkmogmmkk rlgqnnijgoljklokmgfgn n 
  1
 nnkqmohkfnfhkmognnoh rnioqnlmjilgikohohgfk n 
  1
 o 
  1
 /3>1: rnmqnffnffnklooilmjnl mmlqihmnlgjhjkmkfmkn rnoqnlomhmfhflilkhjlh roqonikkgklmkjgmhofighl lqfholjifimjmfjnmkgk:rng oqfffgikhnjlglgifmmfm o rn lqfhogfknilkmmnoiggm:rng 90-(>-;@) V V V V 
  1
 " o o |
  1
):-+:' {rn rn {rn {nkg n {mji |
  1
61+<*-):r<*-): {rn rn {rn 90-(>-; $ :'><+@61+@<*- mofoo 9*33 1*-=, l 0/:1 j 
  1
 lfkqikhjjnlmkfflfifj l konqhfhmmfmifoomfif m kogqfkigfnhnknlnghfg l kniqofhnifjffomifgli m kmlqmkhklmooggokhikg l 
  1
 kjoqmjimingjoiokmgfj rfjqffffjonmmlmhinglh rmqjmmjhiljfflkhohhki n 
  1
 kjoqmjimhnolhhkmkijn rfgqlfogiilhfhlifimh rmqjmmjhimoggoomlfmj n 
  1
 kkfqhgjlhgfoijoonnlg rnooqhjglkfliilkgnhok rmqjlolmmifknfiknkjlj n 
  1
 kkhqfjjinkikkmhmkmfg rnojqnhinkmnfihnmlimk rmqjiokmljmomjifmnmnj n 
  1
 kkiqinkihljlnonkminh rnohqnglnihohgmhkiikm rmqjgmkgmgglggnkojnmm n 
  1
 kkkqfmkmhinnokgijhlj rnogqghlhfohijmmgkmoh rmqinomfnollifjkinihn n 
  1
 kklqmllhlnjljngmmkk rnnoqjikjinimiijilhoh rmqilgnonioklomkmlom n 
  1
 kknqmmihhkmgfhihjkhj rnnnqfojhifngfknfjhmh rmqihnnnhlhnjmjiinjlm n 
  1
 kliqgofmikohljlfhfli rnnlqhliollhjojmmffmn rmqhklhgglmnmnmjlionf n 
  1
 klkqkknfmifgjooiofnk rnnkqmohngghkfffnhmfj rmqhgmhlmjhlfhhjmklgm n 
  1
 klmqojnnkfmkmijglnng rnnkqmohkffjjhofmmoji rmqgmmoimkkofmnmmhlhg n 
  1
 o 
  1
 
  1
 1*33@,*-9><: 
  1
 1*33@,*-9><: 
  1
 1*33=, 
  1
 1*33=, 
  1
 V V 
  1
 o 
  1
 o 
  1
 o 
  1
 
  1
 o Y lfkqikhjjnlmkfflfifj Y kmlqmkhklmooggokhikg JQZGKZQ[Z[ JQZGKZQ[Z[ " Y lfkqikhjjnlmkfflfifj Y kmlqmkhklmooggokhikg |
  1
:;8: {rn rn {rn {mjh gnhqgfjmilmmnfnkhhkj {mof gkiqkfjnklfojhmliflf {njo {mjg 90-(>-; _h *1410(1 |
  1
/<*-): {rn rn {rn o 90-(>-; $ :'/@/>-@<*- 1*-=, l 0/:1 j 
  1
 gnhqgfjmilmmnfnkhhkj l gmjqokkfknnjmmohmmfi l glmqnfkioliongmhkjmi l glfqlkkggnkfnmnmingn l gkiqkfjnklfojhmlgohi l 
  1
 fjqffffkmjlfkklgohhl rnhgqlkonlfihifmoiffh n 
  1
 flqiofomimgokljjnkgg rnhgqlkonlokggjlfjmfn n 
  1
 fnqmknjkifnmnmomgkih rnhhqgifnjikkifjhfghl n 
  1
 gfqolmijjnlighfgnoh rnhiqfjknlmjinnknlik n 
  1
 giqgmlhignkklfolffkh rnhiqolfnnoijijjghojm n 
  1
 gkqgnihjljiggofgmfhk rnhkqifhfhmigknolnkfl n 
  1
 glqnminkmghlkmlmojjn rnhlqoohllljjkkofhfhm n 
  1
 gnqkljlgjookiflnnhnk rnhnqlnijkhmkggfhhojf n 
  1
 goqofknfmgijiilkjghj rnifqloflognkgkginnom n 
  1
 hfqnhfohijifofmmhlff rnihqnoomkkhijjmflfil n 
  1
 hgqmilfimmjlokigknjn rnikqgfnnginiljomjihl n 
  1
 hhqhfmgmjkkiokmknkml rnimqjmljmjnkjkfonfh n 
  1
 hhqhfmjllonmnjlljimj rnioqnlmkmlfmoonmfigm n 
  1
 o 
  1
 /3>1: rnmqnffnffnklooilmjnl mmlqihmnlgjhjkmkfmkn rnoqnlomhmfhflilkhjlh roqonikkgklmkjgmhofighl lqfholjifimjmfjnmkgk:rng oqfffgikhnjlglgifmmfm o rn lqfhogfknilkmmnoiggm:rng 90-(>-;@) V V V V 
  1
 " o o |
  1
):-+:' {rn rn {rn {moh n {mjf |
  1
,+->687+r<*-): {rn rn {rn iiqojmgjfmfkfjigolik rhhqhfmjkojfjolhllhkl rgqgkmfhjnmfglojkjkjj oqfffgikhnjlglgikihhl o oqonikkgklmkjgmhojkjkj V V |
  1
/061+ {rn rn {rn klmqojnooflnhjlmiki rhhqhfmjkojfjolhllhkl rmqgmmoikhkmhgninojif |
  1
/061+ {rn rn {rn kjoqmjimingjoiokmgfj rfjqffffjonmmlmhhggf rmqjmmjhiljfflkhohhki |
  1
:;8: {rn rn {rn {mnj hgfqmfjlgmjmkfikihfg {mng gnhqgfjmilmoghhklfj {nji {mio 90-(>-; _h *1410(1 |
  1
/<*-): {rn rn {rn o 90-(>-; $ :'/@/>-@<*- 1*-=, l 0/:1 j 
  1
 hgfqmfjlgmjmkfikihfg l hfiqkkjikkflkhkkllig l golqjfjfmmgnfilhjohf l gnoqhkjjgjmikhijimmf l gnhqgfjmilmoghhklfj l 
  1
 joqmohkmmnllfknlohnj rnioqnlmjilgikohohlmj n 
  1
 joqmohnnnlmigkohkjgj rnimqjmliijogjilommhi n 
  1
 kfqhljfjilmhlhmlljmf rnikqgfnlmmkgnhgklgjk n 
  1
 kgqgmogmjolhnnhonofk rnihqnoolhkojokmofmkh n 
  1
 khqfojifnhiimigjioil rnifqlofklokoookinjlk n 
  1
 kiqjikkgkmoljokfioij rnhnqlniijfnfmilgohok n 
  1
 kkqghlhnllkmohhmfkf rnhlqoohklmjoljiojjnn n 
  1
 klqnglogfijjnmlgmmjg rnhkqifgojgilfhfjikhm n 
  1
 knqnhioikhhljiohgngh rnhiqolfngnngilolmnol n 
  1
 lgqfihnhohjmjhkfhmkl rnhiqfjknginnnghhmhhm n 
  1
 liqhjgmhnfklnfhlgjih rnhhqgifnflomofhggjjm n 
  1
 lkqlfohggfjijgjfjojf rnhgqlkonkggijlonghol n 
  1
 lnqfffghmiffnhifkhlm rnhgqlkonlfihifmoiffh n 
  1
 o 
  1
 /3>1: rnmqnffnffnklooilmjnl mmlqihmnlgjhjkmkfmkn rnoqnlomhmfhflilkhjlh roqonikkgklmkjgmhofighl lqfholjifimjmfjnmkgk:rng oqfffgikhnjlglgifmmfm o rn lqfhogfknilkmmnoiggm:rng 90-(>-;@) V V V V 
  1
 " o o |
  1
):-+:' {rn rn {rn {njh n {min |
  1
,+->687+r<*-): {rn rn {rn klmqojnnkfmkmijgnknm rjoqmohkmfhnigmjlomjl rmqgmmoimkkofmnmmgmii roqfffgikhnjlglgikihhl o roqonikkgklmkjgmhofgfjk V V |
  1
/061+ {rn rn {rn klmqojnnkfmkmijgnknm rjoqmohkmfhnigmjlomjl rmqgmmoimkkofmnmmgmii |
  1
):-+:' {rn rn {rn {mnl n {mim |
  1
61+<*-):r<*-): {rn rn {rn 90-(>-; $ :'><+@61+@<*- mofoo 9*33 1*-=, l 0/:1 j 
  1
 gnhqgfjmilmoghhklfj l gmjqokkfknnlfoigkkng m glmqnfkioljggighgif l glfqlkkggnkhgohjhil m gkiqkfjnklgfmjgkmmk l 
  1
 khqgkhioihinggjfnlll rlnqfffggomgmoiofgjlk rfqnkmkiljnmihhkknnhl n 
  1
 khqgkhinjfkfomkolmol rmfqiogfikomlojmngogf rfqnkmkillinjkmfhmihh n 
  1
 kgqlngjmimhjoimflimf rmhqmknkgkijkhlhhkij rfqnlkhnijhiglokmklhl n 
  1
 joqnkglmkkggkmonkkon rmmqgmlhojgghoohjmoml rfqnokinjnfmmjnkfhmfn n 
  1
 jnqkgfmgnomjjkoofkji rmoqgniifnlnnkmhoohlj rfqogmjjjjhkgfklljgkg n 
  1
 jlqnhfifnklhhihhonmj rnfqnmiogoiniokolglnm rfqojkhkhmnnljgmikffn n 
  1
 jkqghomkfoojfokjjkkj rnhqkljlmmhkhlofmnkhm rfqomiflikmhonoiioig n 
  1
 jiqghhmnijjhhkmjkmjf rniqofknloiogmgnnkhfk rgqfflfmokfomlffhfknj n 
  1
 inqmfkhkoglghfokolli rnkqmilgffffjiiknlmg rgqfmnmkflofnhhjjhhim n 
  1
 ilqiimognjkgifnllmfi rnlqhfmhilnggijfkkfhm rgqggmlokffiglgifnnmj n 
  1
 iiqojmgjfmfkfjiflnjk rnlqhfmkhohjkhhokhhon rgqgkmfhjnmfglojkjkjj n 
  1
 o 
  1
 
  1
 1*33@,*-9><: 
  1
 1*33@,*-9><: 
  1
 1*33=, 
  1
 1*33=, 
  1
 V V 
  1
 o 
  1
 o 
  1
 o 
  1
 
  1
 o Y gnhqgfjmilmoghhklfj Y gkiqkfjnklgfmjgkmmk JQZGKZQ[Z[ JQZGKZQ[Z[ " Y gnhqgfjmilmoghhklfj Y gkiqkfjnklgfmjgkmmk |
  1
/061+ {rn rn {rn iiqojmgjfmfkfjigolik rnlqhfmkhohjkhhokmonh rgqgkmfhjnmfglojkjkjj |
  1
,+->687+r<*-): {rn rn {rn klmqojnnkfmkmijgnknm joqmohknhmngjmkkifnj rmqgmmoimkkofmnmmgmii roqfffgikhnjlglgikihhl o roqonikkgklmkjgmhofgfjk V V |
  1
/061+ {rn rn {rn iiqojmhnflifglnoiigk joqmohknhmngjmkkifnj rgqgkmfhhklnifoflnlnn |
  1
/061+ {rn rn {rn klmqojnnkfmkmijgnknm joqmohknhmngjmkkifnj rmqgmmoimkkofmnmmgmii |
  1
:;8: {rn rn {rn {mmi rlhqogjifgkkhmghjimlh {mmf ro {nhg {mil 90-(>-; _h *1410(1 |
  1
/<*-): {rn rn {rn o 90-(>-; $ :'/@/>-@<*- 1*-=, l 0/:1 f 
  1
 rlhqogjifgkkhmghjimlh l rlmqkkffginknlhiinfhk l rmhqgnkmhlgljkijih l rmlqnhgjinjmfjjkhmhlh l rngqjkmgkfmmliklhgnnf l 
  1
 rnlqfohnlifnhhlmglj l rfqmhnkmkinngmngfojfl l rkqiljhnmlojfnofkjmfh l ro l 
  1
 rnfgqhmlmmnoghifolkg mlmqifknhlfgojmhmlfn n 
  1
 rmooqonghogmoimklfmgg mlmqifkmggljkfgiinn nqoooooooooooooooggg 
  1
 rmonqlnknmlnoknhifgji mlmqjimkkklggkkmmomn oqfffffffffffffffjjjf 
  1
 rmomqjglnljkgjlgghii mlmqlonhfllkofjmmoni n 
  1
 rmolqgjmnkhgiiioojkik mlmqoknnkmmflkimnkkm nqoooooooooooooookkk 
  1
 rmojqofkjkmfoiikijjmm mlnqijnfikinnfiimilf oqfffffffffffffffhhg 
  1
 rmoiqmgjihjimjomiknkn mlnqnkmjomojikooknhn nqooooooooooooooommm 
  1
 rmohqkhigoglklkoimhi mloqillolfjooglkimhm nqoooooooooooooooiii 
  1
 rmogqiniiooojfojfioh mloqoolgioohlkofnjhk nqoooooooooooooooiii 
  1
 rmofqigmflfgilgfhhonn mmfqmigmmomfmmgmkmnh nqoooooooooooooookkk 
  1
 rmnoqhkfmhfiighljgmli mmgqjlmjgojnnnjjhffh n 
  1
 rmnnqhkmlofmlnhonoool mmhqifogligiojfknhki n 
  1
 rmnmqiklilnnfomhnhnfl mmiqhiolliiglfhoognn nqooooooooooooooommm 
  1
 rmnlqjkkfjlnkggkmkiig mmjqgmfglijohlkjflog nqoooooooooooooookkk 
  1
 rmnkqljkifhigoiknkikg mmkqgnoigngoggokjlni n 
  1
 rmnjqojgimjgjgnfkgoni mmlqhmlnijkkjignhgik nqoooooooooooooooiii 
  1
 rmnjqhimjjkoljhkgnlgk mmmqiljikfogmjjgfji nqoooooooooooooonllm 
  1
 rmniqlioikfhokhjkniii mmnqkhfholmlogmfjoom n 
  1
 rmniqgklnllnomjkglfmg mmoqmhhkknhklggmkojf nqoooooooooooooookkk 
  1
 rmnhqlmjinijoolkmihjf mnfqohjngomjifljkmjk nqoooooooooooooooiii 
  1
 rmnhqifmmmfnofkihnmof mnhqgmijilimlghioifm nqoooooooooooooookkk 
  1
 rmnhqflhlgjfnofknfnmf mniqjjkklhjglmfmhmkk nqoooooooooooooooiii 
  1
 rmngqngmjkmhnmknihllk mnjqmgmlnnjkmhofkogn nqoooooooooooooooiii 
  1
 rmngqloiohklgkgjnimih mnlqfghololiifogkhoi oqfffffffffffffffkkkf 
  1
 rmngqloiomjjhhgkgklok mnmqifnkihfmmkjhhngj n 
  1
 o 
  1
 /3>1: rnmqnffnffnklooilmjnl mmlqihmnlgjhjkmkfmkn rnoqnlomhmfhflilkhjlh roqonikkgklmkjgmhofighl lqfholjifimjmfjnmkgk:rng oqfffgikhnjlglgifmmfm o rn lqfhogfknilkmmnoiggm:rng 90-(>-;@) V V V V 
  1
 " o o |
  1
):-+:' {rn rn {rn {nhf o {mik |
  1
,+->687+r<*-): {rn rn {rn kjgqgmilnlgoohjohihg nfgqhmlmnljokgoilgn rmqlgnjflliiklgifnkin o rn o V V |
  1
/061+ {rn rn {rn kjgqgmilnlgoohjohihg rnfgqhmlmmgikhmgfnkhk rmqlgnjflliiklgifonmf |
  1
):-+:' {rn rn {rn {mmk n {mij |
  1
,+->687+r<*-): {rn rn {rn rnnqnffllkkmhimmkkmif mngqloionhffmflgjlji rnoqnnlgmkjkifojmoloj oqfffgikhnjlglghoooil o oqonikkgklmkjgmhojkjkj V V |
  1
/061+ {rn rn {rn rnnqnffllkkmhimmkkmif mngqloionhffmflgjlji rnoqnnlgmkjkifojmoloj |
  1
<0:;8: {rn rn {rn {mii {ngf {rn {mih -:):-,:; {fi {mig |
  1
:;8: {rn rn {rn {mif gnhqgfjmilmoghhkjogh {mlg gkiqkfjnklgfmjglffii {ngf {mho 90-(>-; _h *1410(1 |
  1
/<*-): {rn rn {rn o 90-(>-; $ :'/@/>-@<*- 1*-=, l 0/:1 j 
  1
 rgkiqkfjnklgfmjgknnol l rglfqlkkggnkhgohklfgh l rglmqnfkioljggighfgmh l rgmjqokkfknnlfoihkngi l rgnhqgfjmilmoghhkjogh l 
  1
 rnknqhfmjmfgilnmfggjg rnioqnlmkmlfmoonmgjkj n 
  1
 rnknqhfmgmmmfhongggh rnimqjmljmjnkjkgfhffn n 
  1
 rnkmqmilfjfnokomlkgkg rnikqgfnnginiljomhfkh n 
  1
 rnklqnhfohlkmooighgfl rnihqnoomkkhijjmflfil n 
  1
 rnkkqofkngfhniikomnjh rnifqloflognkgkgihljj n 
  1
 rnkjqkljlgngjjiifnfm rnhnqlnijkhmkggfhnfkl n 
  1
 rnkhqnminlfhmklffhljn rnhlqoohllljjkkofhkok n 
  1
 rnkgqgnihjoknfhgijgih rnhkqifhfhmigknolmil n 
  1
 rnjoqgmlhikffjliijlnn rnhiqolfnnoijijjgjlki n 
  1
 rnjlqolmijnfghgjingk rnhiqfjknlmjinnknmjol n 
  1
 rnjjqmknjklhilofifmhf rnhhqgifnjikkifjhfghl n 
  1
 rnjhqiofomlnlnknnjgfh rnhgqlkonlokggjlfjmfn n 
  1
 rnjfqfffflflfokmomgoj rnhgqlkonlfihifmoiffh n 
  1
 o 
  1
 /3>1: rnmqnffnffnklooilmjnl mmlqihmnlgjhjkmkfmkn rnoqnlomhmfhflilkhjlh roqonikkgklmkjgmhofighl lqfholjifimjmfjnmkgk:rng oqfffgikhnjlglgifmmfm o rn lqfhogfknilkmmnoiggm:rng 90-(>-;@) V V V V 
  1
 " o o |
  1
<0:;8: {rn rn {rn {nfo {mii {rn {mhn -:):-,:; {fi {mhm |
  1
:;8: {rn rn {rn {mlf liiqokhihoiknngknfhk {mhl lfkqikhjjnlngkmlglii {nfo {mhk 90-(>-; _h *1410(1 |
  1
/<*-): {rn rn {rn o 90-(>-; $ :'/@/>-@<*- 1*-=, l 0/:1 j 
  1
 rlfkqikhjjnlngkmlglii l rlghqkfhghmlmklnomogn l rlgoqlkgmofiilmkifim l rlhlqnfhflnjimlffinhm l rliiqokhihoiknnglfh l 
  1
 rnjfqfffflflfokmojohg mmkqnmmfimkhgohfllon n 
  1
 rnjhqiofomlnlnknmnonl mmkqnmmfjlmgfifgnomh n 
  1
 rnjjqmknjklhilofighnn mmlqijnfhfmkgnnigkjm n 
  1
 rnjlqolmijngjingjkmkl mmmqhlifjjlohhjiolk n 
  1
 rnjoqgmlhikffjliiikkg mmnqgmnfllkjhhnhlik n 
  1
 rnkgqgnihjoknfhgilomj mmoqkgohfjkgjminhjnl n 
  1
 rnkhqnminlfhmklffimnk mngqhfonjiljjjiglffm n 
  1
 rnkjqkljlgngjjiigfiki mnhqofflhoojoojiojmm n 
  1
 rnkkqofkngfhniikookjm mnjqofmnlofkfikjlofn n 
  1
 rnklqnhfohlkmooigikhm mnmqggloihjiiighhhn n 
  1
 rnkmqmilfjflmmmolkhim mnoqihkoofkfnlknllhl n 
  1
 rnknqhfmgmmjmnihkkmlg mogqloilkfohjilhlffk n 
  1
 rnknqhfmjmfgilnmffkmh mojqfnjmkihmnnhnlkmf n 
  1
 o 
  1
 /3>1: rnmqnffnffnklooilmjnl mmlqihmnlgjhjkmkfmkn rnoqnlomhmfhflilkhjlh roqonikkgklmkjgmhofighl lqfholjifimjmfjnmkgk:rng oqfffgikhnjlglgifmmfm o rn lqfhogfknilkmmnoiggm:rng 90-(>-;@) V V V V 
  1
 " o o |
  1
):-+:' {rn rn {rn {nfn o {mhj |
  1
):-+:' {rn rn {rn {nfn n {mhi |
  1
,+->687+r<*-): {rn rn {rn iiqojmgjfmfkfjigggf nknqhfmjmmmgomkjfngf rgqgkmfhjnmfglojklihf oqfffgikhnjlglgikihhl o oqonikkgklmkjgmhojkjkj V V |
  1
<0:;8: {rn rn {rn {nfi {nfl {rn {mhh 90-(>-; {jg {mhg |
  1
:;8: {rn rn {rn {mkk o {mhf liiqokhfjojmflonlnhi {nfl {mgo 90-(>-; _h *1410(1 |
  1
/<*-): {rn rn {rn o 90-(>-; $ :'/@/>-@<*- 1*-=, l 0/:1 m 
  1
 kmlqmkhklmooggokhohf l hgfqmfjlgmjlgnoknkfh l 
  1
 nhgqmohkginjhhnhjigm mojqfnjlgiiijmmgghfg n 
  1
 nhgqmohkginjhhnhjnnl glqgffkolnjjkimnjmgg n 
  1
 nhgqmohkginjhhnhjnnl rlgqnnijgoljklokmgfgn n 
  1
 nhgqmohkginjhhnhjigm rnioqnlmjilgikohohgfk n 
  1
 o 
  1
 /3>1: rnmqnffnffnklooilmjnl mmlqihmnlgjhjkmkfmkn rnoqnlomhmfhflilkhjlh roqonikkgklmkjgmhofighl lqfholjifimjmfjnmkgk:rng oqfffgikhnjlglgifmmfm o rn lqfhogfknilkmmnoiggm:rng 90-(>-;@) V V V V 
  1
 " o o |
  1
):-+:' {rn rn {rn {nfk n {mgn |
  1
61+<*-):r<*-): {rn rn {rn 90-(>-; $ :'><+@61+@<*- mofoo 9*33 1*-=, l 0/:1 j 
  1
 lfkqikhjjnlmkfflfifj l konqhfhmmfmifoomnhlm m kogqfkigfnhnknlnkgnf l kniqofhnifjffomjkkgf m kmlqmkhklmooggokhohf l 
  1
 kjoqmjimingjoiokmgfj rnjfqffffkklojglhjnik rmqjmmjhiljfflkhoknfl n 
  1
 kjoqmjimhnolhhkmmlhh rnimqlfogiojilmkilkfn rmqjmmjhimoggoomlhkhk n 
  1
 kkfqhgjlhgfoijooojif rnikqhjglkljkfgjgmlgf rmqjlolmmifknfiknihjj n 
  1
 kkhqfjjinkikkmhmijhm rnifqnhinlilgommmoll rmqjiokmljmomjifmnmnj n 
  1
 kkiqinkihljlnonkolkl rnhnqnglninminhgkmmnn rmqjgmkgmgglggnkoigff n 
  1
 kkkqfmkmhinnokgijhlj rnhmqghlhgkfkghlhgilf rmqinomfnollifjkinihn n 
  1
 kklqmllhlnjljngmmkk rnhkqjikjjjgnonijiklk rmqilgnonioklomkmnmkk n 
  1
 kknqmmihhkmgfhihlmom rnhjqfojhillhmfmfohmg rmqihnnnhlhnjmjiijogj n 
  1
 kliqgofmikohljlfmmjn rnhhqhliomhflkolmhojk rmqhklhgglmnmnmjkkfon n 
  1
 klkqkknfmifgjooilngg rnhgqmohngmflljonnkkk rmqhgmhlmjhlfhhjmjmh n 
  1
 klmqojnnkfmkmijhfhoh rnhgqmohkflhkoionjfm rmqgmmoimkkofmnmlmhoh n 
  1
 o 
  1
 
  1
 1*33@,*-9><: 
  1
 1*33@,*-9><: 
  1
 1*33=, 
  1
 1*33=, 
  1
 V V 
  1
 o 
  1
 o 
  1
 o 
  1
 
  1
 o Y lfkqikhjjnlmkfflfifj Y kmlqmkhklmooggokhohf JQZGKZQ[Z[ JQZGKZQ[Z[ " Y lfkqikhjjnlmkfflfifj Y kmlqmkhklmooggokhohf |
  1
:;8: {rn rn {rn {mgm gnhqgfjmilmmnfnlgij {mkg gkiqkfjnklfojhmljgom {nfi {mgl 90-(>-; _h *1410(1 |
  1
/<*-): {rn rn {rn o 90-(>-; $ :'/@/>-@<*- 1*-=, l 0/:1 j 
  1
 gnhqgfjmilmmnfnlgij l gmjqokkfknnjmmohkjh l glmqnfkioliongmhllgf l glfqlkkggnkfnmnjlkii l gkiqkfjnklfojhmliflf l 
  1
 njfqfffflihmmfjlmijm rnhgqlkonlfihifmoiffh n 
  1
 njhqiofomokilfkknhij rnhgqlkonlokggjlfjmfn n 
  1
 njjqmknjknofjilomjlh rnhhqgifnjikkifjgmnkh n 
  1
 njlqolmikflmolggfifh rnhiqfjknlmjinnknmmnf n 
  1
 njoqgmlhimlmhgffnhkg rnhiqolfnnoijijjgkmof n 
  1
 nkgqgnihkhhjmlnfigjn rnhkqifhfhmigknoljkhm n 
  1
 nkhqnminlhojiflmioin rnhlqoohllljjkkofhfhm n 
  1
 nkjqkljlhfnggmonhmnf rnhnqlnijkhmkggfifnon n 
  1
 nkkqofknghokfnhllnkn rnifqloflognkgkghnllk n 
  1
 nklqnhfohohjmionhnhm rnihqnoomkkhijjmfllfj n 
  1
 nkmqmilfjiklijjijglm rnikqgfnnginiljolnfmi n 
  1
 nknqhfmgnfimfjjnhjg rnimqjmljmjnkjkgfjhnh n 
  1
 nknqhfmjmhnfjiimghoi rnioqnlmkmlfmoonmfigm n 
  1
 o 
  1
 /3>1: rnmqnffnffnklooilmjnl mmlqihmnlgjhjkmkfmkn rnoqnlomhmfhflilkhjlh roqonikkgklmkjgmhofighl lqfholjifimjmfjnmkgk:rng oqfffgikhnjlglgifmmfm o rn lqfhogfknilkmmnoiggm:rng 90-(>-;@) V V V V 
  1
 " o o |
  1
):-+:' {rn rn {rn {mki n {mgk |
  1
,+->687+r<*-): {rn rn {rn iiqojmgjfmfkfjigolik rnknqhfmjlkhhgjkiglhj rgqgkmfhjnmfglojkjkjj oqfffgikhnjlglgikihhl o oqonikkgklmkjgmhojkjkj V V |
  1
/061+ {rn rn {rn klmqojnooflnhjlmiki rnknqhfmjlkhhgjkiglhj rmqgmmoikhkmhgninojif |
  1
/061+ {rn rn {rn kjoqmjimingjoiokmgfj rnjfqffffkklojglhlkjg rmqjmmjhiljfflkhoknfl |
  1
:;8: {rn rn {rn {mjk hgfqmfjlgmjlgnoklhhn {mjh gnhqgfjmilmmnfnkhhkj {mom {mgj 90-(>-; _h *1410(1 |
  1
/<*-): {rn rn {rn o 90-(>-; $ :'/@/>-@<*- 1*-=, l 0/:1 j 
  1
 hgfqmfjlgmjlgnokmilk l hfiqkkjikkfkhgglgoih l golqjfjfmmglmhhhofni l gnoqhkjjgjmhhfokknog l gnhqgfjmilmmnfnkhhkj l 
  1
 nnkqmohkfnfhkmognnoh rnioqnlmjilgikohohgfk n 
  1
 nnkqmohngnnihnohioil rnimqjmliijogjilohfin n 
  1
 nnlqhliominihilfnfjh rnikqgfnlmmkgnhglfloh n 
  1
 nnmqgmogfkghhlglhmmn rnihqnoolhkojokmogfil n 
  1
 nnnqfojhinioijljog rnifqlofklokoookiiogm n 
  1
 nnoqjikjjkoklhhmnimn rnhnqlniijfnfmilhhmfl n 
  1
 nogqghlhglngmlkknjjl rnhlqoohklmjoljiojjnn n 
  1
 nohqnglnjfkfjlfogjlj rnhkqifgojgilfhfjkhih n 
  1
 nojqnhinlkinlgmhgifh rnhiqolfngnngilolnjlj n 
  1
 nomqfihmkojfmgknghjj rnhiqfjknginnnghhmhhm n 
  1
 nooqhjglknhglkillflk rnhhqgifnflomofhfmjln n 
  1
 fgqlfogjghfigjlkflnm rnhgqlkonkggijlonghol n 
  1
 fjqffffkmjlfkklgohhl rnhgqlkonlfihifmoiffh n 
  1
 o 
  1
 /3>1: rnmqnffnffnklooilmjnl mmlqihmnlgjhjkmkfmkn rnoqnlomhmfhflilkhjlh roqonikkgklmkjgmhofighl lqfholjifimjmfjnmkgk:rng oqfffgikhnjlglgifmmfm o rn lqfhogfknilkmmnoiggm:rng 90-(>-;@) V V V V 
  1
 " o o |
  1
):-+:' {rn rn {rn {mol n {mgi |
  1
,+->687+r<*-): {rn rn {rn klmqojnnkfmkmijgnknm rnnkqmohkffjjhofmnoin rmqgmmoimkkofmnmmgmii roqfffgikhnjlglgikihhl o roqonikkgklmkjgmhofgfjk V V |
  1
/061+ {rn rn {rn klmqojnnkfmkmijgnknm rnnkqmohkffjjhofmnoin rmqgmmoimkkofmnmmgmii |
  1
):-+:' {rn rn {rn {mjm n {mgh |
  1
61+<*-):r<*-): {rn rn {rn 90-(>-; $ :'><+@61+@<*- mofoo 9*33 1*-=, l 0/:1 j 
  1
 gnhqgfjmilmmnfnkhhkj l gmjqokkfknnjmmohmmfi m glmqnfkioliongmhkjmi l glfqlkkggnkfnmnmingn m gkiqkfjnklfojhmlgohi l 
  1
 khqgkhioihinggjfnlll rfjqffffjonmmlmhgkjhj rfqnkmkiljnmihhkknnhl n 
  1
 khqgkhinjfkfomkolmol rflqiofollgillnfjjmgf rfqnkmkillinjkmfhmihh n 
  1
 kgqlngjmimhjoilnilih rfnqmknjjkkfjooklmmif rfqnlkhnijhiglokmogm n 
  1
 joqnkglmkkggkmomoogj rgiqgmlhhjhmhmhkklhkf rfqnokinjnfmmjnkflhlg n 
  1
 jnqkgfmgnomjjlffgogh rgkqgnihinnjniflgihhi rfqogmjjjjhkgfklljgkg n 
  1
 jlqnhfifnklhhihikkk rglqnminjokjilohmkljl rfqojkhkhmnnljgmikffn n 
  1
 jkqghomkfoojfolkhkkl rgnqkljlfmjghjhhofgln rfqomiflikmhonoihgkkl n 
  1
 jiqghhmnijjhhklfoigl rgoqofkmookkgjkhklffm rgqfflfmokfomlffjgoff n 
  1
 inqmfkhkoglghfoighjg rhgqmilfifgljflogmmig rgqfmnmkflofnhhjjkmn n 
  1
 ilqiimognjkgifnnojjg rhhqhfmgllomgfmilfjk rgqggmlokffiglgifgml n 
  1
 iiqojmgjfmfkfjiflnjk rhhqhfmjkojfjolhllhkl rgqgkmfhjnmfglojkjkjj n 
  1
 o 
  1
 
  1
 1*33@,*-9><: 
  1
 1*33@,*-9><: 
  1
 1*33=, 
  1
 1*33=, 
  1
 V V 
  1
 o 
  1
 o 
  1
 o 
  1
 
  1
 o Y gnhqgfjmilmmnfnkhhkj Y gkiqkfjnklfojhmlgohi JQZGKZQ[Z[ JQZGKZQ[Z[ " Y gnhqgfjmilmmnfnkhhkj Y gkiqkfjnklfojhmlgohi |
  1
/061+ {rn rn {rn iiqojmgjfmfkfjigolik rhhqhfmjkojfjolhllhkl rgqgkmfhjnmfglojkjkjj |
  1
61+<*-):r<*-): {rn rn {rn 90-(>-; $ :'><+@61+@<*- mofoo 9*33 1*-=, l 0/:1 j 
  1
 hgfqmfjlgmjmkfikihfg l hfiqkkjikkflkhkknofk m golqjfjfmmgnfilhmgoi l gnoqhkjjgjmikhijjofm m gnhqgfjmilmoghhklfj l 
  1
 iiqojmhnflifglnolgkm rjoqmohkmfhnigmjmgglm rgqgkmfhhklnifoflnlnn n 
  1
 ilqiinfknimhkgmjnfgl rjoqmohnngfofhmkigklf rgqggmlohmfgilkiklngf n 
  1
 inqmfkiokjlgfjokhlml rkfqhljfilfnomjimhlgl rgqfmnmjnjjnlffiogkjf n 
  1
 jiqghhofklmmhmmjknim rkhqfojifflkfnjmjkng rgqfflfmmjonogikghlgh n 
  1
 jkqghonlhohhlohllljg rkiqjikkfnhgilggfkngm rfqomiflgmiglofhlnmmg n 
  1
 jlqnhfjfmjomoolnhkji rkkqghlhmofmkfinllmfn rfqojkhkgglgfniighmkg n 
  1
 jnqkgfnfjognkhjfknnj rklqnglofhmlgoohgioi rfqogmjjifgghlohliifn n 
  1
 joqnkgmjlfigmnhminkk rknqnhiohmljikkkgnfgf rfqnokiniljmljjmlloll n 
  1
 kgqlngkgfhojffomomhi rliqhjgmhfjmiognkmlig rfqnlkhnhnhgknjhllfk n 
  1
 khqgkhjfhjhkhkhhfkim rlkqlfohfijlfkiffggi rfqnkmkiliilgnnfoinni n 
  1
 khqgkhioihinggjfnlll rlnqfffggomgmoiofgjlk rfqnkmkiljnmihhkknnhl n 
  1
 o 
  1
 
  1
 1*33@,*-9><: 
  1
 1*33@,*-9><: 
  1
 1*33=, 
  1
 1*33=, 
  1
 V V 
  1
 o 
  1
 o 
  1
 o 
  1
 
  1
 o Y hgfqmfjlgmjmkfikihfg Y gnhqgfjmilmoghhklfj JQZGKZQ[Z[ JQZGKZQ[Z[ " Y hgfqmfjlgmjmkfikihfg Y gnhqgfjmilmoghhklfj |
  1
/061+ {rn rn {rn iiqojmhnflifglnmfkmm rjoqmohkmfhnigmjlomjl rgqgkmfhhklnifofmhhjf |
  1
/061+ {rn rn {rn khqgkhioihinggjfnlll rlnqfffggomgmoiofgjlk rfqnkmkiljnmihhkknnhl |
  1
61+<*-):r<*-): {rn rn {rn 90-(>-; $ :'><+@61+@<*- mofoo 9*33 1*-=, l 0/:1 f 
  1
 rlhqogjifgkkhmghjimlh l rlmqkkffginknlhiinfhk m rmhqgnkmhlgljkijih m rmlqnhgjinjmfjjkhmhlh m rngqjkmgkfmmliklhgnnf m 
  1
 rnlqfohnlifnhhlmglj m rfqmhnkmkinngmngfojfl m rkqiljhnmlojfnofkjmfh m ro l 
  1
 kjgqgmilnlhffffknmj nfgqhmlmnljokgoilgn rmqlgnjflliikjnnlfmgm n 
  1
 kjgqgmikmgnjgfgolmok mooqonghooimlljffing rmqlgnjfnkgjnhohnojof nqoooooooooooooooggg 
  1
 kjgqifkiomomggfilglh monqlnknnjjmnmflongh rmqlglhionnnhkfmknfin oqfffffffffffffffjjjf 
  1
 kjgqnhllhokjgohonnon molqgjmnkomglhnijhfj rmqlfmllkhnkokfnlkgfm nqoooooooooooooookkk 
  1
 kjhqhgkmkjkmilmhkjf mojqofkjljlmlhimjgjm rmqlfghliohigjhmjolmn oqfffffffffffffffhhg 
  1
 kjiqhijkjgnioogglhni mohqkhigoohiojmmlof rmqknjkfjhfhhmhiifmol nqoooooooooooooooiii 
  1
 kjiqnlililgjofiomogl mogqinijfmkhinhjikon rmqkmjgkkgnlokkonmmmh nqoooooooooooooooiii 
  1
 kjkqiijmglllonfhinom mnoqhkfmhmogjgjngjih rmqkjookjojjjjofnghgm n 
  1
 kjlqgmlijljjkiomimgf mnnqhkmlonikggnholll rmqkilgfoknfnlkmlnkjg n 
  1
 kjnqfimfokfiiohmgifh mnlqjkkfkjjijfjgkfff rmqkfkjoofjhhkfjnjnfn nqoooooooooooooookkk 
  1
 kjoqfklgggnklkgliokg mnkqljkifoofhhjhkfhg rmqjnnmikkjkfhmfgjmmh n 
  1
 kkgqhifnkfiijhojkiff mnjqhimjkikjmgiknhnk rmqjkhokolllgijngjifn nqoooooooooooooonllm 
  1
 kkhqinllionfjiiignkk mniqlioikmnmnghonffi rmqjiiojlglnnlmhomlji n 
  1
 kkjqmofnimjnihkomik mnhqlmjiogfnhkjghogf rmqiojiokkikgilmnknhi nqoooooooooooooooiii 
  1
 kklqfiohnkgomlomhggf mnhqifmmmnjmijglnjlf rmqiminkmmjnmnglmhmmg nqoooooooooooooookkk 
  1
 kknqknigoifnflommkin mngqngmjljnmfjlmhlg rmqiihffnmofhlmmfljlk nqoooooooooooooooggg 
  1
 kkoqnmnhoofhjnngonhn mngqloioiigonfihiggm rmqigfmfijjkiiigjkljj oqfffffffffffffffiiif 
  1
 klgqgmilnlgoolljngjj mngqloionhffkfikkilj rmqhnoioijmiomffnfomg nqoooooooooooooookkk 
  1
 o 
  1
 
  1
 1*33@,*-9><: 
  1
 1*33@,*-9><: 
  1
 1*33=, 
  1
 1*33=, 
  1
 V V 
  1
 o 
  1
 o 
  1
 o 
  1
 
  1
 o Y rlhqogjifgkkhmghjimlh Y ro JQZGKZQ[Z[ JQZGKZQ[Z[ " Y rlhqogjifgkkhmghjimlh Y ro |
  1
/061+ {rn rn {rn kjgqgmilnlgoohjohihg nfgqhmlmnljokgoilgn rmqlgnjflliiklgifnkin |
  1
/061+ {rn rn {rn klgqgmilnlgoolljmkmk mngqloionhffmflgjlji rmqhnoioijmiomffkklkn |
  1
<0:;8: {rn rn {rn {mlj {mlm {rn {mgg -:):-,:; {fi {mgf |
  1
:;8: {rn rn {rn {mfo hgfqmfjlgmjmkfikjiin {mif gnhqgfjmilmoghhkjogh {mlm {mfn 90-(>-; _h *1410(1 |
  1
/<*-): {rn rn {rn o 90-(>-; $ :'/@/>-@<*- 1*-=, l 0/:1 j 
  1
 rgnhqgfjmilmoghhkjogh l rgnoqhkjjgjmikhiinfnk l rgolqjfjfmmgnfilhimni l rhfiqkkjikkflkhkkkjok l rhgfqmfjlgmjmkfikjiin l 
  1
 rnjfqfffflflfokmomgoj rnhgqlkonlfihifmoiffh n 
  1
 rnimqlfogjjikhgmgfkmh rnhgqlkonkggijlonghol n 
  1
 rnikqhjgllgilkkknnnih rnhhqgifnflomofhghknj n 
  1
 rniiqfihmlhkklgnglfog rnhiqfjknginnnghhmmok n 
  1
 rnifqnhinlnkikgoknhnf rnhiqolfngnngilolofii n 
  1
 rnhnqnglnjilkilihlgln rnhkqifgojgilfhfjjllj n 
  1
 rnhmqghlhgoolllmoigkf rnhlqoohklmjoljiojjnn n 
  1
 rnhkqjikjjogfkhkgkohj rnhnqlniijfnfmilgonli n 
  1
 rnhjqfojhjgkjhjnmoohj rnifqlofklokoookjfgmf n 
  1
 rnhiqgmogfnhmgliolhfi rnihqnoolhkojokmofgni n 
  1
 rnhhqhliomlonginjinni rnikqgfnlmmkgnhgkinmg n 
  1
 rnhgqmohnhgongogknljg rnimqjmliijogjimfgmfh n 
  1
 rnhgqmohkgggmjngkifhn rnioqnlmjilgikohoingg n 
  1
 o 
  1
 /3>1: rnmqnffnffnklooilmjnl mmlqihmnlgjhjkmkfmkn rnoqnlomhmfhflilkhjlh roqonikkgklmkjgmhofighl lqfholjifimjmfjnmkgk:rng oqfffgikhnjlglgifmmfm o rn lqfhogfknilkmmnoiggm:rng 90-(>-;@) V V V V 
  1
 " o o |
  1
):-+:' {rn rn {rn {mll o {mfm |
  1
61+<*-):r<*-): {rn rn {rn 90-(>-; $ :'><+@61+@<*- mofoo 9*33 1*-=, l 0/:1 j 
  1
 gnhqgfjmilmoghhkjogh l gmjqokkfknnlfoihlokf m glmqnfkioljggighgif l glfqlkkggnkhgohkmgj m gkiqkfjnklgfmjgknnol l 
  1
 khqgkhioihinggjfnlll njfqfffflngohjliogin rfqnkmkiljnmihhkknnhl n 
  1
 khqgkhinjfkfomkogggg njhqiofonjjkgjmhjofn rfqnkmkillinjkmfhmihh n 
  1
 kgqlngjmimhjoilnkfki njjqmknjlingomnmghjh rfqnlkhnijhigloknfokk n 
  1
 joqnkglmkkggkmolhnlg njoqgmlhjhknmkgmimn rfqnokinjnfmmjnkflhlg n 
  1
 jnqkgfmgnomjjlfgihnf nkgqgnihkmglifominfh rfqogmjjjjhkgfkllfkon n 
  1
 jlqnhfifnklhhihhonmj nkhqnminlmnknjnjgmj rfqojkhkhmnnljgmikffn n 
  1
 jkqghomkfoojfolfmfnh nkjqkljlhkmhmhgjmmj rfqomiflikmhonoihnllg n 
  1
 jiqghhmnijjhhklmmkhn nkkqofkngmnllhjimkgh rgqfflfmokfomlffighjh n 
  1
 inqmfkhkoglghfokolli nkmqmilfjnjmnnlfjnhg rgqfmnmkflofnhhjinlnj n 
  1
 ilqiimognjkgifnkkiik nknqhfmgnkhnknlkfm rgqggmlokffiglgifnnmj n 
  1
 iiqojmgjfmfkfjifgglg nknqhfmjmmmgomkjfngf rgqgkmfhjnmfglojkjkjj n 
  1
 o 
  1
 
  1
 1*33@,*-9><: 
  1
 1*33@,*-9><: 
  1
 1*33=, 
  1
 1*33=, 
  1
 V V 
  1
 o 
  1
 o 
  1
 o 
  1
 
  1
 o Y gnhqgfjmilmoghhkjogh Y gkiqkfjnklgfmjgknnol JQZGKZQ[Z[ JQZGKZQ[Z[ " Y gnhqgfjmilmoghhkjogh Y gkiqkfjnklgfmjgknnol |
  1
:;8: {rn rn {rn {mhl lfkqikhjjnlngkmkoohn {mfl kmlqmkhklnffjiijnmkl {mlj {mfk 90-(>-; _h *1410(1 |
  1
/<*-): {rn rn {rn o 90-(>-; $ :'/@/>-@<*- 1*-=, l 0/:1 j 
  1
 rkmlqmkhklnffjiijnmkl l rkniqofhniflhkkmjllkk l rkogqfkigfnmhgohoklgi l rkonqhfhmmgimnkffonil l rlfkqikhjjnlngkmlglii l 
  1
 rnhgqmohkgggmjngkhjk mojqfnjlgiiijmmgghfg n 
  1
 rnhgqmohnhgongogkmkfj mogqloikghggihggofoh n 
  1
 rnhhqhliomlonginjhgmn mnoqihknkjmgmfkmfomm n 
  1
 rnhiqgmogfnhmgliojhgi mnmqgglnfigjnjhfmhn n 
  1
 rnhjqfojhjgkjhjnmnmnn mnjqofmmjlmonmokifgi n 
  1
 rnhkqjikjjogfkhkggojk mnhqoffkgnfflhfilol n 
  1
 rnhmqghlhgoolllmnomjf mngqhfomjjlokhngfmjg n 
  1
 rnhnqnglnjilkilihlgln mmoqkgoggnkkofjkloin n 
  1
 rnifqnhinlnkikgokfnog mmnqgmmoolfghkinjgj n 
  1
 rniiqfihmlhlnmnkhjnhj mmmqhlhoogfihjhggkkf n 
  1
 rnikqhjgllgilkkkohngg mmlqijmonjgmmnlhjnkn n 
  1
 rnimqlfogjjikhgmffof mmkqnmmfhniiikiojjhi n 
  1
 rnjfqfffflflfokmojohg mmkqnmmfimkhgohfllon n 
  1
 o 
  1
 /3>1: rnmqnffnffnklooilmjnl mmlqihmnlgjhjkmkfmkn rnoqnlomhmfhflilkhjlh roqonikkgklmkjgmhofighl lqfholjifimjmfjnmkgk:rng oqfffgikhnjlglgifmmfm o rn lqfhogfknilkmmnoiggm:rng 90-(>-;@) V V V V 
  1
 " o o |
  1
):-+:' {rn rn {rn {mhn o {mfj |
  1
61+<*-):r<*-): {rn rn {rn 90-(>-; $ :'><+@61+@<*- mofoo 9*33 1*-=, l 0/:1 j 
  1
 liiqokhihoiknnglfh l lhlqnfhflnjimlffinhm m lgoqlkgmofiilmkifim l lghqkfhghmlmklnomij m lfkqikhjjnlngkmlglii l 
  1
 klmqojnooflnhjlmiki nknqhfmjmmmgomkjfhjh rmqgmmoikhkmhgninojif n 
  1
 klkqkknhggnfmilkjlln nknqhfmgnkflghfokjig rmqhgmhlkgjhmolljfkki n 
  1
 kliqgofnmgloologmjfk nkmqmilfjnhlflnfjofm rmqhklhfojjkhhnjlnjjk n 
  1
 kknqmmiijmojkhkikiij nkkqofkngmnllhjiohgm rmqihnnnflgmlhmnglhnj n 
  1
 kklqmllinfioijgiokil nkjqkljlhkmhmhgkffhi rmqilgnolkkjionkhhjgn n 
  1
 kkkqfmknhhnhkhmmjoni nkhqnminlmnknjnjijkk rmqinomfmiinmjlgglfmg n 
  1
 kkiqinkjghjgifjommm nkgqgnihkmglifomlljj rmqjgmkgkmfhhnhgnnmfj n 
  1
 kkhqfjjjkknmkohoojgg njoqgmlhjhknmkgmihhf rmqjiokmkigolioijjngn n 
  1
 kkfqhgjlkmllhkmhmiii njjqmknjlingomnmgkhl rmqjlolmlmfjhgnhmilml n 
  1
 kjoqmjimjmiilkiinnk njhqiofonjjkgjmgohhj rmqjmmjhijnnoifnhmigf n 
  1
 kjoqmjimingjoiokmgfj njfqfffflngohjlikgk rmqjmmjhiljfflkhojfh n 
  1
 o 
  1
 
  1
 1*33@,*-9><: 
  1
 1*33@,*-9><: 
  1
 1*33=, 
  1
 1*33=, 
  1
 V V 
  1
 o 
  1
 o 
  1
 o 
  1
 
  1
 o Y liiqokhihoiknnglfh Y lfkqikhjjnlngkmlglii JQZGKZQ[Z[ JQZGKZQ[Z[ " Y liiqokhihoiknnglfh Y lfkqikhjjnlngkmlglii |
  1
/061+ {rn rn {rn iiqojmgjfmfkfjigggf nknqhfmjmmmgomkjfngf rgqgkmfhjnmfglojklihf |
  1
/061+ {rn rn {rn klmqojnooflnhjlmghlk nknqhfmjmmmgomkjfngf rmqgmmoikhkmhgniohki |
  1
:;8: {rn rn {rn {mhf hgfqmfjlgmjlgnoknkfh {mgm gnhqgfjmilmmnfnlknom {mkn {mfi 90-(>-; _h *1410(1 |
  1
/<*-): {rn rn {rn o 90-(>-; $ :'/@/>-@<*- 1*-=, l 0/:1 j 
  1
 hgfqmfjlgmjlgnoknkfh l hfiqkkjikkfkhggmkkmj l golqjfjfmmglmhhhofni l gnoqhkjjgjmhhfojofmf l gnhqgfjmilmmnfnlgij l 
  1
 nhgqmohkginjhhnhjigm rnioqnlmjilgikohohgfk n 
  1
 nhgqmohnhjljoinhoilh rnimqjmliijogjimflhj n 
  1
 nhhqhliomoljnnkgnfgk rnikqgfnlmmkgnhgjljng n 
  1
 nhiqgmoggfoiogflmhfn rnihqnoolhkojokmofjlm n 
  1
 nhjqfojhjjhfookkghgj rnifqlofklokoookiofii n 
  1
 nhkqjikjkgmmhmgnmmnh rnhnqlniijfnfmilgnmhl n 
  1
 nhmqghlhhhlijgjlinmg rnhlqoohklmjoljiojjnn n 
  1
 nhnqnglnjlihgfookgnj rnhkqifgojgilfhfjlil n 
  1
 nifqnhinmghfhllifgin rnhiqolfngnngilolmihm n 
  1
 niiqfihmlkhhiljnkok rnhiqfjknginnnghhmhhm n 
  1
 nikqhjglljfiifhlfghg rnhhqgifnflomofhghfgk n 
  1
 nimqlfogjmfgolimlgmn rnhgqlkonkggijlonghol n 
  1
 njfqfffflihmmfjlmijm rnhgqlkonlfihifmoiffh n 
  1
 o 
  1
 /3>1: rnmqnffnffnklooilmjnl mmlqihmnlgjhjkmkfmkn rnoqnlomhmfhflilkhjlh roqonikkgklmkjgmhofighl lqfholjifimjmfjnmkgk:rng oqfffgikhnjlglgifmmfm o rn lqfhogfknilkmmnoiggm:rng 90-(>-;@) V V V V 
  1
 " o o |
  1
):-+:' {rn rn {rn {mkm n {mfh |
  1
,+->687+r<*-): {rn rn {rn klmqojnnkfmkmijgnknm rnhgqmohkflhkoionjljn rmqgmmoimkkofmnmmhlhg roqfffgikhnjlglgikihhl o roqonikkgklmkjgmhofgfjk V V |
  1
/061+ {rn rn {rn klmqojnnkfmkmijgnknm rnhgqmohkflhkoionjljn rmqgmmoimkkofmnmmhlhg |
  1
):-+:' {rn rn {rn {mhh n {mfg |
  1
61+<*-):r<*-): {rn rn {rn 90-(>-; $ :'><+@61+@<*- mofoo 9*33 1*-=, l 0/:1 j 
  1
 gnhqgfjmilmmnfnlgij l gmjqokkfknnjmmohmmfi m glmqnfkioliongmhmmjm l glfqlkkggnkfnmnjmlmf m gkiqkfjnklfojhmliflf l 
  1
 khqgkhioihinggjfnlll rnjfqffffkklojglifkhf rfqnkmkiljnmihhklhim n 
  1
 khqgkhinjfkfomkogggg rnjhqiofomgokigmhfhl rfqnkmkillinjkmfifnmj n 
  1
 kgqlngjmimhjoimfhgfl rnjjqmknjkgihgjnknfml rfqnlkhnijhiglokmmjfi n 
  1
 joqnkglmkkggkmokgjoh rnjoqgmlhiffnohglnfgi rfqnokinjnfmmjnkfongi n 
  1
 jnqkgfmgnomjjlfjgmfh rnkgqgnihjjlljmolhogf rfqogmjjjjhkgfklkmfjl n 
  1
 jlqnhfifnklhhihikkk rnkhqnminkkilfgniimff rfqojkhkhmnnljgmikffn n 
  1
 jkqghomkfoojfokmhoml rnkjqkljlgihhnogjiggf rfqomiflikmhonoiihhgj n 
  1
 jiqghhmnijjhhkmgglij rnkkqofknfkilmojhmgnn rgqfflfmokfomlffhmln n 
  1
 inqmfkhkoglghfooiml rnkmqmilfikonfkkojjon rgqfmnmkflofnhhjikgig n 
  1
 ilqiimognjkgifnhlogi rnknqhfmgmhmnmkljhmj rgqggmlokffiglgighjhm n 
  1
 iiqojmgjfmfkfjiflnjk rnknqhfmjlkhhgjkiglhj rgqgkmfhjnmfglojkjkjj n 
  1
 o 
  1
 
  1
 1*33@,*-9><: 
  1
 1*33@,*-9><: 
  1
 1*33=, 
  1
 1*33=, 
  1
 V V 
  1
 o 
  1
 o 
  1
 o 
  1
 
  1
 o Y gnhqgfjmilmmnfnlgij Y gkiqkfjnklfojhmliflf JQZGKZQ[Z[ JQZGKZQ[Z[ " Y gnhqgfjmilmmnfnlgij Y gkiqkfjnklfojhmliflf |
  1
/061+ {rn rn {rn iiqojmgjfmfkfjigolik rnknqhfmjlkhhgjkiglhj rgqgkmfhjnmfglojkjkjj |
  1
61+<*-):r<*-): {rn rn {rn 90-(>-; $ :'><+@61+@<*- mofoo 9*33 1*-=, l 0/:1 j 
  1
 hgfqmfjlgmjlgnokmilk l hfiqkkjikkfkhgglgoih m golqjfjfmmglmhhhofni l gnoqhkjjgjmhhfokknog m gnhqgfjmilmmnfnkhhkj l 
  1
 iiqojmhnflifglnlmmik rnnkqmohkffjjhofmnkgh rgqgkmfhhklnifofmjfgm n 
  1
 ilqiinfknimhkgmnhghh rnnkqmohngghkfffnikkl rgqggmlohmfgilkikihkm n 
  1
 inqmfkiokjlgfjnolkji rnnlqhliollhjojmlmllh rgqfmnmjnjjnlffjffjhg n 
  1
 jiqghhofklmmhmmogigh rnnnqfojhifngfknfnng rgqfflfmmjonogikfkkfm n 
  1
 jkqghonlhohhlohihkik rnnoqjikjinimiijimoon rfqomiflgmiglofhmknml n 
  1
 jlqnhfjfmjomoolnhkji rnogqghlhfohijmmgnfll rfqojkhkgglgfniighmkg n 
  1
 jnqkgfnfjognkhinnnig rnohqnglnihohgmhkgfnj rfqogmjjifgghlohliifn n 
  1
 joqnkgmjlfigmnhlngmf rnojqnhinkmnfihnnfohh rfqnokiniljmljjmmfkgn n 
  1
 kgqlngkgfhojfgfgokgi rnooqhjglkfliilkhklnk rfqnlkhnhnhgknjhlhkfl n 
  1
 khqgkhjfhjhkhkhhfkim rfgqlfogiilhfhlhjlnnl rfqnkmkiliilgnnfoinni n 
  1
 khqgkhioihinggjfnlll rfjqffffjonmmlmhgkjhj rfqnkmkiljnmihhkknnhl n 
  1
 o 
  1
 
  1
 1*33@,*-9><: 
  1
 1*33@,*-9><: 
  1
 1*33=, 
  1
 1*33=, 
  1
 V V 
  1
 o 
  1
 o 
  1
 o 
  1
 
  1
 o Y hgfqmfjlgmjlgnokmilk Y gnhqgfjmilmmnfnkhhkj JQZGKZQ[Z[ JQZGKZQ[Z[ " Y hgfqmfjlgmjlgnokmilk Y gnhqgfjmilmmnfnkhhkj |
  1
/061+ {rn rn {rn iiqojmhnflifglnmjnjg rnnkqmohkffjjhofmnoin rgqgkmfhhklnifofmjfgm |
  1
/061+ {rn rn {rn khqgkhioihinggjfnlll rfjqffffjonmmlmhgkjhj rfqnkmkiljnmihhkknnhl |
  1
:;8: {rn rn {rn {mfl o {mfo liiqokhfjojmflonmolf {mii {mff 90-(>-; _h *1410(1 |
  1
/<*-): {rn rn {rn o 90-(>-; $ :'/@/>-@<*- 1*-=, l 0/:1 m 
  1
 rhgfqmfjlgmjmkfikjiin l rkmlqmkhklnffjiijnmkl l 
  1
 rnhgqmohkgggmjngkifhn rnioqnlmjilgikohoingg n 
  1
 rnhgqmohkgggmjngkifhn rlgqnnijgoljkloknnfmg n 
  1
 rnhgqmohkgggmjngkhjk glqgffkolnjjkimnjmgg n 
  1
 rnhgqmohkgggmjngkhjk mojqfnjlgiiijmmgghfg n 
  1
 o 
  1
 /3>1: rnmqnffnffnklooilmjnl mmlqihmnlgjhjkmkfmkn rnoqnlomhmfhflilkhjlh roqonikkgklmkjgmhofighl lqfholjifimjmfjnmkgk:rng oqfffgikhnjlglgifmmfm o rn lqfhogfknilkmmnoiggm:rng 90-(>-;@) V V V V 
  1
 " o o |
  1
):-+:' {rn rn {rn {mih o {loo |
  1
61+<*-):r<*-): {rn rn {rn 90-(>-; $ :'><+@61+@<*- mofoo 9*33 1*-=, l 0/:1 j 
  1
 hgfqmfjlgmjmkfikjiin l hfiqkkjikkflkhklffjh m golqjfjfmmgnfilhmgoi l gnoqhkjjgjmikhijgjol m gnhqgfjmilmoghhkjogh l 
  1
 iiqojmhnflifglofgnjg nhgqmohkgnmkmloohlom rgqgkmfhhklnifoflgknh n 
  1
 ilqiinfknimhkgmgokoj nhgqmohnhokljmoonigf rgqggmlohmfgilkilfili n 
  1
 inqmfkiokjlgfjomkjgj nhhqhlionjkljhlninim rgqfmnmjnjjnlffinmonm n 
  1
 jiqghhofklmmhmmhnmnj nhjqfojhjoghkimgofhl rgqfflfmmjonogikghlgh n 
  1
 jkqghonlhohhlohlfokl nhkqjikjkllnngikkkoj rfqomiflgmiglofhlkhgn n 
  1
 jlqnhfjfmjomoolnhkji nhmqghlhhmkjoklihhkg rfqojkhkgglgfniifogon n 
  1
 jnqkgfnfjognkhiojkgk nhnqnglnkghilkglkhl rfqogmjjifgghlohliifn n 
  1
 joqnkgmjlfigmnhlhjnl nifqnhinmlggnfmominh rfqnokiniljmljjmlloll n 
  1
 kgqlngkgfhojffolloii nikqhjgllnojnjjhnmnl rfqnlkhnhnhgknjhlolgg n 
  1
 khqgkhjfhjhkhkhhlhhg nimqlfogkgoikfkkgim rfqnkmkiliilgnnfnlmmn n 
  1
 khqgkhioihinggjfnlll njfqfffflngohjliogin rfqnkmkiljnmihhkknnhl n 
  1
 o 
  1
 
  1
 1*33@,*-9><: 
  1
 1*33@,*-9><: 
  1
 1*33=, 
  1
 1*33=, 
  1
 V V 
  1
 o 
  1
 o 
  1
 o 
  1
 
  1
 o Y hgfqmfjlgmjmkfikjiin Y gnhqgfjmilmoghhkjogh JQZGKZQ[Z[ JQZGKZQ[Z[ " Y hgfqmfjlgmjmkfikjiin Y gnhqgfjmilmoghhkjogh |
  1
/061+ {rn rn {rn khqgkhioihinggjfmokl njfqfffflngohjlinnkj rfqnkmkiljnmihhkkmfkf |
  1
):-+:' {rn rn {rn {mgg o {lon |
  1
61+<*-):r<*-): {rn rn {rn 90-(>-; $ :'><+@61+@<*- mofoo 9*33 1*-=, l 0/:1 j 
  1
 lfkqikhjjnlngkmlglii l konqhfhmmgimnkffmklh m kogqfkigfnmhgohoiii l kniqofhniflhkkmjingi m kmlqmkhklnffjiijnmkl l 
  1
 kjoqmjimingjoiokmgfj njfqfffflngohjlilnlj rmqjmmjhiljfflkhojfh n 
  1
 kjoqmjimhnolhhkmmlhh nimqlfogkgoikfkjhhnj rmqjmmjhimoggoomlfmj n 
  1
 kkfqhgjlhgfoijoonnlg nikqhjgllnojnjjihmlk rmqjlolmmifknfiknmhjg n 
  1
 kkhqfjjinkikkmhmkmfg nifqnhinmlggnfmofklf rmqjiokmljmomjifnfklf n 
  1
 kkiqinkihljlnonkolkl nhnqnglnkghilkglknin rmqjgmkgmgglggnknokjn n 
  1
 kkkqfmkmhinnokgijhlj nhmqghlhhmkjoklhojf rmqinomfnollifjkijmmk n 
  1
 kklqmllhlnjljngmmkk nhkqjikjkllnngikglgk rmqilgnonioklomkmlom n 
  1
 kknqmmihhkmgfhihlmom nhjqfojhjoghkimgnjkm rmqihnnnhlhnjmjiillof n 
  1
 kliqgofmikohljlfllgg nhhqhlionjkljhlnhgih rmqhklhgglmnmnmjkkkjh n 
  1
 klkqkknfmifgjooijkin nhgqmohnhokljmoomgmi rmqhgmhlmjhlfhhjnfojl n 
  1
 klmqojnnkfmkmijgkgml nhgqmohkgnmkmloohgh rmqgmmoimkkofmnmmkmif n 
  1
 o 
  1
 
  1
 1*33@,*-9><: 
  1
 1*33@,*-9><: 
  1
 1*33=, 
  1
 1*33=, 
  1
 V V 
  1
 o 
  1
 o 
  1
 o 
  1
 
  1
 o Y lfkqikhjjnlngkmlglii Y kmlqmkhklnffjiijnmkl JQZGKZQ[Z[ JQZGKZQ[Z[ " Y lfkqikhjjnlngkmlglii Y kmlqmkhklnffjiijnmkl |
  1
/061+ {rn rn {rn kjoqmjimingjoiokmgfj njfqfffflngohjlikgk rmqjmmjhiljfflkhojfh |
  1
61+<*-):r<*-): {rn rn {rn 90-(>-; $ :'><+@61+@<*- mofoo 9*33 1*-=, l 0/:1 j 
  1
 hgfqmfjlgmjlgnoknkfh l hfiqkkjikkfkhggnhiol m golqjfjfmmglmhhikofj l gnoqhkjjgjmhhfokknog m gnhqgfjmilmmnfnlgij l 
  1
 iiqojmhnflifgloikojm rnhgqmohkflhkoionjfm rgqgkmfhhklnifofliikn n 
  1
 ilqiinfknimhkglnjflm rnhgqmohngmflljoofhlg rgqggmlohmfgilkimgfhg n 
  1
 inqmfkiokjlgfkfkooln rnhhqhliomhflkolmnogj rgqfmnmjnjjnlffimhfff n 
  1
 jiqghhofklmmhmmjfgki rnhjqfojhillhmfmgfoml rgqfflfmmjonogikghlgh n 
  1
 jkqghonlhohhlohmhihk rnhkqjikjjjgnonijmkjj rfqomiflgmiglofhlnmmg n 
  1
 jlqnhfjfmjomoolnhkji rnhmqghlhgkfkghlhilii rfqojkhkgglgfniighmkg n 
  1
 jnqkgfnfjognkhimmjlh rnhnqnglninminhgkjojl rfqogmjjifgghlohllnlg n 
  1
 joqnkgmjlfigmnhmoki rnifqnhinlilgommnooff rfqnokiniljmljjmlloll n 
  1
 kgqlngkgfhojffonhklk rnikqhjglkljkfgjhgnmi rfqnlkhnhnhgknjhlolgg n 
  1
 khqgkhjfhjhkhkhhofli rnimqlfogiojilmkioog rfqnkmkiliilgnnfoinni n 
  1
 khqgkhioihinggjfnlll rnjfqffffkklojglijmni rfqnkmkiljnmihhklhim n 
  1
 o 
  1
 
  1
 1*33@,*-9><: 
  1
 1*33@,*-9><: 
  1
 1*33=, 
  1
 1*33=, 
  1
 V V 
  1
 o 
  1
 o 
  1
 o 
  1
 
  1
 o Y hgfqmfjlgmjlgnoknkfh Y gnhqgfjmilmmnfnlgij JQZGKZQ[Z[ JQZGKZQ[Z[ " Y hgfqmfjlgmjlgnoknkfh Y gnhqgfjmilmmnfnlgij |
  1
/061+ {rn rn {rn iiqojmhnflifglnmjnjg rnhgqmohkflhkoionjljn rgqgkmfhhklnifofmkmoi |
  1
/061+ {rn rn {rn khqgkhioihinggjfnlll rnjfqffffkklojglifkhf rfqnkmkiljnmihhklhim |
  1
,+->687+r<*-): {rn rn {rn klmqojnnkfmkmijgnknm nhgqmohkgnmkmloohlom rmqgmmoimkkofmnmmfjfg roqfffgikhnjlglgikihhl o roqonikkgklmkjgmhofgfjk V V |
  1
/061+ {rn rn {rn iiqojmhnflifglnlflif nhgqmohkgnmkmloohong rgqgkmfhhklnifofmjfgm |
  1
/061+ {rn rn {rn klmqojnnkfmkmijgnknm nhgqmohkgnmkmloohlom rmqgmmoimkkofmnmmfjfg |
1001
ACAD_OBJECT_CHANGE_GUID
1070
     1
1071
1764473191
1070
   437
1070
 10575
1070
   172
1070
   191
1070
   106
1070
   110
1070
   229
1070
   104
1070
   245
1070
    57
  0
LINE
  5
2248
330
1F
100
AcDbEntity
  8
BASE
 62
     7
100
AcDbLine
 10
2476.527203430306
 20
3827.624692236784
 30
-236.0106884460471
 11
2476.527203430306
 21
3827.624692236784
 31
-332.8836380736869
  0
LINE
  5
2249
330
1F
100
AcDbEntity
  8
BASE
 62
     7
100
AcDbLine
 10
2476.527203430306
 20
3827.624692236784
 30
-332.8836380736869
 11
2615.105532704228
 21
3827.624692236784
 31
-332.8836380736869
  0
LINE
  5
224A
330
1F
100
AcDbEntity
  8
BASE
 62
     7
100
AcDbLine
 10
2476.527203430306
 20
3827.624692236784
 30
-332.8836380736869
 11
2476.527203430306
 21
3592.2717258521
 31
-332.8836380736869
  0
SPLINE
  5
224B
330
1F
100
AcDbEntity
  8
BASE
 62
     7
100
AcDbSpline
 70
     4
 71
     2
 72
     8
 73
     5
 74
     0
 42
0.000000001
 43
0.0000000001
 40
-43.98203162594334
 40
-43.98203162594334
 40
-43.98203162594334
 40
-21.99101581298897
 40
-21.99101581298897
 40
0.0
 40
0.0
 40
0.0
 10
4502.011135724852
 20
2909.320276221683
 30
570.6366322169814
 41
0.9999999999990782
 10
4507.58381325193
 20
2914.320085196586
 30
569.6366322169815
 41
0.707106781187977
 10
4514.299508212941
 20
2902.035971830589
 30
569.6366322169814
 41
1.0
 10
4521.015203173965
 20
2889.751858464562
 30
569.6366322169814
 41
0.7071067811875161
 10
4508.731089807958
 20
2883.036163503503
 30
569.6366322169814
 41
1.0
1001
ACAD_STEPID
1071
      447
  0
SPLINE
  5
224C
330
1F
100
AcDbEntity
  8
BASE
 62
     7
100
AcDbSpline
210
0.0000000000000252
220
0.0000000000000079
230
1.0
 70
    12
 71
     2
 72
     8
 73
     5
 74
     0
 42
0.000000001
 43
0.0000000001
 40
-30.79114335848597
 40
-30.79114335848597
 40
-30.79114335848597
 40
-15.3550955826322
 40
-15.3550955826322
 40
0.0
 40
0.0
 40
0.0
 10
4508.203428061019
 20
2884.001343839406
 30
570.9366322169816
 41
0.9999999999999962
 10
4515.917346906156
 20
2888.218524548739
 30
570.9366322169813
 41
0.8263474605170474
 10
4514.813261049551
 20
2896.940344972581
 30
570.9366322169814
 41
1.000000000000034
 10
4513.716174487885
 20
2905.606873868942
 30
570.9366322169814
 41
0.8272581569682227
 10
4505.261596810107
 20
2907.805154634824
 30
570.9366322169814
 41
0.9981881591379291
1001
ACAD_STEPID
1071
      449
  0
SPLINE
  5
224D
330
1F
100
AcDbEntity
  8
BASE
 62
     7
100
AcDbSpline
210
0.0000000000000252
220
0.0000000000000079
230
1.0
 70
    12
 71
     2
 72
     8
 73
     5
 74
     0
 42
0.000000001
 43
0.0000000001
 40
-30.79114335848597
 40
-30.79114335848597
 40
-30.79114335848597
 40
-15.3550955826322
 40
-15.3550955826322
 40
0.0
 40
0.0
 40
0.0
 10
4508.203428061019
 20
2884.001343839406
 30
570.9366322169816
 41
0.9999999999999962
 10
4515.917346906156
 20
2888.218524548739
 30
570.9366322169813
 41
0.8263474605170474
 10
4514.813261049551
 20
2896.940344972581
 30
570.9366322169814
 41
1.000000000000034
 10
4513.716174487885
 20
2905.606873868942
 30
570.9366322169814
 41
0.8272581569682227
 10
4505.261596810107
 20
2907.805154634824
 30
570.9366322169814
 41
0.9981881591379291
1001
ACAD_STEPID
1071
      451
  0
SPLINE
  5
224E
330
1F
100
AcDbEntity
  8
BASE
 62
     7
100
AcDbSpline
210
0.0000000000000159
220
-0.0000000000000027
230
1.0
 70
    12
 71
     2
 72
     8
 73
     5
 74
     0
 42
0.000000001
 43
0.0000000001
 40
-31.58521188307963
 40
-31.58521188307963
 40
-31.58521188307963
 40
-15.79260594153981
 40
-15.79260594153981
 40
-0.0000000016592611
 40
-0.0000000016592611
 40
-0.0000000016592611
 10
4508.347335810182
 20
2883.738112838707
 30
570.6366322169814
 41
1.000000000003484
 10
4516.240648116835
 20
2888.053367518019
 30
570.6366322169812
 41
0.8263474605198796
 10
4515.110885844968
 20
2896.978020974976
 30
570.6366322169814
 41
1.000000000003484
 10
4513.981123573233
 20
2905.902674430797
 30
570.6366322169811
 41
0.8263474605381244
 10
4505.261502575154
 20
2908.114915770914
 30
570.6366322169815
 41
0.9999999999669944
1001
ACAD_STEPID
1071
      451
  0
SPLINE
  5
224F
330
1F
100
AcDbEntity
  8
BASE
 62
     7
100
AcDbSpline
210
0.0
220
0.0
230
1.0
 70
    12
 71
     2
 72
     8
 73
     5
 74
     0
 42
0.000000001
 43
0.0000000001
 40
-33.95880229807765
 40
-33.95880229807765
 40
-33.95880229807765
 40
-16.97940114903883
 40
-16.97940114903883
 40
0.0
 40
0.0
 40
0.0
 10
4505.261221593936
 20
2909.038513553904
 30
569.6366322169814
 41
1.0
 10
4514.691524565331
 20
2906.807240663541
 30
569.6366322169814
 41
0.824069539328785
 10
4515.986049315418
 20
2897.203418585064
 30
569.6366322169814
 41
1.0
 10
4517.280574065501
 20
2887.599596506588
 30
569.6366322169814
 41
0.824069539328785
 10
4508.777619980187
 20
2882.951052146612
 30
569.6366322169814
 41
1.0
  0
SPLINE
  5
2250
330
1F
100
AcDbEntity
  8
BASE
 62
     7
100
AcDbSpline
 70
     4
 71
     2
 72
     8
 73
     5
 74
     0
 42
0.000000001
 43
0.0000000001
 40
-43.98203162594334
 40
-43.98203162594334
 40
-43.98203162594334
 40
-21.99101581298897
 40
-21.99101581298897
 40
0.0
 40
0.0
 40
0.0
 10
4502.011135724852
 20
2909.320276221683
 30
570.6366322169814
 41
0.9999999999990782
 10
4507.58381325193
 20
2914.320085196586
 30
569.6366322169815
 41
0.707106781187977
 10
4514.299508212941
 20
2902.035971830589
 30
569.6366322169814
 41
1.0
 10
4521.015203173965
 20
2889.751858464562
 30
569.6366322169814
 41
0.7071067811875161
 10
4508.731089807958
 20
2883.036163503503
 30
569.6366322169814
 41
1.0
  0
SPLINE
  5
2251
330
1F
100
AcDbEntity
  8
BASE
 62
     7
100
AcDbSpline
210
0.0000000000000159
220
-0.0000000000000027
230
1.0
 70
    12
 71
     2
 72
     8
 73
     5
 74
     0
 42
0.000000001
 43
0.0000000001
 40
-31.58521188307963
 40
-31.58521188307963
 40
-31.58521188307963
 40
-15.79260594153981
 40
-15.79260594153981
 40
-0.0000000016592611
 40
-0.0000000016592611
 40
-0.0000000016592611
 10
4508.347335810182
 20
2883.738112838707
 30
570.6366322169814
 41
1.000000000003484
 10
4516.240648116835
 20
2888.053367518019
 30
570.6366322169812
 41
0.8263474605198796
 10
4515.110885844968
 20
2896.978020974976
 30
570.6366322169814
 41
1.000000000003484
 10
4513.981123573233
 20
2905.902674430797
 30
570.6366322169811
 41
0.8263474605381244
 10
4505.261502575154
 20
2908.114915770914
 30
570.6366322169815
 41
0.9999999999669944
  0
SPLINE
  5
2252
330
1F
100
AcDbEntity
  8
BASE
 62
     7
100
AcDbSpline
 70
     0
 71
     3
 72
    58
 73
    54
 74
     0
 42
0.000000001
 43
0.0000000001
 40
0.0
 40
0.0
 40
0.0
 40
0.0
 40
1.477625891895683
 40
1.477625891895683
 40
2.955251783791366
 40
2.955251783791366
 40
4.432877675687049
 40
4.432877675687049
 40
5.171690621634891
 40
5.171690621634891
 40
5.910503567582733
 40
5.910503567582733
 40
6.649316513530575
 40
6.649316513530575
 40
7.388129459478416
 40
7.388129459478416
 40
8.126942405426257
 40
8.126942405426257
 40
8.865755351374099
 40
8.865755351374099
 40
9.604568297321939
 40
9.604568297321939
 40
10.34338124326978
 40
10.34338124326978
 40
11.08219418921762
 40
11.08219418921762
 40
11.82100713516546
 40
11.82100713516546
 40
12.55982008111331
 40
12.55982008111331
 40
13.29863302706115
 40
13.29863302706115
 40
14.03744597300899
 40
14.03744597300899
 40
14.77625891895683
 40
14.77625891895683
 40
15.51507186490467
 40
15.51507186490467
 40
16.25388481085251
 40
16.25388481085251
 40
16.99269775680036
 40
16.99269775680036
 40
17.7315107027482
 40
17.7315107027482
 40
18.47032364869604
 40
18.47032364869604
 40
19.20913659464388
 40
19.20913659464388
 40
20.68676248653956
 40
20.68676248653956
 40
22.16438837843525
 40
22.16438837843525
 40
23.64201427033093
 40
23.64201427033093
 40
23.64201427033093
 40
23.64201427033093
 10
4489.090934076695
 20
2890.491888066478
 30
570.6366322065374
 10
4489.242974733278
 20
2890.08490628971
 30
570.6366322069726
 10
4489.417561094818
 20
2889.676280241732
 30
570.6366322073941
 10
4489.81469644856
 20
2888.862478267599
 30
570.63663220821
 10
4490.03725788402
 20
2888.457309269707
 30
570.6366322086044
 10
4490.531988666329
 20
2887.658190803643
 30
570.636632209366
 10
4490.804169001243
 20
2887.264252849419
 30
570.6366322097331
 10
4491.249672888709
 20
2886.688149815343
 30
570.6366322102635
 10
4491.404366125861
 20
2886.498587529283
 30
570.6366322104369
 10
4491.725964242333
 20
2886.125506797665
 30
570.6366322107768
 10
4491.892869287951
 20
2885.941988902107
 30
570.6366322109432
 10
4492.238594515237
 20
2885.582103032891
 30
570.6366322112698
 10
4492.417414775532
 20
2885.405735651587
 30
570.6366322114294
 10
4492.786545455506
 20
2885.061245071641
 30
570.6366322117422
 10
4492.976855855565
 20
2884.893122491519
 30
570.6366322118952
 10
4493.368412444323
 20
2884.566185724441
 30
570.6366322121945
 10
4493.56965850801
 20
2884.407372163219
 30
570.6366322123407
 10
4493.982404804383
 20
2884.100068853692
 30
570.6366322126263
 10
4494.193904803727
 20
2883.951579717449
 30
570.6366322127657
 10
4494.626355471004
 20
2883.665873236584
 30
570.6366322130376
 10
4494.847305799062
 20
2883.528656468586
 30
570.6366322131702
 10
4495.29774035275
 20
2883.266357345904
 30
570.6366322134287
 10
4495.527224138749
 20
2883.141275510981
 30
570.6366322135544
 10
4495.993707290748
 20
2882.904006990334
 30
570.6366322137991
 10
4496.230706129029
 20
2882.791820747697
 30
570.6366322139181
 10
4496.711114081993
 20
2882.580987743608
 30
570.6366322141493
 10
4496.954522596947
 20
2882.482341331618
 30
570.6366322142614
 10
4497.44657459226
 20
2882.299103965589
 30
570.636632214479
 10
4497.695217420553
 20
2882.214513254379
 30
570.6366322145846
 10
4498.196511581168
 20
2882.059765980358
 30
570.6366322147886
 10
4498.449162231263
 20
2881.989609545485
 30
570.6366322148868
 10
4498.957214526802
 20
2881.863966639347
 30
570.6366322150773
 10
4499.212615483254
 20
2881.808480178102
 30
570.6366322151694
 10
4499.724900495987
 20
2881.712268083219
 30
570.6366322153461
 10
4499.981783879756
 20
2881.671542343985
 30
570.6366322154312
 10
4500.495775977661
 20
2881.604799053754
 30
570.6366322155942
 10
4500.752884057543
 20
2881.578781288899
 30
570.6366322156725
 10
4501.266097589104
 20
2881.541262629983
 30
570.6366322158221
 10
4501.52220246394
 20
2881.529761425572
 30
570.6366322158936
 10
4502.032229676325
 20
2881.5209538052
 30
570.6366322160296
 10
4502.286151510033
 20
2881.523646997685
 30
570.6366322160939
 10
4502.790697048348
 20
2881.542785915205
 30
570.6366322162164
 10
4503.041320333547
 20
2881.559231185213
 30
570.6366322162742
 10
4503.538231389771
 20
2881.605324598281
 30
570.636632216383
 10
4503.784518832816
 20
2881.634972241847
 30
570.6366322164341
 10
4504.27181026036
 20
2881.706827731968
 30
570.6366322165292
 10
4504.5128140109
 20
2881.749035053715
 30
570.6366322165735
 10
4505.226624971927
 20
2881.893416961378
 30
570.6366322166958
 10
4505.690178265623
 20
2882.013372782786
 30
570.6366322167638
 10
4506.587097451795
 20
2882.294250773293
 30
570.6366322168727
 10
4507.020464124728
 20
2882.455157045865
 30
570.6366322169135
 10
4507.853164523468
 20
2882.810977817374
 30
570.636632216968
 10
4508.252503129911
 20
2883.005878936666
 30
570.6366322169815
 10
4508.633712231024
 20
2883.214283147313
 30
570.6366322169814
  0
SPLINE
  5
2253
330
1F
100
AcDbEntity
  8
BASE
 62
     7
100
AcDbSpline
210
-0.0000000000000232
220
-0.0000000000000075
230
1.0
 70
    12
 71
     2
 72
     8
 73
     5
 74
     0
 42
0.000000001
 43
0.0000000001
 40
0.0
 40
0.0
 40
0.0
 40
16.62022800724448
 40
16.62022800724448
 40
33.16489646004046
 40
33.16489646004046
 40
33.16489646004046
 10
4508.63371223102
 20
2883.214283147317
 30
570.6366322169814
 41
1.000000000004734
 10
4516.955713899114
 20
2887.763901260006
 30
570.6366322169816
 41
0.8240695393329012
 10
4515.688738090294
 20
2897.163343213378
 30
570.6366322169814
 41
1.000000000004734
 10
4514.428745177268
 20
2906.510980449414
 30
570.6366322169816
 41
0.8248693615264652
 10
4505.2613154448
 20
2908.730019912272
 30
570.6366322169815
 41
0.9984076279857784
  0
SPLINE
  5
2254
330
1F
100
AcDbEntity
  8
BASE
 62
     7
100
AcDbSpline
210
0.0
220
0.0
230
1.0
 70
    12
 71
     2
 72
     8
 73
     5
 74
     0
 42
0.000000001
 43
0.0000000001
 40
-33.95880229807765
 40
-33.95880229807765
 40
-33.95880229807765
 40
-16.97940114903883
 40
-16.97940114903883
 40
0.0
 40
0.0
 40
0.0
 10
4505.261221593936
 20
2909.038513553904
 30
569.6366322169814
 41
1.0
 10
4514.691524565331
 20
2906.807240663541
 30
569.6366322169814
 41
0.824069539328785
 10
4515.986049315418
 20
2897.203418585064
 30
569.6366322169814
 41
1.0
 10
4517.280574065501
 20
2887.599596506588
 30
569.6366322169814
 41
0.824069539328785
 10
4508.777619980187
 20
2882.951052146612
 30
569.6366322169814
 41
1.0
1001
ACAD_STEPID
1071
      458
  0
SPLINE
  5
2255
330
1F
100
AcDbEntity
  8
BASE
 62
     7
100
AcDbSpline
210
0.0
220
0.0
230
1.0
 70
    12
 71
     2
 72
     8
 73
     5
 74
     0
 42
0.000000001
 43
0.0000000001
 40
-33.95903017500777
 40
-33.95903017500777
 40
-33.95903017500777
 40
-16.97951508750361
 40
-16.97951508750361
 40
0.0
 40
0.0
 40
0.0
 10
4505.261221593936
 20
2909.038513553904
 30
570.3366322169814
 41
1.000000000000002
 10
4514.691524565328
 20
2906.807240663541
 30
570.3366322169816
 41
0.8240695393290106
 10
4515.986049315418
 20
2897.203418585066
 30
570.3366322169813
 41
1.000000000000009
 10
4517.280574065508
 20
2887.59959650659
 30
570.3366322169814
 41
0.8240695393290163
 10
4508.77761998019
 20
2882.95105214661
 30
570.3366322169814
 41
0.9999999999999914
1001
ACAD_STEPID
1071
      458
  0
SPLINE
  5
2256
330
1F
100
AcDbEntity
  8
BASE
 62
     7
100
AcDbSpline
210
-0.0000000000000232
220
-0.0000000000000075
230
1.0
 70
    12
 71
     2
 72
     8
 73
     5
 74
     0
 42
0.000000001
 43
0.0000000001
 40
0.0
 40
0.0
 40
0.0
 40
16.62022800724448
 40
16.62022800724448
 40
33.16489646004046
 40
33.16489646004046
 40
33.16489646004046
 10
4508.63371223102
 20
2883.214283147317
 30
570.6366322169814
 41
1.000000000004734
 10
4516.955713899114
 20
2887.763901260006
 30
570.6366322169816
 41
0.8240695393329012
 10
4515.688738090294
 20
2897.163343213378
 30
570.6366322169814
 41
1.000000000004734
 10
4514.428745177268
 20
2906.510980449414
 30
570.6366322169816
 41
0.8248693615264652
 10
4505.2613154448
 20
2908.730019912272
 30
570.6366322169815
 41
0.9984076279857784
1001
ACAD_STEPID
1071
      459
  0
SPLINE
  5
2257
330
1F
100
AcDbEntity
  8
BASE
 62
     7
100
AcDbSpline
210
0.0
220
0.0
230
1.0
 70
    12
 71
     2
 72
     8
 73
     5
 74
     0
 42
0.000000001
 43
0.0000000001
 40
-33.95903017500777
 40
-33.95903017500777
 40
-33.95903017500777
 40
-16.97951508750361
 40
-16.97951508750361
 40
0.0
 40
0.0
 40
0.0
 10
4505.261221593936
 20
2909.038513553904
 30
570.3366322169814
 41
1.000000000000002
 10
4514.691524565328
 20
2906.807240663541
 30
570.3366322169816
 41
0.8240695393290106
 10
4515.986049315418
 20
2897.203418585066
 30
570.3366322169813
 41
1.000000000000009
 10
4517.280574065508
 20
2887.59959650659
 30
570.3366322169814
 41
0.8240695393290163
 10
4508.77761998019
 20
2882.95105214661
 30
570.3366322169814
 41
0.9999999999999914
1001
ACAD_STEPID
1071
      459
  0
SPLINE
  5
2258
330
1F
100
AcDbEntity
  8
BASE
 62
     7
100
AcDbSpline
210
-0.0000000000000098
220
-0.0000000000000111
230
1.0
 70
    12
 71
     2
 72
     6
 73
     3
 74
     0
 42
0.000000001
 43
0.0000000001
 40
-24.15620650043035
 40
-24.15620650043035
 40
-24.15620650043035
 40
-0.0000000019068389
 40
-0.0000000019068389
 40
-0.0000000019068389
 10
4508.77761998019
 20
2882.95105214661
 30
570.3366322169814
 41
1.000000000000025
 10
4494.503138099181
 20
2875.147227549437
 30
570.3366322169812
 41
0.654870282275208
 10
4488.809830676916
 20
2890.386871964923
 30
570.3366322169813
 41
0.9999999999455571
1001
ACAD_STEPID
1071
      460
  0
SPLINE
  5
2259
330
1F
100
AcDbEntity
  8
BASE
 62
     7
100
AcDbSpline
210
-0.0000000000000098
220
-0.0000000000000111
230
1.0
 70
    12
 71
     2
 72
     6
 73
     3
 74
     0
 42
0.000000001
 43
0.0000000001
 40
-24.15620650043035
 40
-24.15620650043035
 40
-24.15620650043035
 40
-0.0000000019068389
 40
-0.0000000019068389
 40
-0.0000000019068389
 10
4508.77761998019
 20
2882.95105214661
 30
570.3366322169814
 41
1.000000000000025
 10
4494.503138099181
 20
2875.147227549437
 30
570.3366322169812
 41
0.654870282275208
 10
4488.809830676916
 20
2890.386871964923
 30
570.3366322169813
 41
0.9999999999455571
1001
ACAD_STEPID
1071
      470
  0
SPLINE
  5
225A
330
1F
100
AcDbEntity
  8
BASE
 62
     7
100
AcDbSpline
 70
     0
 71
     3
 72
    58
 73
    54
 74
     0
 42
0.000000001
 43
0.0000000001
 40
0.0
 40
0.0
 40
0.0
 40
0.0
 40
1.477625891895683
 40
1.477625891895683
 40
2.955251783791366
 40
2.955251783791366
 40
4.432877675687049
 40
4.432877675687049
 40
5.171690621634891
 40
5.171690621634891
 40
5.910503567582733
 40
5.910503567582733
 40
6.649316513530575
 40
6.649316513530575
 40
7.388129459478416
 40
7.388129459478416
 40
8.126942405426257
 40
8.126942405426257
 40
8.865755351374099
 40
8.865755351374099
 40
9.604568297321939
 40
9.604568297321939
 40
10.34338124326978
 40
10.34338124326978
 40
11.08219418921762
 40
11.08219418921762
 40
11.82100713516546
 40
11.82100713516546
 40
12.55982008111331
 40
12.55982008111331
 40
13.29863302706115
 40
13.29863302706115
 40
14.03744597300899
 40
14.03744597300899
 40
14.77625891895683
 40
14.77625891895683
 40
15.51507186490467
 40
15.51507186490467
 40
16.25388481085251
 40
16.25388481085251
 40
16.99269775680036
 40
16.99269775680036
 40
17.7315107027482
 40
17.7315107027482
 40
18.47032364869604
 40
18.47032364869604
 40
19.20913659464388
 40
19.20913659464388
 40
20.68676248653956
 40
20.68676248653956
 40
22.16438837843525
 40
22.16438837843525
 40
23.64201427033093
 40
23.64201427033093
 40
23.64201427033093
 40
23.64201427033093
 10
4489.090934076695
 20
2890.491888066478
 30
570.6366322065374
 10
4489.242974733278
 20
2890.08490628971
 30
570.6366322069726
 10
4489.417561094818
 20
2889.676280241732
 30
570.6366322073941
 10
4489.81469644856
 20
2888.862478267599
 30
570.63663220821
 10
4490.03725788402
 20
2888.457309269707
 30
570.6366322086044
 10
4490.531988666329
 20
2887.658190803643
 30
570.636632209366
 10
4490.804169001243
 20
2887.264252849419
 30
570.6366322097331
 10
4491.249672888709
 20
2886.688149815343
 30
570.6366322102635
 10
4491.404366125861
 20
2886.498587529283
 30
570.6366322104369
 10
4491.725964242333
 20
2886.125506797665
 30
570.6366322107768
 10
4491.892869287951
 20
2885.941988902107
 30
570.6366322109432
 10
4492.238594515237
 20
2885.582103032891
 30
570.6366322112698
 10
4492.417414775532
 20
2885.405735651587
 30
570.6366322114294
 10
4492.786545455506
 20
2885.061245071641
 30
570.6366322117422
 10
4492.976855855565
 20
2884.893122491519
 30
570.6366322118952
 10
4493.368412444323
 20
2884.566185724441
 30
570.6366322121945
 10
4493.56965850801
 20
2884.407372163219
 30
570.6366322123407
 10
4493.982404804383
 20
2884.100068853692
 30
570.6366322126263
 10
4494.193904803727
 20
2883.951579717449
 30
570.6366322127657
 10
4494.626355471004
 20
2883.665873236584
 30
570.6366322130376
 10
4494.847305799062
 20
2883.528656468586
 30
570.6366322131702
 10
4495.29774035275
 20
2883.266357345904
 30
570.6366322134287
 10
4495.527224138749
 20
2883.141275510981
 30
570.6366322135544
 10
4495.993707290748
 20
2882.904006990334
 30
570.6366322137991
 10
4496.230706129029
 20
2882.791820747697
 30
570.6366322139181
 10
4496.711114081993
 20
2882.580987743608
 30
570.6366322141493
 10
4496.954522596947
 20
2882.482341331618
 30
570.6366322142614
 10
4497.44657459226
 20
2882.299103965589
 30
570.636632214479
 10
4497.695217420553
 20
2882.214513254379
 30
570.6366322145846
 10
4498.196511581168
 20
2882.059765980358
 30
570.6366322147886
 10
4498.449162231263
 20
2881.989609545485
 30
570.6366322148868
 10
4498.957214526802
 20
2881.863966639347
 30
570.6366322150773
 10
4499.212615483254
 20
2881.808480178102
 30
570.6366322151694
 10
4499.724900495987
 20
2881.712268083219
 30
570.6366322153461
 10
4499.981783879756
 20
2881.671542343985
 30
570.6366322154312
 10
4500.495775977661
 20
2881.604799053754
 30
570.6366322155942
 10
4500.752884057543
 20
2881.578781288899
 30
570.6366322156725
 10
4501.266097589104
 20
2881.541262629983
 30
570.6366322158221
 10
4501.52220246394
 20
2881.529761425572
 30
570.6366322158936
 10
4502.032229676325
 20
2881.5209538052
 30
570.6366322160296
 10
4502.286151510033
 20
2881.523646997685
 30
570.6366322160939
 10
4502.790697048348
 20
2881.542785915205
 30
570.6366322162164
 10
4503.041320333547
 20
2881.559231185213
 30
570.6366322162742
 10
4503.538231389771
 20
2881.605324598281
 30
570.636632216383
 10
4503.784518832816
 20
2881.634972241847
 30
570.6366322164341
 10
4504.27181026036
 20
2881.706827731968
 30
570.6366322165292
 10
4504.5128140109
 20
2881.749035053715
 30
570.6366322165735
 10
4505.226624971927
 20
2881.893416961378
 30
570.6366322166958
 10
4505.690178265623
 20
2882.013372782786
 30
570.6366322167638
 10
4506.587097451795
 20
2882.294250773293
 30
570.6366322168727
 10
4507.020464124728
 20
2882.455157045865
 30
570.6366322169135
 10
4507.853164523468
 20
2882.810977817374
 30
570.636632216968
 10
4508.252503129911
 20
2883.005878936666
 30
570.6366322169815
 10
4508.633712231024
 20
2883.214283147313
 30
570.6366322169814
1001
ACAD_STEPID
1071
      470
  0
LINE
  5
225B
330
1F
100
AcDbEntity
  8
BASE
 62
     7
100
AcDbLine
 10
4502.076813860275
 20
2693.432609556732
 30
738.6150639406284
 11
4502.033775843112
 21
2834.900797565035
 31
728.7226441039812
1001
ACAD_STEPID
1071
      479
  0
SPLINE
  5
225C
330
1F
100
AcDbEntity
  8
BASE
 62
     7
100
AcDbSpline
210
-0.0003034819303228
220
0.997564004096699
230
-0.0697564737445881
 70
    12
 71
     2
 72
     8
 73
     5
 74
     0
 42
0.000000001
 43
0.0000000001
 40
0.0
 40
0.0
 40
0.0
 40
21.99114857512855
 40
21.99114857512855
 40
43.9822971502571
 40
43.9822971502571
 40
43.9822971502571
 10
4502.033775843112
 20
2834.900797565035
 30
728.7226441039812
 41
1.0
 10
4488.033776490974
 20
2834.896538443008
 30
728.7226441039814
 41
0.707106781187
 10
4488.034073592305
 20
2833.919947855779
 30
714.7567474003814
 41
1.0
 10
4488.034370693639
 20
2832.94335726855
 30
700.7908506967813
 41
0.707106781187
 10
4502.034370045777
 20
2832.947616390581
 30
700.7908506967813
 41
1.0
1001
ACAD_STEPID
1071
      479
  0
LINE
  5
225D
330
1F
100
AcDbEntity
  8
BASE
 62
     7
100
AcDbLine
 10
4502.034370045777
 20
2832.947616390581
 30
700.7908506967813
 11
4502.075799515913
 21
2696.766367990923
 31
710.3135716844762
1001
ACAD_STEPID
1071
      479
  0
SPLINE
  5
225E
330
1F
100
AcDbEntity
  8
BASE
 62
     7
100
AcDbSpline
210
-0.0003034819301933
220
0.9975640040968222
230
-0.0697564737428238
 70
    12
 71
     2
 72
     8
 73
     5
 74
     0
 42
0.000000001
 43
0.0000000001
 40
-43.98229694164085
 40
-43.98229694164085
 40
-43.98229694164085
 40
-21.99114852874901
 40
-21.99114852874901
 40
0.0
 40
0.0
 40
0.0
 10
4502.066826476867
 20
2726.260963275569
 30
708.2511085711811
 41
0.9999999969114467
 10
4488.066827229034
 20
2726.256704160848
 30
708.2511086752354
 41
0.7071067827283525
 10
4488.066530127703
 20
2727.233294740781
 30
722.2170052748812
 41
0.9999999999975775
 10
4488.066233026368
 20
2728.209885327987
 30
736.1829019784813
 41
0.7071067811852872
 10
4502.066232378506
 20
2728.214144450017
 30
736.1829019784813
 41
0.9999999999975777
1001
ACAD_STEPID
1071
      479
  0
LINE
  5
225F
330
1F
100
AcDbEntity
  8
BASE
 62
     7
100
AcDbLine
 10
4502.034370045777
 20
2832.947616390581
 30
700.7908506967813
 11
4502.075799515913
 21
2696.766367990923
 31
710.3135716844762
1001
ACAD_STEPID
1071
      480
  0
SPLINE
  5
2260
330
1F
100
AcDbEntity
  8
BASE
 62
     7
100
AcDbSpline
210
-0.0003034819300635
220
0.9975640040967036
230
-0.0697564737445234
 70
    12
 71
     2
 72
     8
 73
     5
 74
     0
 42
0.000000001
 43
0.0000000001
 40
0.0
 40
0.0
 40
0.0
 40
21.99114857512855
 40
21.99114857512855
 40
43.9822971502571
 40
43.9822971502571
 40
43.9822971502571
 10
4502.034370045777
 20
2832.947616390581
 30
700.7908506967813
 41
1.0
 10
4516.034369397918
 20
2832.951875512609
 30
700.7908506967813
 41
0.707106781187
 10
4516.034072296584
 20
2833.928466099838
 30
714.7567474003811
 41
1.0
 10
4516.033775195249
 20
2834.905056687066
 30
728.7226441039814
 41
0.707106781187
 10
4502.033775843112
 20
2834.900797565035
 30
728.7226441039812
 41
1.0
1001
ACAD_STEPID
1071
      480
  0
LINE
  5
2261
330
1F
100
AcDbEntity
  8
BASE
 62
     7
100
AcDbLine
 10
4502.076813860275
 20
2693.432609556732
 30
738.6150639406284
 11
4502.033775843112
 21
2834.900797565035
 31
728.7226441039812
1001
ACAD_STEPID
1071
      480
  0
SPLINE
  5
2262
330
1F
100
AcDbEntity
  8
BASE
 62
     7
100
AcDbSpline
210
-0.0003034819301933
220
0.9975640040968222
230
-0.0697564737428243
 70
    12
 71
     2
 72
     8
 73
     5
 74
     0
 42
0.000000001
 43
0.0000000001
 40
0.0
 40
0.0
 40
0.0
 40
21.99114852874901
 40
21.99114852874901
 40
43.98229694164085
 40
43.98229694164085
 40
43.98229694164085
 10
4502.066826581176
 20
2726.260963275602
 30
708.2511085711813
 41
0.9999999999975898
 10
4516.066825933314
 20
2726.265222397632
 30
708.2511085711813
 41
0.7071067811852956
 10
4516.066528831979
 20
2727.241812984838
 30
722.2170052748812
 41
0.9999999999975896
 10
4516.066231730648
 20
2728.218403564771
 30
736.1829018744271
 41
0.7071067827283608
 10
4502.066232482814
 20
2728.21414445005
 30
736.1829019784813
 41
0.9999999969114591
1001
ACAD_STEPID
1071
      480
  0
SPLINE
  5
2263
330
1F
100
AcDbEntity
  8
BASE
 62
     7
100
AcDbSpline
210
-0.9999999537241814
220
-0.0003042230020956
230
0.0
 70
    12
 71
     2
 72
     6
 73
     3
 74
     0
 42
0.000000001
 43
0.0000000001
 40
0.0
 40
0.0
 40
0.0
 40
149.2024137820679
 40
149.2024137820679
 40
149.2024137820679
 10
4502.019653968909
 20
2881.320277517406
 30
648.9175200832213
 41
1.0
 10
4502.019653968909
 20
2881.320277517409
 30
697.4083045623815
 41
0.7313537016190001
 10
4502.034370045777
 20
2832.947616390581
 30
700.7908506967813
 41
1.0
1001
ACAD_STEPID
1071
      481
  0
SPLINE
  5
2264
330
1F
100
AcDbEntity
  8
BASE
 62
     7
100
AcDbSpline
210
-0.0003034819303228
220
0.997564004096699
230
-0.0697564737445881
 70
    12
 71
     2
 72
     8
 73
     5
 74
     0
 42
0.000000001
 43
0.0000000001
 40
0.0
 40
0.0
 40
0.0
 40
21.99114857512855
 40
21.99114857512855
 40
43.9822971502571
 40
43.9822971502571
 40
43.9822971502571
 10
4502.033775843112
 20
2834.900797565035
 30
728.7226441039812
 41
1.0
 10
4488.033776490974
 20
2834.896538443008
 30
728.7226441039814
 41
0.707106781187
 10
4488.034073592305
 20
2833.919947855779
 30
714.7567474003814
 41
1.0
 10
4488.034370693639
 20
2832.94335726855
 30
700.7908506967813
 41
0.707106781187
 10
4502.034370045777
 20
2832.947616390581
 30
700.7908506967813
 41
1.0
1001
ACAD_STEPID
1071
      481
  0
SPLINE
  5
2265
330
1F
100
AcDbEntity
  8
BASE
 62
     7
100
AcDbSpline
210
-0.9999999537241816
220
-0.0003042230020956
230
0.0
 70
    12
 71
     2
 72
     6
 73
     3
 74
     0
 42
0.000000001
 43
0.0000000001
 40
-149.2024137820679
 40
-149.2024137820679
 40
-149.2024137820679
 40
0.0
 40
0.0
 40
0.0
 10
4502.033775843112
 20
2834.900797565035
 30
728.7226441039812
 41
1.0
 10
4502.011135724852
 20
2909.320276221683
 30
723.5187269742811
 41
0.7313537016190001
 10
4502.011135724852
 20
2909.320276221683
 30
648.9175200832213
 41
1.0
1001
ACAD_STEPID
1071
      481
  0
SURFACE
  5
2266
330
1F
100
AcDbEntity
  8
BASE
 62
     7
160
                 8
310
0800000000000000
100
AcDbModelerGeometry
 70
     1
  1
mnjoo lh m mk          
  1
ni ^ *+0;:,4 ^ *+0\^ [ mo ^ LR mlnqiqmqijjlj QK o  
  1
mjqlfffffffffffffgjg fqfffffffffffffffjkh:roh nqooooooooooooooooli:rno 
  1
>,27:>;:- {rn rn _nl mlnqiqmqijjlj |
  1
=0;& {rn rn {rn {m {rn {l |
  1
3*2/ {rn rn {rn {rn {k {n |
  1
+->1,90-2 {rn rn n o o o n o o o n kjmgqgolfnhmjjjiofng migfqmffgholkionjmig nihqklhjogmilhkihfmi n 10@-0+>+: 10@-:93:<+ 10@,7:>- |
  1
,7:33 {rn rn {rn {rn {rn {j {rn {m |
  1
9><: {i rn {rn {rn {h {k {rn {g 90-(>-; ;0*=3: 0*+ |
  1
/:-,*=:1+r><>;L036;W6,+0-&r>++-6= {rn rn {rn {rn {j n noi nooooooooo noon |
  1
300/ {rn rn {rn {rn {f {j |
  1
,/361:r,*-9><: {rn rn {rn 90-(>-; $ :'><+@,/3@,*- mofoo 9*33 1*-=, m m =0+7 0/:1 0/:1 101: 101: m l 
  1
 rlqjhlimkhmfkiflnjhjl:rnn m oqhmkmikoigifjfjmmhgf m 
  1
 o m mgqoooooooooonnnfgnj m jiqoooooooooknmiojoi m 
  1
 rmiqhlhjghkiionioimim lgqjfkohhfiningmioff jigqkihojnkkngnljoff nqoooooooooomgfoljki 
  1
 rmiqhlhjflglmkhlmogfg lgqinjookfomhlofkkff jigqhiilmoijigkllfoh oqhohnoihgnnihlhlhffn 
  1
 rmiqhlhigkghhojmmhojf lgqfnkmhknokoofgfgmg jigqhkjlflhnkhllfjom nqoooooooooonolkggll 
  1
 rkoqklhjgiglmonikmnjh lgqjgffnonoikgflfnmk jigqkihojnkkngnljoff oqhohnoihgnmohklhhjnm 
  1
 rkoqhlhjflngkinfmjooj lgqinohkjhgohonkhnnm jigqhiilmoijigklmhh oqkfffffffffginmmmnmm 
  1
 rkoqhlhigkmmfnfognf lgqfnoonkfgnfgolgggg jigqhkjlflhnkhllglij oqhohnoihgnnfklnhifoi 
  1
 rkoqklhmfiofhnlfjhfgk lhqilkmkikioknkfffjj jjkqgookmlfjlmlkkgjj nqoooooooooomgfollmk 
  1
 rkoqhlhmfioglmgjmkkmn lhqilknjjnflkflkfnmj jjkqgookmlfjlmljgkfh oqhohnoihgnnihlhlhffn 
  1
 rkoqhlhlghnmhgjigmhli lhqfllkmklfkhhmfnlj jjkqhhfkfhonnnllfnmi nqoooooooooonolkginn 
  1
 rkoqklhoojlimmimhmlfn liqihgjgmgnklmnhljgk jknqnllhfikiklgjfofj oqhohnoihgnmolljjfojm 
  1
 rkoqhliffgfgnfjnmkjkh liqijhjikioimiimimhf jkoqglkjmhmkfljlngii oqkfffffffffglmljfijk 
  1
 rkoqhlhofoomijmmgohln liqfjigllgohjkimlmnj jkoqgnlioolohnjgjfkh oqhohnoihgnnfomljfjjh 
  1
 rmiqhlhoojffjffmljghm liqigmhjoiifkifjjjhi jknqnllhfikikijjmlli nqoooooooooolhoihoni 
  1
 rmiqhlifffimfjmfmgfff liqiingmlhmglnkfgjmi jkoqglkjmhmkfimgkmmk oqhohnoihgnnhlnkingni 
  1
 rmiqhlhofoihknogljjni liqfinofmfmfjfkfiggk jkoqgnlioolohkllgloj nqoooooooooongjnmogn 
  1
 o 
  1
 
  1
 o 
  1
 o 
  1
 o 
  1
 o 
  1
 o 
  1
 o 
  1
 Y Y rlqjhlimkhmfkiflnjhjl:rnn Y oqhmkmikoigifjfjmmhgf Y o Y jiqoooooooooknmiojoi ZGKZQ[Z[@Xn " Y rlqjhlimkhmfkiflnjhjl:rnn Y oqhmkmikoigifjfjmmhgf Y o Y jiqoooooooooknmiojoi |
  1
<0:;8: {rn rn {rn {no {nn {rn {nm 90-(>-; {h {nl |
  1
<0:;8: {rn rn {rn {nk {f {rn {nj -:):-,:; {h {ni |
  1
<0:;8: {rn rn {rn {f {nk {rn {nh 90-(>-; {h {ng |
  1
:;8: {nf rn {rn {mo ro {mn oqkhnmlggfhflgifkinm {f {mm 90-(>-; _h *1410(1 |
  1
/<*-): {rn rn {rn o 90-(>-; $ :'/@/>-@<*- 1*=, n 0/:1 m 
  1
 o n oqkhnmlggfhflgifkinm n 
  1
 rlqjhlimkhmfkiflnjhjl:rnn gqggnhgknfhoonmjmlml:rnj 
  1
 oqhmkmikoigifjfjmmhgf jqnohomjfnlmhjhmoogi:rnj 
  1
 o 
  1
 ,/361: 90-(>-; $ -:9 o " Y rlqjhlimkhmfkiflnjhjl:rnn Y oqhmkmikoigifjfjmmhgf Y o Y jiqoooooooooknmiojoi 
  1
 " o o |
  1
<0:;8: {rn rn {rn {nn {no {rn {ml 90-(>-; {h {mk |
  1
:;8: {mj rn {rn {mi rklqfgmmfifknikogkifn {mn ro {no {mh 90-(>-; _h *1410(1 |
  1
/<*-): {rn rn {rn o 90-(>-; $ :'/@/>-@<*- 1*=, n 0/:1 m 
  1
 o n klqfgmmfifknikogkifn n 
  1
 oqhmkmikoigifjfjmmhgf jqnohomjfnlmhjhmoogi:rnj 
  1
 oqhmkmikoigiiklhmmoh jjqffffffgjmjogkiilj 
  1
 o 
  1
 ,/361: 90-(>-; $ -:9 o " Y rlqjhlimkhmfkiflnjhjl:rnn Y oqhmkmikoigifjfjmmhgf Y o Y jiqoooooooooknmiojoi 
  1
 " o o |
  1
:;8: {mg rn {rn {mf rklqolfgloikiihlfmhnn {mo o {nn {lo 90-(>-; _h *1410(1 |
  1
/<*-): {rn rn {rn o 90-(>-; $ :'/@/>-@<*- 1*=, n 0/:1 m 
  1
 rklqolfgloikifhlgmjgg n ro n 
  1
 rlqjiglnhgilknniohjoj:rnn jiqoooooooooknmiojoi 
  1
 rlqjhlimkhmfkiflnjhjl:rnn gqggnhgknfhoonmjmlml:rnj 
  1
 o 
  1
 ,/361: 90-(>-; $ -:9 o " Y rlqjhlimkhmfkiflnjhjl:rnn Y oqhmkmikoigifjfjmmhgf Y o Y jiqoooooooooknmiojoi 
  1
 " o o |
  1
/:-,*=:1+r><>;L036;W6,+0-&r>++-6= {rn rn {rn {rn {nm n noi nooooooooo jnoon |
  1
):-+:' {rn rn {rn {nm o {ln |
  1
):-+:' {rn rn {rn {nm n {lm |
  1
61+<*-):r<*-): {rn rn {rn 90-(>-; $ :'><+@61+@<*- mofoo 9*33 1*-=, m 0/:1 m 
  1
 ro m oqkhnmlggfhflgifkinm m 
  1
 rmiqhlhjghknjnglgkjfi lgqjfkohhfinillhklhn jigqkihojnkkngnlhlhl oqffffffffgkfmoniokon 
  1
 rmiqhlhjflhgojmhghhlf lgqinjookfomhkihhjgg jigqhiilmoijigklnill oqhohnoihgoohfilmfonh 
  1
 rmiqhlhigkgmjnoifkinn lgqfnkmhknokomjiijmm jigqhkjlflhnkhllfjom oqffffffffgkhlkkikkfg 
  1
 o 
  1
 
  1
 1*33@,*-9><: 
  1
 1*33@,*-9><: 
  1
 1*33=, 
  1
 1*33=, 
  1
 V V 
  1
 o 
  1
 o 
  1
 o 
  1
 
  1
 o Y ro Y oqkhnmlggfhflgifkinm JQZGKZQ[Z[ JQZGKZQ[Z[ " Y ro Y oqkhnmlggfhflgifkinm |
  1
:;8: {ll rn {rn {mi roqkhnmlggfgolgkigfihk {mf ro {nk {lk 90-(>-; _h *1410(1 |
  1
/<*-): {rn rn {rn o 90-(>-; $ :'/@/>-@<*- 1*=, n 0/:1 m 
  1
 roqkhnmlggfgolgkigfihk n ro n 
  1
 oqhmkmikoigiiklhmmoh jjqffffffgjmjogkiilj 
  1
 rlqjiglnhgilknniohjoj:rnn jiqoooooooooknmiojoi 
  1
 o 
  1
 ,/361: 90-(>-; $ -:9 o " Y rlqjhlimkhmfkiflnjhjl:rnn Y oqhmkmikoigifjfjmmhgf Y o Y jiqoooooooooknmiojoi 
  1
 " o o |
  1
/:-,*=:1+r><>;L036;W6,+0-&r>++-6= {rn rn {rn {rn {nj n noi nooooooooo njnoon |
  1
):-+:' {rn rn {rn {nj o {lj |
  1
61+<*-):r<*-): {rn rn {rn 90-(>-; $ :'><+@61+@<*- mofoo 9*33 1*-=, m 0/:1 l 
  1
 rklqfgmmfifknikogkifn m rmnqffnnkgjmghkfookj m ro m 
  1
 rmiqhlhofohhgifmlifj liqfinofmfmfjjlflkff jkoqgnlioolohklklfgf oqffffffffifnnkkigof 
  1
 rkoqhlhofoomijmjolgkn liqfjigllgnkglmkmgif jkoqgnliooknnkggiiki oqhohnoihgmhmgljmkhgh 
  1
 rkoqhlhlghnmhgjigmomi lhqfllkmklfkhilifoii jjkqhhfkfhonnnlkkgn oqfffffffffffhjhhiokk 
  1
 rkoqhlhigkmmfnfogmin lgqfnoonkfgnfhnniiok jigqhkjlflhnkhlkjngh oqhohnoihgnngjmghnlij 
  1
 rmiqhlhigkghhojmmhojf lgqfnkmhknokoooijknm jigqhkjlflhnkhlkmfnl oqfffffffffffhjhhgmik 
  1
 o 
  1
 
  1
 1*33@,*-9><: 
  1
 1*33@,*-9><: 
  1
 1*33=, 
  1
 1*33=, 
  1
 V V 
  1
 o 
  1
 o 
  1
 o 
  1
 
  1
 o Y rklqfgmmfifknikogkifn Y ro JQZGKZQ[Z[ JQZGKZQ[Z[ " Y rklqfgmmfifknikogkifn Y ro |
  1
/:-,*=:1+r><>;L036;W6,+0-&r>++-6= {rn rn {rn {rn {nh n noi nooooooooo ljnoon |
  1
):-+:' {rn rn {rn {ml n {li |
  1
61+<*-):r<*-): {rn rn {rn 90-(>-; $ :'><+@61+@<*- mofoo 9*33 1*-=, m 0/:1 l 
  1
 rklqolfgloikifhlgmjgg m rmnqjnffnjlmlllifjikj m o m 
  1
 rmiqhlhoojffjffmljghm liqigmhjoiifkifjimgh jknqnllhfikikijjmlli nqoooooooooolhokjmji 
  1
 rkoqklhoojlimmimhlnon liqihgjgmgnklmnhkmfk jknqnllhfikiklgjfofj oqhohnoihgnmollkojgkm 
  1
 rkoqklhmfiofhnlfiogmi lhqilkmkikioknkffmkk jjkqgookmlfjlmlkkgjj nqoooooooooomgggnjik 
  1
 rkoqklhjgiglmonikljhg lgqjgffnonoikgflgknl jigqkihojnkkngnllfim oqhohnoihgnmohkmmjknm 
  1
 rmiqhlhjghkiionioimim lgqjfkohhfiningmioff jigqkihojnkkngnlimli nqoooooooooomgggnhgi 
  1
 o 
  1
 
  1
 1*33@,*-9><: 
  1
 1*33@,*-9><: 
  1
 1*33=, 
  1
 1*33=, 
  1
 V V 
  1
 o 
  1
 o 
  1
 o 
  1
 
  1
 o Y rklqolfgloikifhlgmjgg Y o JQZGKZQ[Z[ JQZGKZQ[Z[ " Y rklqolfgloikifhlgmjgg Y o |
  1
/061+ {rn rn {rn rmiqhlhjghknjnglgkjfi lgqjfkohhfinillhklhn jigqkihojnkkngnlhlhl |
  1
/061+ {rn rn {rn rmiqhlhigkhhmhkknffog lgqfnkmhknokolmlhmhj jigqhkjlflhnkhlkkoj |
  1
/:-,*=:1+r><>;L036;W6,+0-&r>++-6= {rn rn {rn {rn {ml n noi nooooooooo mjnoon |
  1
61+<*-):r<*-): {rn rn {rn 90-(>-; $ :'><+@61+@<*- mofoo 9*33 1*-=, m 0/:1 m 
  1
 roqkhnmlggfgolgkigfihk m ro m 
  1
 rmiqhlhofoihklgkmifji liqfinofmfmfjhijhmgf jkoqgnlioolohklkfihk oqffffffffffgkgkmlkhn 
  1
 rmiqhlifffimfgojmohfj liqiingmlhmglnilmgnf jkoqglkjmhmkfikihmi oqhohnoihgnnhfnmlnhgl 
  1
 rmiqhlhoojffimimlikfi liqigmhjoiifkifkfngn jknqnllhfikikijjlkhl nqoooooooooomgfnnhim 
  1
 o 
  1
 
  1
 1*33@,*-9><: 
  1
 1*33@,*-9><: 
  1
 1*33=, 
  1
 1*33=, 
  1
 V V 
  1
 o 
  1
 o 
  1
 o 
  1
 
  1
 o Y roqkhnmlggfgolgkigfihk Y ro JQZGKZQ[Z[ JQZGKZQ[Z[ " Y roqkhnmlggfgolgkigfihk Y ro |
  1
/061+ {rn rn {rn rmiqhlhofoihklgkmifji liqfinofmfmfjhijhmgf jkoqgnlioolohklkfihk |
  1
/061+ {rn rn {rn rmiqhlhoojffimimlikfi liqigmhjoiifkifkfngn jknqnllhfikikijjlkhl |
100
AcDbSurface
 71
     6
 72
     6
1001
ACAD_STEPID
1071
      106
1001
ACAD_OBJECT_CHANGE_GUID
1070
     1
1071
-503131412
1070
-29966
1070
  9536
1070
   173
1070
   144
1070
   188
1070
   170
1070
   204
1070
    28
1070
    23
1070
   243
  0
SPLINE
  5
2267
330
1F
100
AcDbEntity
  8
BASE
 62
     7
100
AcDbSpline
210
-0.9999999537241816
220
-0.0003042230020956
230
0.0
 70
    12
 71
     2
 72
     6
 73
     3
 74
     0
 42
0.000000001
 43
0.0000000001
 40
-149.2024137820679
 40
-149.2024137820679
 40
-149.2024137820679
 40
0.0
 40
0.0
 40
0.0
 10
4502.033775843112
 20
2834.900797565035
 30
728.7226441039812
 41
1.0
 10
4502.011135724852
 20
2909.320276221683
 30
723.5187269742811
 41
0.7313537016190001
 10
4502.011135724852
 20
2909.320276221683
 30
648.9175200832213
 41
1.0
1001
ACAD_STEPID
1071
      485
  0
SPLINE
  5
2268
330
1F
100
AcDbEntity
  8
BASE
 62
     7
100
AcDbSpline
210
-0.0003034819300635
220
0.9975640040967036
230
-0.0697564737445234
 70
    12
 71
     2
 72
     8
 73
     5
 74
     0
 42
0.000000001
 43
0.0000000001
 40
0.0
 40
0.0
 40
0.0
 40
21.99114857512855
 40
21.99114857512855
 40
43.9822971502571
 40
43.9822971502571
 40
43.9822971502571
 10
4502.034370045777
 20
2832.947616390581
 30
700.7908506967813
 41
1.0
 10
4516.034369397918
 20
2832.951875512609
 30
700.7908506967813
 41
0.707106781187
 10
4516.034072296584
 20
2833.928466099838
 30
714.7567474003811
 41
1.0
 10
4516.033775195249
 20
2834.905056687066
 30
728.7226441039814
 41
0.707106781187
 10
4502.033775843112
 20
2834.900797565035
 30
728.7226441039812
 41
1.0
1001
ACAD_STEPID
1071
      485
  0
SPLINE
  5
2269
330
1F
100
AcDbEntity
  8
BASE
 62
     7
100
AcDbSpline
210
-0.9999999537241814
220
-0.0003042230020956
230
0.0
 70
    12
 71
     2
 72
     6
 73
     3
 74
     0
 42
0.000000001
 43
0.0000000001
 40
0.0
 40
0.0
 40
0.0
 40
149.2024137820679
 40
149.2024137820679
 40
149.2024137820679
 10
4502.019653968909
 20
2881.320277517406
 30
648.9175200832213
 41
1.0
 10
4502.019653968909
 20
2881.320277517409
 30
697.4083045623815
 41
0.7313537016190001
 10
4502.034370045777
 20
2832.947616390581
 30
700.7908506967813
 41
1.0
1001
ACAD_STEPID
1071
      485
  0
SURFACE
  5
226A
330
1F
100
AcDbEntity
  8
BASE
 62
     7
160
                 8
310
0800000000000000
100
AcDbModelerGeometry
 70
     1
  1
mnjoo lh m mk          
  1
ni ^ *+0;:,4 ^ *+0\^ [ mo ^ LR mlnqiqmqijjlj QK o  
  1
mjqlfffffffffffffgjg fqfffffffffffffffjkh:roh nqooooooooooooooooli:rno 
  1
>,27:>;:- {rn rn _nl mlnqiqmqijjlj |
  1
=0;& {rn rn {rn {m {rn {l |
  1
3*2/ {rn rn {rn {rn {k {n |
  1
+->1,90-2 {rn rn n o o o n o o o n kjmgqgolfnhmjjjiofng migfqmffgholkionjmig nihqklhjogmilhkihfmi n 10@-0+>+: 10@-:93:<+ 10@,7:>- |
  1
,7:33 {rn rn {rn {rn {rn {j {rn {m |
  1
9><: {i rn {rn {rn {h {k {rn {g 90-(>-; ;0*=3: 0*+ |
  1
/:-,*=:1+r><>;L036;W6,+0-&r>++-6= {rn rn {rn {rn {j n noh nooooooooo noon |
  1
300/ {rn rn {rn {rn {f {j |
  1
,/361:r,*-9><: {rn rn {rn 90-(>-; $ :'><+@,/3@,*- mofoo 9*33 1*-=, m m =0+7 0/:1 0/:1 101: 101: m l 
  1
 rlqjhkimkimkogogighgk:rnn m oqhmkmikoigifjflhimlf m 
  1
 rnqllmmihimfjjonghgkf:rnj m mgqoooooooooonnnfnoj m jiqoooooooooinmihmjg m 
  1
 rmiqhlhoojffimimlikfi liqigmhjoiifkifkfngn jknqnllhfikikijjlkhl nqoooooooooomgfnnhim 
  1
 rmiqhlifffimfgojmohfj liqiingmlhmglnjolj jkoqglkjmhmkfimglogh oqhohnoihgnniilhjgnfi 
  1
 rmiqhlhofoihklgkmhlnn liqfinofmfmfjfjookli jkoqgnlioolohkllgloj nqoooooooooonollhoij 
  1
 rnlqolhooiilomimomfnn liqigifngjmkjfgmfoj jknqnllhfikikijjmlli oqhohnoihgnmohkkliljk 
  1
 rnmqhlhooomhhijfnggnf liqiiiogmgjolkkkjfnl jkoqglkjmhmkfimglogh oqkfffffffffginmljkkj 
  1
 rnmqhlhofnlmmmkjhlngm liqfijljmojnimkljhkk jkoqgnlioolohkllfkkm oqhohnoihgnnfklofmjmf 
  1
 rnlqolhmfhlijnlgghini lhqikmjgmnhoihmholjn jjkqgookmlfjlmlklhng nqoooooooooomgfnnjk 
  1
 rnmqhlhmfhlhgfflnggh lhqikmihlklhjjmkioln jjkqgookmlfjlmljgkfh oqhohnoihgnniilhjgnfi 
  1
 rnmqhlhlggkmljhfhlhii lhqfknfkmilgglnglffl jjkqhhfkfhonnnllhfgf nqoooooooooonolligkm 
  1
 rnlqolhjggnooonjhkofg lgqjfgmkjgnihhjjghfh jigqkihojnkkmmmofilj oqhohnoihgnmonmighfh 
  1
 rnmqhlhjfkkgolmhnfilm lgqinfmikomkhgfjnjjf jigqhiilmoijhmjfhnnf oqkfffffffffgnhjhlhok 
  1
 rnmqhlhigjjmkfnlhlffj lgqfngjllmmioigliml jigqhkjlflhnjnjonjhh oqhohnoihgnnggnlkknkj 
  1
 rmiqhlhjghkiikmkjmghh lgqjfkohhfiningnjkk jigqkihojnkkngnljoff nqooooooooooknminmnh 
  1
 rmiqhlhjflglmgfoimogi lgqinjookfomhloglnl jigqhiilmoijigklmhh oqhohnoihgnnhjnognihg 
  1
 rmiqhlhigkghhkifihgfm lgqfnkmhknokoofhmoij jigqhkjlflhnkhllglij nqoooooooooommigimfh 
  1
 o 
  1
 
  1
 o 
  1
 o 
  1
 o 
  1
 o 
  1
 o 
  1
 o 
  1
 Y Y rlqjhkimkimkogogighgk:rnn Y oqhmkmikoigifjflhimlf Y rnqllmmihimfjjonghgkf:rnj Y jiqoooooooooinmihmjg ZGKZQ[Z[@Xn " Y rlqjhkimkimkogogighgk:rnn Y oqhmkmikoigifjflhimlf Y rnqllmmihimfjjonghgkf:rnj Y jiqoooooooooinmihmjg |
  1
<0:;8: {rn rn {rn {no {nn {rn {nm -:):-,:; {h {nl |
  1
<0:;8: {rn rn {rn {nk {f {rn {nj 90-(>-; {h {ni |
  1
<0:;8: {rn rn {rn {f {nk {rn {nh -:):-,:; {h {ng |
  1
:;8: {nf rn {rn {mo roqkhnmlggfgolgkigfihk {mn ro {f {mm 90-(>-; _h *1410(1 |
  1
/<*-): {rn rn {rn o 90-(>-; $ :'/@/>-@<*- 1*=, n 0/:1 m 
  1
 o n oqkhnmlggfgolgkigfihk n 
  1
 rlqjhkimkimkogogighgk:rnn nqhhiljiglfkoomjokij:rnj 
  1
 oqhmkmikoigiikknjfkfg rnqllmmihimfjjonghgkf:rnj 
  1
 o 
  1
 ,/361: 90-(>-; $ -:9 o " Y rlqjhkimkimkogogighgk:rnn Y oqhmkmikoigifjflhimlf Y rnqllmmihimfjjonghgkf:rnj Y jiqoooooooooinmihmjg 
  1
 " o o |
  1
<0:;8: {rn rn {rn {nn {no {rn {ml -:):-,:; {h {mk |
  1
:;8: {mj rn {rn {mo o {mi klqfgmmfifknikogkifn {no {mh 90-(>-; _h *1410(1 |
  1
/<*-): {rn rn {rn o 90-(>-; $ :'/@/>-@<*- 1*=, n 0/:1 m 
  1
 o n klqfgmmfifknikogkifn n 
  1
 oqhmkmikoigiikknjfkfg rnqllmmihimfjjonghgkf:rnj 
  1
 oqhmkmikoigifjflhimlf jjqffffffgjmjogkiilj 
  1
 o 
  1
 ,/361: 90-(>-; $ -:9 o " Y rlqjhkimkimkogogighgk:rnn Y oqhmkmikoigifjflhimlf Y rnqllmmihimfjjonghgkf:rnj Y jiqoooooooooinmihmjg 
  1
 " o o |
  1
:;8: {mg rn {rn {mn nqjfnjnjhjlmhjkkongm:rnk {mf klqolfglojgmihilghlf {nn {lo 90-(>-; _h *1410(1 |
  1
/<*-): {rn rn {rn o 90-(>-; $ :'/@/>-@<*- 1*=, n 0/:1 m 
  1
 rklqolfgloilfjfojojmi n ro n 
  1
 rlqjhlfhmligojlfonjoj:rnn jiqoooooooooinmihmjg 
  1
 rlqjhkimkimkogogighgk:rnn nqhhiljiglfkoomjokij:rnj 
  1
 o 
  1
 ,/361: 90-(>-; $ -:9 o " Y rlqjhkimkimkogogighgk:rnn Y oqhmkmikoigifjflhimlf Y rnqllmmihimfjjonghgkf:rnj Y jiqoooooooooinmihmjg 
  1
 " o o |
  1
/:-,*=:1+r><>;L036;W6,+0-&r>++-6= {rn rn {rn {rn {nm n noh nooooooooo jnoon |
  1
):-+:' {rn rn {rn {nm o {ln |
  1
):-+:' {rn rn {rn {nm n {lm |
  1
61+<*-):r<*-): {rn rn {rn 90-(>-; $ :'><+@61+@<*- mofoo 9*33 1*-=, m 0/:1 m 
  1
 roqkhnmlggfgolgkigfihk m ro m 
  1
 rmiqhlhofoihklgkmifji liqfinofmfmfjhijhmgf jkoqgnlioolohklkfihk oqffffffffffgkgkmlkhn 
  1
 rmiqhlifffimfgojmohfj liqiingmlhmglnilmgnf jkoqglkjmhmkfikihmi oqhohnoihgnnhfnmlnhgl 
  1
 rmiqhlhoojffimimlikfi liqigmhjoiifkifkfngn jknqnllhfikikijjlkhl nqoooooooooomgfnnhim 
  1
 o 
  1
 
  1
 1*33@,*-9><: 
  1
 1*33@,*-9><: 
  1
 1*33=, 
  1
 1*33=, 
  1
 V V 
  1
 o 
  1
 o 
  1
 o 
  1
 
  1
 o Y roqkhnmlggfgolgkigfihk Y ro JQZGKZQ[Z[ JQZGKZQ[Z[ " Y roqkhnmlggfgolgkigfihk Y ro |
  1
:;8: {ll rn {rn {mf ro {mi oqkhnmlggfhflgifkinm {nk {lk 90-(>-; _h *1410(1 |
  1
/<*-): {rn rn {rn o 90-(>-; $ :'/@/>-@<*- 1*=, n 0/:1 m 
  1
 roqkhnmlggfhflgifkinm n ro n 
  1
 oqhmkmikoigifjflhimlf jjqffffffgjmjogkiilj 
  1
 rlqjhlfhmligojlfonjoj:rnn jiqoooooooooinmihmjg 
  1
 o 
  1
 ,/361: 90-(>-; $ -:9 o " Y rlqjhkimkimkogogighgk:rnn Y oqhmkmikoigifjflhimlf Y rnqllmmihimfjjonghgkf:rnj Y jiqoooooooooinmihmjg 
  1
 " o o |
  1
/:-,*=:1+r><>;L036;W6,+0-&r>++-6= {rn rn {rn {rn {nj n noh nooooooooo njnoon |
  1
):-+:' {rn rn {rn {nj n {lj |
  1
61+<*-):r<*-): {rn rn {rn 90-(>-; $ :'><+@61+@<*- mofoo 9*33 1*-=, m 0/:1 l 
  1
 o m mnqffnnkgjmghkfookj m klqfgmmfifknikogkifn m 
  1
 rmiqhlhofoihklgkmiion liqfinofmfmfjgjhfjhl jkoqgnlioolohklklfgf oqfffffffffffhjgfgnig 
  1
 rnmqhlhofnlmmmkjhlook liqfijljmojninjnknh jkoqgnlioolohklkjnmi oqhohnoihgnngjmfjjhkm 
  1
 rnmqhlhlggkmljhfhloji lhqfknfkmilggmmilnl jjkqhhfkfhonnnlkkgn oqfffffffffffhjgfjfkg 
  1
 rnmqhlhigjjmkfnnjnmk lgqfngjllmnghjlghnfj jigqhkjlflinoigomjl oqhohnoihgmhmglioifkk 
  1
 rmiqhlhigkhhmhkknfjjl lgqfnkmhknokolmlijik jigqhkjlflhnkhlkkoj oqffffffffifnnkjfnlmj 
  1
 o 
  1
 
  1
 1*33@,*-9><: 
  1
 1*33@,*-9><: 
  1
 1*33=, 
  1
 1*33=, 
  1
 V V 
  1
 o 
  1
 o 
  1
 o 
  1
 
  1
 o Y o Y klqfgmmfifknikogkifn JQZGKZQ[Z[ JQZGKZQ[Z[ " Y o Y klqfgmmfifknikogkifn |
  1
/:-,*=:1+r><>;L036;W6,+0-&r>++-6= {rn rn {rn {rn {nh n noh nooooooooo ljnoon |
  1
):-+:' {rn rn {rn {ml o {li |
  1
61+<*-):r<*-): {rn rn {rn 90-(>-; $ :'><+@61+@<*- mofoo 9*33 1*-=, m 0/:1 l 
  1
 ro m mnqjnffnjlnfjigknngi m klqolfgloilfjfojojmi m 
  1
 rmiqhlhoojffimimlhjim liqigmhjoiifkifjoiom jknqnllhfikikijjkin nqoooooooooomgfogijl 
  1
 rnlqolhooiilomimomjjj liqigifngjmkjfgmfoj jknqnllhfikikijjnm oqhohnoihgnmohkknilh 
  1
 rnlqolhmfhlijnlgggnkf lhqikmjgmnhoihmhnhhm jjkqgookmlfjlmlkgmij nqoooooooooomgfogkln 
  1
 rnlqolhjggnooonjhlhkm lgqjfgmkjgnihhjjghfh jigqkihojnkkmmmnohhm oqhohnoihgnmonmiihfgi 
  1
 rmiqhlhjghkiikmkjlfkl lgqjfkohhfiningninjn jigqkihojnkkngnlhlhl nqooooooooooknmjgnog 
  1
 o 
  1
 
  1
 1*33@,*-9><: 
  1
 1*33@,*-9><: 
  1
 1*33=, 
  1
 1*33=, 
  1
 V V 
  1
 o 
  1
 o 
  1
 o 
  1
 
  1
 o Y ro Y klqolfgloilfjfojojmi JQZGKZQ[Z[ JQZGKZQ[Z[ " Y ro Y klqolfgloilfjfojojmi |
  1
/061+ {rn rn {rn rmiqhlhofoihklgkmifji liqfinofmfmfjhijhmgf jkoqgnlioolohklkfihk |
  1
/061+ {rn rn {rn rmiqhlhoojffimimlikfi liqigmhjoiifkifkfngn jknqnllhfikikijjlkhl |
  1
/:-,*=:1+r><>;L036;W6,+0-&r>++-6= {rn rn {rn {rn {ml n noh nooooooooo mjnoon |
  1
61+<*-):r<*-): {rn rn {rn 90-(>-; $ :'><+@61+@<*- mofoo 9*33 1*-=, m 0/:1 m 
  1
 ro m oqkhnmlggfhflgifkinm m 
  1
 rmiqhlhjghknjnglgkjfi lgqjfkohhfinillhklhn jigqkihojnkkngnlhlhl oqffffffffgkfmoniokon 
  1
 rmiqhlhjflhgojmhghhlf lgqinjookfomhkihhjgg jigqhiilmoijigklnill oqhohnoihgoohfilmfonh 
  1
 rmiqhlhigkgmjnoifkinn lgqfnkmhknokomjiijmm jigqhkjlflhnkhllfjom oqffffffffgkhlkkikkfg 
  1
 o 
  1
 
  1
 1*33@,*-9><: 
  1
 1*33@,*-9><: 
  1
 1*33=, 
  1
 1*33=, 
  1
 V V 
  1
 o 
  1
 o 
  1
 o 
  1
 
  1
 o Y ro Y oqkhnmlggfhflgifkinm JQZGKZQ[Z[ JQZGKZQ[Z[ " Y ro Y oqkhnmlggfhflgifkinm |
  1
/061+ {rn rn {rn rmiqhlhigkhhmhkknffog lgqfnkmhknokolmlhmhj jigqhkjlflhnkhlkkoj |
  1
/061+ {rn rn {rn rmiqhlhjghknjnglgkjfi lgqjfkohhfinillhklhn jigqkihojnkkngnlhlhl |
100
AcDbSurface
 71
     6
 72
     6
1001
ACAD_STEPID
1071
      107
1001
ACAD_OBJECT_CHANGE_GUID
1070
     1
1071
260276060
1070
 -1669
1070
 22095
1070
   160
1070
   103
1070
   113
1070
   171
1070
   106
1070
   177
1070
    43
1070
   182
  0
LINE
  5
226B
330
1F
100
AcDbEntity
  8
BASE
 62
     7
100
AcDbLine
 10
4502.019653968909
 20
2881.320277517406
 30
570.6366322169814
 11
4502.019653968909
 21
2881.320277517406
 31
648.9175200832213
1001
ACAD_STEPID
1071
      487
  0
LINE
  5
226C
330
1F
100
AcDbEntity
  8
BASE
 62
     7
100
AcDbLine
 10
4502.011135724852
 20
2909.320276221683
 30
648.9175200832213
 11
4502.011135724852
 21
2909.320276221682
 31
580.2366322169813
1001
ACAD_STEPID
1071
      487
  0
REGION
  5
226D
330
1F
100
AcDbEntity
  8
BASE
 62
     7
100
AcDbModelerGeometry
 70
     1
  1
mnjoo ll m mk          
  1
ni ^ *+0;:,4 ^ *+0\^ [ mo ^ LR mlnqiqmqijjlj QK o  
  1
mjqlfffffffffffffgjg fqfffffffffffffffjkh:roh nqooooooooooooooooli:rno 
  1
>,27:>;:- {rn rn _nl mlnqiqmqijjlj |
  1
=0;& {rn rn {rn {m {rn {l |
  1
3*2/ {rn rn {rn {rn {k {n |
  1
+->1,90-2 {rn rn n o o o n o o o n kjmgqgolfnhmjjjiofng migfqmffgholkionjmig nihqklhjogmilhkihfmi n 10@-0+>+: 10@-:93:<+ 10@,7:>- |
  1
,7:33 {rn rn {rn {rn {rn {j {rn {m |
  1
9><: {rn rn {rn {rn {i {k {rn {h 90-(>-; ;0*=3: 0*+ |
  1
300/ {rn rn {rn {g {f {j |
  1
/3>1:r,*-9><: {rn rn {rn rknqhnmmnmihfffkjlil lgqihgkllkionjmgolok jifqhlgjlfifikmfjfhg oqooololkgnfloninjglifmm roqffhjikookofihlngkgf oqoifhjikhlhkknnilofil mqnmmnjmlgjhfilomfjn:roj roqoifhjikhojniohglgfll roqffhjikojomjfgmkfhkg 90-(>-;@) V V V V |
  1
300/ {rn rn {rn {rn {no {j |
  1
<0:;8: {rn rn {rn {nn {nn {rn {nm 90-(>-; {i {nl |
  1
<0:;8: {rn rn {rn {nk {nk {rn {nj 90-(>-; {g {ni |
  1
<0:;8: {rn rn {rn {f {f {rn {nh -:):-,:; {i {ng |
  1
:;8: {rn rn {rn {nf nqjfnjnjhjlmhjkkongm:rnk {mo klqolfglojgmihilghlf {f {mn 90-(>-; _h *1410(1 |
  1
/<*-): {rn rn {rn o 90-(>-; $ :'/@/>-@<*- 1*-=, m 0/:1 j 
  1
 o m noqhjffjilhhmnojijhj m mnqjnffnjlnfhfjmjmil m lmqmhfghkmimlhffkglf m klqolfgloilfjfojojmi m 
  1
 nlqhooooooooonmhhgk mqofjohohgljmjkklkol:rof n 
  1
 nlqhoooonloninglfffn jqihkhmgkfkjjhkhlnfn oqfmlghfjmgommllojlnh 
  1
 fqighlikgfifhlfnhgfk fqighliijjnhoniigmhn n 
  1
 jqihkhmhkjigngfmlghi nlqhoooojikkljhnffjf oqfmlghfkflnoihmlhfmi 
  1
 rkqogkhigohfllhiilfkf:rno nlqhoooojikkmlkgkhig n 
  1
 rjqihkhmhkjhiljifmhjn nlqhoooojikknnmkfjhh oqfmlghfkflnoihmlhfmi 
  1
 rfqighlikgfhjjnhggof fqighliijjnmglfmfjlf n 
  1
 rnlqhoooonlonfjiinmfm jqihkhmgkflfiiholfhf oqfmlghfjmgommllojlnh 
  1
 rnlqhooooooooonmhhgk nqikmhjlkgghfjmhggmh:rof n 
  1
 o 
  1
 /3>1: rknqhnmmnmihfffkjlil lgqihgkllkionjmgolok jifqhlgjlfifikmfjfhg oqooololkgnfloninjglifmm roqffhjikookofihlngkgf oqoifhjikhlhkknnilofil mqnmmnjmlgjhfilomfjn:roj roqoifhjikhojniohglgfll roqffhjikojomjfgmkfhkg 90-(>-;@) V V V V 
  1
 " o o |
  1
<0:;8: {rn rn {rn {no {no {rn {mm 90-(>-; {g {ml |
  1
:;8: {rn rn {rn {mk rknqhkhilniglnifmfjjn {mj ro {no {mi 90-(>-; _h *1410(1 |
  1
/<*-): {rn rn {rn o 90-(>-; $ :'/@/>-@<*- 1*-=, m 0/:1 j 
  1
 rknqhkhilniglnifmfjjn m rlnqlnohmlhimlhififgi m rmoqghlgnjgknjgkikkm m rnoqklifohfmohfmlmoll m o m 
  1
 nlqmggihjnlkimomlkjl nqklmhgkjjhiikkfokmn:rof n 
  1
 nlqmggigogmijhmiglki rjqjokljlkflflnnoflfg oqfmlghfklljollfhohlf 
  1
 fqlfijnhnjjlnofololi rfqlfijmnngkigonljfhk n 
  1
 jqjokljlkgkokgfnmnnj rnlqmggiggghjkmfnjf oqfmlghfklljollfhohlf 
  1
 rnqoiojhlnkokmnnglhg:rog rnlqmggigggihfonklgll n 
  1
 rjqjokljljojmiokmiklg rnlqmggigggiolhlhnjgg oqfmlghfklljollfhohlf 
  1
 rfqlfijnhnholofiohjli rfqlfijmnnjgfhgfomglm n 
  1
 rnlqmggigogljljghmmom rjqjokljlkjhjgkognhgg oqfmlghfklljollfhohlf 
  1
 rnlqmggihjnlkimolkgmm lqhoikfnkiflonfofofm:rog n 
  1
 o 
  1
 /3>1: rknqhnmmnmihfffkjlil lgqihgkllkionjmgolok jifqhlgjlfifikmfjfhg oqooololkgnfloninjglifmm roqffhjikookofihlngkgf oqoifhjikhlhkknnilofil mqnmmnjmlgjhfilomfjn:roj roqoifhjikhojniohglgfll roqffhjikojomjfgmkfhkg 90-(>-;@) V V V V 
  1
 " o o |
  1
:;8: {rn rn {rn {nf rklqolfgloikiihlfmhnn {mo o {nn {mh 90-(>-; _h *1410(1 |
  1
/<*-): {rn rn {rn o 90-(>-; $ :'/@/>-@<*- 1*-=, m 0/:1 j 
  1
 o m noqhjffjilhfojilfknl m mnqjnffnjlmlkgifnikf m lmqmhfghkmihfnhkljl m klqolfgloikifhlgmjgg m 
  1
 rnlqhooooooooonmhhgk nqikmhjlkgghfjmhggmh:rof n 
  1
 rnlqhoooonlolmokhokll rjqihkhmgkfnhimkifgjn oqfmlghfjmhffijjojfg 
  1
 rfqighlikgfglhhnjkjlm rfqighliijjomjmkofhg n 
  1
 rjqihkhmhkjgolgjkgmhg rnlqhoooojikkmjlifglg oqfmlghfkflogofklgjgg 
  1
 mqhoooimlfjggglgohoi:rno rnlqhoooojikknggigfoj n 
  1
 jqihkhmhkjgjhgjifilf rnlqhoooojikknmlifmnj oqfmlghfkflogofklgjgg 
  1
 fqighlikgfghjgfnkfll rfqighliijjoolokhggim n 
  1
 nlqhoooonlolkmgjlfj rjqihkhmgkfnkkgiofgom oqfmlghfjmhffijjojfg 
  1
 nlqhooooooooonmhhgk mqofjohohgljmjkklkol:rof n 
  1
 o 
  1
 /3>1: rknqhnmmnmihfffkjlil lgqihgkllkionjmgolok jifqhlgjlfifikmfjfhg oqooololkgnfloninjglifmm roqffhjikookofihlngkgf oqoifhjikhlhkknnilofil mqnmmnjmlgjhfilomfjn:roj roqoifhjikhojniohglgfll roqffhjikojomjfgmkfhkg 90-(>-;@) V V V V 
  1
 " o o |
  1
):-+:' {rn rn {rn {nm o {mg |
  1
):-+:' {rn rn {rn {nm n {mf |
  1
61+<*-):r<*-): {rn rn {rn 90-(>-; $ :'><+@61+@<*- mofoo 9*33 1*-=, m 0/:1 l 
  1
 ro m mnqjnffnjlnfjigknngi m klqolfgloilfjfojojmi m 
  1
 rmiqhlhoojffimimlhjim liqigmhjoiifkifjoiom jknqnllhfikikijjkin nqoooooooooomgfogijl 
  1
 rnlqolhooiilomimomjjj liqigifngjmkjfgmfoj jknqnllhfikikijjnm oqhohnoihgnmohkknilh 
  1
 rnlqolhmfhlijnlgggnkf lhqikmjgmnhoihmhnhhm jjkqgookmlfjlmlkgmij nqoooooooooomgfogkln 
  1
 rnlqolhjggnooonjhlhkm lgqjfgmkjgnihhjjghfh jigqkihojnkkmmmnohhm oqhohnoihgnmonmiihfgi 
  1
 rmiqhlhjghkiikmkjlfkl lgqjfkohhfiningninjn jigqkihojnkkngnlhlhl nqooooooooooknmjgnog 
  1
 o 
  1
 
  1
 1*33@,*-9><: 
  1
 1*33@,*-9><: 
  1
 1*33=, 
  1
 1*33=, 
  1
 V V 
  1
 o 
  1
 o 
  1
 o 
  1
 
  1
 o Y ro Y klqolfgloilfjfojojmi JQZGKZQ[Z[ JQZGKZQ[Z[ " Y ro Y klqolfgloilfjfojojmi |
  1
:;8: {rn rn {rn {mj rknqhkhilnjofhhogkogn {mk ro {nk {lo 90-(>-; _h *1410(1 |
  1
/<*-): {rn rn {rn o 90-(>-; $ :'/@/>-@<*- 1*-=, m 0/:1 j 
  1
 rknqhkhilnjinoogomoik m rlnqlnohmlihohjionjkg m rmoqghlgnjhgojokonolm m rnoqklifohgfomjmoojni m o m 
  1
 rnlqmggihjnlkimolkgmm lqhoikfnkiflonfofofm:rog n 
  1
 rnlqmggigogonjigkffgj jqjokljljnlgmlglhhjn oqfmlghfkllfklnkmfgol 
  1
 rfqlfijnhnlkmmogjhhh fqlfijmnnglngifhii n 
  1
 rjqjokljlkiighlhfkhgh nlqmggigggjmjjonnmhg oqfmlghfkllfklnkmfgol 
  1
 fqgfofgmmjjkjiolhgnf:rof nlqmggigggkjlngjojkh n 
  1
 jqjokljlkgiijjkgiimh nlqmggiggglgogifolkf oqfmlghfkllfklnkmfgol 
  1
 fqlfijnhnkgmoghhmjfi fqlfijmnnjgkfihkimfj n 
  1
 nlqmggigogofhimnjhnj jqjokljlkhgfoijgommm oqfmlghfkllfklnkmfgol 
  1
 nlqmggihjnlkimomlkjl nqklmhgkjjhiikkfokmn:rof n 
  1
 o 
  1
 /3>1: rknqhnmmnmihfffkjlil lgqihgkllkionjmgolok jifqhlgjlfifikmfjfhg oqooololkgnfloninjglifmm roqffhjikookofihlngkgf oqoifhjikhlhkknnilofil mqnmmnjmlgjhfilomfjn:roj roqoifhjikhojniohglgfll roqffhjikojomjfgmkfhkg 90-(>-;@) V V V V 
  1
 " o o |
  1
):-+:' {rn rn {rn {nj o {ln |
  1
):-+:' {rn rn {rn {nj n {lm |
  1
61+<*-):r<*-): {rn rn {rn 90-(>-; $ :'><+@61+@<*- mofoo 9*33 1*-=, m 0/:1 l 
  1
 rknqhkhilniglnifmfjjn m rmoqghlgnjhfohlfhnfkf m ro m 
  1
 rmiqhlhonkhmjfmimklgk liqhnnkklmkoljojokgg jknqjkknnflilllfilmk oqffffffffffhhkjoolgn 
  1
 rkoqomjigflooghmijikm liqhohkoojnfhkohongk jknqjkknnflikoinmomg oqhohnoihhfhohmhkgigk 
  1
 rkoqomjfhnmjohgommlkk lhqilklhnjfggnojiook jjkqgookmkoofnllhljn n 
  1
 rkoqomimjlmooifjgjjnl lgqjinlkmihnkflfihhh jigqojihmgjimhhimkln oqhohnoihgnnlknkhmiik 
  1
 rmiqhlhjhghnhlnoghglm lgqjijlgjlfohilmkiig jigqojihmgjklnmhfhkl oqffffffffhnmlhojkikn 
  1
 o 
  1
 
  1
 1*33@,*-9><: 
  1
 1*33@,*-9><: 
  1
 1*33=, 
  1
 1*33=, 
  1
 V V 
  1
 o 
  1
 o 
  1
 o 
  1
 
  1
 o Y rknqhkhilniglnifmfjjn Y ro JQZGKZQ[Z[ JQZGKZQ[Z[ " Y rknqhkhilniglnifmfjjn Y ro |
  1
61+<*-):r<*-): {rn rn {rn 90-(>-; $ :'><+@61+@<*- mofoo 9*33 1*-=, m 0/:1 l 
  1
 rklqolfgloikifhlgmjgg m rmnqjnffnjlmlllifjikj m o m 
  1
 rmiqhlhoojffjffmljghm liqigmhjoiifkifjimgh jknqnllhfikikijjmlli nqoooooooooolhokjmji 
  1
 rkoqklhoojlimmimhlnon liqihgjgmgnklmnhkmfk jknqnllhfikiklgjfofj oqhohnoihgnmollkojgkm 
  1
 rkoqklhmfiofhnlfiogmi lhqilkmkikioknkffmkk jjkqgookmlfjlmlkkgjj nqoooooooooomgggnjik 
  1
 rkoqklhjgiglmonikljhg lgqjgffnonoikgflgknl jigqkihojnkkngnllfim oqhohnoihgnmohkmmjknm 
  1
 rmiqhlhjghkiionioimim lgqjfkohhfiningmioff jigqkihojnkkngnlimli nqoooooooooomgggnhgi 
  1
 o 
  1
 
  1
 1*33@,*-9><: 
  1
 1*33@,*-9><: 
  1
 1*33=, 
  1
 1*33=, 
  1
 V V 
  1
 o 
  1
 o 
  1
 o 
  1
 
  1
 o Y rklqolfgloikifhlgmjgg Y o JQZGKZQ[Z[ JQZGKZQ[Z[ " Y rklqolfgloikifhlgmjgg Y o |
  1
/061+ {rn rn {rn rmiqhlhoojffimimlikfi liqigmhjoiifkifkfngn jknqnllhfikikijjlkhl |
  1
/061+ {rn rn {rn rmiqhlhjghknjnglgkjfi lgqjfkohhfinillhklhn jigqkihojnkkngnlhlhl |
  1
61+<*-):r<*-): {rn rn {rn 90-(>-; $ :'><+@61+@<*- mofoo 9*33 1*-=, m 0/:1 l 
  1
 rknqhkhilnjinoogomoik m rmoqghlgnjhgojoghkfik m ro m 
  1
 rmiqhlhjhghnhlomlnimg lgqjijlgjlfohilmihff jigqojihmgjklnmhgioi oqffffffffffffhllmnlk 
  1
 rnlqkkgfokmohjkjlfiim lgqjifkmgnnooolojflh jigqojihmgjmllnfkoh oqhohnoihgnkkfnlllolh 
  1
 rnlqkkgimmmnnkffmohhg lhqikmkjholjkfhkhfon jjkqgookmlfkllllhmin n 
  1
 rnlqkkglkomnjkklonfgl liqhnjkgjfioffnngn jknqjkknnflilllfhkin oqhohnoihgnkkfooomff 
  1
 rmiqhlhonkhmjmomhfhij liqhnnkklmkoljohlfli jknqjkknnflilllfilmk oqfffffffffffffffnnng 
  1
 o 
  1
 
  1
 1*33@,*-9><: 
  1
 1*33@,*-9><: 
  1
 1*33=, 
  1
 1*33=, 
  1
 V V 
  1
 o 
  1
 o 
  1
 o 
  1
 
  1
 o Y rknqhkhilnjinoogomoik Y ro JQZGKZQ[Z[ JQZGKZQ[Z[ " Y rknqhkhilnjinoogomoik Y ro |
  1
/061+ {rn rn {rn rmiqhlhonkhmjfmimklgk liqhnnkklmkoljojokgg jknqjkknnflilllfilmk |
  1
/061+ {rn rn {rn rmiqhlhjhgihnnhmihhj lgqjijlgjlfohgjhhogg jigqojihmgjklnmmnhim |
1001
ACAD_OBJECT_CHANGE_GUID
1070
     1
1071
-698336296
1070
 24747
1070
 22089
1070
   186
1070
     0
1070
   112
1070
   141
1070
   101
1070
    18
1070
   224
1070
   240
  0
LINE
  5
226E
330
1F
100
AcDbEntity
  8
BASE
 62
     7
100
AcDbLine
 10
4502.011135724852
 20
2909.320276221683
 30
648.9175200832213
 11
4502.011135724852
 21
2909.320276221683
 31
570.6366322169814
1001
ACAD_STEPID
1071
      489
  0
LINE
  5
226F
330
1F
100
AcDbEntity
  8
BASE
 62
     7
100
AcDbLine
 10
4502.019653968909
 20
2881.320277517406
 30
570.6366322169814
 11
4502.019653968909
 21
2881.320277517406
 31
648.9175200832213
1001
ACAD_STEPID
1071
      489
  0
SPLINE
  5
2270
330
1F
100
AcDbEntity
  8
BASE
 62
     7
100
AcDbSpline
210
-0.0000000000000081
220
0.0
230
1.0
 70
    12
 71
     2
 72
     8
 73
     5
 74
     0
 42
0.000000001
 43
0.0000000001
 40
0.0
 40
0.0
 40
0.0
 40
21.99104729257082
 40
21.99104729257082
 40
43.98209458514164
 40
43.98209458514164
 40
43.98209458514164
 10
4502.019653968909
 20
2881.320277517406
 30
570.6366322169814
 41
1.0
 10
4516.019653321047
 20
2881.324536639436
 30
570.6366322169815
 41
0.7071067811865476
 10
4516.01539419902
 20
2895.324535991576
 30
570.6366322169814
 41
1.0
 10
4516.01113507699
 20
2909.324535343713
 30
570.6366322169815
 41
0.7071067811865476
 10
4502.011135724852
 20
2909.320276221683
 30
570.6366322169814
 41
1.0
1001
ACAD_STEPID
1071
      489
  0
SPLINE
  5
2271
330
1F
100
AcDbEntity
  8
BASE
 62
     7
100
AcDbSpline
210
-0.0000000000000081
220
0.0
230
1.0
 70
    12
 71
     2
 72
     8
 73
     5
 74
     0
 42
0.000000001
 43
0.0000000001
 40
0.0
 40
0.0
 40
0.0
 40
21.99104729257082
 40
21.99104729257082
 40
43.98209458514164
 40
43.98209458514164
 40
43.98209458514164
 10
4502.019653968909
 20
2881.320277517406
 30
570.6366322169814
 41
1.0
 10
4516.019653321047
 20
2881.324536639436
 30
570.6366322169815
 41
0.7071067811865476
 10
4516.01539419902
 20
2895.324535991576
 30
570.6366322169814
 41
1.0
 10
4516.01113507699
 20
2909.324535343713
 30
570.6366322169815
 41
0.7071067811865476
 10
4502.011135724852
 20
2909.320276221683
 30
570.6366322169814
 41
1.0
  0
SPLINE
  5
2272
330
1F
100
AcDbEntity
  8
BASE
 62
     7
100
AcDbSpline
210
0.0000000000000084
220
0.0
230
1.0
 70
    12
 71
     2
 72
     8
 73
     5
 74
     0
 42
0.000000001
 43
0.0000000001
 40
0.0
 40
0.0
 40
0.0
 40
21.32726911151846
 40
21.32726911151846
 40
42.65453813104786
 40
42.65453813104786
 40
42.65453813104786
 10
4502.019525389139
 20
2881.742927228658
 30
570.6366322169816
 41
1.0
 10
4515.596875030026
 20
2881.747057770919
 30
570.6366322169815
 41
0.707106781187
 10
4515.592744487766
 20
2895.324407411804
 30
570.6366322169815
 41
1.0
 10
4515.588613945531
 20
2908.901756969873
 30
570.6366322169815
 41
0.7071067824503108
 10
4502.011264387441
 20
2908.897626510457
 30
570.6366322169815
 41
0.9999999974733784
  0
SURFACE
  5
2273
330
1F
100
AcDbEntity
  8
BASE
 62
     7
160
                 8
310
0800000000000000
100
AcDbModelerGeometry
 70
     1
  1
mnjoo lh m mk          
  1
ni ^ *+0;:,4 ^ *+0\^ [ mo ^ LR mlnqiqmqijjlj QK o  
  1
mjqlfffffffffffffgjg fqfffffffffffffffjkh:roh nqooooooooooooooooli:rno 
  1
>,27:>;:- {rn rn _nl mlnqiqmqijjlj |
  1
=0;& {rn rn {rn {m {rn {l |
  1
3*2/ {rn rn {rn {rn {k {n |
  1
+->1,90-2 {rn rn n o o o n o o o n kjmgqgolfnhmjjjiofng migfqmffgholkionjmig nihqklhjogmilhkihfmi n 10@-0+>+: 10@-:93:<+ 10@,7:>- |
  1
,7:33 {rn rn {rn {rn {rn {j {rn {m |
  1
9><: {i rn {rn {rn {h {k {rn {g 90-(>-; ;0*=3: 0*+ |
  1
/:-,*=:1+r><>;L036;W6,+0-&r>++-6= {rn rn {rn {rn {j n nog nooooooooo noon |
  1
300/ {rn rn {rn {rn {f {j |
  1
,/361:r,*-9><: {rn rn {rn 90-(>-; $ :'><+@,/3@,*- mofoo 9*33 1*-=, m n =0+7 0/:1 0/:1 101: 101: l m 
  1
 riqnoimmiiljklgliofhm:rnj m miqjhhljomkfkmhhkghn m jlqnjkhookfggjjkfhkn m 
  1
 o n oqikjkfhmmklmgmoiggih n 
  1
 rmiqhlhonkhmjmomgmmjm liqhnnkklmkolkonhljf jknqjkknnflilllkkomg n 
  1
 rnlqkkglkomnjklhnkngi liqhnjkgjfiofgoinjml jknqjkknnflilllkkomg oqhohnoihgnkkgfffgjkf 
  1
 rnlqkkgimmmnnkfllmfgn lhqikmkjholjkghlmjli jjkqgookmlfklllkkogm n 
  1
 rnlqkkgfokmohjlfjnigg lgqjifkmgnoffflfnkif jigqojihmgjmlllkknlh oqhohnoihgnkkgffffijf 
  1
 rmiqhlhjhghnhlnoghnmn lgqjijlgjlfohjljnmmk jigqojihmgjklnlkkjkk oqfffffffffffffffggf 
  1
 rmiqhlhnhmjfmmfknikff lhqmlolimmoofmihhifj jknqhfhmnloilolkkojk n 
  1
 rnlqhlhnhlmoljkfgogkm lhqmlklnhofffjnmnmjl jknqhfhmnloilolkmfnh oqhohnoihgnkkgfffgjkf 
  1
 rnlqhlhkkfohligfhjmhh lgqnknnjnmnjfgfhogjf jjkqhijjkjhoihlkkmgh n 
  1
 rnlqhlhhmkfklgmfhomkk lfqokhfgjllmomgnlli jihqhllghgljoklkkjnf oqhohnoihgnkkgffffijf 
  1
 rmiqhlhhmkllmjhfojjf lfqokkoloklklolihnkg jihqhllghglifhlkkfhf oqfffffffffffffffggf 
  1
 o 
  1
 
  1
 o 
  1
 o 
  1
 o 
  1
 o 
  1
 o 
  1
 o 
  1
 Y Y riqnoimmiiljklgliofhm:rnj Y jlqnjkhookfggjjkfhkn Y o Y oqikjkfhmmklmgmoiggih ZGKZQ[Z[@Xn " Y riqnoimmiiljklgliofhm:rnj Y jlqnjkhookfggjjkfhkn Y o Y oqikjkfhmmklmgmoiggih |
  1
<0:;8: {rn rn {rn {no {nn {rn {nm 90-(>-; {h {nl |
  1
<0:;8: {rn rn {rn {nk {f {rn {nj -:):-,:; {h {ni |
  1
<0:;8: {rn rn {rn {f {nk {rn {nh 90-(>-; {h {ng |
  1
:;8: {nf rn {rn {mo o {mn oqjhhljomifnfmokimlfl {f {mm 90-(>-; _h *1410(1 |
  1
/<*-): {rn rn {rn o 90-(>-; $ :'/@/>-@<*- 1*=, n 0/:1 m 
  1
 o n oqjhhljomifmjmikffglj n 
  1
 riqnoimmiiljklgliofhm:rnj oqikjkfhmmkmhnfhlkmkl 
  1
 lqiilhljfgnmilonijgl:rnk nqijokomolhmjijmikjj:rnm 
  1
 o 
  1
 ,/361: 90-(>-; $ -:9 o " Y riqnoimmiiljklgliofhm:rnj Y jlqnjkhookfggjjkfhkn Y o Y oqikjkfhmmklmgmoiggih 
  1
 " o o |
  1
<0:;8: {rn rn {rn {nn {no {rn {ml 90-(>-; {h {mk |
  1
:;8: {mj rn {rn {mi rknqhkhilnjofhhogkogn {mn ro {no {mh 90-(>-; _h *1410(1 |
  1
/<*-): {rn rn {rn o 90-(>-; $ :'/@/>-@<*- 1*=, n 0/:1 m 
  1
 o n knqhkhilnjinoogomoik n 
  1
 lqiilhljfgnmilonijgl:rnk nqijokomolhmjijmikjj:rnm 
  1
 jlqnjkhookfggkllfigh mqkinnfijmklinkfhkfj:rnn 
  1
 o 
  1
 ,/361: 90-(>-; $ -:9 o " Y riqnoimmiiljklgliofhm:rnj Y jlqnjkhookfggjjkfhkn Y o Y oqikjkfhmmklmgmoiggih 
  1
 " o o |
  1
:;8: {mg rn {rn {mf rkoqgkoihkojjoillnomg {mo o {nn {lo 90-(>-; _h *1410(1 |
  1
/<*-): {rn rn {rn o 90-(>-; $ :'/@/>-@<*- 1*=, n 0/:1 m 
  1
 rkoqgkoihkojjoillnomg n ro n 
  1
 jlqnjkhoolignggfojm oqikjkfhmmklmmjhglgf 
  1
 riqnoimmiiljklgliofhm:rnj oqikjkfhmmkmhnfhlkmkl 
  1
 o 
  1
 ,/361: 90-(>-; $ -:9 o " Y riqnoimmiiljklgliofhm:rnj Y jlqnjkhookfggjjkfhkn Y o Y oqikjkfhmmklmgmoiggih 
  1
 " o o |
  1
/:-,*=:1+r><>;L036;W6,+0-&r>++-6= {rn rn {rn {rn {nm n nog nooooooooo jnoon |
  1
):-+:' {rn rn {rn {nm o {ln |
  1
):-+:' {rn rn {rn {nm n {lm |
  1
,+->687+r<*-): {rn rn {rn rmiqhlhnhmjfmimfihfhn lhqmlolimmooggmfoofk jknqhfhmnloilonmifnm oqooomhlkllgnonmjjihlllh roqgfghfkookikgghomhoi roqklglhnnkifohigklojf V V |
  1
:;8: {ll rn {rn {mi o {mf oqjhhljomifmohmhigllf {nk {lk 90-(>-; _h *1410(1 |
  1
/<*-): {rn rn {rn o 90-(>-; $ :'/@/>-@<*- 1*=, n 0/:1 m 
  1
 roqjhhljomifmlmfijlfim n ro n 
  1
 jlqnjkhookfggkllfigh mqkinnfijmklinkfhkfj:rnn 
  1
 jlqnjkhoolignggfojm oqikjkfhmmklmmjhglgf 
  1
 o 
  1
 ,/361: 90-(>-; $ -:9 o " Y riqnoimmiiljklgliofhm:rnj Y jlqnjkhookfggjjkfhkn Y o Y oqikjkfhmmklmgmoiggih 
  1
 " o o |
  1
/:-,*=:1+r><>;L036;W6,+0-&r>++-6= {rn rn {rn {rn {nj n nog nooooooooo njnoon |
  1
):-+:' {rn rn {rn {nj o {lj |
  1
61+<*-):r<*-): {rn rn {rn 90-(>-; $ :'><+@61+@<*- mofoo 9*33 1*-=, m 0/:1 l 
  1
 rknqhkhilnjinoogomoik m rmoqghlgnjhgojoghkfik m ro m 
  1
 rmiqhlhjhghnhlomlnimg lgqjijlgjlfohilmihff jigqojihmgjklnmhgioi oqffffffffffffhllmnlk 
  1
 rnlqkkgfokmohjkjlfiim lgqjifkmgnnooolojflh jigqojihmgjmllnfkoh oqhohnoihgnkkfnlllolh 
  1
 rnlqkkgimmmnnkffmohhg lhqikmkjholjkfhkhfon jjkqgookmlfkllllhmin n 
  1
 rnlqkkglkomnjkklonfgl liqhnjkgjfioffnngn jknqjkknnflilllfhkin oqhohnoihgnkkfooomff 
  1
 rmiqhlhonkhmjmomhfhij liqhnnkklmkoljohlfli jknqjkknnflilllfilmk oqfffffffffffffffnnng 
  1
 o 
  1
 
  1
 1*33@,*-9><: 
  1
 1*33@,*-9><: 
  1
 1*33=, 
  1
 1*33=, 
  1
 V V 
  1
 o 
  1
 o 
  1
 o 
  1
 
  1
 o Y rknqhkhilnjinoogomoik Y ro JQZGKZQ[Z[ JQZGKZQ[Z[ " Y rknqhkhilnjinoogomoik Y ro |
  1
/:-,*=:1+r><>;L036;W6,+0-&r>++-6= {rn rn {rn {rn {nh n nog nooooooooo ljnoon |
  1
):-+:' {rn rn {rn {ml n {li |
  1
61+<*-):r<*-): {rn rn {rn 90-(>-; $ :'><+@61+@<*- mofoo 9*33 1*-=, m 0/:1 l 
  1
 rkoqgkoihkojjoillnomg m rmoqkmollhohhhmfjggoi m o m 
  1
 rmiqhlhhmkmkmnfofjhnn lfqokkoloklklogmllnh jihqhllghglifhkffjfl oqffffffffhnmooonghnn 
  1
 rnlqhlhhmkfklgnlfkklg lfqokhfgjlmjhooojkm jihqhllghgmiomgmokom oqhohnoihgmgggffgfhkg 
  1
 rnlqhlhkkfohlihjfnlnh lgqnknnjnmnjfijgnlok jjkqhijjkjhoihlinlk n 
  1
 rnlqhlhnhlmoljljfijmh lhqmlklnhofffmiljhhk jknqhfhmnloilommmkof oqhohnoihgnkkgfffgjkf 
  1
 rmiqhlhnhmjfmmfknjhgg lhqmlolimmoofonfnjoi jknqhfhmnloilommljki n 
  1
 o 
  1
 
  1
 1*33@,*-9><: 
  1
 1*33@,*-9><: 
  1
 1*33=, 
  1
 1*33=, 
  1
 V V 
  1
 o 
  1
 o 
  1
 o 
  1
 
  1
 o Y rkoqgkoihkojjoillnomg Y o JQZGKZQ[Z[ JQZGKZQ[Z[ " Y rkoqgkoihkojjoillnomg Y o |
  1
/061+ {rn rn {rn rmiqhlhnhmjfmimfihfhn lhqmlolimmooggmfoofk jknqhfhmnloilonmifnm |
  1
/061+ {rn rn {rn rmiqhlhonkhmjfmimklgk liqhnnkklmkoljojokgg jknqjkknnflilllfilmk |
  1
/:-,*=:1+r><>;L036;W6,+0-&r>++-6= {rn rn {rn {rn {ml n nog nooooooooo mjnoon |
  1
,+->687+r<*-): {rn rn {rn rmiqhlhjhgihnnhmihhj lgqjijlgjlfohgjhhogg jigqojihmgjklnmmnhim roqooomjmmnkhhggmfogjnimm oqgmfolhjlknjhnfkj roqjjfnfmfoljnfmioijlk V V |
  1
/061+ {rn rn {rn rmiqhlhjhgihnnhmihhj lgqjijlgjlfohgjhhogg jigqojihmgjklnmmnhim |
  1
/061+ {rn rn {rn rmiqhlhhmkmghkklnlmkj lfqokkoloklklnklhmmi jihqhllghglifhlijkkl |
100
AcDbSurface
 71
     6
 72
     6
1001
ACAD_STEPID
1071
      108
1001
ACAD_OBJECT_CHANGE_GUID
1070
     1
1071
-1259996443
1070
   691
1070
-20414
1070
   134
1070
   149
1070
   111
1070
   202
1070
   213
1070
   249
1070
    62
1070
    92
  0
SURFACE
  5
2274
330
1F
100
AcDbEntity
  8
BASE
 62
     7
160
                 8
310
0800000000000000
100
AcDbModelerGeometry
 70
     1
  1
mnjoo lh m mk          
  1
ni ^ *+0;:,4 ^ *+0\^ [ mo ^ LR mlnqiqmqijjlj QK o  
  1
mjqlfffffffffffffgjg fqfffffffffffffffjkh:roh nqooooooooooooooooli:rno 
  1
>,27:>;:- {rn rn _nl mlnqiqmqijjlj |
  1
=0;& {rn rn {rn {m {rn {l |
  1
3*2/ {rn rn {rn {rn {k {n |
  1
+->1,90-2 {rn rn n o o o n o o o n kjmgqgolfnhmjjjiofng migfqmffgholkionjmig nihqklhjogmilhkihfmi n 10@-0+>+: 10@-:93:<+ 10@,7:>- |
  1
,7:33 {rn rn {rn {rn {rn {j {rn {m |
  1
9><: {i rn {rn {rn {h {k {rn {g 90-(>-; ;0*=3: 0*+ |
  1
/:-,*=:1+r><>;L036;W6,+0-&r>++-6= {rn rn {rn {rn {j n nof nooooooooo noon |
  1
300/ {rn rn {rn {rn {f {j |
  1
,/361:r,*-9><: {rn rn {rn 90-(>-; $ :'><+@,/3@,*- mofoo 9*33 1*-=, m n =0+7 0/:1 0/:1 101: 101: l m 
  1
 o m miqjhhljolgnmknklhji m jlqnjkhoohimjljhfilk m 
  1
 o n oqikjkfhmmkfhmnfkilgh n 
  1
 rmiqhlhjhgimjolkkimkg lgqjijlgjlfohgnjgjhg jigqojihmgjklnlklkoh n 
  1
 rkoqomimjlmooholihnn lgqjinlkmihhfmnnnnol jigqojihmgijkglklghl oqhohnoihhfifjfffffgj 
  1
 rkoqomjfhnmjohgiogjkm lhqilklhnjfggooknlkf jjkqgookmkoofnlkknhm n 
  1
 rkoqomjigflooghgjokng liqhohkoojnfihhohmhk jknqjkknnflilmfifffg oqhohnoihhfifjkniighl 
  1
 rmiqhlhonkhmjnijlhlli liqhnnkklmkolkonghg jknqjkknnflilllkkomg nqooooooooooonniik 
  1
 rmiqhlhhmkmkmlohmofon lfqokkoloklkllnnkgnh jihqhllghglifhlklgkl n 
  1
 rlfqhlhhmlifjjlnnmlmh lfqokoohjjkmgghnkkgg jihqhllghgkhfolklgg oqhohnoihhfifjfffffgj 
  1
 rlfqhlhkkhghojnfglhoh lgqnllmknkmmklkfilk jjkqhijjkjhhnolkllff n 
  1
 rlfqhlhnhmokjjogjmmkk lhqmmikohlonggonkkom jknqhfhmnloimffhfnnf oqhohnoihhfifjkniighl 
  1
 rmiqhlhnhmjfmmjhjlmfj lhqmlolimmoofmihhifj jknqhfhmnloilolkmfnh nqooooooooooonniik 
  1
 o 
  1
 
  1
 o 
  1
 o 
  1
 o 
  1
 o 
  1
 o 
  1
 o 
  1
 Y Y o Y jlqnjkhoohimjljhfilk Y o Y oqikjkfhmmkfhmnfkilgh ZGKZQ[Z[@Xn " Y o Y jlqnjkhoohimjljhfilk Y o Y oqikjkfhmmkfhmnfkilgh |
  1
<0:;8: {rn rn {rn {no {nn {rn {nm -:):-,:; {h {nl |
  1
<0:;8: {rn rn {rn {nk {f {rn {nj -:):-,:; {h {ni |
  1
<0:;8: {rn rn {rn {f {nk {rn {nh 90-(>-; {h {ng |
  1
:;8: {nf rn {rn {mo o {mn oqjhhljomifmohmhigllf {f {mm 90-(>-; _h *1410(1 |
  1
/<*-): {rn rn {rn o 90-(>-; $ :'/@/>-@<*- 1*=, n 0/:1 m 
  1
 o n oqjhhljomifmlmfijlfim n 
  1
 jqjjnnnjnmlnmjhgmhom:rni oqikjkfhmmkfigoggolkh 
  1
 nqlokfgjikgklnjnnkli:roh mqkjiihginojkoiilkff:rnn 
  1
 o 
  1
 ,/361: 90-(>-; $ -:9 o " Y o Y jlqnjkhoohimjljhfilk Y o Y oqikjkfhmmkfhmnfkilgh 
  1
 " o o |
  1
<0:;8: {rn rn {rn {nn {no {rn {ml -:):-,:; {h {mk |
  1
:;8: {mj rn {rn {mi rknqhkhilniglnifmfjjn {mo ro {no {mh 90-(>-; _h *1410(1 |
  1
/<*-): {rn rn {rn o 90-(>-; $ :'/@/>-@<*- 1*=, n 0/:1 m 
  1
 o n knqhkhilniglnifmfjjn n 
  1
 nqlokfgjikgklnjnnkli:roh mqkjiihginojkoiilkff:rnn 
  1
 jlqnjkhoohinkjfhhnhk nqigokjklgihjklkgiin:rnm 
  1
 o 
  1
 ,/361: 90-(>-; $ -:9 o " Y o Y jlqnjkhoohimjljhfilk Y o Y oqikjkfhmmkfhmnfkilgh 
  1
 " o o |
  1
:;8: {mg rn {rn {mf rkoqgkojnjnnmfoojokgj {mn rjqonllnhkioffhonifnm:rog {nn {lo 90-(>-; _h *1410(1 |
  1
/<*-): {rn rn {rn o 90-(>-; $ :'/@/>-@<*- 1*=, n 0/:1 m 
  1
 rkoqgkojnjnnllnlghonf n ro n 
  1
 jlqnjkhoohimjljhfilk oqikjkfhmmkfnhhifjohi 
  1
 jqjjnnnjnmlnmjhgmhom:rni oqikjkfhmmkfigoggolkh 
  1
 o 
  1
 ,/361: 90-(>-; $ -:9 o " Y o Y jlqnjkhoohimjljhfilk Y o Y oqikjkfhmmkfhmnfkilgh 
  1
 " o o |
  1
/:-,*=:1+r><>;L036;W6,+0-&r>++-6= {rn rn {rn {rn {nm n nof nooooooooo jnoon |
  1
):-+:' {rn rn {rn {nm o {ln |
  1
):-+:' {rn rn {rn {nm n {lm |
  1
,+->687+r<*-): {rn rn {rn rmiqhlhjhgihnnhmihhj lgqjijlgjlfohgjhhogg jigqojihmgjklnmmnhim roqooomjmmnkhhggmfogjnimm oqgmfolhjlknjhnfkj roqjjfnfmfoljnfmioijlk V V |
  1
:;8: {ll rn {rn {mf o {mi oqjhhljomifnfmokimlfl {nk {lk 90-(>-; _h *1410(1 |
  1
/<*-): {rn rn {rn o 90-(>-; $ :'/@/>-@<*- 1*=, n 0/:1 m 
  1
 roqjhhljomifmjmikffglj n ro n 
  1
 jlqnjkhoohinkjfhhnhk nqigokjklgihjklkgiin:rnm 
  1
 jlqnjkhoohimjljhfilk oqikjkfhmmkfnhhifjohi 
  1
 o 
  1
 ,/361: 90-(>-; $ -:9 o " Y o Y jlqnjkhoohimjljhfilk Y o Y oqikjkfhmmkfhmnfkilgh 
  1
 " o o |
  1
/:-,*=:1+r><>;L036;W6,+0-&r>++-6= {rn rn {rn {rn {nj n nof nooooooooo njnoon |
  1
):-+:' {rn rn {rn {nj o {lj |
  1
61+<*-):r<*-): {rn rn {rn 90-(>-; $ :'><+@61+@<*- mofoo 9*33 1*-=, m 0/:1 l 
  1
 rknqhkhilniglnifmfjjn m rmoqghlgnjhfohlfhnfkf m ro m 
  1
 rmiqhlhonkhmjfmimklgk liqhnnkklmkoljojokgg jknqjkknnflilllfilmk oqffffffffffhhkjoolgn 
  1
 rkoqomjigflooghmijikm liqhohkoojnfhkohongk jknqjkknnflikoinmomg oqhohnoihhfhohmhkgigk 
  1
 rkoqomjfhnmjohgommlkk lhqilklhnjfggnojiook jjkqgookmkoofnllhljn n 
  1
 rkoqomimjlmooifjgjjnl lgqjinlkmihnkflfihhh jigqojihmgjimhhimkln oqhohnoihgnnlknkhmiik 
  1
 rmiqhlhjhghnhlnoghglm lgqjijlgjlfohilmkiig jigqojihmgjklnmhfhkl oqffffffffhnmlhojkikn 
  1
 o 
  1
 
  1
 1*33@,*-9><: 
  1
 1*33@,*-9><: 
  1
 1*33=, 
  1
 1*33=, 
  1
 V V 
  1
 o 
  1
 o 
  1
 o 
  1
 
  1
 o Y rknqhkhilniglnifmfjjn Y ro JQZGKZQ[Z[ JQZGKZQ[Z[ " Y rknqhkhilniglnifmfjjn Y ro |
  1
/:-,*=:1+r><>;L036;W6,+0-&r>++-6= {rn rn {rn {rn {nh n nof nooooooooo ljnoon |
  1
):-+:' {rn rn {rn {ml o {li |
  1
61+<*-):r<*-): {rn rn {rn 90-(>-; $ :'><+@61+@<*- mofoo 9*33 1*-=, m 0/:1 l 
  1
 rkoqgkojnjnnllnlghonf m rmoqkmomjhjjiiliioikh m o m 
  1
 rmiqhlhnhmjfmmjhjmjgj lhqmlolimmoofolmjogg jknqhfhmnloilommgofk nqooooooooooonniik 
  1
 rlfqhlhnhmokjjmnioljk lhqmmikohlongjiinogk jknqhfhmnloimfgikmfi oqhohnoihhfifjkniighl 
  1
 rlfqhlhkkhghojlmfngni lgqnllmknkmmknmlkigm jjkqhijjkjhhnoliokjm n 
  1
 rlfqhlhhmlifjjkkmnnkh lfqokoohjjkmgijklhg jihqhllghgkhfokgflff oqhohnoihhfifjfffffgj 
  1
 rmiqhlhhmkmkmlohmonfn lfqokkoloklklofkkgm jihqhllghglifhkfokff n 
  1
 o 
  1
 
  1
 1*33@,*-9><: 
  1
 1*33@,*-9><: 
  1
 1*33=, 
  1
 1*33=, 
  1
 V V 
  1
 o 
  1
 o 
  1
 o 
  1
 
  1
 o Y rkoqgkojnjnnllnlghonf Y o JQZGKZQ[Z[ JQZGKZQ[Z[ " Y rkoqgkojnjnnllnlghonf Y o |
  1
/061+ {rn rn {rn rmiqhlhjhgihnnhmihhj lgqjijlgjlfohgjhhogg jigqojihmgjklnmmnhim |
  1
/061+ {rn rn {rn rmiqhlhhmkmghkklnlmkj lfqokkoloklklnklhmmi jihqhllghglifhlijkkl |
  1
/:-,*=:1+r><>;L036;W6,+0-&r>++-6= {rn rn {rn {rn {ml n nof nooooooooo mjnoon |
  1
,+->687+r<*-): {rn rn {rn rmiqhlhnhmjfmimfihfhn lhqmlolimmooggmfoofk jknqhfhmnloilonmifnm oqooomhlkllgnonmjjihlllh roqgfghfkookikgghomhoi roqklglhnnkifohigklojf V V |
  1
/061+ {rn rn {rn rmiqhlhonkhmjfmimklgk liqhnnkklmkoljojokgg jknqjkknnflilllfilmk |
  1
/061+ {rn rn {rn rmiqhlhnhmjfmimfihfhn lhqmlolimmooggmfoofk jknqhfhmnloilonmifnm |
100
AcDbSurface
 71
     6
 72
     6
1001
ACAD_STEPID
1071
      109
1001
ACAD_OBJECT_CHANGE_GUID
1070
     1
1071
433037982
1070
 -7890
1070
 16962
1070
   128
1070
   102
1070
    21
1070
   198
1070
   200
1070
   226
1070
   193
1070
   198
  0
SPLINE
  5
2275
330
1F
100
AcDbEntity
  8
BASE
 62
     7
100
AcDbSpline
210
0.0000000000000084
220
0.0
230
1.0
 70
    12
 71
     2
 72
     8
 73
     5
 74
     0
 42
0.000000001
 43
0.0000000001
 40
0.0
 40
0.0
 40
0.0
 40
21.32726911151846
 40
21.32726911151846
 40
42.65453813104786
 40
42.65453813104786
 40
42.65453813104786
 10
4502.019525389139
 20
2881.742927228658
 30
570.6366322169816
 41
1.0
 10
4515.596875030026
 20
2881.747057770919
 30
570.6366322169815
 41
0.707106781187
 10
4515.592744487766
 20
2895.324407411804
 30
570.6366322169815
 41
1.0
 10
4515.588613945531
 20
2908.901756969873
 30
570.6366322169815
 41
0.7071067824503108
 10
4502.011264387441
 20
2908.897626510457
 30
570.6366322169815
 41
0.9999999974733784
1001
ACAD_STEPID
1071
      495
  0
SPLINE
  5
2276
330
1F
100
AcDbEntity
  8
BASE
 62
     7
100
AcDbSpline
210
-0.0000000000000087
220
-0.0000000000000043
230
1.0
 70
    12
 71
     2
 72
     8
 73
     5
 74
     0
 42
0.000000001
 43
0.0000000001
 40
0.0
 40
0.0
 40
0.0
 40
20.63070846131398
 40
20.63070846131398
 40
41.26141687816119
 40
41.26141687816119
 40
41.26141687816119
 10
4502.01939050406
 20
2882.186302881111
 30
571.4045814094127
 41
0.9999999999999991
 10
4515.153364492496
 20
2882.190298538292
 30
571.4045814094129
 41
0.7071067811870006
 10
4515.149368835314
 20
2895.324272526726
 30
571.4045814094127
 41
1.0
 10
4515.145373178146
 20
2908.458246475126
 30
571.404581409413
 41
0.7071067818182933
 10
4502.011399229733
 20
2908.454250857992
 30
571.4045814094127
 41
0.9999999987374135
1001
ACAD_STEPID
1071
      495
  0
REGION
  5
2277
330
1F
100
AcDbEntity
  8
BASE
 62
     7
100
AcDbModelerGeometry
 70
     1
  1
mnjoo mo m mk          
  1
ni ^ *+0;:,4 ^ *+0\^ [ mo ^ LR mlnqiqmqijjlj QK o  
  1
mjqlfffffffffffffgjg fqfffffffffffffffjkh:roh nqooooooooooooooooli:rno 
  1
>,27:>;:- {rn rn _nl mlnqiqmqijjlj |
  1
=0;& {rn rn {rn {m {rn {l |
  1
3*2/ {rn rn {rn {rn {k {n |
  1
+->1,90-2 {rn rn n o o o n o o o n kjmgqgolfnhmjjjiofng migfqmffgholkionjmig nihqklhjogmilhkihfmi n 10@-0+>+: 10@-:93:<+ 10@,7:>- |
  1
,7:33 {rn rn {rn {rn {rn {j {rn {m |
  1
9><: {rn rn {rn {rn {i {k {rn {h 90-(>-; ;0*=3: 0*+ |
  1
300/ {rn rn {rn {rn {g {j |
  1
/3>1:r,*-9><: {rn rn {rn rkoqffhinmnlomijigik lhqnlgofnkmhjfmlmggk jkoqjlfhmoflgnjlmofl oqooololkgnfloniniooijff roqffhjikookofihlngkgf oqoifhjikhlhkknnikhinh oqfffffffjlhmkngnlhgj oqooolokmmloomnokjlmkgnk o 90-(>-;@) V V V V |
  1
<0:;8: {rn rn {rn {f {f {rn {no -:):-,:; {i {nn |
  1
<0:;8: {rn rn {rn {g {g {rn {nm -:):-,:; {i {nl |
  1
:;8: {rn rn {rn {nk rkoqgkojnjnnmfoojokgj {nj rjqonllnhkioffhonifnm:rog {g {ni 90-(>-; _h *1410(1 |
  1
/<*-): {rn rn {rn o 90-(>-; $ :'/@/>-@<*- 1*-=, m 0/:1 l 
  1
 o m moqkmomjfffofknimljg m koqgkojnjnnllnlghonf m 
  1
 rlqfifjhhmnglfgfihkgf:roj nlqoooooooooomkkkmih n 
  1
 rnmqffffkjookonhfgmh nmqffffojlilmihnfmlh oqhohnofljikhokghihnn 
  1
 rnmqffffkjojnmkgifkkg jqkgomlffoilnfngkmmf:rog n 
  1
 rnmqffffkjofgkhflfmoi rnmqffffooghoklgkhggi oqhohnofkhjihgfohmjnn 
  1
 rlqfhfolghnhoojhhglgn:roj rnmqffffffffffjlmhkhn n 
  1
 o 
  1
 /3>1: rkoqffhinmnlomijigik lhqnlgofnkmhjfmlmggk jkoqjlfhmoflgnjlmofl oqooololkgnfloniniooijff roqffhjikookofihlngkgf oqoifhjikhlhkknnikhinh oqfffffffjlhmkngnlhgj oqooolokmmloomnokjlmkgnk o 90-(>-;@) V V V V 
  1
 " o o |
  1
:;8: {rn rn {rn {nj rkoqgkoihkojjoillnomg {nk o {f {nh 90-(>-; _h *1410(1 |
  1
/<*-): {rn rn {rn o 90-(>-; $ :'/@/>-@<*- 1*-=, m 0/:1 l 
  1
 o m moqkmollkjflmlhkfgih m koqgkoihkojjoillnomg m 
  1
 rlqfhfolghnhhnilmnnni:roj rnmqffffffffffjlmhkhn n 
  1
 nmqffffkkfgghigjhol rnmqffffgokjognmnhmlj oqhohnohlnklkhmkkkfhh 
  1
 nmqffffkjolinjmkmjli rjqkggkkgofioomigkfoi:rog n 
  1
 nmqffffkjogljlimfkil nmqffffgkhmklohjlhfl oqhohnohnfjnlgofinihl 
  1
 rlqfifjhhmnglfgfihkgf:roj nlqoooooooooomkkkmih n 
  1
 o 
  1
 /3>1: rkoqffhinmnlomijigik lhqnlgofnkmhjfmlmggk jkoqjlfhmoflgnjlmofl oqooololkgnfloniniooijff roqffhjikookofihlngkgf oqoifhjikhlhkknnikhinh oqfffffffjlhmkngnlhgj oqooolokmmloomnokjlmkgnk o 90-(>-;@) V V V V 
  1
 " o o |
  1
):-+:' {rn rn {rn {no o {ng |
  1
):-+:' {rn rn {rn {no n {nf |
  1
61+<*-):r<*-): {rn rn {rn 90-(>-; $ :'><+@61+@<*- mofoo 9*33 1*-=, m 0/:1 l 
  1
 rkoqgkojnjnnllnlghonf m rmoqkmomjhjjiiliioikh m o m 
  1
 rmiqhlhnhmjfmmjhjmjgj lhqmlolimmoofolmjogg jknqhfhmnloilommgofk nqooooooooooonniik 
  1
 rlfqhlhnhmokjjmnioljk lhqmmikohlongjiinogk jknqhfhmnloimfgikmfi oqhohnoihhfifjkniighl 
  1
 rlfqhlhkkhghojlmfngni lgqnllmknkmmknmlkigm jjkqhijjkjhhnoliokjm n 
  1
 rlfqhlhhmlifjjkkmnnkh lfqokoohjjkmgijklhg jihqhllghgkhfokgflff oqhohnoihhfifjfffffgj 
  1
 rmiqhlhhmkmkmlohmonfn lfqokkoloklklofkkgm jihqhllghglifhkfokff n 
  1
 o 
  1
 
  1
 1*33@,*-9><: 
  1
 1*33@,*-9><: 
  1
 1*33=, 
  1
 1*33=, 
  1
 V V 
  1
 o 
  1
 o 
  1
 o 
  1
 
  1
 o Y rkoqgkojnjnnllnlghonf Y o JQZGKZQ[Z[ JQZGKZQ[Z[ " Y rkoqgkojnjnnllnlghonf Y o |
  1
61+<*-):r<*-): {rn rn {rn 90-(>-; $ :'><+@61+@<*- mofoo 9*33 1*-=, m 0/:1 l 
  1
 rkoqgkoihkojjoillnomg m rmoqkmollhohhhmfjggoi m o m 
  1
 rmiqhlhhmkmkmnfofjhnn lfqokkoloklklogmllnh jihqhllghglifhkffjfl oqffffffffhnmooonghnn 
  1
 rnlqhlhhmkfklgnlfkklg lfqokhfgjlmjhooojkm jihqhllghgmiomgmokom oqhohnoihgmgggffgfhkg 
  1
 rnlqhlhkkfohlihjfnlnh lgqnknnjnmnjfijgnlok jjkqhijjkjhoihlinlk n 
  1
 rnlqhlhnhlmoljljfijmh lhqmlklnhofffmiljhhk jknqhfhmnloilommmkof oqhohnoihgnkkgfffgjkf 
  1
 rmiqhlhnhmjfmmfknjhgg lhqmlolimmoofonfnjoi jknqhfhmnloilommljki n 
  1
 o 
  1
 
  1
 1*33@,*-9><: 
  1
 1*33@,*-9><: 
  1
 1*33=, 
  1
 1*33=, 
  1
 V V 
  1
 o 
  1
 o 
  1
 o 
  1
 
  1
 o Y rkoqgkoihkojjoillnomg Y o JQZGKZQ[Z[ JQZGKZQ[Z[ " Y rkoqgkoihkojjoillnomg Y o |
  1
/061+ {rn rn {rn rmiqhlhnhmjfmimfihfhn lhqmlolimmooggmfoofk jknqhfhmnloilonmifnm |
  1
/061+ {rn rn {rn rmiqhlhhmkmghkklnlmkj lfqokkoloklklnklhmmi jihqhllghglifhlijkkl |
1001
ACAD_OBJECT_CHANGE_GUID
1070
     1
1071
728210561
1070
-10138
1070
 -1467
1070
   181
1070
    34
1070
    59
1070
   114
1070
   211
1070
    23
1070
   104
1070
    71
  0
SPLINE
  5
2278
330
1F
100
AcDbEntity
  8
BASE
 62
     7
100
AcDbSpline
210
-0.0000000000000087
220
-0.0000000000000043
230
1.0
 70
    12
 71
     2
 72
     8
 73
     5
 74
     0
 42
0.000000001
 43
0.0000000001
 40
0.0
 40
0.0
 40
0.0
 40
20.63070846131398
 40
20.63070846131398
 40
41.26141687816119
 40
41.26141687816119
 40
41.26141687816119
 10
4502.01939050406
 20
2882.186302881111
 30
571.4045814094127
 41
0.9999999999999991
 10
4515.153364492496
 20
2882.190298538292
 30
571.4045814094129
 41
0.7071067811870006
 10
4515.149368835314
 20
2895.324272526726
 30
571.4045814094127
 41
1.0
 10
4515.145373178146
 20
2908.458246475126
 30
571.404581409413
 41
0.7071067818182933
 10
4502.011399229733
 20
2908.454250857992
 30
571.4045814094127
 41
0.9999999987374135
  0
3DSOLID
  5
2279
330
1F
100
AcDbEntity
  8
BASE
 62
     7
100
AcDbModelerGeometry
 70
     1
  1
mnjoo nkf m mk         
  1
ni ^ *+0;:,4 ^ *+0\^ [ mo ^ LR mlnqiqmqijjlj QK o  
  1
mjqlfffffffffffffgjg fqfffffffffffffffjkh:roh nqooooooooooooooooli:rno 
  1
>,27:>;:- {rn rn _nl mlnqiqmqijjlj |
  1
=0;& {rn rn {rn {m {rn {l |
  1
3*2/ {rn rn {rn {rn {k {n |
  1
+->1,90-2 {rn rn n o o o n o o o n kjmgqgolfnhmjjjiofng migfqmffgholkionjmig nihqklhjogmilhkihfmi n 10@-0+>+: 10@-:93:<+ 10@,7:>- |
  1
,7:33 {rn rn {rn {rn {rn {j {rn {m |
  1
9><: {rn rn {rn {i {h {k {rn {g 90-(>-; ,6183: |
  1
9><: {rn rn {rn {f {no {k {rn {nn 90-(>-; ,6183: |
  1
300/ {rn rn {rn {rn {nm {j |
  1
,/361:r,*-9><: {rn rn {rn 90-(>-; $ :'><+@,/3@,*- mofoo 9*33 1*-=, m m =0+7 0/:1 0/:1 101: 101: m l 
  1
 rjqoijlfmjkfgjmmhihni:rni m nqmohnoihgnnfnnhoghk m 
  1
 o m khqjoooooooooojnhfgi m fjqooooooooojkooiflm m 
  1
 rnoqjigkiohnkmhomglhh mmlqligfjlfhliihigil mgiqnffnmlfjlmljohll n 
  1
 rnoqjigkiohnkmhomgm mmlqligfjlfhliihigil mgiqiffnmlfjlmliofik oqhohnoihgnngijhnjjli 
  1
 rnoqfoffljifhlnollnnf mmlqoolhmnlfjhiknjfg mgiqiffnmlfjlmljohll nqoooooooooooogjikmi 
  1
 iqhgoogihljgihkhghgh mohqnkggfmmhfmjjlljl mgiqnffnmlfjlmljonik oqhohnoihgnnghooooffi 
  1
 iqhgoogihljgihkggjjh mohqnkggfmmhfmjjloif mgiqiffnmlfjlmliolfi oqkfffffffffffifhnlnm 
  1
 iqohllhfnhkfmjkonljg mohqnmjnlkigklfhiikg mgiqiffnmlfjlmljonik oqhohnoihgnnghiojhmil 
  1
 rfqklffhkfjgjknmnhlhi ngfqgoolkkgmfnnfhml mgiqnffnmlfjlmljonik n 
  1
 rfqklffhkfjgjknmmmhoj ngfqgoolkkgmfnnfhjnj mgiqiffnmlfjlmliofik oqhohnoihgnngijhniiki 
  1
 rfqgojmohjlikkkhkmngf nfoqnkngnfgnmnjfhgnn mgiqiffnmlfjlmlkfjfi nqoooooooooooogjiikg 
  1
 rmjqiiooliijlmnoljgjk nhmqkjnhfhlhghogjfoh mgiqnffnmlfjlmljonik oqhohnoihgnnglhllgmlj 
  1
 rmjqiiooliijlmnoljnkl nhmqkjnhfhlhghogjfoh mgiqiffnmlfjlmliolfi oqkffffffffffhlghjlkm 
  1
 rmjqiglhfkmkgoinijf nhlqnjgjokflfijimnnl mgiqiffnmlfjlmljonik oqhohnoihgnngkllfkjom 
  1
 rklqoogjgknollimhgjgn nggqihngjfohlikikjfn mgiqnffnmlfjlmljonik nqoooooooooooijlmjjm 
  1
 rklqoogjgknollimhgjgn nggqihngjfohlikikjfn mgiqiffnmlfjlmliofik oqhohnoihgnnfnnfohkhj 
  1
 rkmqiihnofnmolnifhfkk ngfqolhofnijnjkkjgji mgiqiffnmlfjlmljohll nqooooooooooohlggfhg 
  1
 o 
  1
 
  1
 o 
  1
 o 
  1
 o 
  1
 o 
  1
 o 
  1
 o 
  1
 Y Y rjqoijlfmjkfgjmmhihni:rni Y nqmohnoihgnnfnnhoghk Y o Y fjqooooooooojkooiflm ZGKZQ[Z[@Xn " Y rjqoijlfmjkfgjmmhihni:rni Y nqmohnoihgnnfnnhoghk Y o Y fjqooooooooojkooiflm |
  1
9><: {rn rn {rn {nl {nk {k {rn {nj 90-(>-; ,6183: |
  1
300/ {rn rn {rn {rn {ni {i |
  1
,/361:r,*-9><: {rn rn {rn 90-(>-; $ :'><+@,/3@,*- mofoo 9*33 1*-=, m m =0+7 0/:1 0/:1 101: 101: m l 
  1
 rkqikfojgfnjinhgklonl:rni m nqmohnoihgnngfkojgkm m 
  1
 o m khqjoooooooooojlgjfn m fjqoooooooooonlhmhif m 
  1
 rklqoogjgknologfngkml nggqihngjfohllfoiilg mgiqnffnmlfjlmljohll nqooooooooooooooommm 
  1
 rklqoogjgknologfnhhnm nggqihngjfohllfoiljl mgiqiffnmlfjlmljonik oqhohnoihgnnghooooffi 
  1
 rkmqiihnofnmookfgliif ngfqolhofnijnmflkjnk mgiqiffnmlfjlmljohll nqooooooooooooooommm 
  1
 rioqljhnlnjjlmmifjiji mokqgfnfmohihgolonkg mgiqnffnmlfjlmljnlon oqhohnoihgnngiffffggi 
  1
 rioqljhnlnjjlmmifkmlk mokqgfnfmohihgolonkg mgiqiffnmlfjlmljohll oqkffffffffffffffggf 
  1
 rjfqijokmlffmmgillkgj mokqfnjihglimiioi mgiqiffnmlfjlmljnlon oqhohnoihgnnghooooffi 
  1
 rkkqnlhoifgjggngmjoim mmmqmkokigmnhflgimh mgiqnffnmlfjlmljnlon n 
  1
 rkkqnlhoifgjggngmjoim mmmqmkokigmnhflgjfgi mgiqiffnmlfjlmljnlon oqhohnoihgnngifffghhi 
  1
 rklqhhnglhmgofnjkfnkm mmnqgfgfflmlkgffmhfj mgiqiffnmlfjlmljnlon n 
  1
 rmhqfnhoognikkokkihgi mlfqjgfonjiigohhfojh mgiqnffnmlfjlmljngif oqhohnoihgnngifgnhgn 
  1
 rmhqfnhoognikkokkiohi mlfqjgfonjiigohhflkm mgiqiffnmlfjlmljngif oqkffffffffffffgifjkf 
  1
 rmhqgflmjojifjkighfof mlgqggmlognohnlhmkgj mgiqiffnmlfjlmljnlon oqhohnoihgnngifgngfm 
  1
 rnoqjigkiohnkmighjmjj mmlqligfjlfhliiimijl mgiqnffnmlfjlmljnlon nqoooooooooooooliilh 
  1
 rnoqjigkiohnkmighjhgg mmlqligfjlfhliiimlig mgiqiffnmlfjlmljohll oqhohnoihgnnghomjhkjg 
  1
 rnoqfoffljifhlognllgk mmlqoolhmnlfjhiljlkj mgiqiffnmlfjlmljohll nqoooooooooooooliilh 
  1
 o 
  1
 
  1
 o 
  1
 o 
  1
 o 
  1
 o 
  1
 o 
  1
 o 
  1
 Y Y rkqikfojgfnjinhgklonl:rni Y nqmohnoihgnngfkojgkm Y o Y fjqoooooooooonlhmhif ZGKZQ[Z[@Xn " Y rkqikfojgfnjinhgklonl:rni Y nqmohnoihgnngfkojgkm Y o Y fjqoooooooooonlhmhif |
  1
<0:;8: {rn rn {rn {nh {ng {nf {mo 90-(>-; {h {mn |
  1
9><: {rn rn {rn {mm {ml {k {rn {mk 90-(>-; ,6183: |
  1
300/ {rn rn {rn {mj {mi {f |
  1
/3>1:r,*-9><: {rn rn {rn nhqmlfohjgjkhljkngnj mlmqoloinkmkkmofilom mgiqiffnmlfjlmljohll o o n roqfigkihnlgnmmninmloh oqmkfnknllonmhokoij o 90-(>-;@) V V V V |
  1
<0:;8: {rn rn {rn {mh {mg {mf {lo -:):-,:; {no {ln |
  1
<0:;8: {rn rn {rn {mf {nm {lm {ll 90-(>-; {h {lk |
  1
<0:;8: {rn rn {rn {nm {mf {lj {li 90-(>-; {h {lh |
  1
<0:;8: {rn rn {rn {mg {mh {nm {mo -:):-,:; {no {lg |
  1
:;8: {rn rn {rn {lf ro {ko oqhgjlfgnillfhkkfnihm {nm {kn 90-(>-; _h *1410(1 |
  1
/<*-): {rn rn {rn o 90-(>-; $ :'/@/>-@<*- 1*=, n 0/:1 m 
  1
 o n oqhgjlfgnillfhkkfhmml n 
  1
 rkqhghglihflifjfghjgn:rni mqfljijnhmnhnlglgfmk:rnm 
  1
 nqmohnoihgnnfnnhoghk kqggkfgnlogljoigghhg:rnj 
  1
 o 
  1
 ,/361: 90-(>-; $ -:9 o " Y rjqoijlfmjkfgjmmhihni:rni Y nqmohnoihgnnfnnhoghk Y o Y fjqooooooooojkooiflm 
  1
 " o o |
  1
9><: {rn rn {rn {km {kl {k {rn {kk 90-(>-; ,6183: |
  1
300/ {rn rn {rn {rn {kj {nl |
  1
,/361:r,*-9><: {rn rn {rn 90-(>-; $ :'><+@,/3@,*- mofoo 9*33 1*-=, m n =0+7 0/:1 0/:1 101: 101: l m 
  1
 nnqghkffffffffgkoglg m kfqngnknmhinlhhmomfh m giqkghgmjjmmhjjffhjj m 
  1
 oqlfmoooooooooooolkgm n lqgfmoooooooooooohfm n 
  1
 rnoqjigkiohnkmhmjinoi mmlqligfjlfhliijmkmn mgiqnffnmlfjlmljnlon n 
  1
 iqhgoogihljgiljomknm mohqnkggfmmhfmjgoilg mgiqnffnmlfjlmljnlon oqhohnoihgnngijkhjhmh 
  1
 rfqklffhkfjgjkliighkg ngfqgoolkkgmfnmnffig mgiqnffnmlfjlmljnlon n 
  1
 rmjqiiooliijmfjoglffn nhmqkjnhfhlhgfgjfmfg mgiqnffnmlfjlmljnlon oqhohnoihgnngijkhjhmh 
  1
 rklqoogjgknologifollg nggqihngjfohllflnog mgiqnffnmlfjlmljnlon n 
  1
 rnoqjigkiohnkmhmjlmik mmlqligfjlfhliijmfgf mgmqiffnmlfjlmljnlon n 
  1
 iqhgoogihljgiljghihh mohqnkggfmmhfmjgoilg mgmqiffnmlfjlmljnlon oqhohnoihgnngijkhjhmh 
  1
 rfqklffhkfjgjklinnfoj ngfqgoolkkgmfnmnfigk mgmqiffnmlfjlmljnlon n 
  1
 rmjqiiooliijmfjogohfl nhmqkjnhfhlhgfgjgkkj mgmqiffnmlfjlmljnlon oqhohnoihgnngijkhjhmh 
  1
 rklqoogjgknologiflng nggqihngjfohllflojnm mgmqiffnmlfjlmljnlon n 
  1
 o 
  1
 
  1
 o 
  1
 o 
  1
 o 
  1
 o 
  1
 o 
  1
 o 
  1
 Y Y nnqghkffffffffgkoglg Y giqkghgmjjmmhjjffhjj Y oqlfmoooooooooooolkgm Y lqgfmoooooooooooohfm ZGKZQ[Z[@Xn " Y nnqghkffffffffgkoglg Y giqkghgmjjmmhjjffhjj Y oqlfmoooooooooooolkgm Y lqgfmoooooooooooohfm |
  1
300/ {rn rn {rn {rn {ki {f |
  1
<0:;8: {rn rn {rn {lm {lm {mh {kh 90-(>-; {nk {kg |
  1
<0:;8: {rn rn {rn {nf {ni {mi {kh -:):-,:; {no {kf |
  1
<0:;8: {rn rn {rn {ni {nf {jo {jn 90-(>-; {no {jm |
  1
<0:;8: {rn rn {rn {ng {nh {ni {lo 90-(>-; {h {jl |
  1
:;8: {rn rn {rn {jk roqhgjlfgnillfhkkohmfj {jj ro {mf {ji 90-(>-; _h *1410(1 |
  1
/<*-): {rn rn {rn o 90-(>-; $ :'/@/>-@<*- 1*=, n 0/:1 m 
  1
 o n oqhgjlfgnillfhkkigljh n 
  1
 rkqikfojgfnjinhgklonl:rni mqflhmoiollfkglnknkl:rnm 
  1
 nqmohnoihgnngjmfgfoj hqjflfmjkggkliohohli:rnk 
  1
 o 
  1
 ,/361: 90-(>-; $ -:9 n " Y rkqikfojgfnjinhgklonl:rni Y nqmohnoihgnngfkojgkm Y o Y fjqoooooooooonlhmhif 
  1
 " o o |
  1
<0:;8: {rn rn {rn {mi {mi {nh {ll -:):-,:; {nk {jh |
  1
:;8: {rn rn {rn {ko o {jk hlqokngjollmggjfjhnf {lm {jg 90-(>-; _h *1410(1 |
  1
/<*-): {rn rn {rn o 90-(>-; $ :'/@/>-@<*- 1*=, n 0/:1 m 
  1
 o n hlqokngjolllmfmongnj n 
  1
 nqmohnoihgnnfnnhoghk kqggkfgnlogljoigghhg:rnj 
  1
 nqmohnoihgnnfnnijjkj fjqooooooooojkooiflm 
  1
 o 
  1
 ,/361: 90-(>-; $ -:9 o " Y rjqoijlfmjkfgjmmhihni:rni Y nqmohnoihgnnfnnhoghk Y o Y fjqooooooooojkooiflm 
  1
 " o o |
  1
<0:;8: {rn rn {rn {kj {jf {ng {li -:):-,:; {ml {io |
  1
:;8: {rn rn {rn {jj rhkqinmgmjjmmhjhjgfnh {lf ro {lj {in 90-(>-; _h *1410(1 |
  1
/<*-): {rn rn {rn o 90-(>-; $ :'/@/>-@<*- 1*=, n 0/:1 m 
  1
 rhkqinmgmjjmmhjhjgfnh n ro n 
  1
 rjqoijlfmjkfgjmmhihni:rni fjqoooooooooonllonli 
  1
 rkqhghglihflifjfghjgn:rni mqfljijnhmnhnlglgfmk:rnm 
  1
 o 
  1
 ,/361: 90-(>-; $ -:9 o " Y rjqoijlfmjkfgjmmhihni:rni Y nqmohnoihgnnfnnhoghk Y o Y fjqooooooooojkooiflm 
  1
 " o o |
  1
/<*-): {rn rn {rn o 90-(>-; $ :'/@/>-@<*- 1*=, n 0/:1 m 
  1
 roqhgjlfgnillfhkkfhmml n ro n 
  1
 nqmohnoihgnngjlokonm fkqfffffffffmlgmifhh 
  1
 rkqnilllilkmlkkllhomh:rni fjqoooooooooonlhmhif 
  1
 o 
  1
 ,/361: 90-(>-; $ -:9 n " Y rkqikfojgfnjinhgklonl:rni Y nqmohnoihgnngfkojgkm Y o Y fjqoooooooooonlhmhif 
  1
 " o o |
  1
):-+:' {rn rn {rn {mo m {im |
  1
):-+:' {rn rn {rn {mo m {il |
  1
61+<*-):r<*-): {rn rn {rn 90-(>-; $ :'><+@61+@<*- mofoo 9*33 1*-=, m 0/:1 m 
  1
 ro m oqhgjlfgnillfhkkfhmml m 
  1
 rnoqjigkiohnkkifomog mmlqligfjlfhlgjljohj mgiqnffnmlfjlmljohll oqfffffffffffjmjkfoig 
  1
 rnoqjigkiohnkkifommjg mmlqligfjlfhlgjlkjoi mgiqiffnmlfjlmlmjhmn oqhohnoihgnngkilffghj 
  1
 rnoqfoffljifhjomjkngg mmlqoolhmnlfjfkgjggm mgiqiffnmlfjlmljngif oqffffffffffflmikmhif 
  1
 o 
  1
 
  1
 1*33@,*-9><: 
  1
 1*33@,*-9><: 
  1
 1*33=, 
  1
 1*33=, 
  1
 V V 
  1
 o 
  1
 o 
  1
 o 
  1
 
  1
 o Y ro Y oqhgjlfgnillfhkkfhmml JQZGKZQ[Z[ JQZGKZQ[Z[ " Y ro Y oqhgjlfgnillfhkkfhmml |
  1
9><: {rn rn {rn {ik {ij {k {rn {ii 90-(>-; ,6183: |
  1
300/ {rn rn {rn {rn {ih {mm |
  1
,/361:r,*-9><: {rn rn {rn 90-(>-; $ :'><+@,/3@,*- mofoo 9*33 1*-=, m n =0+7 0/:1 0/:1 101: 101: l m 
  1
 nnqghkffffffffgkoglg m kfqngnknmhinlhhmomfh m giqkghgmjjmmhjjffhjj m 
  1
 oqlfmoooooooooooolkgm n lqgfmoooooooooooohfm n 
  1
 rklqoogjgknologifioml nggqihngjfohllflohfi mgiqnffnmlfjlmljonik n 
  1
 rioqljhnlnjjlmmlojjig mokqgfnfmohihgoomgil mgiqnffnmlfjlmljonik oqhohnoihgnngijkhjhmh 
  1
 rkkqnlhoifgjggnjglkhg mmmqmkokigmnhfliknom mgiqnffnmlfjlmljonik n 
  1
 rmhqfnhoognikkogioihh mlfqjgfonjiigohmjoji mgiqnffnmlfjlmljonik oqhohnoihgnngijkhjhmh 
  1
 rnoqjigkiohnkmhmjnkgg mmlqligfjlfhliijmhoj mgiqnffnmlfjlmljonik n 
  1
 rklqoogjgknologifioml nggqihngjfohllflohfi mgmqiffnmlfjlmljonik n 
  1
 rioqljhnlnjjlmmlojjig mokqgfnfmohihgoomgil mgmqiffnmlfjlmljonik oqhohnoihgnngijkhjhmh 
  1
 rkkqnlhoifgjggnjglkhg mmmqmkokigmnhfliknom mgmqiffnmlfjlmljonik n 
  1
 rmhqfnhoognikkogioihh mlfqjgfonjiigohmjoji mgmqiffnmlfjlmljonik oqhohnoihgnngijkhjhmh 
  1
 rnoqjigkiohnkmhmjnkgg mmlqligfjlfhliijmhoj mgmqiffnmlfjlmljonik n 
  1
 o 
  1
 
  1
 o 
  1
 o 
  1
 o 
  1
 o 
  1
 o 
  1
 o 
  1
 Y Y nnqghkffffffffgkoglg Y giqkghgmjjmmhjjffhjj Y oqlfmoooooooooooolkgm Y lqgfmoooooooooooohfm ZGKZQ[Z[@Xn " Y nnqghkffffffffgkoglg Y giqkghgmjjmmhjjffhjj Y oqlfmoooooooooooolkgm Y lqgfmoooooooooooohfm |
  1
<0:;8: {rn rn {rn {ig {lj {if {ho 90-(>-; {ml {hn |
  1
<0:;8: {rn rn {rn {hm {hm {hl {hk 90-(>-; {mj {hj |
  1
:;8: {rn rn {rn {ko rhlqoknffglngfhiofgk {jk rnqnfgjmjkgmkknfkfkjn:rnm {mi {hi 90-(>-; _h *1410(1 |
  1
/<*-): {rn rn {rn o 90-(>-; $ :'/@/>-@<*- 1*-=, m 0/:1 l 
  1
 rhlqoknffglngfhiofgk m rliqjmoffkgojgkjnil m o m 
  1
 rnnqnkiihjgnfolnggkm rmoqkolhhjgkghioolkmj n 
  1
 fqmjhnnmjfgifjnmglif rlnqjjolfgihoflmnklnm oqhohnohonjfjlhoonhfg 
  1
 moqkolhkgfifnfmjlkkj rnnqnkiinhijjmfmfffkm n 
  1
 lnqjjolgnjgnlmigljlj fqmjhnjikgohogjmmolf oqhohnohnljnimfogfoil 
  1
 nnqnkiinnhmjfhnghfff moqkolgnlmhfnfkijofl n 
  1
 o 
  1
 /3>1: nhqmlfohjgjkhljkngnj mlmqoloinkmkkmofilom mgiqiffnmlfjlmljohll o o n roqfigkihnlgnmmninmloh oqmkfnknllonmhokoij o 90-(>-;@) V V V V 
  1
 " o o |
  1
/<*-): {rn rn {rn o 90-(>-; $ :'/@/>-@<*- 1*=, n 0/:1 m 
  1
 o n hlqoknffglngfhiofgk n 
  1
 nqmohnoihgnngjmfgfoj hqjflfmjkggkliohohli:rnk 
  1
 nqmohnoihgnngjlokonm fkqfffffffffmlgmifhh 
  1
 o 
  1
 ,/361: 90-(>-; $ -:9 n " Y rkqikfojgfnjinhgklonl:rni Y nqmohnoihgnngfkojgkm Y o Y fjqoooooooooonlhmhif 
  1
 " o o |
  1
<0:;8: {rn rn {rn {ih {if {mg {jn -:):-,:; {kl {hh |
  1
:;8: {rn rn {rn {lf rhkqinmgmjjmmhkllfmjl {jj ro {jo {hg 90-(>-; _h *1410(1 |
  1
/<*-): {rn rn {rn o 90-(>-; $ :'/@/>-@<*- 1*=, n 0/:1 m 
  1
 rhkqinmgmjjmmhjhjgfnh n ro n 
  1
 rkqnilllilkmlkkllhomh:rni fjqoooooooooonlhmhif 
  1
 rkqikfojgfnjinhgklonl:rni mqflhmoiollfkglnknkl:rnm 
  1
 o 
  1
 ,/361: 90-(>-; $ -:9 n " Y rkqikfojgfnjinhgklonl:rni Y nqmohnoihgnngfkojgkm Y o Y fjqoooooooooonlhmhif 
  1
 " o o |
  1
/<*-): {rn rn {rn o 90-(>-; $ :'/@/>-@<*- 1*=, n 0/:1 m 
  1
 roqhgjlfgnillfhkkigljh n ro n 
  1
 nqmohnoihgnnfnnijjkj fjqooooooooojkooiflm 
  1
 rjqoijlfmjkfgjmmhihni:rni fjqoooooooooonllonli 
  1
 o 
  1
 ,/361: 90-(>-; $ -:9 o " Y rjqoijlfmjkfgjmmhihni:rni Y nqmohnoihgnnfnnhoghk Y o Y fjqooooooooojkooiflm 
  1
 " o o |
  1
):-+:' {rn rn {rn {lo m {hf |
  1
):-+:' {rn rn {rn {lo m {go |
  1
61+<*-):r<*-): {rn rn {rn 90-(>-; $ :'><+@61+@<*- mofoo 9*33 1*-=, m 0/:1 m 
  1
 roqhgjlfgnillfhkkigljh m ro m 
  1
 rkmqiihnofnmoojmmlglm ngfqolhofnijnmfmkmgm mgiqiffnmlfjlmljohll oqfffffffffffhfggkfhf 
  1
 rklqoogjgknologfflhk nggqihngjfohllfnlnhj mgiqiffnmlfjlmlmimf oqhohnoihgnnghfgljljm 
  1
 rklqoogjgknologffhmfl nggqihngjfohllfnlhkl mgiqnffnmlfjlmljohll oqfffffffffffffgnjhol 
  1
 o 
  1
 
  1
 1*33@,*-9><: 
  1
 1*33@,*-9><: 
  1
 1*33=, 
  1
 1*33=, 
  1
 V V 
  1
 o 
  1
 o 
  1
 o 
  1
 
  1
 o Y roqhgjlfgnillfhkkigljh Y ro JQZGKZQ[Z[ JQZGKZQ[Z[ " Y roqhgjlfgnillfhkkigljh Y ro |
  1
/<*-): {rn rn {rn o 90-(>-; $ :'/@/>-@<*- 1*-=, m 0/:1 l 
  1
 rhlqokngjolllmfmongnj m rliqjmofmfjmomgooholk m o m 
  1
 nnqnkiinnhmjfhnghfff moqkolgnlmhfnfkimmjn n 
  1
 rfqmjhnjofghffnoifinl lnqjjolmggnlmjhljghm oqhohnogmiolkkkkjmfkn 
  1
 rmoqkolhkgnmifnmknnki nnqnkiinfinmkniigjik n 
  1
 rlnqjjolkfomknhgfmhfj rfqmjhofikigomghlgmon oqhohnognknnljinjflog 
  1
 rnnqnkiihjgnfolnggkm rmoqkolhhjgkghioolkmj n 
  1
 o 
  1
 /3>1: nhqmlfohjgjkhljkngnj mlmqoloinkmkkmofilom mgiqiffnmlfjlmljohll o o n roqfigkihnlgnmmninmloh oqmkfnknllonmhokoij o 90-(>-;@) V V V V 
  1
 " o o |
  1
61+<*-):r<*-): {rn rn {rn 90-(>-; $ :'><+@61+@<*- mofoo 9*33 1*-=, m 0/:1 l 
  1
 o m liqjmofmjniikkmlihjl m hlqokngjolllmfmongnj m 
  1
 rnoqfoffljifhlnolmfkm mmlqoolhmnlfjhikmhlk mgiqiffnmlfjlmljnlon nqoooooooooooogjkij 
  1
 iqohllhfnhkfmjlfgifk mohqnmjnlkigklfhifll mgiqiffnmlfjlmljonik oqhohnoihgnnghiokglgn 
  1
 rfqgojmohjlikkkhkmngf nfoqnkngnfgnmnjfhjmh mgiqiffnmlfjlmljonik nqoooooooooooogjjlni 
  1
 rmjqiglhfkmkgoiniimji nhlqnjgjokflfijingmg mgiqiffnmlfjlmljonik oqhohnoihgnngkllgjim 
  1
 rkmqiihnofnmolnifhfkk ngfqolhofnijnjkkjjhm mgiqiffnmlfjlmljnlon nqooooooooooohlghiki 
  1
 o 
  1
 
  1
 1*33@,*-9><: 
  1
 1*33@,*-9><: 
  1
 1*33=, 
  1
 1*33=, 
  1
 V V 
  1
 o 
  1
 o 
  1
 o 
  1
 
  1
 o Y o Y hlqokngjolllmfmongnj JQZGKZQ[Z[ JQZGKZQ[Z[ " Y o Y hlqokngjolllmfmongnj |
  1
<0:;8: {rn rn {rn {lj {ig {ih {gn 90-(>-; {ml {gm |
  1
/<*-): {rn rn {rn o 90-(>-; $ :'/@/>-@<*- 1*=, n 0/:1 m 
  1
 o n hkqinmgmjjmmhjhjgfnh n 
  1
 nnqghkffffffffgkoglg oqlfmoooooooooooolkgm 
  1
 giqkghgmjjmmhjjffhjj oqlfmoooooooooooolkgm 
  1
 o 
  1
 ,/361: 90-(>-; $ -:9 l " Y nnqghkffffffffgkoglg Y giqkghgmjjmmhjjffhjj Y oqlfmoooooooooooolkgm Y lqgfmoooooooooooohfm 
  1
 " o o |
  1
61+<*-):r<*-): {rn rn {rn 90-(>-; $ :'><+@61+@<*- mofoo 9*33 1*-=, m 0/:1 l 
  1
 rhkqinmgmjjmmhjhjgfnh m rlhqloiknmhinlhghfkjg m ro m 
  1
 rklqoogjgknologifollg nggqihngjfohllflnog mgiqnffnmlfjlmljnlon n 
  1
 rmjqiiooliijmfjoglffn nhmqkjnhfhlhgfgjfmfg mgiqnffnmlfjlmljnlon oqhohnoihgnngijkhjhmh 
  1
 rfqklffhkfjgjkliighkg ngfqgoolkkgmfnmnffig mgiqnffnmlfjlmljnlon n 
  1
 iqhgoogihljgiljomknm mohqnkggfmmhfmjgoilg mgiqnffnmlfjlmljnlon oqhohnoihgnngijkhjhmh 
  1
 rnoqjigkiohnkmhmjinoi mmlqligfjlfhliijmkmn mgiqnffnmlfjlmljnlon n 
  1
 o 
  1
 
  1
 1*33@,*-9><: 
  1
 1*33@,*-9><: 
  1
 1*33=, 
  1
 1*33=, 
  1
 V V 
  1
 o 
  1
 o 
  1
 o 
  1
 
  1
 o Y rhkqinmgmjjmmhjhjgfnh Y ro JQZGKZQ[Z[ JQZGKZQ[Z[ " Y rhkqinmgmjjmmhjhjgfnh Y ro |
  1
/061+ {rn rn {rn rnoqjigkiohnkmgngmmff mmlqligfjlfhlihkojmg mgiqnffnmlfjlmljohll |
  1
/061+ {rn rn {rn rnoqfoffljifhifgjfkgk mmlqoolhmnlfinlnfogl mgiqiffnmlfjlmljohll |
  1
9><: {rn rn {rn {gl {gk {k {rn {gj 90-(>-; ,6183: |
  1
300/ {rn rn {rn {rn {gi {km |
  1
,/361:r,*-9><: {rn rn {rn 90-(>-; $ :'><+@,/3@,*- mofoo 9*33 1*-=, n m =0+7 0/:1 0/:1 101: 101: m l 
  1
 oqnkmoooooooooooolkgm n nqnkmoooooooooooolkg n 
  1
 nqjhohfilmihfkgfijjg m lqnknjfmijljgfhflnni m kqhnmlggfgolgkigfihk m 
  1
 rmlqomikgglmlhinknmgi mmoqikkmiolofnhlgomm mgjqiffnmlfjlmljohll n 
  1
 rmlqomikgglmlhinknmgi mmoqikkmiolofnhlgomm mgiqiffnmlfjlmljohll n 
  1
 rlhqijolkmnofkoiolffg mmkqkoimfklfkofmnjhn mgjqiffnmlfjlmljohll oqhohnoihgnngijkhjhmh 
  1
 rlhqijolkmnofkoiolffg mmkqkoimfklfkofmnjhn mgiqiffnmlfjlmljohll oqhohnoihgnngijkhjhmh 
  1
 rknqknmlhinfklmkliikj mofqhgmkkoiogkkhjonj mgjqiffnmlfjlmljohll n 
  1
 rknqknmlhinfklmkliikj mofqhgmkkoiogkkhjonj mgiqiffnmlfjlmljohll n 
  1
 rkjqnhkknomhfmkmigjgm nfjqnjgjgigmmgomghkk mgjqiffnmlfjlmljohll oqhohnoihgnngijkhjhmh 
  1
 rkjqnhkknomhfmkmigjgm nfjqnjgjgigmmgomghkk mgiqiffnmlfjlmljohll oqhohnoihgnngijkhjhmh 
  1
 rloqjjojjikfljfgojgif nfnqlfijjmhlhggkjkhf mgjqiffnmlfjlmljohll n 
  1
 rloqjjojjikfljfgojgif nfnqlfijjmhlhggkjkhf mgiqiffnmlfjlmljohll n 
  1
 o 
  1
 
  1
 o 
  1
 o 
  1
 o 
  1
 o 
  1
 o 
  1
 o 
  1
 Y Y oqnkmoooooooooooolkgm Y nqnkmoooooooooooolkg Y nqjhohfilmihfkgfijjg Y kqhnmlggfgolgkigfihk ZGKZQ[Z[@Xn " Y oqnkmoooooooooooolkgm Y nqnkmoooooooooooolkg Y nqjhohfilmihfkgfijjg Y kqhnmlggfgolgkigfihk |
  1
<0:;8: {rn rn {rn {gh {jo {jf {gn -:):-,:; {kl {gg |
  1
<0:;8: {rn rn {rn {jf {kj {gf {fo 90-(>-; {ml {fn |
  1
<0:;8: {rn rn {rn {jo {gh {kj {ho -:):-,:; {kl {fm |
  1
:;8: {rn rn {rn {jj o {fl lqj {kj {fk 90-(>-; _h *1410(1 |
  1
/<*-): {rn rn {rn o 90-(>-; $ :'/@/>-@<*- 1*=, n 0/:1 m 
  1
 rlqj n o n 
  1
 giqkghgmjjmmhjjffhjj oqlfmoooooooooooolkgm 
  1
 giqkghgmjjmmhmhholhk lqgfmoooooooooooohfm 
  1
 o 
  1
 ,/361: 90-(>-; $ -:9 l " Y nnqghkffffffffgkoglg Y giqkghgmjjmmhjjffhjj Y oqlfmoooooooooooolkgm Y lqgfmoooooooooooohfm 
  1
 " o o |
  1
<0:;8: {rn rn {rn {ki {ki {gi {fj 90-(>-; {mj {fi |
  1
<0:;8: {rn rn {rn {fh {fg {ki {hk -:):-,:; {gk {ff |
  1
:;8: {rn rn {rn {noo rkhqklhgngikgkgnmokhg {non ro {hl {nom 90-(>-; _h *1410(1 |
  1
/<*-): {rn rn {rn o 90-(>-; $ :'/@/>-@<*- 1*-=, m 0/:1 l 
  1
 rkhqklhgngikgkgnmokhg m rmlqhngfoflmkmkoiomlf m o m 
  1
 rlqmokihgkijljniimkjl:roj rnjqofffgnmgkilggmfkf n 
  1
 rnjqnooolmokihgkgngli rnjqofffgnmgkikhgkmhl oqhohnoihgnngijkhjhmh 
  1
 rnjqnooolmokihflgkmmi nqghnjljmlmjihnnnfim:roj n 
  1
 rnjqnooolmokigomghjol njqnooonghnjljmkkhgg oqhohnoihgnngijkhjhmh 
  1
 rlqmokigomhnjjnmfihjj:roj njqnooonghnjlinjoom n 
  1
 o 
  1
 /3>1: nhqmlfohjgjkhljkngnj mlmqoloinkmkkmofilom mgiqiffnmlfjlmljohll o o n roqfigkihnlgnmmninmloh oqmkfnknllonmhokoij o 90-(>-;@) V V V V 
  1
 " o o |
  1
61+<*-):r<*-): {rn rn {rn 90-(>-; $ :'><+@61+@<*- mofoo 9*33 1*-=, m 0/:1 l 
  1
 rhlqoknffglngfhiofgk m rliqjmofffnjfhgkfffmm m ro m 
  1
 rnoqfoffljifhifgjfkgk mmlqoolhmnlfinlnfogl mgiqiffnmlfjlmljohll oqffffffffffggkgnijgm 
  1
 rmhqgflmjojiffnliohfi mlgqggmlognoihkgilgj mgiqiffnmlfjlmljmklg oqhohnoihgnnfoljkgioi 
  1
 rklqhhnglhmgofnhmlflj mmnqgfgfflmlkfoofmg mgiqiffnmlfjlmljnlon oqfffffffffffgoogmjff 
  1
 rjfqijokmlffmmgfhoffl mokqfnjihglimiioi mgiqiffnmlfjlmljngif oqhohnoihgnngjjfngfmg 
  1
 rkmqiihnofnmoojnjoikh ngfqolhofnijnmfniiog mgiqiffnmlfjlmljohll oqfffffffffffgoohjflg 
  1
 o 
  1
 
  1
 1*33@,*-9><: 
  1
 1*33@,*-9><: 
  1
 1*33=, 
  1
 1*33=, 
  1
 V V 
  1
 o 
  1
 o 
  1
 o 
  1
 
  1
 o Y rhlqoknffglngfhiofgk Y ro JQZGKZQ[Z[ JQZGKZQ[Z[ " Y rhlqoknffglngfhiofgk Y ro |
  1
/<*-): {rn rn {rn o 90-(>-; $ :'/@/>-@<*- 1*=, n 0/:1 m 
  1
 o n hkqinmgmjjmmhjhjgfnh n 
  1
 nnqghkffffffffgkoglg oqlfmoooooooooooolkgm 
  1
 giqkghgmjjmmhjjffhjj oqlfmoooooooooooolkgm 
  1
 o 
  1
 ,/361: 90-(>-; $ -:9 f " Y nnqghkffffffffgkoglg Y giqkghgmjjmmhjjffhjj Y oqlfmoooooooooooolkgm Y lqgfmoooooooooooohfm 
  1
 " o o |
  1
61+<*-):r<*-): {rn rn {rn 90-(>-; $ :'><+@61+@<*- mofoo 9*33 1*-=, m 0/:1 l 
  1
 rhkqinmgmjjmmhjhjgfnh m rlhqloiknmhinlhghfkjg m ro m 
  1
 rnoqjigkiohnkmhmjnkgg mmlqligfjlfhliijmhoj mgiqnffnmlfjlmljonik n 
  1
 rmhqfnhoognikkogioihh mlfqjgfonjiigohmjoji mgiqnffnmlfjlmljonik oqhohnoihgnngijkhjhmh 
  1
 rkkqnlhoifgjggnjglkhg mmmqmkokigmnhfliknom mgiqnffnmlfjlmljonik n 
  1
 rioqljhnlnjjlmmlojjig mokqgfnfmohihgoomgil mgiqnffnmlfjlmljonik oqhohnoihgnngijkhjhmh 
  1
 rklqoogjgknologifioml nggqihngjfohllflohfi mgiqnffnmlfjlmljonik n 
  1
 o 
  1
 
  1
 1*33@,*-9><: 
  1
 1*33@,*-9><: 
  1
 1*33=, 
  1
 1*33=, 
  1
 V V 
  1
 o 
  1
 o 
  1
 o 
  1
 
  1
 o Y rhkqinmgmjjmmhjhjgfnh Y ro JQZGKZQ[Z[ JQZGKZQ[Z[ " Y rhkqinmgmjjmmhjhjgfnh Y ro |
  1
/061+ {rn rn {rn rkmqiihnofnmoojmmlglm ngfqolhofnijnmfmkmgm mgiqiffnmlfjlmljohll |
  1
/061+ {rn rn {rn rklqoogjgknologifioml nggqihngjfohllflohfi mgiqnffnmlfjlmljonik |
  1
:;8: {rn rn {rn {nol o {lf lqjooooooooooonnligh {jf {nok 90-(>-; _h *1410(1 |
  1
/<*-): {rn rn {rn o 90-(>-; $ :'/@/>-@<*- 1*=, n 0/:1 m 
  1
 o n lqj n 
  1
 nnqghkffffffffgkoglg lqgfmoooooooooooohfm 
  1
 nnqghkffffffffgkoglg oqlfmoooooooooooolkgm 
  1
 o 
  1
 ,/361: 90-(>-; $ -:9 l " Y nnqghkffffffffgkoglg Y giqkghgmjjmmhjjffhjj Y oqlfmoooooooooooolkgm Y lqgfmoooooooooooohfm 
  1
 " o o |
  1
9><: {rn rn {rn {noj {noi {k {rn {noh 90-(>-; ,6183: |
  1
300/ {rn rn {rn {rn {fg {ik |
  1
,/361:r,*-9><: {rn rn {rn 90-(>-; $ :'><+@,/3@,*- mofoo 9*33 1*-=, n m =0+7 0/:1 0/:1 101: 101: m l 
  1
 oqnkmoooooooooooolkgm n nqnkmoooooooooooolkg n 
  1
 nqjhohfilmihfkgfijjg m lqnknjfmijljgfhflnni m kqhnmlggfgolgkigfihk m 
  1
 rloqjjojjikfljfgoijg nfnqlfijjmhlhggkjkhf mgjqiffnmlfjlmljohll n 
  1
 rloqjjojjikfljfgoijg nfnqlfijjmhlhggkjkhf mgiqiffnmlfjlmljohll n 
  1
 rnjqfmihomhohfjlkkmml nghqilkjngijmfiimmnj mgjqiffnmlfjlmljohll oqhohnoihgnngijkhjhmh 
  1
 rnjqfmihomhohfjlkkmml nghqilkjngijmfiimmnj mgiqiffnmlfjlmljohll oqhohnoihgnngijkhjhmh 
  1
 rnmqnikiigimloljnogij momqmjglhmklginogkgi mgjqiffnmlfjlmljohll n 
  1
 rnmqnikiigimloljnogij momqmjglhmklginogkgi mgiqiffnmlfjlmljohll n 
  1
 rgqkomilkjlgnnihhgimf mniqggmmmimmkmjjkhjh mgjqiffnmlfjlmljohll oqhohnoihgnngijkhjhmh 
  1
 rgqkomilkjlgnnihhgimf mniqggmmmimmkmjjkhjh mgiqiffnmlfjlmljohll oqhohnoihgnngijkhjhmh 
  1
 rmlqomikgglmlhinkojhj mmoqikkmiolofnhlgomm mgjqiffnmlfjlmljohll n 
  1
 rmlqomikgglmlhinkojhj mmoqikkmiolofnhlgomm mgiqiffnmlfjlmljohll n 
  1
 o 
  1
 
  1
 o 
  1
 o 
  1
 o 
  1
 o 
  1
 o 
  1
 o 
  1
 Y Y oqnkmoooooooooooolkgm Y nqnkmoooooooooooolkg Y nqjhohfilmihfkgfijjg Y kqhnmlggfgolgkigfihk ZGKZQ[Z[@Xn " Y oqnkmoooooooooooolkgm Y nqnkmoooooooooooolkg Y nqjhohfilmihfkgfijjg Y kqhnmlggfgolgkigfihk |
  1
<0:;8: {rn rn {rn {nog {nof {hm {fj -:):-,:; {ij {nno |
  1
<0:;8: {rn rn {rn {if {ih {nnn {nnm 90-(>-; {kl {nnl |
  1
/<*-): {rn rn {rn o 90-(>-; $ :'/@/>-@<*- 1*=, n 0/:1 m 
  1
 rlqj n o n 
  1
 giqkghgmjjmmhjjffhjj oqlfmoooooooooooolkgm 
  1
 giqkghgmjjmmhmhholhk lqgfmoooooooooooohfm 
  1
 o 
  1
 ,/361: 90-(>-; $ -:9 f " Y nnqghkffffffffgkoglg Y giqkghgmjjmmhjjffhjj Y oqlfmoooooooooooolkgm Y lqgfmoooooooooooohfm 
  1
 " o o |
  1
<0:;8: {rn rn {rn {nnn {nnn {ig {fo -:):-,:; {noi {nnk |
  1
:;8: {rn rn {rn {fl rhkqinmiognhjkfnnoknl {nol o {ig {nnj 90-(>-; _h *1410(1 |
  1
/<*-): {rn rn {rn o 90-(>-; $ :'/@/>-@<*- 1*=, n 0/:1 m 
  1
 rhkqinmiognhjkfnnoknl n o n 
  1
 giqkghgmjjmmhmhholhk lqgfmoooooooooooohfm 
  1
 nnqghkffffffffgkoglg lqgfmoooooooooooohfm 
  1
 o 
  1
 ,/361: 90-(>-; $ -:9 l " Y nnqghkffffffffgkoglg Y giqkghgmjjmmhjjffhjj Y oqlfmoooooooooooolkgm Y lqgfmoooooooooooohfm 
  1
 " o o |
  1
/<*-): {rn rn {rn o 90-(>-; $ :'/@/>-@<*- 1*=, n 0/:1 m 
  1
 o n lqj n 
  1
 nnqghkffffffffgkoglg lqgfmoooooooooooohfm 
  1
 nnqghkffffffffgkoglg oqlfmoooooooooooolkgm 
  1
 o 
  1
 ,/361: 90-(>-; $ -:9 f " Y nnqghkffffffffgkoglg Y giqkghgmjjmmhjjffhjj Y oqlfmoooooooooooolkgm Y lqgfmoooooooooooohfm 
  1
 " o o |
  1
):-+:' {rn rn {rn {ho m {nni |
  1
,+->687+r<*-): {rn rn {rn rklqoogjgknologifioml nggqihngjfohllflohfi mgiqnffnmlfjlmljonik o o rn V V |
  1
:;8: {rn rn {rn {non rkhqklhgngikgkgnnfhih {noo ro {gi {nnh 90-(>-; _h *1410(1 |
  1
/<*-): {rn rn {rn o 90-(>-; $ :'/@/>-@<*- 1*-=, m 0/:1 l 
  1
 rkhqklhgngikgkgnmokhg m rmlqhngfoflmkmkoiomlf m o m 
  1
 rlqmokigomhnjjnmfihjj:roj njqnooonghnjlinjoom n 
  1
 njqofffihfjlnfhkjmgf njqnooonghnjlhokhmjg oqhohnoihgnngijkhiglg 
  1
 njqofffihfjlmoikhlml nqghnjlhokonghglnhlj:roj n 
  1
 njqofffihfjlmnjjooih rnjqofffgnmgkimfhflnh oqhohnoihgnngijkhiglg 
  1
 rlqmokihgkijljniimkjl:roj rnjqofffgnmgkilggmfkf n 
  1
 o 
  1
 /3>1: nhqmlfohjgjkhljkngnj mlmqoloinkmkkmofilom mgiqiffnmlfjlmljohll o o n roqfigkihnlgnmmninmloh oqmkfnknllonmhokoij o 90-(>-;@) V V V V 
  1
 " o o |
  1
<0:;8: {rn rn {rn {nng {hl {nof {nnf 90-(>-; {gk {nmo |
  1
<0:;8: {rn rn {rn {hl {nng {nog {nmn 90-(>-; {gk {nmm |
  1
/<*-): {rn rn {rn o 90-(>-; $ :'/@/>-@<*- 1*=, n 0/:1 m 
  1
 ro n khqklhgngikgkgnmokhg n 
  1
 nqnkmoooooooooooolkg nqjhohfilmihfkgfijjg 
  1
 nqnkmoooooooooooolkg kqhnmlggfgolgkigfihk 
  1
 o 
  1
 ,/361: 90-(>-; $ -:9 mi " Y oqnkmoooooooooooolkgm Y nqnkmoooooooooooolkg Y nqjhohfilmihfkgfijjg Y kqhnmlggfgolgkigfihk 
  1
 " o o |
  1
):-+:' {rn rn {rn {nnf m {nml |
  1
):-+:' {rn rn {rn {fj m {nmk |
  1
61+<*-):r<*-): {rn rn {rn 90-(>-; $ :'><+@61+@<*- mofoo 9*33 1*-=, m 0/:1 l 
  1
 rkhqklhgngikgkgnmokhg m rmlqhngfoflmkmkoiomlf m ro m 
  1
 rmlqomikgglmlhinkojhj mmoqikkmiolofnhlgomm mgiqiffnmlfjlmljohll n 
  1
 rgqkomilkjlgnnihhgimf mniqggmmmimmkmjjkhjh mgiqiffnmlfjlmljohll oqhohnoihgnngijkhjhmh 
  1
 rnmqnikiigimloljnogij momqmjglhmklginogkgi mgiqiffnmlfjlmljohll n 
  1
 rnjqfmihomhohfjlkkmml nghqilkjngijmfiimmnj mgiqiffnmlfjlmljohll oqhohnoihgnngijkhjhmh 
  1
 rloqjjojjikfljfgoijg nfnqlfijjmhlhggkjkhf mgiqiffnmlfjlmljohll n 
  1
 o 
  1
 
  1
 1*33@,*-9><: 
  1
 1*33@,*-9><: 
  1
 1*33=, 
  1
 1*33=, 
  1
 V V 
  1
 o 
  1
 o 
  1
 o 
  1
 
  1
 o Y rkhqklhgngikgkgnmokhg Y ro JQZGKZQ[Z[ JQZGKZQ[Z[ " Y rkhqklhgngikgkgnmokhg Y ro |
  1
):-+:' {rn rn {rn {fo m {nmj |
  1
,+->687+r<*-): {rn rn {rn rnoqjigkiohnkmgngmmff mmlqligfjlfhlihkojmg mgmqiffnmlfjlmlkfjfi o o n V V |
  1
9><: {rn rn {rn {rn {nmi {k {rn {nmh 90-(>-; ,6183: |
  1
300/ {rn rn {rn {rn {gf {gl |
  1
/3>1:r,*-9><: {rn rn {rn ngqnjfihjfmgngonmglm mlmqjhkkkkgkmllnngfk mgmqiffnmlfjlmljonik ro o rn roqmkfnknllonmhoknjijf roqfigkihnlgnmmninoogh o 90-(>-;@) V V V V |
  1
<0:;8: {rn rn {rn {nmg {gi {fg {nmn -:):-,:; {ij {nmf |
  1
<0:;8: {rn rn {rn {gi {nmg {fh {nnf -:):-,:; {ij {nlo |
  1
/<*-): {rn rn {rn o 90-(>-; $ :'/@/>-@<*- 1*=, n 0/:1 m 
  1
 ro n khqklhgngikgkgnmokhg n 
  1
 nqnkmoooooooooooolkg nqjhohfilmihfkgfijjg 
  1
 nqnkmoooooooooooolkg kqhnmlggfgolgkigfihk 
  1
 o 
  1
 ,/361: 90-(>-; $ -:9 nf " Y oqnkmoooooooooooolkgm Y nqnkmoooooooooooolkg Y nqjhohfilmihfkgfijjg Y kqhnmlggfgolgkigfihk 
  1
 " o o |
  1
<0:;8: {rn rn {rn {gf {gf {gh {nnm -:):-,:; {noi {nln |
  1
:;8: {rn rn {rn {nol rhkqinmiognhjkfnnoknl {fl o {gh {nlm 90-(>-; _h *1410(1 |
  1
/<*-): {rn rn {rn o 90-(>-; $ :'/@/>-@<*- 1*=, n 0/:1 m 
  1
 rhkqinmiognhjkfnnoknl n o n 
  1
 giqkghgmjjmmhmhholhk lqgfmoooooooooooohfm 
  1
 nnqghkffffffffgkoglg lqgfmoooooooooooohfm 
  1
 o 
  1
 ,/361: 90-(>-; $ -:9 f " Y nnqghkffffffffgkoglg Y giqkghgmjjmmhjjffhjj Y oqlfmoooooooooooolkgm Y lqgfmoooooooooooohfm 
  1
 " o o |
  1
/<*-): {rn rn {rn o 90-(>-; $ :'/@/>-@<*- 1*-=, m 0/:1 l 
  1
 ro m lhqloilokoghhkjjjmoh m hkqinmiognhjkfnnoknl m 
  1
 rmoqgkmjgjgkkfojifggg rnnqlgiljijkngllhkgig n 
  1
 rfqkjimmflolohnfngmmk rlmqmmgfkmlgihlfmfglk oqhohnoihgnngijkgkiof 
  1
 nnqlgiljijkngllhmomi rmoqgkmjgjgkkfojjffk n 
  1
 lmqmmgfkmlgihlflnfii rfqkjimmflolohngigkgi oqhohnoihgnngijkgkiof 
  1
 moqgkmjgjgkkfojihoki nnqlgiljijkngllhkgig n 
  1
 o 
  1
 /3>1: ngqnjfihjfmgngonmglm mlmqjhkkkkgkmllnngfk mgmqiffnmlfjlmljonik ro o rn roqmkfnknllonmhoknjijf roqfigkihnlgnmmninoogh o 90-(>-;@) V V V V 
  1
 " o o |
  1
61+<*-):r<*-): {rn rn {rn 90-(>-; $ :'><+@61+@<*- mofoo 9*33 1*-=, m 0/:1 l 
  1
 rhkqinmiognhjkfnnoknl m rlhqloilokoghhjfifgfh m o m 
  1
 rklqoogjgknoloigllif nggqihngjfohllhjigjj mgmqiffnmlfjlmljnlon oqffffffffffffjjjiggh 
  1
 rmjqiiooliijmfllknlgj nhmqkjnhfhlhfookklml mgmqiffnmlfjlmljohll oqhohnoihgnngihifhmgk 
  1
 rfqklffhkfjgjklinnfoj ngfqgoolkkgmfnmnfigk mgmqiffnmlfjlmljnlon n 
  1
 iqhgoogihljgiljghihh mohqnkggfmmhfmjgoilg mgmqiffnmlfjlmljnlon oqhohnoihgnngijkhjhmh 
  1
 rnoqjigkiohnkmhmjlmik mmlqligfjlfhliijmfgf mgmqiffnmlfjlmljnlon n 
  1
 o 
  1
 
  1
 1*33@,*-9><: 
  1
 1*33@,*-9><: 
  1
 1*33=, 
  1
 1*33=, 
  1
 V V 
  1
 o 
  1
 o 
  1
 o 
  1
 
  1
 o Y rhkqinmiognhjkfnnoknl Y o JQZGKZQ[Z[ JQZGKZQ[Z[ " Y rhkqinmiognhjkfnnoknl Y o |
  1
/061+ {rn rn {rn rklqoogjgknologifioml nggqihngjfohllflohfi mgmqiffnmlfjlmljonik |
  1
61+<*-):r<*-): {rn rn {rn 90-(>-; $ :'><+@61+@<*- mofoo 9*33 1*-=, m 0/:1 l 
  1
 rkhqklhgngikgkgnmokhg m rmlqhngfoflmkmkoiomlf m ro m 
  1
 rloqjjojjikfljfgojgif nfnqlfijjmhlhggkjkhf mgiqiffnmlfjlmljohll n 
  1
 rkjqnhkknomhfmkmigjgm nfjqnjgjgigmmgomghkk mgiqiffnmlfjlmljohll oqhohnoihgnngijkhjhmh 
  1
 rknqknmlhinfklmkliikj mofqhgmkkoiogkkhjonj mgiqiffnmlfjlmljohll n 
  1
 rlhqijolkmnofkoiolffg mmkqkoimfklfkofmnjhn mgiqiffnmlfjlmljohll oqhohnoihgnngijkhjhmh 
  1
 rmlqomikgglmlhinknmgi mmoqikkmiolofnhlgomm mgiqiffnmlfjlmljohll n 
  1
 o 
  1
 
  1
 1*33@,*-9><: 
  1
 1*33@,*-9><: 
  1
 1*33=, 
  1
 1*33=, 
  1
 V V 
  1
 o 
  1
 o 
  1
 o 
  1
 
  1
 o Y rkhqklhgngikgkgnmokhg Y ro JQZGKZQ[Z[ JQZGKZQ[Z[ " Y rkhqklhgngikgkgnmokhg Y ro |
  1
<0:;8: {rn rn {rn {fg {fh {nll {nlk -:):-,:; {gk {nlj |
  1
:;8: {rn rn {rn {noo o {nli n {nof {nlh 90-(>-; _h *1410(1 |
  1
/<*-): {rn rn {rn o 90-(>-; $ :'/@/>-@<*- 1*=, n 0/:1 m 
  1
 ro n n n 
  1
 nqnkmoooooooooooolkg kqhnmlggfgolgkigfihk 
  1
 oqnkmoooooooooooolkgm kqhnmlggfgolgkigfihk 
  1
 o 
  1
 ,/361: 90-(>-; $ -:9 mi " Y oqnkmoooooooooooolkgm Y nqnkmoooooooooooolkg Y nqjhohfilmihfkgfijjg Y kqhnmlggfgolgkigfihk 
  1
 " o o |
  1
:;8: {rn rn {rn {nlg o {non n {nog {nlf 90-(>-; _h *1410(1 |
  1
/<*-): {rn rn {rn o 90-(>-; $ :'/@/>-@<*- 1*=, n 0/:1 m 
  1
 rn n ro n 
  1
 oqnkmoooooooooooolkgm nqjhohfilmihfkgfijjg 
  1
 nqnkmoooooooooooolkg nqjhohfilmihfkgfijjg 
  1
 o 
  1
 ,/361: 90-(>-; $ -:9 mi " Y oqnkmoooooooooooolkgm Y nqnkmoooooooooooolkg Y nqjhohfilmihfkgfijjg Y kqhnmlggfgolgkigfihk 
  1
 " o o |
  1
/061+ {rn rn {rn rmlqomikgglmlhinkojhj mmoqikkmiolofnhlgomm mgiqiffnmlfjlmljohll |
  1
/061+ {rn rn {rn rloqjjojjikfljfgoijg nfnqlfijjmhlhggkjkhf mgiqiffnmlfjlmljohll |
  1
/061+ {rn rn {rn rnoqjigkiohnkmgngmmff mmlqligfjlfhlihkojmg mgmqiffnmlfjlmlkfjfi |
  1
300/ {rn rn {rn {rn {nll {noj |
  1
/3>1:r,*-9><: {rn rn {rn rklqfllmmgfimojloklng mljqoknkhnojngllljj mgjqiffnmlfjlmljohll o o n roqmkfnknllonmhoknlklg roqfigkihnlgnmmniogfhh o 90-(>-;@) V V V V |
  1
<0:;8: {rn rn {rn {nof {nog {nko {nkn -:):-,:; {ij {nkm |
  1
/<*-): {rn rn {rn o 90-(>-; $ :'/@/>-@<*- 1*=, n 0/:1 m 
  1
 ro n n n 
  1
 nqnkmoooooooooooolkg kqhnmlggfgolgkigfihk 
  1
 oqnkmoooooooooooolkgm kqhnmlggfgolgkigfihk 
  1
 o 
  1
 ,/361: 90-(>-; $ -:9 nf " Y oqnkmoooooooooooolkgm Y nqnkmoooooooooooolkg Y nqjhohfilmihfkgfijjg Y kqhnmlggfgolgkigfihk 
  1
 " o o |
  1
/<*-): {rn rn {rn o 90-(>-; $ :'/@/>-@<*- 1*=, n 0/:1 m 
  1
 rn n ro n 
  1
 oqnkmoooooooooooolkgm nqjhohfilmihfkgfijjg 
  1
 nqnkmoooooooooooolkg nqjhohfilmihfkgfijjg 
  1
 o 
  1
 ,/361: 90-(>-; $ -:9 nf " Y oqnkmoooooooooooolkgm Y nqnkmoooooooooooolkg Y nqjhohfilmihfkgfijjg Y kqhnmlggfgolgkigfihk 
  1
 " o o |
  1
/<*-): {rn rn {rn o 90-(>-; $ :'/@/>-@<*- 1*-=, m 0/:1 l 
  1
 ro m lhqloilokoghhkjjjmoh m hkqinmiognhjkfnnoknl m 
  1
 moqgkmjgjgkkfojifggg nnqlgiljijkngllhkgig n 
  1
 fqkjimmflolohnghfnkk lmqmmgfkmlgihlflnmjj oqhohnoihgnngijkgkiof 
  1
 rnnqlgiljijkngllifngk moqgkmjgjgkkfojjffk n 
  1
 rlmqmmgfkmlgihlfmfglk fqkjimmflolohnghfnkk oqhohnoihgnngijkgkiof 
  1
 rmoqgkmjgjgkkfojihoki rnnqlgiljijkngllhimgf n 
  1
 o 
  1
 /3>1: ngqnjfihjfmgngonmglm mlmqjhkkkkgkmllnngfk mgmqiffnmlfjlmljonik ro o rn roqmkfnknllonmhoknjijf roqfigkihnlgnmmninoogh o 90-(>-;@) V V V V 
  1
 " o o |
  1
61+<*-):r<*-): {rn rn {rn 90-(>-; $ :'><+@61+@<*- mofoo 9*33 1*-=, m 0/:1 l 
  1
 rhkqinmiognhjkfnnoknl m rlhqloilokoghhjfifgfh m o m 
  1
 rnoqjigkiohnkmfnnmmmm mmlqligfjlfhligmhmnk mgmqiffnmlfjlmljonik oqffffffffffffjjjiggh 
  1
 rmhqfnhoognikkmiookkn mlfqjgfonjiigojlgin mgmqiffnmlfjlmlkfjfi oqhohnoihgnngihifhmgk 
  1
 rkkqnlhoifgjggnjglkhg mmmqmkokigmnhfliknom mgmqiffnmlfjlmljonik n 
  1
 rioqljhnlnjjlmmlojjig mokqgfnfmohihgoomgil mgmqiffnmlfjlmljonik oqhohnoihgnngijkhjhmh 
  1
 rklqoogjgknologifioml nggqihngjfohllflohfi mgmqiffnmlfjlmljonik n 
  1
 o 
  1
 
  1
 1*33@,*-9><: 
  1
 1*33@,*-9><: 
  1
 1*33=, 
  1
 1*33=, 
  1
 V V 
  1
 o 
  1
 o 
  1
 o 
  1
 
  1
 o Y rhkqinmiognhjkfnnoknl Y o JQZGKZQ[Z[ JQZGKZQ[Z[ " Y rhkqinmiognhjkfnnoknl Y o |
  1
<0:;8: {rn rn {rn {nko {nko {nng {nlk 90-(>-; {nmi {nkl |
  1
:;8: {rn rn {rn {nlg rkhqklhgngikgkgnnfhih {nli ro {nng {nkk 90-(>-; _h *1410(1 |
  1
/<*-): {rn rn {rn o 90-(>-; $ :'/@/>-@<*- 1*=, n 0/:1 m 
  1
 ro n khqklhgngikgkgnmokhg n 
  1
 oqnkmoooooooooooolkgm kqhnmlggfgolgkigfihk 
  1
 oqnkmoooooooooooolkgm nqjhohfilmihfkgfijjg 
  1
 o 
  1
 ,/361: 90-(>-; $ -:9 mi " Y oqnkmoooooooooooolkgm Y nqnkmoooooooooooolkg Y nqjhohfilmihfkgfijjg Y kqhnmlggfgolgkigfihk 
  1
 " o o |
  1
):-+:' {rn rn {rn {nnf m {nkj |
  1
,+->687+r<*-): {rn rn {rn rmlqomikgglmlhinkojhj mmoqikkmiolofnhlgomm mgiqiffnmlfjlmljohll o o rn V V |
  1
):-+:' {rn rn {rn {nmn m {nki |
  1
,+->687+r<*-): {rn rn {rn rloqjjojjikfljfgoijg nfnqlfijjmhlhggkjkhf mgjqiffnmlfjlmljohll o o n V V |
  1
<0:;8: {rn rn {rn {nll {nll {nmg {nkn 90-(>-; {nmi {nkh |
  1
:;8: {rn rn {rn {nli rkhqklhgngikgkgnmokhg {nlg rgqnomonjooghggmhllll:rnj {nmg {nkg 90-(>-; _h *1410(1 |
  1
/<*-): {rn rn {rn o 90-(>-; $ :'/@/>-@<*- 1*=, n 0/:1 m 
  1
 ro n khqklhgngikgkgnmokhg n 
  1
 oqnkmoooooooooooolkgm kqhnmlggfgolgkigfihk 
  1
 oqnkmoooooooooooolkgm nqjhohfilmihfkgfijjg 
  1
 o 
  1
 ,/361: 90-(>-; $ -:9 nf " Y oqnkmoooooooooooolkgm Y nqnkmoooooooooooolkg Y nqjhohfilmihfkgfijjg Y kqhnmlggfgolgkigfihk 
  1
 " o o |
  1
/<*-): {rn rn {rn o 90-(>-; $ :'/@/>-@<*- 1*-=, m 0/:1 l 
  1
 rkhqklhgngikgkgnmokhg m rmlqhngfoflmkmkoiomlf m o m 
  1
 njqnooooooooooonflmh rfqolgnoljfggigkhklik:rnm n 
  1
 njqnoooooooooofmoij njqoffffffffffnnnfik oqhohnoihgnngijkhiglg 
  1
 fqoiijmjlogmfgghglhm:rnm njqnooooooooooonikgj n 
  1
 rnjqoffffffffffnojfmk njqnoooooooooofmnhni oqhohnoihgnngijkhiglg 
  1
 rnjqnooooooooooonog fqojmlnkkjljglihilig:rnm n 
  1
 o 
  1
 /3>1: rklqfllmmgfimojloklng mljqoknkhnojngllljj mgjqiffnmlfjlmljohll o o n roqmkfnknllonmhoknlklg roqfigkihnlgnmmniogfhh o 90-(>-;@) V V V V 
  1
 " o o |
  1
61+<*-):r<*-): {rn rn {rn 90-(>-; $ :'><+@61+@<*- mofoo 9*33 1*-=, m 0/:1 l 
  1
 rkhqklhgngikgkgnmokhg m rmlqhngfoflmkmkoiomlf m ro m 
  1
 rloqjjojjikfljfgoijg nfnqlfijjmhlhggkjkhf mgjqiffnmlfjlmljohll n 
  1
 rnjqfmihomhohfjlkkmml nghqilkjngijmfiimmnj mgjqiffnmlfjlmljohll oqhohnoihgnngijkhjhmh 
  1
 rnmqnikiigimloljnogij momqmjglhmklginogkgi mgjqiffnmlfjlmljohll n 
  1
 rgqkomilkjlgnnihhgimf mniqggmmmimmkmjjkhjh mgjqiffnmlfjlmljohll oqhohnoihgnngijkhjhmh 
  1
 rmlqomikgglmlhinkojhj mmoqikkmiolofnhlgomm mgjqiffnmlfjlmljohll n 
  1
 o 
  1
 
  1
 1*33@,*-9><: 
  1
 1*33@,*-9><: 
  1
 1*33=, 
  1
 1*33=, 
  1
 V V 
  1
 o 
  1
 o 
  1
 o 
  1
 
  1
 o Y rkhqklhgngikgkgnmokhg Y ro JQZGKZQ[Z[ JQZGKZQ[Z[ " Y rkhqklhgngikgkgnmokhg Y ro |
  1
/061+ {rn rn {rn rmlqomikgglmlhinkojhj mmoqikkmiolofnhlgomm mgjqiffnmlfjlmljohll |
  1
/061+ {rn rn {rn rloqjjojjikfljfgoijg nfnqlfijjmhlhggkjkhf mgjqiffnmlfjlmljohll |
  1
/<*-): {rn rn {rn o 90-(>-; $ :'/@/>-@<*- 1*-=, m 0/:1 l 
  1
 rkhqklhgngikgkgnmokhg m rmlqhngfoflmkmkoiomlf m o m 
  1
 rnjqnooooooooooonog fqojmlnkkjljglihilig:rnm n 
  1
 rnjqnoooooooooofnkhgg rnjqoffffffffffnofnmm oqhohnoihgnngijkhjhmh 
  1
 rfqoofignggfklgoholjh:rnm rnjqnooooooooooonjoik n 
  1
 njqoffffffffffnnimmh rnjqnoooooooooofmngfk oqhohnoihgnngijkhjhmh 
  1
 njqnooooooooooonflmh rfqolgnoljfggigkhklik:rnm n 
  1
 o 
  1
 /3>1: rklqfllmmgfimojloklng mljqoknkhnojngllljj mgjqiffnmlfjlmljohll o o n roqmkfnknllonmhoknlklg roqfigkihnlgnmmniogfhh o 90-(>-;@) V V V V 
  1
 " o o |
  1
61+<*-):r<*-): {rn rn {rn 90-(>-; $ :'><+@61+@<*- mofoo 9*33 1*-=, m 0/:1 l 
  1
 rkhqklhgngikgkgnmokhg m rmlqhngfoflmkmkoiomlf m ro m 
  1
 rmlqomikgglmlhinknmgi mmoqikkmiolofnhlgomm mgjqiffnmlfjlmljohll n 
  1
 rlhqijolkmnofkoiolffg mmkqkoimfklfkofmnjhn mgjqiffnmlfjlmljohll oqhohnoihgnngijkhjhmh 
  1
 rknqknmlhinfklmkliikj mofqhgmkkoiogkkhjonj mgjqiffnmlfjlmljohll n 
  1
 rkjqnhkknomhfmkmigjgm nfjqnjgjgigmmgomghkk mgjqiffnmlfjlmljohll oqhohnoihgnngijkhjhmh 
  1
 rloqjjojjikfljfgojgif nfnqlfijjmhlhggkjkhf mgjqiffnmlfjlmljohll n 
  1
 o 
  1
 
  1
 1*33@,*-9><: 
  1
 1*33@,*-9><: 
  1
 1*33=, 
  1
 1*33=, 
  1
 V V 
  1
 o 
  1
 o 
  1
 o 
  1
 
  1
 o Y rkhqklhgngikgkgnmokhg Y ro JQZGKZQ[Z[ JQZGKZQ[Z[ " Y rkhqklhgngikgkgnmokhg Y ro |
100
AcDb3dSolid
350
0
1001
ACAD_OBJECT_CHANGE_GUID
1070
     1
1071
1149707376
1070
 18571
1070
 17227
1070
   169
1070
   249
1070
   250
1070
   148
1070
    98
1070
    22
1070
   145
1070
   239
  0
REGION
  5
227A
330
1F
100
AcDbEntity
  8
BASE
 62
     7
100
AcDbModelerGeometry
 70
     1
  1
mnjoo mo m mk          
  1
ni ^ *+0;:,4 ^ *+0\^ [ mo ^ LR mlnqiqmqijjlj QK o  
  1
mjqlfffffffffffffgjg fqfffffffffffffffjkh:roh nqooooooooooooooooli:rno 
  1
>,27:>;:- {rn rn _nl mlnqiqmqijjlj |
  1
=0;& {rn rn {rn {m {rn {l |
  1
3*2/ {rn rn {rn {rn {k {n |
  1
+->1,90-2 {rn rn n o o o n o o o n kjmgqgolfnhmjjjiofng migfqmffgholkionjmig nihqklhjogmilhkihfmi n 10@-0+>+: 10@-:93:<+ 10@,7:>- |
  1
,7:33 {rn rn {rn {rn {rn {j {rn {m |
  1
9><: {rn rn {rn {rn {i {k {rn {h 90-(>-; ;0*=3: 0*+ |
  1
300/ {rn rn {rn {rn {g {j |
  1
/3>1:r,*-9><: {rn rn {rn rnnqnhlnojkoilkfjfhnj rmfqfhjfkolkojmkoingh jfiqmhfnikkjiffnihfg lqnhfffikglinhgjmifg:roj roqnokjmgkjgklkhinnlkj oqffkjmngfjlihgmigifm roqooolomjjikliiihjhilll oqffkjmngkflkjjnmnlmm oqnokjmgkilmhnfonfnfh 90-(>-;@) V V V V |
  1
<0:;8: {rn rn {rn {f {f {rn {no 90-(>-; {i {nn |
  1
<0:;8: {rn rn {rn {g {g {rn {nm 90-(>-; {i {nl |
  1
:;8: {rn rn {rn {nk ro {nj kkqhihloiiolmjfiojkm {g {ni 90-(>-; _h *1410(1 |
  1
/<*-): {rn rn {rn o 90-(>-; $ :'/@/>-@<*- 1*-=, m 0/:1 l 
  1
 o m mmqlglijlloniljfnllg m kkqhihloiiolmhngmihi m 
  1
 rnmqjojjjofohlihofkhk iqglngnliihojokgilni n 
  1
 rnfqllhlikglmjnliohlg rjqihlhlhglfgfnogomh oqhohnoihgnngioigoihk 
  1
 riqglngnllmjjimhimggk rnmqjojjjnhijomoilokg n 
  1
 jqihlhlgngnlggolilnh rnfqllhlijifonjongiol oqhohnoihgnngioigoihk 
  1
 nmqjojjjmnoijooijnil riqglngnknglnfoofomim n 
  1
 o 
  1
 /3>1: rnnqnhlnojkoilkfjfhnj rmfqfhjfkolkojmkoingh jfiqmhfnikkjiffnihfg lqnhfffikglinhgjmifg:roj roqnokjmgkjgklkhinnlkj oqffkjmngfjlihgmigifm roqooolomjjikliiihjhilll oqffkjmngkflkjjnmnlmm oqnokjmgkilmhnfonfnfh 90-(>-;@) V V V V 
  1
 " o o |
  1
:;8: {rn rn {rn {nj ro {nk kkqhihloiiolnjjglhhi {f {nh 90-(>-; _h *1410(1 |
  1
/<*-): {rn rn {rn o 90-(>-; $ :'/@/>-@<*- 1*-=, m 0/:1 l 
  1
 o m mmqlglijllonjhhfnggg m kkqhihloiiolnjjglhhi m 
  1
 nmqjojjjmnoijooikkjl riqglngnknglnfoogihof n 
  1
 nfqllhliiolnjfkhonlj jqihlhlhlmlhliogoik oqhohnoihgnnghomhngfn 
  1
 iqglngnkjmkihhhfjfl nmqjojjjnmkggkhnoghg n 
  1
 rjqihlhlifgmmlfofnhln nfqllhlijnhlfjgnmfgm oqhohnoihgnnghomhngfn 
  1
 rnmqjojjjofohlihoghil iqglngnliihojokgilni n 
  1
 o 
  1
 /3>1: rnnqnhlnojkoilkfjfhnj rmfqfhjfkolkojmkoingh jfiqmhfnikkjiffnihfg lqnhfffikglinhgjmifg:roj roqnokjmgkjgklkhinnlkj oqffkjmngfjlihgmigifm roqooolomjjikliiihjhilll oqffkjmngkflkjjnmnlmm oqnokjmgkilmhnfonfnfh 90-(>-;@) V V V V 
  1
 " o o |
  1
):-+:' {rn rn {rn {no o {ng |
  1
):-+:' {rn rn {rn {no n {nf |
  1
61+<*-):r<*-): {rn rn {rn 90-(>-; $ :'><+@61+@<*- mofoo 9*33 1*-=, m 0/:1 l 
  1
 ro m mmqlglijlloniljfnifl m kkqhihloiiolmhngmihi m 
  1
 rllqjkfkjgmigflmhggkf rmiqfinmkmmkfhomliflg jfiqjfihlhkiikhhhkgn n 
  1
 rmnqokngkollnknhnkgkf rllqhjngmjffmkilgohlm jfjqggmingkjjjoofiok oqhohnoihgnngiknoigmm 
  1
 rnkqmnlgnoljhjiojgmjl rmnqlnmhollgjhkhmhlnf jfhqngfgokjlighgjigg n 
  1
 rhqlgjhgolglhokonfmli rgqghljgohhfolohlfojm jfgqkfiffoingmjioilj oqhohnoihgnngiknoigmm 
  1
 rnfqgfllfglmnmmkfkl rmqogmffholimhgflohli jffqmnnnofimfmlnhnkl n 
  1
 o 
  1
 
  1
 1*33@,*-9><: 
  1
 1*33@,*-9><: 
  1
 1*33=, 
  1
 1*33=, 
  1
 V V 
  1
 o 
  1
 o 
  1
 o 
  1
 
  1
 o Y ro Y kkqhihloiiolmhngmihi JQZGKZQ[Z[ JQZGKZQ[Z[ " Y ro Y kkqhihloiiolmhngmihi |
  1
61+<*-):r<*-): {rn rn {rn 90-(>-; $ :'><+@61+@<*- mofoo 9*33 1*-=, m 0/:1 l 
  1
 ro m mmqlglijlloniolffjg m kkqhihloiiolnjjglhhi m 
  1
 rnfqgfllfglmnmnjmhfim rmqogmffholimgkmnngkj jffqmnnnofimfmlnkgif n 
  1
 rlmqkononimjghmiohlhm kqhohjgihoikhkjhiiij jffqfmjmmgikomogokhm oqhohnoihgnngijkhiglg 
  1
 rlfqmmfokimlmjgkgmgnj rhqhlnjljfoomlkjoglng jfgqingokmjjgglnmlki n 
  1
 rkiqojhohimoikmnohmjg rmoqnhoijgjoifominngi jfhqlnogjikhhkjgimgk oqhohnoihgnnghmlonlhf 
  1
 rllqjkfkjgmigfhlffffi rmiqfinmkmmkfigoommgn jfiqjfihlhkiikgokhij oqfffffffffffgiljofng 
  1
 o 
  1
 
  1
 1*33@,*-9><: 
  1
 1*33@,*-9><: 
  1
 1*33=, 
  1
 1*33=, 
  1
 V V 
  1
 o 
  1
 o 
  1
 o 
  1
 
  1
 o Y ro Y kkqhihloiiolnjjglhhi JQZGKZQ[Z[ JQZGKZQ[Z[ " Y ro Y kkqhihloiiolnjjglhhi |
  1
/061+ {rn rn {rn rllqjkfkjgmigfjllghnm rmiqfinmkmmkfifnmnlgi jfiqjfihlhkiikhfnnml |
  1
/061+ {rn rn {rn rnfqgfllfglmnmnjmhfim rmqogmffholimgkmnngkj jffqmnnnofimfmlnkgif |
1001
ACAD_OBJECT_CHANGE_GUID
1070
     1
1071
128241004
1070
 23831
1070
-19897
1070
   167
1070
   171
1070
    36
1070
    70
1070
    35
1070
   200
1070
   232
1070
   133
  0
LINE
  5
227B
330
1F
100
AcDbEntity
  8
BASE
 62
     7
100
AcDbLine
 10
4495.254458986607
 20
2662.338628096325
 30
764.0342457302259
 11
4495.254261826844
 21
2662.986704538608
 31
757.8682099789465
1001
ACAD_STEPID
1071
      513
  0
LINE
  5
227C
330
1F
100
AcDbEntity
  8
BASE
 62
     7
100
AcDbLine
 10
4508.91032177456
 20
2687.864949752032
 30
760.4825821416962
 11
4508.910518934345
 21
2687.216873309733
 31
766.6486178929782
1001
ACAD_STEPID
1071
      513
  0
LINE
  5
227D
330
1F
100
AcDbEntity
  8
BASE
 62
     7
100
AcDbLine
 10
4495.254458986607
 20
2662.338628096325
 30
764.0342457302259
 11
4495.254261826844
 21
2662.986704538608
 31
757.8682099789465
1001
ACAD_STEPID
1071
      514
  0
SPLINE
  5
227E
330
1F
100
AcDbEntity
  8
BASE
 62
     7
100
AcDbSpline
210
-0.0000317999648777
220
0.1045284584349324
230
-0.9945218953678088
 70
    12
 71
     2
 72
     8
 73
     5
 74
     0
 42
0.000000001
 43
0.0000000001
 40
0.0
 40
0.0
 40
0.0
 40
22.383653301604
 40
22.383653301604
 40
44.76730660315584
 40
44.76730660315584
 40
44.76730660315584
 10
4508.910518934345
 20
2687.216873309733
 30
766.6486178929782
 41
1.0
 10
4496.402900996836
 20
2694.00745705249
 30
767.362736903955
 41
0.7071067811865478
 10
4489.574871022973
 20
2681.568334445782
 30
766.0555508225781
 41
1.0
 10
4482.746841049137
 20
2669.129211839115
 30
764.7483647412054
 41
0.7071067811872302
 10
4495.254458986585
 20
2662.338628096336
 30
764.0342457302273
 41
0.999999999998635
1001
ACAD_STEPID
1071
      514
  0
LINE
  5
227F
330
1F
100
AcDbEntity
  8
BASE
 62
     7
100
AcDbLine
 10
4508.91032177456
 20
2687.864949752032
 30
760.4825821416962
 11
4508.910518934345
 21
2687.216873309733
 31
766.6486178929782
1001
ACAD_STEPID
1071
      514
  0
REGION
  5
2280
330
1F
100
AcDbEntity
  8
BASE
 62
     7
100
AcDbModelerGeometry
 70
     1
  1
mnjoo ll m mk          
  1
ni ^ *+0;:,4 ^ *+0\^ [ mo ^ LR mlnqiqmqijjlj QK o  
  1
mjqlfffffffffffffgjg fqfffffffffffffffjkh:roh nqooooooooooooooooli:rno 
  1
>,27:>;:- {rn rn _nl mlnqiqmqijjlj |
  1
=0;& {rn rn {rn {m {rn {l |
  1
3*2/ {rn rn {rn {rn {k {n |
  1
+->1,90-2 {rn rn n o o o n o o o n kjmgqgolfnhmjjjiofng migfqmffgholkionjmig nihqklhjogmilhkihfmi n 10@-0+>+: 10@-:93:<+ 10@,7:>- |
  1
,7:33 {rn rn {rn {rn {rn {j {rn {m |
  1
9><: {rn rn {rn {rn {i {k {rn {h 90-(>-; ;0*=3: 0*+ |
  1
300/ {rn rn {rn {g {f {j |
  1
/3>1:r,*-9><: {rn rn {rn rkmqmnmgnohlnmnokolj rnfqoihnlhjhoolgnomhm kfmqggiggoimgmjjomgn rlqnhfffimfoohlmfjjjk:roj oqnokjmgkjgklogkiikog roqffkjmngfjligmlgkmgf roqooolomjjikliiihkmjjhkh oqffkjmngkflkjfmlkiff oqnokjmgkilmihfgignjl 90-(>-;@) V V V V |
  1
300/ {rn rn {rn {rn {no {j |
  1
<0:;8: {rn rn {rn {nn {nn {rn {nm 90-(>-; {i {nl |
  1
<0:;8: {rn rn {rn {nk {nk {rn {nj 90-(>-; {g {ni |
  1
<0:;8: {rn rn {rn {f {f {rn {nh 90-(>-; {i {ng |
  1
:;8: {rn rn {rn {nf rkkqinokfkijhmjjmiil {mo ro {f {mn 90-(>-; _h *1410(1 |
  1
/<*-): {rn rn {rn o 90-(>-; $ :'/@/>-@<*- 1*-=, m 0/:1 l 
  1
 rkkqinokfkijhmjjmiil m rmmqlojmkhlmgimhillnj m o m 
  1
 rkqnninhkoigmjgmiolhh:rnn nkqmooooooooooohnnin n 
  1
 rnkqnffflfkggniggojkh nkqnffflfkggnlmhmknn oqhohnogmghgmnfkkfoln 
  1
 rnkqnffflfkggnmhikhmg riqnhkfhnikjnmlnjoiij:rnn n 
  1
 rnkqnffflfkggogikghlm rnkqnffflfkggmjimngmn oqhohnogmghgmnfkkfoln 
  1
 kqnnhjfjnjlhmfhgojhh:rnn rnkqmooooooooooohoimg n 
  1
 o 
  1
 /3>1: rkmqmnmgnohlnmnokolj rnfqoihnlhjhoolgnomhm kfmqggiggoimgmjjomgn rlqnhfffimfoohlmfjjjk:roj oqnokjmgkjgklogkiikog roqffkjmngfjligmlgkmgf roqooolomjjikliiihkmjjhkh oqffkjmngkflkjfmlkiff oqnokjmgkilmihfgignjl 90-(>-;@) V V V V 
  1
 " o o |
  1
<0:;8: {rn rn {rn {no {no {rn {mm 90-(>-; {g {ml |
  1
:;8: {rn rn {rn {mk ro {mj lfqmifglmfjhlljomikk {no {mi 90-(>-; _h *1410(1 |
  1
/<*-): {rn rn {rn o 90-(>-; $ :'/@/>-@<*- 1*-=, m 0/:1 l 
  1
 o m nfqilkfnikhggjmmlijh m lfqmifglmfjhhokkhlnl m 
  1
 jqffmgnfmlmimgjglgkg rnoqfifhgmomljgfkmknn n 
  1
 rkqfhifimhfnofjhhhiin rniqfimionmjimfnhojkj oqhohnoihgnngmnfgfkom 
  1
 rnoqfifhgmomliilnmghn rjqffmgnfmlmkflilokii n 
  1
 rniqfimionmjimlokilhg kqfhifimhfnlokklmogg oqhohnoihgnngmnfgfkom 
  1
 rjqffmgnfmlmljgifgk noqfifhgmomlhligjmgj n 
  1
 o 
  1
 /3>1: rkmqmnmgnohlnmnokolj rnfqoihnlhjhoolgnomhm kfmqggiggoimgmjjomgn rlqnhfffimfoohlmfjjjk:roj oqnokjmgkjgklogkiikog roqffkjmngfjligmlgkmgf roqooolomjjikliiihkmjjhkh oqffkjmngkflkjfmlkiff oqnokjmgkilmihfgignjl 90-(>-;@) V V V V 
  1
 " o o |
  1
:;8: {rn rn {rn {mo rkkqinokfkijhmjjmiil {nf ro {nn {mh 90-(>-; _h *1410(1 |
  1
/<*-): {rn rn {rn o 90-(>-; $ :'/@/>-@<*- 1*-=, m 0/:1 l 
  1
 rkkqinokfkijhmjjmiil m rmmqlojmkhlmgimhillnj m o m 
  1
 kqnnhjfjnjlhmfhgojhh:rnn rnkqmooooooooooohoimg n 
  1
 nkqnffflfkggnigglolk rnkqnffflfkggnlmhnh oqhohnogmghgmnfkkfoln 
  1
 nkqnffflfkggnmhiinkf iqnhjlmifnikfnolohnj:rnn n 
  1
 nkqnffflfkggogikfmik nkqnffflfkggmjimmljk oqhohnogmghgmnfkkfoln 
  1
 rkqnninhkoigmjgmiolhh:rnn nkqmooooooooooohnnin n 
  1
 o 
  1
 /3>1: rkmqmnmgnohlnmnokolj rnfqoihnlhjhoolgnomhm kfmqggiggoimgmjjomgn rlqnhfffimfoohlmfjjjk:roj oqnokjmgkjgklogkiikog roqffkjmngfjligmlgkmgf roqooolomjjikliiihkmjjhkh oqffkjmngkflkjfmlkiff oqnokjmgkilmihfgignjl 90-(>-;@) V V V V 
  1
 " o o |
  1
):-+:' {rn rn {rn {nm o {mg |
  1
):-+:' {rn rn {rn {nm n {mf |
  1
61+<*-):r<*-): {rn rn {rn 90-(>-; $ :'><+@61+@<*- mofoo 9*33 1*-=, m 0/:1 l 
  1
 rkkqinokfkijhmjjmiil m rmmqlojmkhlmgiinfnigk m ro m 
  1
 rnmqjmkhljnojofjglmmn rlqijomhmfhjklmlhlmhf kfkqjoilofolihmgojjm oqfffffffffffhkingogn 
  1
 rnmqjmoklggolhjifnjij rnhqhhmkglmliogliniom kflqommookgjglmfnmjf oqhohnoihgnnghlhfmkog 
  1
 rmiqhmoklgnkijhfohlf rnhqhhigolmomhnlkilok kflqommookgjglmfonmm oqffffffffffffmilmji 
  1
 rkoqfmoklhkgfkimfhijk rnhqhgnnmlniflklljfhf kflqommookgjglmfoifn oqhohnoihgnngikhghlgf 
  1
 rkoqfmkhllhfogilijjmi rlqijgfnmfogilohmlokf kfkqjoilofolihlkjljl oqffffffffffffmimgnnf 
  1
 o 
  1
 
  1
 1*33@,*-9><: 
  1
 1*33@,*-9><: 
  1
 1*33=, 
  1
 1*33=, 
  1
 V V 
  1
 o 
  1
 o 
  1
 o 
  1
 
  1
 o Y rkkqinokfkijhmjjmiil Y ro JQZGKZQ[Z[ JQZGKZQ[Z[ " Y rkkqinokfkijhmjjmiil Y ro |
  1
:;8: {rn rn {rn {mj ro {mk lfqmifglmfjihgnfokkk {nk {lo 90-(>-; _h *1410(1 |
  1
/<*-): {rn rn {rn o 90-(>-; $ :'/@/>-@<*- 1*-=, m 0/:1 l 
  1
 o m nfqilkfnikhglfofjmmm m lfqmifglmfjihgnfokkk m 
  1
 rjqffmgnfmlmljgifgk noqfifhgmomlhligjik n 
  1
 kqfhifimhfnmklmlfmjf niqfimionmjiomngkkgg oqhohnoihgnnfogfikmhl 
  1
 noqfifhgmomliilnjool jqffmgnfmlmkflilhjhn n 
  1
 niqfimionmjioglohfkj rkqfhifimhfnolkjijmfm oqhohnoihgnnfogfikmhl 
  1
 jqffmgnfmlmimgjglgkg rnoqfifhgmomljgfkmknn n 
  1
 o 
  1
 /3>1: rkmqmnmgnohlnmnokolj rnfqoihnlhjhoolgnomhm kfmqggiggoimgmjjomgn rlqnhfffimfoohlmfjjjk:roj oqnokjmgkjgklogkiikog roqffkjmngfjligmlgkmgf roqooolomjjikliiihkmjjhkh oqffkjmngkflkjfmlkiff oqnokjmgkilmihfgignjl 90-(>-;@) V V V V 
  1
 " o o |
  1
):-+:' {rn rn {rn {nj o {ln |
  1
):-+:' {rn rn {rn {nj n {lm |
  1
61+<*-):r<*-): {rn rn {rn 90-(>-; $ :'><+@61+@<*- mofoo 9*33 1*-=, m 0/:1 l 
  1
 ro m nfqilkfnikhggjmmllon m lfqmifglmfjhhokkhlnl m 
  1
 rlhqifilmfnloooimllhj mqlomojfkilflljjlmoh kfjqnlmhmfmmnhjhmkkf n 
  1
 rklqigjgmfnohnjjfiojh rgqiofkjnjfkhlnnnfkmg kflqfgiohkhikkmjmnnj oqhohnoihgnngngklhhfg 
  1
 rlmqhnkmlkkmkfolgohjn rnkqjiinokooojffjfiof kflqljfijkjhfkofjjoj n 
  1
 rmnqhkmilfhkmijniigii rmoqjmmhjikoikigoijij kfmqhllmlklfklflglmi oqhohnoihgnngngklhhfg 
  1
 rnjqhjlnlfhijhflggfik rfqinnmkjlkhikkgffhfj kflqghfggggjnhkmjhg n 
  1
 o 
  1
 
  1
 1*33@,*-9><: 
  1
 1*33@,*-9><: 
  1
 1*33=, 
  1
 1*33=, 
  1
 V V 
  1
 o 
  1
 o 
  1
 o 
  1
 
  1
 o Y ro Y lfqmifglmfjhhokkhlnl JQZGKZQ[Z[ JQZGKZQ[Z[ " Y ro Y lfqmifglmfjhhokkhlnl |
  1
61+<*-):r<*-): {rn rn {rn 90-(>-; $ :'><+@61+@<*- mofoo 9*33 1*-=, m 0/:1 l 
  1
 rkkqinokfkijhmjjmiil m rmmqlojmkhlmgiinflki m ro m 
  1
 rkoqfmkhllhfogiliifkh rlqijgfnmfogjiflojoih kfkqjoilofolihknonjj oqfffffffffffhkinkhjn 
  1
 rkoqfmfoloofmmomjghgn noqkilmfhljmognflmlj kfjqffoinlmnjnkommgf oqhohnoihgnnghlhfigkf 
  1
 rmiqhmfolohkflgokmhhg noqkihinhlnghnnhfjlj kfjqffoinlmnjnkonnjm oqffffffffffffmilkhg 
  1
 rnmqjmfolnkoikfijmgif noqkhnflhmgjlknihhgf kfjqffoinlmnjnkommgf oqhohnoihgnngikhggkff 
  1
 rnmqjmkhljnojofjgkffh rlqijomhmfhjlhofioimi kfkqjoilofolihlkjljl oqffffffffffffmilkhg 
  1
 o 
  1
 
  1
 1*33@,*-9><: 
  1
 1*33@,*-9><: 
  1
 1*33=, 
  1
 1*33=, 
  1
 V V 
  1
 o 
  1
 o 
  1
 o 
  1
 
  1
 o Y rkkqinokfkijhmjjmiil Y ro JQZGKZQ[Z[ JQZGKZQ[Z[ " Y rkkqinokfkijhmjjmiil Y ro |
  1
/061+ {rn rn {rn rnmqjmkhljnojofjgkffh rlqijomhmfhjlhofjfhlg kfkqjoilofolihlkjljl |
  1
/061+ {rn rn {rn rkoqfmkhllhfogilihijh rlqijgfnmfogjiflojjnn kfkqjoilofolihknohml |
  1
61+<*-):r<*-): {rn rn {rn 90-(>-; $ :'><+@61+@<*- mofoo 9*33 1*-=, m 0/:1 l 
  1
 ro m nfqilkfnikhgkimknnj m lfqmifglmfjihgnfokkk m 
  1
 rnjqhjlnlfhijfjlmlfj rfqinnmkjlkhfljmikgi kflqghfggggjnhnmojln n 
  1
 rfqhililfhgggglnfmfkf nqloomijhnojgkmjjiil kfjqomijkllofomggjmj oqhohnoihgnngijkhiglg 
  1
 rmoqhljmlkkhofofiggl hqmjifngnnijngihimkl kfjqijmfilkfkojnlfnj n 
  1
 rlnqhoigmfnjmgmlmioik nlqmnljhojmmlfnhgmof kfiqmhflglihfoihjohl oqhohnoihgnnggihfjlk 
  1
 rlhqifilmfnmffkkjghoh mqlomojfkikokjgfkkjj kfjqnlmhmfmmnhifnmjm oqfffffffffffjhlimffj 
  1
 o 
  1
 
  1
 1*33@,*-9><: 
  1
 1*33@,*-9><: 
  1
 1*33=, 
  1
 1*33=, 
  1
 V V 
  1
 o 
  1
 o 
  1
 o 
  1
 
  1
 o Y ro Y lfqmifglmfjihgnfokkk JQZGKZQ[Z[ JQZGKZQ[Z[ " Y ro Y lfqmifglmfjihgnfokkk |
  1
/061+ {rn rn {rn rlhqifilmfnmffkkjghoh mqlomojfkikokjgfkkjj kfjqnlmhmfmmnhifnmjm |
  1
/061+ {rn rn {rn rnjqhjlnlfhijfjlmlfj rfqinnmkjlkhfljmikgi kflqghfggggjnhnmojln |
1001
ACAD_OBJECT_CHANGE_GUID
1070
     1
1071
-694978703
1070
-23054
1070
  4160
1070
   169
1070
   161
1070
    46
1070
    10
1070
   119
1070
    96
1070
   203
1070
   114
  0
SURFACE
  5
2281
330
1F
100
AcDbEntity
  8
BASE
 62
     7
160
                 8
310
0800000000000000
100
AcDbModelerGeometry
 70
     1
  1
mnjoo lh m mk          
  1
ni ^ *+0;:,4 ^ *+0\^ [ mo ^ LR mlnqiqmqijjlj QK o  
  1
mjqlfffffffffffffgjg fqfffffffffffffffjkh:roh nqooooooooooooooooli:rno 
  1
>,27:>;:- {rn rn _nl mlnqiqmqijjlj |
  1
=0;& {rn rn {rn {m {rn {l |
  1
3*2/ {rn rn {rn {rn {k {n |
  1
+->1,90-2 {rn rn n o o o n o o o n kjmgqgolfnhmjjjiofng migfqmffgholkionjmig nihqklhjogmilhkihfmi n 10@-0+>+: 10@-:93:<+ 10@,7:>- |
  1
,7:33 {rn rn {rn {rn {rn {j {rn {m |
  1
9><: {i rn {rn {rn {h {k {rn {g 90-(>-; ;0*=3: 0*+ |
  1
/:-,*=:1+r><>;L036;W6,+0-&r>++-6= {rn rn {rn {rn {j n nno nooooooooo noon |
  1
300/ {rn rn {rn {rn {f {j |
  1
,/361:r,*-9><: {rn rn {rn 90-(>-; $ :'><+@,/3@,*- mofoo 9*33 1*-=, m m =0+7 0/:1 0/:1 101: 101: m l 
  1
 rfqgngjlkghkomghmgnjk:rni m oqhmkmikoighnnflkgmhj m 
  1
 o m mf m jgqooooooooooooonkmn m 
  1
 rknqmmkhmkmliffnjnfgf rlqifolimhnloioijljjk kfkqgokiijiojlkjoikh nqoooooooooooooooggg 
  1
 rknqmmkhllhhifgolgilm rlqijfooknhjjlnlkjgmi kfkqjoilofolihlkjfmm oqhohnoihgnngifffjkkj 
  1
 rkoqfmkhllhfogilnmfki rlqijgfnmfogilohnjojj kfkqjoilofolihlkjfmm n 
  1
 rknqmmollhnigijfglghh rngqnnofmfjmgjhijkkgn kflqmgfoomgghfjfn oqhohnoihgnnghooojklh 
  1
 rknqmmolkihogikghnfkn rngqohfjhoffnokhmlhjl kfmqffoikilnflkgigkl oqkffffffffffffffinnk 
  1
 rkoqfmoklhkgfkimkjohk rnhqhgnnmlniflkmgmlll kflqommookgjglmfoifn oqhohnoihgnngiffffggi 
  1
 rmiqhmollhglfijfmojoi rngqnoijngmfjokioligl kflqmgfoomgghfjfnjif nqoooooooooooooookkk 
  1
 rmiqhmolkhlhfikgohjoj rngqohjnjfhjhjnihmmkk kfmqffoikilnflkgigkl oqhohnoihgnngifffjkkj 
  1
 rmiqhmoklgnkijhfohhkj rnhqhhigolmomhnmfkohf kflqommookgjglmfnmjf nqooooooooooooooommm 
  1
 rnmqmmollgjnoijgjhlnl rngqnomnohoinjnjjnkil kflqmgfoomgghfjfmnlh oqhohnoihgnnghoooklmh 
  1
 rnmqmmolkgojoikhklkml rngqohohkgjmlfgimnkkj kfmqffoikilnflkghknn oqkffffffffffffffjjjf 
  1
 rnmqjmoklggolifjifljn rnhqhhmkglmliogloing kflqommookgjglmfngmg oqhohnoihgnngifffghhi 
  1
 rnmqmmkhmjjhgffomjmkh rlqignjkomkjfffiloolk kfkqgokiijiojlkjoikh nqoooooooooooooooggg 
  1
 rnmqmmkhljnngfhfnmkmk rlqijongnhogkholmkogm kfkqjoilofolihlkjfmm oqhohnoihgnngifffijji 
  1
 rnmqjmkhljnojofilgmgg rlqijomhmfhjlhofjjmfh kfkqjoilofolihlkjfmm nqooooooooooooooommm 
  1
 o 
  1
 
  1
 o 
  1
 o 
  1
 o 
  1
 o 
  1
 o 
  1
 o 
  1
 Y Y rfqgngjlkghkomghmgnjk:rni Y oqhmkmikoighnnflkgmhj Y o Y jgqooooooooooooonkmn ZGKZQ[Z[@Xn " Y rfqgngjlkghkomghmgnjk:rni Y oqhmkmikoighnnflkgmhj Y o Y jgqooooooooooooonkmn |
  1
<0:;8: {rn rn {rn {no {nn {rn {nm 90-(>-; {h {nl |
  1
<0:;8: {rn rn {rn {nk {f {rn {nj -:):-,:; {h {ni |
  1
<0:;8: {rn rn {rn {f {nk {rn {nh 90-(>-; {h {ng |
  1
:;8: {nf rn {rn {mo ro {mn oqkhnmlggfgolgkinnfjg {f {mm 90-(>-; _h *1410(1 |
  1
/<*-): {rn rn {rn o 90-(>-; $ :'/@/>-@<*- 1*=, n 0/:1 m 
  1
 o n oqkhnmlggfgolgkigfihk n 
  1
 rfqgngjlkghkomghmgnjk:rni nqjfghmnnjjkiommjkng:rnk 
  1
 oqhmkmikoighnnommmmkm nqmklkkfhghjgonhjlmj:rnk 
  1
 o 
  1
 ,/361: 90-(>-; $ -:9 o " Y rfqgngjlkghkomghmgnjk:rni Y oqhmkmikoighnnflkgmhj Y o Y jgqooooooooooooonkmn 
  1
 " o o |
  1
<0:;8: {rn rn {rn {nn {no {rn {ml 90-(>-; {h {mk |
  1
:;8: {mj rn {rn {mi rkkqinokfkijhmjjmiil {mn ro {no {mh 90-(>-; _h *1410(1 |
  1
/<*-): {rn rn {rn o 90-(>-; $ :'/@/>-@<*- 1*=, n 0/:1 m 
  1
 o n kkqinokfkijhmjjmiil n 
  1
 oqhmkmikoighnnommmmkm nqmklkkfhghjgonhjlmj:rnk 
  1
 oqhmkmikoighnnomkgggh jhqffffffffffnogllff 
  1
 o 
  1
 ,/361: 90-(>-; $ -:9 o " Y rfqgngjlkghkomghmgnjk:rni Y oqhmkmikoighnnflkgmhj Y o Y jgqooooooooooooonkmn 
  1
 " o o |
  1
:;8: {mg rn {rn {mf rkjqjjloflkhhojmoonfi {mo rkqfhmhjgoljkkhjlmfkg:rnk {nn {lo 90-(>-; _h *1410(1 |
  1
/<*-): {rn rn {rn o 90-(>-; $ :'/@/>-@<*- 1*=, n 0/:1 m 
  1
 rkjqjjloflkhhojmoonfi n ro n 
  1
 nqmnoglifgimlngnnljm:rnj jgqooooooooooooonkmn 
  1
 rfqgngjlkghkomghmgnjk:rni nqjfghmnnjjkiommjkng:rnk 
  1
 o 
  1
 ,/361: 90-(>-; $ -:9 o " Y rfqgngjlkghkomghmgnjk:rni Y oqhmkmikoighnnflkgmhj Y o Y jgqooooooooooooonkmn 
  1
 " o o |
  1
/:-,*=:1+r><>;L036;W6,+0-&r>++-6= {rn rn {rn {rn {nm n nno nooooooooo jnoon |
  1
):-+:' {rn rn {rn {nm o {ln |
  1
):-+:' {rn rn {rn {nm n {lm |
  1
61+<*-):r<*-): {rn rn {rn 90-(>-; $ :'><+@61+@<*- mofoo 9*33 1*-=, m 0/:1 m 
  1
 ro m oqkhnmlggfgolgkigfihk m 
  1
 rknqmmkhmkmliffnjnfgf rlqifolimhnlomflooknm kfkqgokiijiojlkglini oqffffffffffffoffiofn 
  1
 rknqmmkhllhhifgokohik rlqijfooknhjjoookhhjn kfkqjoilofolihlgjnkk oqhohnoihgnngihloikgj 
  1
 rkoqfmkhllhfogiliimli rlqijgfnmfogiooonomgl kfkqjoilofolihlhhhjk oqfffffffffffglimogg 
  1
 o 
  1
 
  1
 1*33@,*-9><: 
  1
 1*33@,*-9><: 
  1
 1*33=, 
  1
 1*33=, 
  1
 V V 
  1
 o 
  1
 o 
  1
 o 
  1
 
  1
 o Y ro Y oqkhnmlggfgolgkigfihk JQZGKZQ[Z[ JQZGKZQ[Z[ " Y ro Y oqkhnmlggfgolgkigfihk |
  1
:;8: {ll rn {rn {mi roqkhnmlggfgolgkigfihk {mf ro {nk {lk 90-(>-; _h *1410(1 |
  1
/<*-): {rn rn {rn o 90-(>-; $ :'/@/>-@<*- 1*=, n 0/:1 m 
  1
 roqkhnmlggfgolgkigfihk n ro n 
  1
 oqhmkmikoighnnomkgggh jhqffffffffffnogllff 
  1
 nqmnoglifgimlngnnljm:rnj jgqooooooooooooonkmn 
  1
 o 
  1
 ,/361: 90-(>-; $ -:9 o " Y rfqgngjlkghkomghmgnjk:rni Y oqhmkmikoighnnflkgmhj Y o Y jgqooooooooooooonkmn 
  1
 " o o |
  1
/:-,*=:1+r><>;L036;W6,+0-&r>++-6= {rn rn {rn {rn {nj n nno nooooooooo njnoon |
  1
):-+:' {rn rn {rn {nj o {lj |
  1
61+<*-):r<*-): {rn rn {rn 90-(>-; $ :'><+@61+@<*- mofoo 9*33 1*-=, m 0/:1 l 
  1
 rkkqinokfkijhmjjmiil m rmmqlojmkhlmgiinfnigk m ro m 
  1
 rnmqjmkhljnojofjglmmn rlqijomhmfhjklmlhlmhf kfkqjoilofolihmgojjm oqfffffffffffhkingogn 
  1
 rnmqjmoklggolhjifnjij rnhqhhmkglmliogliniom kflqommookgjglmfnmjf oqhohnoihgnnghlhfmkog 
  1
 rmiqhmoklgnkijhfohlf rnhqhhigolmomhnlkilok kflqommookgjglmfonmm oqffffffffffffmilmji 
  1
 rkoqfmoklhkgfkimfhijk rnhqhgnnmlniflklljfhf kflqommookgjglmfoifn oqhohnoihgnngikhghlgf 
  1
 rkoqfmkhllhfogilijjmi rlqijgfnmfogilohmlokf kfkqjoilofolihlkjljl oqffffffffffffmimgnnf 
  1
 o 
  1
 
  1
 1*33@,*-9><: 
  1
 1*33@,*-9><: 
  1
 1*33=, 
  1
 1*33=, 
  1
 V V 
  1
 o 
  1
 o 
  1
 o 
  1
 
  1
 o Y rkkqinokfkijhmjjmiil Y ro JQZGKZQ[Z[ JQZGKZQ[Z[ " Y rkkqinokfkijhmjjmiil Y ro |
  1
/:-,*=:1+r><>;L036;W6,+0-&r>++-6= {rn rn {rn {rn {nh n nno nooooooooo ljnoon |
  1
):-+:' {rn rn {rn {ml n {li |
  1
61+<*-):r<*-): {rn rn {rn 90-(>-; $ :'><+@61+@<*- mofoo 9*33 1*-=, m 0/:1 l 
  1
 rkjqjjloflkhhojmoonfi m rmmqhhijkihlgjmiooofg m ro m 
  1
 rnmqmmkhmjjhgffomhlhf rlqignjkomkjfffkolnoj kfkqgokiijiojlkmhlkn n 
  1
 rnmqmmollgjnoijginfln rngqnomnohoinjnjomkli kflqmgfoomgghfjkmigl oqhohnoihgnngijkhjhmh 
  1
 rmiqhmollhglfijfmkhif rngqnoijngmfjokjjnnom kflqmgfoomgghfjklmjm n 
  1
 rknqmmollhnigijfggnk rngqnnofmfjmgjhjffhif kflqmgfoomgghfjkmigl oqhohnoihgnngijkhjhmh 
  1
 rknqmmkhmkmliffnjlkn rlqifolimhnloiolgoggk kfkqgokiijiojlkmimok n 
  1
 o 
  1
 
  1
 1*33@,*-9><: 
  1
 1*33@,*-9><: 
  1
 1*33=, 
  1
 1*33=, 
  1
 V V 
  1
 o 
  1
 o 
  1
 o 
  1
 
  1
 o Y rkjqjjloflkhhojmoonfi Y ro JQZGKZQ[Z[ JQZGKZQ[Z[ " Y rkjqjjloflkhhojmoonfi Y ro |
  1
/061+ {rn rn {rn rknqmmkhmkmliffnjknm rlqifolimhnloioflnnn kfkqgokiijiojlkhkjmn |
  1
/061+ {rn rn {rn rkoqfmkhllhfogilihijh rlqijgfnmfogjiflojjnn kfkqjoilofolihknohml |
  1
/:-,*=:1+r><>;L036;W6,+0-&r>++-6= {rn rn {rn {rn {ml n nno nooooooooo mjnoon |
  1
61+<*-):r<*-): {rn rn {rn 90-(>-; $ :'><+@61+@<*- mofoo 9*33 1*-=, m 0/:1 m 
  1
 roqkhnmlggfgolgkigfihk m ro m 
  1
 rnmqjmkhljnojofjgkffh rlqijomhmfhjlhofjfhlg kfkqjoilofolihlkjljl oqffffffffffffmilmji 
  1
 rnmqmmkhljnngfhfnmion rlqijongnhogkholglnki kfkqjoilofolihljnioi oqhohnoihgnnghligfnjh 
  1
 rnmqmmkhmjjhgffomjkmj rlqignjkomkjfffilkfnf kfkqgokiijiojlkjoikh oqffffffffffffffgggfg 
  1
 o 
  1
 
  1
 1*33@,*-9><: 
  1
 1*33@,*-9><: 
  1
 1*33=, 
  1
 1*33=, 
  1
 V V 
  1
 o 
  1
 o 
  1
 o 
  1
 
  1
 o Y roqkhnmlggfgolgkigfihk Y ro JQZGKZQ[Z[ JQZGKZQ[Z[ " Y roqkhnmlggfgolgkigfihk Y ro |
  1
/061+ {rn rn {rn rnmqjmkhljnojofjgkffh rlqijomhmfhjlhofjfhlg kfkqjoilofolihlkjljl |
  1
/061+ {rn rn {rn rnmqmmkhmjjhgffomiiig rlqignjkomkjfffgigfjk kfkqgokiijiojlkhjijg |
100
AcDbSurface
 71
     6
 72
     6
1001
ACAD_STEPID
1071
      110
1001
ACAD_OBJECT_CHANGE_GUID
1070
     1
1071
625034006
1070
  -391
1070
-16320
1070
   184
1070
   139
1070
    81
1070
   134
1070
    78
1070
    73
1070
   173
1070
   187
  0
SURFACE
  5
2282
330
1F
100
AcDbEntity
  8
BASE
 62
     7
160
                 8
310
0800000000000000
100
AcDbModelerGeometry
 70
     1
  1
mnjoo lh m mk          
  1
ni ^ *+0;:,4 ^ *+0\^ [ mo ^ LR mlnqiqmqijjlj QK o  
  1
mjqlfffffffffffffgjg fqfffffffffffffffjkh:roh nqooooooooooooooooli:rno 
  1
>,27:>;:- {rn rn _nl mlnqiqmqijjlj |
  1
=0;& {rn rn {rn {m {rn {l |
  1
3*2/ {rn rn {rn {rn {k {n |
  1
+->1,90-2 {rn rn n o o o n o o o n kjmgqgolfnhmjjjiofng migfqmffgholkionjmig nihqklhjogmilhkihfmi n 10@-0+>+: 10@-:93:<+ 10@,7:>- |
  1
,7:33 {rn rn {rn {rn {rn {j {rn {m |
  1
9><: {i rn {rn {rn {h {k {rn {g 90-(>-; ;0*=3: 0*+ |
  1
/:-,*=:1+r><>;L036;W6,+0-&r>++-6= {rn rn {rn {rn {j n nnn nooooooooo noon |
  1
300/ {rn rn {rn {rn {f {j |
  1
,/361:r,*-9><: {rn rn {rn 90-(>-; $ :'><+@,/3@,*- mofoo 9*33 1*-=, m m =0+7 0/:1 0/:1 101: 101: m l 
  1
 rfqhnkkjnkijkhonnfhmf:rni m oqhmkmikoighnnflilgng m 
  1
 rgqggnhgknfhoonmjmlml:rni m mfqoooooooooooooohnn m jgqooooooooooooonkmn m 
  1
 rnmqmmkhmjjhgffomjkmj rlqignjkomkjfffiljgog kfkqgokiijiojlkjoikh nqoooooooooooooooggg 
  1
 rnmqmmkhljnngfhfnmmki rlqijongnhogkholmgohf kfkqjoilofolihlkjfmm oqhohnoihgnngifffkllj 
  1
 rnmqjmkhljnojofilgkii rlqijomhmfhjlhofioimi kfkqjoilofolihlkjfmm nqooooooooooooooommm 
  1
 rnmqmmfnnmikhlmnflljf noqhlfomijifjnimjnf kfiqlmolmglmmhlofhmi oqhohnoihgnnghooojklh 
  1
 rnmqmmfnmmnghlnohfgmj noqhholgjnohokjjimhl kfiqomnfhnhjknmoj oqkffffffffffffffjjjf 
  1
 rnmqjmfolnkoikfhoini noqkhnflhmgjlknnkkff kfjqffoinlmnjnkonhmn oqhohnoihgnngiffffggi 
  1
 rmiqhmfnnnfhilmmjilhj noqhlkinjlljfgjhkmnl kfiqlmolmglmmhlofnjh nqoooooooooooooookkk 
  1
 rmiqhmfnmnjnilnnkllhk noqhijfhlghljnjokkof kfiqomnfhnhjknmoj oqhohnoihgnngifffjkkj 
  1
 rmiqhmfolohkflgoklnll noqkihinhlnghnnmikmm kfjqffoinlmnjnkoojgk nqooooooooooooooommm 
  1
 rknqmmfnnnlojlmlnflf noqhlomoknomkjjmmnhm kfiqlmolmglmmhlogjgf oqhohnoihgnnghooojklh 
  1
 rknqmmfnmogkjlnmoihkk noqhinjimilffgkjlohg kfiqomnfhnhjknmokklm oqkffffffffffffffiiif 
  1
 rkoqfmfoloofmmilgnjmg noqkilmfhljmognlhff kfjqffoinlmnjnkoojgk oqhohnoihgnngiffffggi 
  1
 rknqmmkhmkmliffnjnfgf rlqifolimhnloioiiffgi kfkqgokiijiojlkjoikh nqoooooooooooooooiii 
  1
 rknqmmkhllhhifgolgilm rlqijfooknhjjlnlingnl kfkqjoilofolihlkjfmm oqhohnoihgnngifffjkkj 
  1
 rkoqfmkhllhfogilnmfki rlqijgfnmfogilohlnkgi kfkqjoilofolihlkjfmm oqfffffffffffffffggf 
  1
 o 
  1
 
  1
 o 
  1
 o 
  1
 o 
  1
 o 
  1
 o 
  1
 o 
  1
 Y Y rfqhnkkjnkijkhonnfhmf:rni Y oqhmkmikoighnnflilgng Y rgqggnhgknfhoonmjmlml:rni Y jgqooooooooooooonkmn ZGKZQ[Z[@Xn " Y rfqhnkkjnkijkhonnfhmf:rni Y oqhmkmikoighnnflilgng Y rgqggnhgknfhoonmjmlml:rni Y jgqooooooooooooonkmn |
  1
<0:;8: {rn rn {rn {no {nn {rn {nm -:):-,:; {h {nl |
  1
<0:;8: {rn rn {rn {nk {f {rn {nj -:):-,:; {h {ni |
  1
<0:;8: {rn rn {rn {f {nk {rn {nh -:):-,:; {h {ng |
  1
:;8: {nf rn {rn {mo roqkhnmlggfgolgkigfihk {mn ro {f {mm 90-(>-; _h *1410(1 |
  1
/<*-): {rn rn {rn o 90-(>-; $ :'/@/>-@<*- 1*=, n 0/:1 m 
  1
 o n oqkhnmlggfgolgkigfihk n 
  1
 nqjlifikfffhnjkjnogi:rnj nqffgkonkkklmjmgnhhl:rnj 
  1
 oqhmkmikoighnnomjmmng rgqggnhgknfhoonmjmlml:rni 
  1
 o 
  1
 ,/361: 90-(>-; $ -:9 o " Y rfqhnkkjnkijkhonnfhmf:rni Y oqhmkmikoighnnflilgng Y rgqggnhgknfhoonmjmlml:rni Y jgqooooooooooooonkmn 
  1
 " o o |
  1
<0:;8: {rn rn {rn {nn {no {rn {ml -:):-,:; {h {mk |
  1
:;8: {mj rn {rn {mi rkkqinokfkijhmjjmiil {mo ro {no {mh 90-(>-; _h *1410(1 |
  1
/<*-): {rn rn {rn o 90-(>-; $ :'/@/>-@<*- 1*=, n 0/:1 m 
  1
 o n kkqinokfkijhmjjmiil n 
  1
 oqhmkmikoighnnomjmmng rgqggnhgknfhoonmjmlml:rni 
  1
 oqhmkmikoighnnomjllmg jhqffffffffffnognfhg 
  1
 o 
  1
 ,/361: 90-(>-; $ -:9 o " Y rfqhnkkjnkijkhonnfhmf:rni Y oqhmkmikoighnnflilgng Y rgqggnhgknfhoonmjmlml:rni Y jgqooooooooooooonkmn 
  1
 " o o |
  1
:;8: {mg rn {rn {mn o {mf kjqjjloflkhhojmoonfi {nn {lo 90-(>-; _h *1410(1 |
  1
/<*-): {rn rn {rn o 90-(>-; $ :'/@/>-@<*- 1*=, n 0/:1 m 
  1
 rkjqjjloflkhhojmoonfi n ro n 
  1
 rfqhnkkjnkijkhonnfhmf:rni jg 
  1
 nqjlifikfffhnjkjnogi:rnj nqffgkonkkklmjmgnhhl:rnj 
  1
 o 
  1
 ,/361: 90-(>-; $ -:9 o " Y rfqhnkkjnkijkhonnfhmf:rni Y oqhmkmikoighnnflilgng Y rgqggnhgknfhoonmjmlml:rni Y jgqooooooooooooonkmn 
  1
 " o o |
  1
/:-,*=:1+r><>;L036;W6,+0-&r>++-6= {rn rn {rn {rn {nm n nnn nooooooooo jnoon |
  1
):-+:' {rn rn {rn {nm o {ln |
  1
):-+:' {rn rn {rn {nm n {lm |
  1
61+<*-):r<*-): {rn rn {rn 90-(>-; $ :'><+@61+@<*- mofoo 9*33 1*-=, m 0/:1 m 
  1
 roqkhnmlggfgolgkigfihk m ro m 
  1
 rnmqjmkhljnojofjgkffh rlqijomhmfhjlhofjfhlg kfkqjoilofolihlkjljl oqffffffffffffmilmji 
  1
 rnmqmmkhljnngfhfnmion rlqijongnhogkholglnki kfkqjoilofolihljnioi oqhohnoihgnnghligfnjh 
  1
 rnmqmmkhmjjhgffomjkmj rlqignjkomkjfffilkfnf kfkqgokiijiojlkjoikh oqffffffffffffffgggfg 
  1
 o 
  1
 
  1
 1*33@,*-9><: 
  1
 1*33@,*-9><: 
  1
 1*33=, 
  1
 1*33=, 
  1
 V V 
  1
 o 
  1
 o 
  1
 o 
  1
 
  1
 o Y roqkhnmlggfgolgkigfihk Y ro JQZGKZQ[Z[ JQZGKZQ[Z[ " Y roqkhnmlggfgolgkigfihk Y ro |
  1
:;8: {ll rn {rn {mf ro {mi oqkhnmlggfgolgkinnfjg {nk {lk 90-(>-; _h *1410(1 |
  1
/<*-): {rn rn {rn o 90-(>-; $ :'/@/>-@<*- 1*=, n 0/:1 m 
  1
 roqkhnmlggfgolgkigfihk n ro n 
  1
 oqhmkmikoighnnomjllmg jhqffffffffffnognfhg 
  1
 rfqhnkkjnkijkhonnfhmf:rni jg 
  1
 o 
  1
 ,/361: 90-(>-; $ -:9 o " Y rfqhnkkjnkijkhonnfhmf:rni Y oqhmkmikoighnnflilgng Y rgqggnhgknfhoonmjmlml:rni Y jgqooooooooooooonkmn 
  1
 " o o |
  1
/:-,*=:1+r><>;L036;W6,+0-&r>++-6= {rn rn {rn {rn {nj n nnn nooooooooo njnoon |
  1
):-+:' {rn rn {rn {nj o {lj |
  1
61+<*-):r<*-): {rn rn {rn 90-(>-; $ :'><+@61+@<*- mofoo 9*33 1*-=, m 0/:1 l 
  1
 rkkqinokfkijhmjjmiil m rmmqlojmkhlmgiinflki m ro m 
  1
 rkoqfmkhllhfogiliifkh rlqijgfnmfogjiflojoih kfkqjoilofolihknonjj oqfffffffffffhkinkhjn 
  1
 rkoqfmfoloofmmomjghgn noqkilmfhljmognflmlj kfjqffoinlmnjnkommgf oqhohnoihgnnghlhfigkf 
  1
 rmiqhmfolohkflgokmhhg noqkihinhlnghnnhfjlj kfjqffoinlmnjnkonnjm oqffffffffffffmilkhg 
  1
 rnmqjmfolnkoikfijmgif noqkhnflhmgjlknihhgf kfjqffoinlmnjnkommgf oqhohnoihgnngikhggkff 
  1
 rnmqjmkhljnojofjgkffh rlqijomhmfhjlhofioimi kfkqjoilofolihlkjljl oqffffffffffffmilkhg 
  1
 o 
  1
 
  1
 1*33@,*-9><: 
  1
 1*33@,*-9><: 
  1
 1*33=, 
  1
 1*33=, 
  1
 V V 
  1
 o 
  1
 o 
  1
 o 
  1
 
  1
 o Y rkkqinokfkijhmjjmiil Y ro JQZGKZQ[Z[ JQZGKZQ[Z[ " Y rkkqinokfkijhmjjmiil Y ro |
  1
/:-,*=:1+r><>;L036;W6,+0-&r>++-6= {rn rn {rn {rn {nh n nnn nooooooooo ljnoon |
  1
):-+:' {rn rn {rn {ml o {li |
  1
61+<*-):r<*-): {rn rn {rn 90-(>-; $ :'><+@61+@<*- mofoo 9*33 1*-=, m 0/:1 l 
  1
 o m mmqhhijkihlgjmiooofg m kjqjjloflkhhojmoonfi m 
  1
 rnmqmmkhmjjhgffomiiig rlqignjkomkjfffgigfjk kfkqgokiijiojlkhjijg n 
  1
 rnmqmmfnnmikhlmnfihlk noqhlfomijifjnjhjimf kfiqlmolmglmmhljfnhf oqhohnoihgnngijkhjhmh 
  1
 rmiqhmfnnnfhilmmioilg noqhlkinjlljfgjmlojk kfiqlmolmglmmhljginn n 
  1
 rknqmmfnnnlojlmlmklik noqhlomoknomkjkifjfn kfiqlmolmglmmhljginn oqhohnoihgnngijkhjhmh 
  1
 rknqmmkhmkmliffnjknm rlqifolimhnloioflnnn kfkqgokiijiojlkhkjmn n 
  1
 o 
  1
 
  1
 1*33@,*-9><: 
  1
 1*33@,*-9><: 
  1
 1*33=, 
  1
 1*33=, 
  1
 V V 
  1
 o 
  1
 o 
  1
 o 
  1
 
  1
 o Y o Y kjqjjloflkhhojmoonfi JQZGKZQ[Z[ JQZGKZQ[Z[ " Y o Y kjqjjloflkhhojmoonfi |
  1
/061+ {rn rn {rn rnmqjmkhljnojofjgkffh rlqijomhmfhjlhofjfhlg kfkqjoilofolihlkjljl |
  1
/061+ {rn rn {rn rnmqmmkhmjjhgffomiiig rlqignjkomkjfffgigfjk kfkqgokiijiojlkhjijg |
  1
/:-,*=:1+r><>;L036;W6,+0-&r>++-6= {rn rn {rn {rn {ml n nnn nooooooooo mjnoon |
  1
61+<*-):r<*-): {rn rn {rn 90-(>-; $ :'><+@61+@<*- mofoo 9*33 1*-=, m 0/:1 m 
  1
 ro m oqkhnmlggfgolgkigfihk m 
  1
 rknqmmkhmkmliffnjnfgf rlqifolimhnlomflooknm kfkqgokiijiojlkglini oqffffffffffffoffiofn 
  1
 rknqmmkhllhhifgokohik rlqijfooknhjjoookhhjn kfkqjoilofolihlgjnkk oqhohnoihgnngihloikgj 
  1
 rkoqfmkhllhfogiliimli rlqijgfnmfogiooonomgl kfkqjoilofolihlhhhjk oqfffffffffffglimogg 
  1
 o 
  1
 
  1
 1*33@,*-9><: 
  1
 1*33@,*-9><: 
  1
 1*33=, 
  1
 1*33=, 
  1
 V V 
  1
 o 
  1
 o 
  1
 o 
  1
 
  1
 o Y ro Y oqkhnmlggfgolgkigfihk JQZGKZQ[Z[ JQZGKZQ[Z[ " Y ro Y oqkhnmlggfgolgkigfihk |
  1
/061+ {rn rn {rn rkoqfmkhllhfogilihijh rlqijgfnmfogjiflojjnn kfkqjoilofolihknohml |
  1
/061+ {rn rn {rn rknqmmkhmkmliffnjknm rlqifolimhnloioflnnn kfkqgokiijiojlkhkjmn |
100
AcDbSurface
 71
     6
 72
     6
1001
ACAD_STEPID
1071
      111
1001
ACAD_OBJECT_CHANGE_GUID
1070
     1
1071
-830691514
1070
-16720
1070
 14145
1070
   185
1070
    10
1070
    28
1070
   117
1070
    29
1070
    98
1070
   237
1070
   143
  0
SPLINE
  5
2283
330
1F
100
AcDbEntity
  8
BASE
 62
     7
100
AcDbSpline
210
0.0003034819301168
220
-0.9975640040967688
230
0.0697564737435891
 70
    12
 71
     2
 72
     8
 73
     5
 74
     0
 42
0.000000001
 43
0.0000000001
 40
-43.66813788489812
 40
-43.66813788489812
 40
-43.66813788489812
 40
-21.83406894244907
 40
-21.83406894244907
 40
0.0
 40
0.0
 40
0.0
 10
4515.966893014868
 20
2726.04470575753
 30
722.3007130433406
 41
0.9999999999999849
 10
4515.966598035687
 20
2727.014320697696
 30
736.1668533419523
 41
0.7071067811869901
 10
4502.066598678919
 20
2727.010091997968
 30
736.1668533419523
 41
0.9999999999999856
 10
4488.166599322153
 20
2727.005863298239
 30
736.1668533419523
 41
0.7071067811869899
 10
4488.166894301338
 20
2726.036248358073
 30
722.3007130433403
 41
0.9999999999999856
1001
ACAD_STEPID
1071
      507
  0
SURFACE
  5
2284
330
1F
100
AcDbEntity
  8
BASE
 62
     7
160
                 8
310
0800000000000000
100
AcDbModelerGeometry
 70
     1
  1
mnjoo lh m mk          
  1
ni ^ *+0;:,4 ^ *+0\^ [ mo ^ LR mlnqiqmqijjlj QK o  
  1
mjqlfffffffffffffgjg fqfffffffffffffffjkh:roh nqooooooooooooooooli:rno 
  1
>,27:>;:- {rn rn _nl mlnqiqmqijjlj |
  1
=0;& {rn rn {rn {m {rn {l |
  1
3*2/ {rn rn {rn {rn {k {n |
  1
+->1,90-2 {rn rn n o o o n o o o n kjmgqgolfnhmjjjiofng migfqmffgholkionjmig nihqklhjogmilhkihfmi n 10@-0+>+: 10@-:93:<+ 10@,7:>- |
  1
,7:33 {rn rn {rn {rn {rn {j {rn {m |
  1
9><: {i rn {rn {rn {h {k {rn {g 90-(>-; ;0*=3: 0*+ |
  1
/:-,*=:1+r><>;L036;W6,+0-&r>++-6= {rn rn {rn {rn {j n nnm nooooooooo noon |
  1
300/ {rn rn {rn {rn {f {j |
  1
,/361:r,*-9><: {rn rn {rn 90-(>-; $ :'><+@,/3@,*- mofoo 9*33 1*-=, m m =0+7 0/:1 0/:1 101: 101: m l 
  1
 rnqlmgglfgnjfinijhihg:rnm m oqhmkmikoighojhkjllkn m 
  1
 rlqmnfikihhnknmfjlfih:rnj m mhqgooooooooooomjmfj m jjqiooooooooninkmfil m 
  1
 rkoqllhnnkonmigkfmnmj lhqoljhlgkgongmjmllj jjkqgkmmhhglhkhonfm nqooooooooooonohkfng 
  1
 rkoqilhnnlffggomfjfhn lhqoljikhmnlmgmihmk jjkqgkmmhhglhkhoohgl oqhohnoihgnngikimjmfh 
  1
 rkoqilhommfjkmmlfoghi liqhlilhgonmojijnmkl jjkqgilmokhhfjflini n 
  1
 rkoqllhkomimjkofknhjh lhqfgkkmikhfnflihmlm jigqkofnkgfmnoohokkf oqhohnoihgnnghhjfflil 
  1
 rkoqilhkogfhhfgkiojfk lgqoojmimnjlkkggihfl jigqhogkngnliogmojfk oqkfffffffffffinffhoh 
  1
 rkoqilhlnhfllkojjjkfg lhqhojffmfjmmmmhoogi jigqhmflkjohgmojkgll oqhohnoihgnnghooooffi 
  1
 rmiqhlhkolmjkhinlmjk lhqfggjilfnmommmfllm jigqkofnkgfmnoohokkf nqooooooooooonohkfng 
  1
 rmiqhlhkofimnmngkgmkn lgqoofkfogjlnhgnmgjf jigqhogkngnliogmojfk oqhohnoihgnngikimikoh 
  1
 rmiqhlhlngjhiilfkljon lhqhnommnijnfjnfkhln jigqhmflkjohgmojjfh n 
  1
 rnlqnlhkolggkoonfoooh lhqffmhonlkkgjofjifi jigqkofnkgfmnoohokkf oqhohnoihgnngioikjnkh 
  1
 rnmqglhknomikllgjifom lgqonlhnfjjmfohknoji jigqhogkngnliogmojfk oqkffffffffffgkmnnjng 
  1
 rnmqglhlnfmnfhjfjngoi lhqhnkkjoljnignmklkf jigqhmflkjohgmojkgll oqhohnoihgnngjlokihgn 
  1
 rnlqnlhnnjmhnlgghkokh lhqokkonllkjglnfffnm jjkqgkmmhhglhljfnm nqoooooooooookkijhin 
  1
 rnmqglhnnjmgjmhohojji lhqokknokinmhllmljil jjkqgkmmhhglhljiingf oqhohnoihgnngggiomhgl 
  1
 rnmqglhomkmkoifnijki liqhkkgljknnjohofifg jjkqgilmokhhfkgonjij nqooooooooooollfoimn 
  1
 o 
  1
 
  1
 o 
  1
 o 
  1
 o 
  1
 o 
  1
 o 
  1
 o 
  1
 Y Y rnqlmgglfgnjfinijhihg:rnm Y oqhmkmikoighojhkjllkn Y rlqmnfikihhnknmfjlfih:rnj Y jjqiooooooooninkmfil ZGKZQ[Z[@Xn " Y rnqlmgglfgnjfinijhihg:rnm Y oqhmkmikoighojhkjllkn Y rlqmnfikihhnknmfjlfih:rnj Y jjqiooooooooninkmfil |
  1
<0:;8: {rn rn {rn {no {nn {rn {nm 90-(>-; {h {nl |
  1
<0:;8: {rn rn {rn {nk {f {rn {nj -:):-,:; {h {ni |
  1
<0:;8: {rn rn {rn {f {nk {rn {nh 90-(>-; {h {ng |
  1
:;8: {nf rn {rn {mo ro {mn oqkhnmlggfgolgkjlkhfg {f {mm 90-(>-; _h *1410(1 |
  1
/<*-): {rn rn {rn o 90-(>-; $ :'/@/>-@<*- 1*=, n 0/:1 m 
  1
 o n oqkhnmlggfgolgkiikifk n 
  1
 rnqlmgglfgnjfinijhihg:rnm lqhholnhlfnimholninn:rnl 
  1
 oqhmkmikoighojhmkkinf rlqmnfikihhnknmfjlfih:rnj 
  1
 o 
  1
 ,/361: 90-(>-; $ -:9 o " Y rnqlmgglfgnjfinijhihg:rnm Y oqhmkmikoighojhkjllkn Y rlqmnfikihhnknmfjlfih:rnj Y jjqiooooooooninkmfil 
  1
 " o o |
  1
<0:;8: {rn rn {rn {nn {no {rn {ml 90-(>-; {h {mk |
  1
:;8: {mj rn {rn {mi rklqiignlhggkgfgnmmjk {mn rfqlnkignkokiignnhofi:rnk {no {mh 90-(>-; _h *1410(1 |
  1
/<*-): {rn rn {rn o 90-(>-; $ :'/@/>-@<*- 1*=, n 0/:1 m 
  1
 o n klqiignlhggkgfgnmmjk n 
  1
 oqhmkmikoighojhmkkinf rlqmnfikihhnknmfjlfih:rnj 
  1
 oqhmkmikoighojhlojigm jjqioooooooooookfgg 
  1
 o 
  1
 ,/361: 90-(>-; $ -:9 o " Y rnqlmgglfgnjfinijhihg:rnm Y oqhmkmikoighojhkjllkn Y rlqmnfikihhnknmfjlfih:rnj Y jjqiooooooooninkmfil 
  1
 " o o |
  1
:;8: {mg rn {rn {mf rkmqhmjjhgmjhlkoikljm {mo rnqfjhkklhiojnojminnh:rnn {nn {lo 90-(>-; _h *1410(1 |
  1
/<*-): {rn rn {rn o 90-(>-; $ :'/@/>-@<*- 1*=, n 0/:1 m 
  1
 rkmqhmjjhgmjhkikooogk n ro n 
  1
 rnqlnlhnlomhmjnnlffm:rnm jjqiooooooooninkmfil 
  1
 rnqlmgglfgnjfinijhihg:rnm lqhholnhlfnimholninn:rnl 
  1
 o 
  1
 ,/361: 90-(>-; $ -:9 o " Y rnqlmgglfgnjfinijhihg:rnm Y oqhmkmikoighojhkjllkn Y rlqmnfikihhnknmfjlfih:rnj Y jjqiooooooooninkmfil 
  1
 " o o |
  1
/:-,*=:1+r><>;L036;W6,+0-&r>++-6= {rn rn {rn {rn {nm n nnm nooooooooo jnoon |
  1
):-+:' {rn rn {rn {nm o {ln |
  1
):-+:' {rn rn {rn {nm n {lm |
  1
61+<*-):r<*-): {rn rn {rn 90-(>-; $ :'><+@61+@<*- mofoo 9*33 1*-=, m 0/:1 m 
  1
 ro m oqkhnmlggfgolgkiikifk m 
  1
 rkoqllhnnkonmiglmonhk lhqoljhlgkgonglgnijl jjkqgkmmhhglhkggnjkj nqooooooooooolfggnkl 
  1
 rkoqilhnnlffggomfjfhn lhqoljikhmnlmgjihhff jjkqgkmmhhglhkggiofl oqhohnoihgnngjiifkfhl 
  1
 rkoqilhommfjkmmlfoghi liqhlilhgonmojhglkok jjkqgilmokhhfinmnkif nqoooooooooooojiikli 
  1
 o 
  1
 
  1
 1*33@,*-9><: 
  1
 1*33@,*-9><: 
  1
 1*33=, 
  1
 1*33=, 
  1
 V V 
  1
 o 
  1
 o 
  1
 o 
  1
 
  1
 o Y ro Y oqkhnmlggfgolgkiikifk JQZGKZQ[Z[ JQZGKZQ[Z[ " Y ro Y oqkhnmlggfgolgkiikifk |
  1
:;8: {ll rn {rn {mi roqkhnmlggfgolgkhnkoff {mf ro {nk {lk 90-(>-; _h *1410(1 |
  1
/<*-): {rn rn {rn o 90-(>-; $ :'/@/>-@<*- 1*=, n 0/:1 m 
  1
 roqkhnmlggfgolgkhnkoff n ro n 
  1
 oqhmkmikoighojhlojigm jjqioooooooooookfgg 
  1
 rnqlnlhnlomhmjnnlffm:rnm jjqiooooooooninkmfil 
  1
 o 
  1
 ,/361: 90-(>-; $ -:9 o " Y rnqlmgglfgnjfinijhihg:rnm Y oqhmkmikoighojhkjllkn Y rlqmnfikihhnknmfjlfih:rnj Y jjqiooooooooninkmfil 
  1
 " o o |
  1
/:-,*=:1+r><>;L036;W6,+0-&r>++-6= {rn rn {rn {rn {nj n nnm nooooooooo njnoon |
  1
):-+:' {rn rn {rn {nj o {lj |
  1
61+<*-):r<*-): {rn rn {rn 90-(>-; $ :'><+@61+@<*- mofoo 9*33 1*-=, m 0/:1 l 
  1
 rklqiignlhggkgfgnmmjk m rmnqglkoigfkmkkfoikgm m ro m 
  1
 rnmqglhomkmkoifniinh liqhkkgljknnjnjokogj jjkqgilmokhhfjflgkll oqfffffffffffffgkfon 
  1
 rnmqglhlnfmnfghllmoli lhqhnkkjoljnignmnjoh jigqhmflkjohgmojkgll oqhohnoihgnngifgfffii 
  1
 rmiqhlhlngjhiilfklgji lhqhnommnijnfjnfigim jigqhmflkjohgmojjfh oqfffffffffffffgjjihn 
  1
 rkoqilhlnhfllkojjjkfg lhqhojffmfjmmmmhohfh jigqhmflkjohgmojjfh oqhohnoihgnngifgfggji 
  1
 rkoqilhommfjkmmlfnjgi liqhlilhgonmojijnfjk jjkqgilmokhhfjflini oqfffffffffffffgjjihn 
  1
 o 
  1
 
  1
 1*33@,*-9><: 
  1
 1*33@,*-9><: 
  1
 1*33=, 
  1
 1*33=, 
  1
 V V 
  1
 o 
  1
 o 
  1
 o 
  1
 
  1
 o Y rklqiignlhggkgfgnmmjk Y ro JQZGKZQ[Z[ JQZGKZQ[Z[ " Y rklqiignlhggkgfgnmmjk Y ro |
  1
/:-,*=:1+r><>;L036;W6,+0-&r>++-6= {rn rn {rn {rn {nh n nnm nooooooooo ljnoon |
  1
):-+:' {rn rn {rn {ml n {li |
  1
61+<*-):r<*-): {rn rn {rn 90-(>-; $ :'><+@61+@<*- mofoo 9*33 1*-=, m 0/:1 l 
  1
 rkmqhmjjhgmjhkikooogk m rmnqlimhgfnmgihoomigg m o m 
  1
 rnlqnlhnnjmhnlgghlifn lhqokkonllkjglnfffnm jjkqgkmmhhglhljfnm nqoooooooooookkjfjkk 
  1
 rnlqnlhkolggkoongfmfi lhqffmhonlkkgjofkfgj jigqkofnkgfmnooiflnm oqhohnoihgnngioiomfjf 
  1
 rmiqhlhkolmjkhinlmgfj lhqfggjilfnmommlookl jigqkofnkgfmnoohnjgi nqooooooooooonoighon 
  1
 rkoqllhkomimjkofnkhji lhqfgkkmikhfnflihmlm jigqkofnkgfmnooignhj oqhohnoihgnnghhjfhnkm 
  1
 rkoqllhnnkonmigkfkmjh lhqoljhlgkgongmjhlog jjkqgkmmhhglhkhojlln nqooooooooooonoiomil 
  1
 o 
  1
 
  1
 1*33@,*-9><: 
  1
 1*33@,*-9><: 
  1
 1*33=, 
  1
 1*33=, 
  1
 V V 
  1
 o 
  1
 o 
  1
 o 
  1
 
  1
 o Y rkmqhmjjhgmjhkikooogk Y o JQZGKZQ[Z[ JQZGKZQ[Z[ " Y rkmqhmjjhgmjhkikooogk Y o |
  1
/061+ {rn rn {rn rkoqllhnnkonmiglmonhk lhqoljhlgkgonglgnijl jjkqgkmmhhglhkggnjkj |
  1
/061+ {rn rn {rn rkoqilhommfjkmmlfkkmg liqhlilhgonmojijjjoi jjkqgilmokhhfjflhmfh |
  1
/:-,*=:1+r><>;L036;W6,+0-&r>++-6= {rn rn {rn {rn {ml n nnm nooooooooo mjnoon |
  1
61+<*-):r<*-): {rn rn {rn 90-(>-; $ :'><+@61+@<*- mofoo 9*33 1*-=, m 0/:1 m 
  1
 roqkhnmlggfgolgkhnkoff m ro m 
  1
 rnmqglhomkmkoifnijffl liqhkkgljknnjnjonfjl jjkqgilmokhhfjflini nqoooooooooooooohnoj 
  1
 rnmqglhnnjmgjmhohojji lhqokknokinmhkmggkg jjkqgkmmhhglhkhoohgl oqhohnoihgnngjmfnfnoj 
  1
 rnlqnlhnnjmhnlfoklgii lhqokkonllkjglfhgiih jjkqgkmmhhglhkiffikh nqooooooooooolkmkjfk 
  1
 o 
  1
 
  1
 1*33@,*-9><: 
  1
 1*33@,*-9><: 
  1
 1*33=, 
  1
 1*33=, 
  1
 V V 
  1
 o 
  1
 o 
  1
 o 
  1
 
  1
 o Y roqkhnmlggfgolgkhnkoff Y ro JQZGKZQ[Z[ JQZGKZQ[Z[ " Y roqkhnmlggfgolgkhnkoff Y ro |
  1
/061+ {rn rn {rn rnmqglhomkmkoifnijffl liqhkkgljknnjnjonfjl jjkqgilmokhhfjflini |
  1
/061+ {rn rn {rn rnlqnlhnnjmhnlfoklgii lhqokkonllkjglfhgiih jjkqgkmmhhglhkiffikh |
100
AcDbSurface
 71
     6
 72
     6
1001
ACAD_STEPID
1071
      112
1001
ACAD_OBJECT_CHANGE_GUID
1070
     1
1071
1801577762
1070
-21409
1070
 21318
1070
   168
1070
   100
1070
    34
1070
    31
1070
    31
1070
   147
1070
     9
1070
    16
  0
SURFACE
  5
2285
330
1F
100
AcDbEntity
  8
BASE
 62
     7
160
                 8
310
0800000000000000
100
AcDbModelerGeometry
 70
     1
  1
mnjoo lh m mk          
  1
ni ^ *+0;:,4 ^ *+0\^ [ mo ^ LR mlnqiqmqijjlj QK o  
  1
mjqlfffffffffffffgjg fqfffffffffffffffjkh:roh nqooooooooooooooooli:rno 
  1
>,27:>;:- {rn rn _nl mlnqiqmqijjlj |
  1
=0;& {rn rn {rn {m {rn {l |
  1
3*2/ {rn rn {rn {rn {k {n |
  1
+->1,90-2 {rn rn n o o o n o o o n kjmgqgolfnhmjjjiofng migfqmffgholkionjmig nihqklhjogmilhkihfmi n 10@-0+>+: 10@-:93:<+ 10@,7:>- |
  1
,7:33 {rn rn {rn {rn {rn {j {rn {m |
  1
9><: {i rn {rn {rn {h {k {rn {g 90-(>-; ;0*=3: 0*+ |
  1
/:-,*=:1+r><>;L036;W6,+0-&r>++-6= {rn rn {rn {rn {j n nnl nooooooooo noon |
  1
300/ {rn rn {rn {rn {f {j |
  1
,/361:r,*-9><: {rn rn {rn 90-(>-; $ :'><+@,/3@,*- mofoo 9*33 1*-=, m m =0+7 0/:1 0/:1 101: 101: m l 
  1
 rkqmkkgnfhhlkjhfnfiof:rnm m oqhmkmikoighojhiomnnn m 
  1
 rkqonfoohlkfnkloiiihi:rnl m mhqgooooooooooomkjgj m jjqiooooooooojlnnkkf m 
  1
 rnlqnlhnnjmhnlfokjmgg lhqokkonllkjglfgoogg jjkqgkmmhhglhkhoknfk nqooooooooooolkknfnl 
  1
 rnmqglhnnjmgjmhoifgkj lhqokknokinmhkmfoinn jjkqgkmmhhglhkholojh oqhohnoihgnngjmglling 
  1
 rnmqglhomkmkoifniinh liqhkkgljknnjnjokogj jjkqgilmokhhfjflfjh nqooooooooooooomokmg 
  1
 rnlqnligmiijgiijigkhh liqofjlmjlkigmghlhnh jknqmhjkoihjlfljokkk oqhohnoihgnngfkmllglk 
  1
 rnmqgligmoloiogghhnji liqohkkgfihmjhiigfmi jkoqfhinlhjlggjgofhl oqkffffffffffghhgfmnm 
  1
 rnmqglihmfminjofhmfkg ljqhhjmmokhnlkggnigf jkoqffhoikkgofgnilkf oqhohnoihgnnghookmohj 
  1
 rmiqhligmiomflnmmfhmk liqofnnghfnkooonmlmh jknqmhjkoihjlfljokkk nqooooooooooolkllolm 
  1
 rmiqhlignfiimgjjnklhg liqohomiofhmgkhkjhol jkoqfhinlhjlggjgofhl oqhohnoihgnngjmhhmjji 
  1
 rmiqhlihmgingmhiofmgm ljqhhoffnhhninfjgkij jkoqffhoikkgofgnhkgi nqooooooooooooonnff 
  1
 rkoqlligmjlffffjnkmoj liqoghojokgnnhnkggoi jknqmhjkoihjlfljokkk oqhohnoihgnnggghlnjif 
  1
 rkoqilignfonfijgjmkin liqoiiolmmhlnngngfmh jkoqfhinlhjlggjgofhl oqkffffffffffglgfgklj 
  1
 rkoqilihmhfhjohfkhlij ljqhiihilohngfolofhf jkoqffhoikkgofgnhkgi oqhohnoihgnngikjlfgof 
  1
 rkoqllhnnkonmiglmoggk lhqoljhlgkgongjoggkn jjkqgkmmhhglhjoikjgn nqoooooooooookjkmlii 
  1
 rkoqilhnnlffggomfiigm lhqoljikhmnlmgifgjlf jjkqgkmmhhglhjohnkom oqhohnoihgnngioinkoin 
  1
 rkoqilhommfjkmmlfnjgi liqhlilhgonmojfnlkll jjkqgilmokhhfiloihhf nqooooooooooonnmoijf 
  1
 o 
  1
 
  1
 o 
  1
 o 
  1
 o 
  1
 o 
  1
 o 
  1
 o 
  1
 Y Y rkqmkkgnfhhlkjhfnfiof:rnm Y oqhmkmikoighojhiomnnn Y rkqonfoohlkfnkloiiihi:rnl Y jjqiooooooooojlnnkkf ZGKZQ[Z[@Xn " Y rkqmkkgnfhhlkjhfnfiof:rnm Y oqhmkmikoighojhiomnnn Y rkqonfoohlkfnkloiiihi:rnl Y jjqiooooooooojlnnkkf |
  1
<0:;8: {rn rn {rn {no {nn {rn {nm -:):-,:; {h {nl |
  1
<0:;8: {rn rn {rn {nk {f {rn {nj -:):-,:; {h {ni |
  1
<0:;8: {rn rn {rn {f {nk {rn {nh -:):-,:; {h {ng |
  1
:;8: {nf rn {rn {mo roqkhnmlggfgolgkhnkoff {mn ro {f {mm 90-(>-; _h *1410(1 |
  1
/<*-): {rn rn {rn o 90-(>-; $ :'/@/>-@<*- 1*=, n 0/:1 m 
  1
 o n oqkhnmlggfgolgkhnkoff n 
  1
 rkqmmgmjiillhofmflojj:rnm rkqonfoohlkfnkloiiihi:rnl 
  1
 oqhmkmikoighojhkgkkmg rjqkkoofmgmoiilmihokg:rnj 
  1
 o 
  1
 ,/361: 90-(>-; $ -:9 o " Y rkqmkkgnfhhlkjhfnfiof:rnm Y oqhmkmikoighojhiomnnn Y rkqonfoohlkfnkloiiihi:rnl Y jjqiooooooooojlnnkkf 
  1
 " o o |
  1
<0:;8: {rn rn {rn {nn {no {rn {ml -:):-,:; {h {mk |
  1
:;8: {mj rn {rn {mi rklqiignlhggkgfgnmmjk {mo rlqohokmgomikmgkmkllg:rnl {no {mh 90-(>-; _h *1410(1 |
  1
/<*-): {rn rn {rn o 90-(>-; $ :'/@/>-@<*- 1*=, n 0/:1 m 
  1
 o n klqiignlhggkgfgnmmjk n 
  1
 oqhmkmikoighojhkgkkmg rjqkkoofmgmoiilmihokg:rnj 
  1
 oqhmkmikoighojhiomnnn jjqioooooooooookhhkg 
  1
 o 
  1
 ,/361: 90-(>-; $ -:9 o " Y rkqmkkgnfhhlkjhfnfiof:rnm Y oqhmkmikoighojhiomnnn Y rkqonfoohlkfnkloiiihi:rnl Y jjqiooooooooojlnnkkf 
  1
 " o o |
  1
:;8: {mg rn {rn {mn iqlnlljifilghokoolnl:rnl {mf kmqhmjmgfnofofloglog {nn {lo 90-(>-; _h *1410(1 |
  1
/<*-): {rn rn {rn o 90-(>-; $ :'/@/>-@<*- 1*=, n 0/:1 m 
  1
 rkmqhmjmgfnofnnljlmj n ro n 
  1
 rkqmkkgnfhhlkjhfnfiof:rnm jjqiooooooooojlnnkkf 
  1
 rkqmmgmjiillhofmflojj:rnm rkqonfoohlkfnkloiiihi:rnl 
  1
 o 
  1
 ,/361: 90-(>-; $ -:9 o " Y rkqmkkgnfhhlkjhfnfiof:rnm Y oqhmkmikoighojhiomnnn Y rkqonfoohlkfnkloiiihi:rnl Y jjqiooooooooojlnnkkf 
  1
 " o o |
  1
/:-,*=:1+r><>;L036;W6,+0-&r>++-6= {rn rn {rn {rn {nm n nnl nooooooooo jnoon |
  1
):-+:' {rn rn {rn {nm o {ln |
  1
):-+:' {rn rn {rn {nm n {lm |
  1
61+<*-):r<*-): {rn rn {rn 90-(>-; $ :'><+@61+@<*- mofoo 9*33 1*-=, m 0/:1 m 
  1
 roqkhnmlggfgolgkhnkoff m ro m 
  1
 rnmqglhomkmkoifnijffl liqhkkgljknnjnjonfjl jjkqgilmokhhfjflini nqoooooooooooooohnoj 
  1
 rnmqglhnnjmgjmhohojji lhqokknokinmhkmggkg jjkqgkmmhhglhkhoohgl oqhohnoihgnngjmfnfnoj 
  1
 rnlqnlhnnjmhnlfoklgii lhqokkonllkjglfhgiih jjkqgkmmhhglhkiffikh nqooooooooooolkmkjfk 
  1
 o 
  1
 
  1
 1*33@,*-9><: 
  1
 1*33@,*-9><: 
  1
 1*33=, 
  1
 1*33=, 
  1
 V V 
  1
 o 
  1
 o 
  1
 o 
  1
 
  1
 o Y roqkhnmlggfgolgkhnkoff Y ro JQZGKZQ[Z[ JQZGKZQ[Z[ " Y roqkhnmlggfgolgkhnkoff Y ro |
  1
:;8: {ll rn {rn {mf ro {mi oqkhnmlggfgolgkjlkhfg {nk {lk 90-(>-; _h *1410(1 |
  1
/<*-): {rn rn {rn o 90-(>-; $ :'/@/>-@<*- 1*=, n 0/:1 m 
  1
 roqkhnmlggfgolgkiikifk n ro n 
  1
 oqhmkmikoighojhiomnnn jjqioooooooooookhhkg 
  1
 rkqmkkgnfhhlkjhfnfiof:rnm jjqiooooooooojlnnkkf 
  1
 o 
  1
 ,/361: 90-(>-; $ -:9 o " Y rkqmkkgnfhhlkjhfnfiof:rnm Y oqhmkmikoighojhiomnnn Y rkqonfoohlkfnkloiiihi:rnl Y jjqiooooooooojlnnkkf 
  1
 " o o |
  1
/:-,*=:1+r><>;L036;W6,+0-&r>++-6= {rn rn {rn {rn {nj n nnl nooooooooo njnoon |
  1
):-+:' {rn rn {rn {nj o {lj |
  1
61+<*-):r<*-): {rn rn {rn 90-(>-; $ :'><+@61+@<*- mofoo 9*33 1*-=, m 0/:1 l 
  1
 rklqiignlhggkgfgnmmjk m rmnqglkoigfkmkkfoiglh m ro m 
  1
 rkoqilhommfjkmmlfkkmg liqhlilhgonmojijjjoi jjkqgilmokhhfjflhmfh nqooooooooooooooiklf 
  1
 rkoqilihmhfhjokmmkglm ljqhiihilohngfolmk jkoqffhoikkgofgnhkgi oqhohnoihgnnghoojmoih 
  1
 rmiqhlihmgingmhiofilh ljqhhoffnhhninfjgkij jkoqffhoikkgofgnilkf nqoooooooooooooohnoj 
  1
 rnmqglihmfminjnoononj ljqhhjmmokhnlkggnigf jkoqffhoikkgofgnilkf oqhohnoihgnnghookfgki 
  1
 rnmqglhomkmkoifniihol liqhkkgljknnjnjokhfj jjkqgilmokhhfjflgkll nqoooooooooooooohnoj 
  1
 o 
  1
 
  1
 1*33@,*-9><: 
  1
 1*33@,*-9><: 
  1
 1*33=, 
  1
 1*33=, 
  1
 V V 
  1
 o 
  1
 o 
  1
 o 
  1
 
  1
 o Y rklqiignlhggkgfgnmmjk Y ro JQZGKZQ[Z[ JQZGKZQ[Z[ " Y rklqiignlhggkgfgnmmjk Y ro |
  1
/:-,*=:1+r><>;L036;W6,+0-&r>++-6= {rn rn {rn {rn {nh n nnl nooooooooo ljnoon |
  1
):-+:' {rn rn {rn {ml o {li |
  1
61+<*-):r<*-): {rn rn {rn 90-(>-; $ :'><+@61+@<*- mofoo 9*33 1*-=, m 0/:1 l 
  1
 ro m mnqlimikkjjkjlihoojl m kmqhmjmgfnofnnljlmj m 
  1
 rnlqnlhnnjmhnlfokjnn lhqokkonllkjglfgohfg jjkqgkmmhhglhkhojlln nqooooooooooolklkgog 
  1
 rnlqnligmiijgiijignmm liqofjlmjlkigmghkkmh jknqmhjkoihjlfljnjgn oqhohnoihgnngfkngkfgj 
  1
 rmiqhligmiomflnmlohf liqofnnghfnkooonlhkg jknqmhjkoihjlfljmhng nqooooooooooolkmjfmi 
  1
 rkoqlligmjlffffjnkfni liqoghojokgnnhnkfjni jknqmhjkoihjlfljokkk oqhohnoihgnngggigmhnf 
  1
 rkoqllhnnkonmiglmloni lhqoljhlgkgongjofjjn jjkqgkmmhhglhjoijhng nqoooooooooookjljmin 
  1
 o 
  1
 
  1
 1*33@,*-9><: 
  1
 1*33@,*-9><: 
  1
 1*33=, 
  1
 1*33=, 
  1
 V V 
  1
 o 
  1
 o 
  1
 o 
  1
 
  1
 o Y ro Y kmqhmjmgfnofnnljlmj JQZGKZQ[Z[ JQZGKZQ[Z[ " Y ro Y kmqhmjmgfnofnnljlmj |
  1
/061+ {rn rn {rn rnmqglhomkmkoifnijffl liqhkkgljknnjnjonfjl jjkqgilmokhhfjflini |
  1
/061+ {rn rn {rn rnlqnlhnnjmhnlfoklgii lhqokkonllkjglfhgiih jjkqgkmmhhglhkiffikh |
  1
/:-,*=:1+r><>;L036;W6,+0-&r>++-6= {rn rn {rn {rn {ml n nnl nooooooooo mjnoon |
  1
61+<*-):r<*-): {rn rn {rn 90-(>-; $ :'><+@61+@<*- mofoo 9*33 1*-=, m 0/:1 m 
  1
 ro m oqkhnmlggfgolgkiikifk m 
  1
 rkoqllhnnkonmiglmonhk lhqoljhlgkgonglgnijl jjkqgkmmhhglhkggnjkj nqooooooooooolfggnkl 
  1
 rkoqilhnnlffggomfjfhn lhqoljikhmnlmgjihhff jjkqgkmmhhglhkggiofl oqhohnoihgnngjiifkfhl 
  1
 rkoqilhommfjkmmlfoghi liqhlilhgonmojhglkok jjkqgilmokhhfinmnkif nqoooooooooooojiikli 
  1
 o 
  1
 
  1
 1*33@,*-9><: 
  1
 1*33@,*-9><: 
  1
 1*33=, 
  1
 1*33=, 
  1
 V V 
  1
 o 
  1
 o 
  1
 o 
  1
 
  1
 o Y ro Y oqkhnmlggfgolgkiikifk JQZGKZQ[Z[ JQZGKZQ[Z[ " Y ro Y oqkhnmlggfgolgkiikifk |
  1
/061+ {rn rn {rn rkoqilhommfjkmmlfkkmg liqhlilhgonmojijjjoi jjkqgilmokhhfjflhmfh |
  1
/061+ {rn rn {rn rkoqllhnnkonmiglmonhk lhqoljhlgkgonglgnijl jjkqgkmmhhglhkggnjkj |
100
AcDbSurface
 71
     6
 72
     6
1001
ACAD_STEPID
1071
      113
1001
ACAD_OBJECT_CHANGE_GUID
1070
     1
1071
169241441
1070
 -2326
1070
 -9652
1070
   164
1070
   241
1070
   121
1070
   213
1070
   106
1070
   119
1070
    66
1070
   181
  0
REGION
  5
2286
330
1F
100
AcDbEntity
  8
BASE
 62
     7
100
AcDbModelerGeometry
 70
     1
  1
mnjoo mo m mk          
  1
ni ^ *+0;:,4 ^ *+0\^ [ mo ^ LR mlnqiqmqijjlj QK o  
  1
mjqlfffffffffffffgjg fqfffffffffffffffjkh:roh nqooooooooooooooooli:rno 
  1
>,27:>;:- {rn rn _nl mlnqiqmqijjlj |
  1
=0;& {rn rn {rn {m {rn {l |
  1
3*2/ {rn rn {rn {rn {k {n |
  1
+->1,90-2 {rn rn n o o o n o o o n kjmgqgolfnhmjjjiofng migfqmffgholkionjmig nihqklhjogmilhkihfmi n 10@-0+>+: 10@-:93:<+ 10@,7:>- |
  1
,7:33 {rn rn {rn {rn {rn {j {rn {m |
  1
9><: {rn rn {rn {rn {i {k {rn {h 90-(>-; ;0*=3: 0*+ |
  1
300/ {rn rn {rn {rn {g {j |
  1
/3>1:r,*-9><: {rn rn {rn rnnqgikmnofjomlgkhkj liqooifjkmflifgkilml jkoqooinojmklionhmlj roqooololkgnfloninhoiifkf oqffhjikookofihjfmhnk roqoifhjikhlhklhmlgokni roqfffffffjlhmkngnlhgj roqooolokmmloomnokiloklf o 90-(>-;@) V V V V |
  1
<0:;8: {rn rn {rn {f {f {rn {no -:):-,:; {i {nn |
  1
<0:;8: {rn rn {rn {g {g {rn {nm 90-(>-; {i {nl |
  1
:;8: {rn rn {rn {nk rkmqhmjjhgmjhlkoikljm {nj rnqfjhkklhiojnojminnh:rnn {g {ni 90-(>-; _h *1410(1 |
  1
/<*-): {rn rn {rn o 90-(>-; $ :'/@/>-@<*- 1*-=, m 0/:1 l 
  1
 o m mnqlimhgfnmghlmoolfh m kmqhmjjhgmjhkikooogk m 
  1
 nlqjffffffffffhgkkfm rhqmmghligjlfoligllig:roj n 
  1
 nlqjfffjkkfgigmmljlg nlqjffggihfiggmofion oqhohnohfikoikjkjjigg 
  1
 rnqnnjhmfhlogmhmfhlnh:rno nlqjffggihfihfjofooj n 
  1
 rnlqjfffjkkfgfojlfomn nlqjffggihfihogmnhlm oqhohnohfikoikjkjkjhg 
  1
 rnlqjffffffffffhgnmfj rhqmmghkiighgnjnkimgg:roj n 
  1
 o 
  1
 /3>1: rnnqgikmnofjomlgkhkj liqooifjkmflifgkilml jkoqooinojmklionhmlj roqooololkgnfloninhoiifkf oqffhjikookofihjfmhnk roqoifhjikhlhklhmlgokni roqfffffffjlhmkngnlhgj roqooolokmmloomnokiloklf o 90-(>-;@) V V V V 
  1
 " o o |
  1
:;8: {rn rn {rn {nk iqlnlljifilghokoolnl:rnl {nj kmqhmjmgfnofofloglog {f {nh 90-(>-; _h *1410(1 |
  1
/<*-): {rn rn {rn o 90-(>-; $ :'/@/>-@<*- 1*-=, m 0/:1 l 
  1
 o m mnqlimikkjjkjjihimh m kmqhmjmgfnofnnljlmj m 
  1
 rnlqjffffffffffhgnmfj rhqmmghkiighgnjnkimgg:roj n 
  1
 rnlqjffgoffmjnhkomnkl rnlqjffggihfihgmokofl oqhohnnnhmmjmfhnkggnm 
  1
 lqinlgmoljkohjgifjkj:rnn rnlqjffggihfihhokmoon n 
  1
 nlqjffgoffmjmkilonlf rnlqjffggihfihjfokfjj oqhohnnnhmmjmfhnkggnm 
  1
 nlqjffffffffffhgkkfm rhqmmghligkmjlkfffjfi:roj n 
  1
 o 
  1
 /3>1: rnnqgikmnofjomlgkhkj liqooifjkmflifgkilml jkoqooinojmklionhmlj roqooololkgnfloninhoiifkf oqffhjikookofihjfmhnk roqoifhjikhlhklhmlgokni roqfffffffjlhmkngnlhgj roqooolokmmloomnokiloklf o 90-(>-;@) V V V V 
  1
 " o o |
  1
):-+:' {rn rn {rn {no o {ng |
  1
):-+:' {rn rn {rn {no n {nf |
  1
61+<*-):r<*-): {rn rn {rn 90-(>-; $ :'><+@61+@<*- mofoo 9*33 1*-=, m 0/:1 l 
  1
 rkmqhmjjhgmjhkikooogk m rmnqlimhgfnmgihoomigg m o m 
  1
 rnlqnlhnnjmhnlgghlifn lhqokkonllkjglnfffnm jjkqgkmmhhglhljfnm nqoooooooooookkjfjkk 
  1
 rnlqnlhkolggkoongfmfi lhqffmhonlkkgjofkfgj jigqkofnkgfmnooiflnm oqhohnoihgnngioiomfjf 
  1
 rmiqhlhkolmjkhinlmgfj lhqfggjilfnmommlookl jigqkofnkgfmnoohnjgi nqooooooooooonoighon 
  1
 rkoqllhkomimjkofnkhji lhqfgkkmikhfnflihmlm jigqkofnkgfmnooignhj oqhohnoihgnnghhjfhnkm 
  1
 rkoqllhnnkonmigkfkmjh lhqoljhlgkgongmjhlog jjkqgkmmhhglhkhojlln nqooooooooooonoiomil 
  1
 o 
  1
 
  1
 1*33@,*-9><: 
  1
 1*33@,*-9><: 
  1
 1*33=, 
  1
 1*33=, 
  1
 V V 
  1
 o 
  1
 o 
  1
 o 
  1
 
  1
 o Y rkmqhmjjhgmjhkikooogk Y o JQZGKZQ[Z[ JQZGKZQ[Z[ " Y rkmqhmjjhgmjhkikooogk Y o |
  1
61+<*-):r<*-): {rn rn {rn 90-(>-; $ :'><+@61+@<*- mofoo 9*33 1*-=, m 0/:1 l 
  1
 ro m mnqlimikkjjkjlihoojl m kmqhmjmgfnofnnljlmj m 
  1
 rnlqnlhnnjmhnlfokjnn lhqokkonllkjglfgohfg jjkqgkmmhhglhkhojlln nqooooooooooolklkgog 
  1
 rnlqnligmiijgiijignmm liqofjlmjlkigmghkkmh jknqmhjkoihjlfljnjgn oqhohnoihgnngfkngkfgj 
  1
 rmiqhligmiomflnmlohf liqofnnghfnkooonlhkg jknqmhjkoihjlfljmhng nqooooooooooolkmjfmi 
  1
 rkoqlligmjlffffjnkfni liqoghojokgnnhnkfjni jknqmhjkoihjlfljokkk oqhohnoihgnngggigmhnf 
  1
 rkoqllhnnkonmiglmloni lhqoljhlgkgongjofjjn jjkqgkmmhhglhjoijhng nqoooooooooookjljmin 
  1
 o 
  1
 
  1
 1*33@,*-9><: 
  1
 1*33@,*-9><: 
  1
 1*33=, 
  1
 1*33=, 
  1
 V V 
  1
 o 
  1
 o 
  1
 o 
  1
 
  1
 o Y ro Y kmqhmjmgfnofnnljlmj JQZGKZQ[Z[ JQZGKZQ[Z[ " Y ro Y kmqhmjmgfnofnnljlmj |
  1
/061+ {rn rn {rn rnlqnlhnnjmhnlfoklgii lhqokkonllkjglfhgiih jjkqgkmmhhglhkiffikh |
  1
/061+ {rn rn {rn rkoqllhnnkonmiglmonhk lhqoljhlgkgonglgnijl jjkqgkmmhhglhkggnjkj |
1001
ACAD_OBJECT_CHANGE_GUID
1070
     1
1071
1845602665
1070
 10722
1070
  4686
1070
   169
1070
    21
1070
   210
1070
   195
1070
   113
1070
   124
1070
     5
1070
   182
  0
REGION
  5
2287
330
1F
100
AcDbEntity
  8
BASE
 62
     7
100
AcDbModelerGeometry
 70
     1
  1
mnjoo mo m mk          
  1
ni ^ *+0;:,4 ^ *+0\^ [ mo ^ LR mlnqiqmqijjlj QK o  
  1
mjqlfffffffffffffgjg fqfffffffffffffffjkh:roh nqooooooooooooooooli:rno 
  1
>,27:>;:- {rn rn _nl mlnqiqmqijjlj |
  1
=0;& {rn rn {rn {m {rn {l |
  1
3*2/ {rn rn {rn {rn {k {n |
  1
+->1,90-2 {rn rn n o o o n o o o n kjmgqgolfnhmjjjiofng migfqmffgholkionjmig nihqklhjogmilhkihfmi n 10@-0+>+: 10@-:93:<+ 10@,7:>- |
  1
,7:33 {rn rn {rn {rn {rn {j {rn {m |
  1
9><: {rn rn {rn {rn {i {k {rn {h 90-(>-; ;0*=3: 0*+ |
  1
300/ {rn rn {rn {rn {g {j |
  1
/3>1:r,*-9><: {rn rn {rn rnoqkhkkljjonnglmlgil ngfqhninjfglkilmkljk mgjqiffnmlfjlmlkingj ro o rn roqfffffffjlhmkngnkgfj roqooolokmmloomnokkojknmf o 90-(>-;@) V V V V |
  1
<0:;8: {rn rn {rn {f {f {rn {no 90-(>-; {i {nn |
  1
<0:;8: {rn rn {rn {g {g {rn {nm 90-(>-; {i {nl |
  1
:;8: {rn rn {rn {nk ro {nj khqnmlkgoiljonoogmjj {g {ni 90-(>-; _h *1410(1 |
  1
/<*-): {rn rn {rn o 90-(>-; $ :'/@/>-@<*- 1*-=, m 0/:1 l 
  1
 o m mlqjinhkolnhjnnkgfkj m khqnmlkgoiljommfhgf m 
  1
 rhqnfnlgmgohkmojjfigi rnlqnilhlhhfhmmfoiohf n 
  1
 jqfhmljjimoflfjmfkl rmoqljjnmoghilmfimjnf oqhohnoihgnngioignhgk 
  1
 nlqnilhlghooommmjlgg rhqnfnlgmkkhfjfhfilof n 
  1
 moqljjnmnhhfnokffhgh jqfhmljjfgoknookmlkm oqhohnoihgnngioignhgk 
  1
 hqnfnlglljohmjlffomi nlqnilhlfojfkhkgfmm n 
  1
 o 
  1
 /3>1: rnoqkhkkljjonnglmlgil ngfqhninjfglkilmkljk mgjqiffnmlfjlmlkingj ro o rn roqfffffffjlhmkngnkgfj roqooolokmmloomnokkojknmf o 90-(>-;@) V V V V 
  1
 " o o |
  1
:;8: {rn rn {rn {nj ro {nk khqnmlkgoilkfooghfmk {f {nh 90-(>-; _h *1410(1 |
  1
/<*-): {rn rn {rn o 90-(>-; $ :'/@/>-@<*- 1*-=, m 0/:1 l 
  1
 o m mlqjinhkolnhkjoklfim m khqnmlkgoilkfooghfmk m 
  1
 hqnfnlglljohmjlffomi nlqnilhlfojfkhkfmoim n 
  1
 rjqfhmljjohhingkfjokj moqljjnmmnlgjmomighj oqhohnoihgnnghomihkj 
  1
 rnlqnilhlgnjiignhmhjl hqnfnlglhnonginjggjn n 
  1
 rmoqljjnmnmljhkkfioom rjqfhmljkhngnkgonkffi oqhohnoihgnnghomihkj 
  1
 rhqnfnlgmgohkmojjfigi rnlqnilhlhhfhmmfogfmn n 
  1
 o 
  1
 /3>1: rnoqkhkkljjonnglmlgil ngfqhninjfglkilmkljk mgjqiffnmlfjlmlkingj ro o rn roqfffffffjlhmkngnkgfj roqooolokmmloomnokkojknmf o 90-(>-;@) V V V V 
  1
 " o o |
  1
):-+:' {rn rn {rn {no o {ng |
  1
):-+:' {rn rn {rn {no n {nf |
  1
61+<*-):r<*-): {rn rn {rn 90-(>-; $ :'><+@61+@<*- mofoo 9*33 1*-=, m 0/:1 l 
  1
 ro m mlqjinhkolnhjojomhoi m khqnmlkgoiljommfhgf m 
  1
 rnfqjflnlkfjolgmnnnhl nfmqgjggjikggkgkglmk mgjqiffnmlfjlmlkjinh oqffffffffffffihghonj 
  1
 rlmqhjkigkfgjkmilgigj ngjqiilkifolonghlnj mgjqiffnmlfjlmlkingj oqhohnoihgnngiklknohf 
  1
 rlfqfjoohmkklhmkong nfgqgmjonfoijmlnjklf mgjqiffnmlfjlmlkingj n 
  1
 rkhqnkjkjffomomhmnfgn mnnqfgijifnoomgioinj mgjqiffnmlfjlmlkingj oqhohnoihgnngimhlkjgh 
  1
 rllqfglfofgiifihnihof mnfqngnfjijjgjhfolnj mgjqiffnmlfjlmlkingj n 
  1
 o 
  1
 
  1
 1*33@,*-9><: 
  1
 1*33@,*-9><: 
  1
 1*33=, 
  1
 1*33=, 
  1
 V V 
  1
 o 
  1
 o 
  1
 o 
  1
 
  1
 o Y ro Y khqnmlkgoiljommfhgf JQZGKZQ[Z[ JQZGKZQ[Z[ " Y ro Y khqnmlkgoiljommfhgf |
  1
61+<*-):r<*-): {rn rn {rn 90-(>-; $ :'><+@61+@<*- mofoo 9*33 1*-=, m 0/:1 l 
  1
 ro m mlqjinhkolnhkhnkmjj m khqnmlkgoilkfooghfmk m 
  1
 rllqfglfofgiifhhlkmoi mnfqngnfjijjgjhlklmk mgjqiffnmlfjlmlkingj oqffffffffffffihgfmlj 
  1
 rmoqgmmljfglnflgngffi mmiqlhhlkkonigigmhgm mgjqiffnmlfjlmlkingj oqhohnoihgnngijhnmmoj 
  1
 rnlqimifhmlhlilgmihl mnlqmnjhflfgnglngflh mgjqiffnmlfjlmlkingj n 
  1
 riqklnjgkfnjljikhjfng mooqojkmklfkigmgihhl mgjqiffnmlfjlmlkjinh oqhohnoihgnnghoflomjl 
  1
 rnfqjflnlkfjollghjhfi nfmqgjggjikggjogimnk mgjqiffnmlfjlmlkjinh oqfffffffffffgiljlnlf 
  1
 o 
  1
 
  1
 1*33@,*-9><: 
  1
 1*33@,*-9><: 
  1
 1*33=, 
  1
 1*33=, 
  1
 V V 
  1
 o 
  1
 o 
  1
 o 
  1
 
  1
 o Y ro Y khqnmlkgoilkfooghfmk JQZGKZQ[Z[ JQZGKZQ[Z[ " Y ro Y khqnmlkgoilkfooghfmk |
  1
/061+ {rn rn {rn rnfqjflnlkfjoliokkonh nfmqgjggjikggkfihknn mgjqiffnmlfjlmlkingj |
  1
/061+ {rn rn {rn rllqfglfofgiifhhlkmoi mnfqngnfjijjgjhlklmk mgjqiffnmlfjlmlkingj |
1001
ACAD_OBJECT_CHANGE_GUID
1070
     1
1071
354530795
1070
-16351
1070
 20811
1070
   139
1070
    75
1070
     2
1070
     8
1070
    54
1070
    17
1070
   185
1070
    88
  0
SURFACE
  5
2288
330
1F
100
AcDbEntity
  8
BASE
 62
     7
160
                 8
310
0800000000000000
100
AcDbModelerGeometry
 70
     1
  1
mnjoo lh m mk          
  1
ni ^ *+0;:,4 ^ *+0\^ [ mo ^ LR mlnqiqmqijjlj QK o  
  1
mjqlfffffffffffffgjg fqfffffffffffffffjkh:roh nqooooooooooooooooli:rno 
  1
>,27:>;:- {rn rn _nl mlnqiqmqijjlj |
  1
=0;& {rn rn {rn {m {rn {l |
  1
3*2/ {rn rn {rn {rn {k {n |
  1
+->1,90-2 {rn rn n o o o n o o o n kjmgqgolfnhmjjjiofng migfqmffgholkionjmig nihqklhjogmilhkihfmi n 10@-0+>+: 10@-:93:<+ 10@,7:>- |
  1
,7:33 {rn rn {rn {rn {rn {j {rn {m |
  1
9><: {i rn {rn {rn {h {k {rn {g 90-(>-; ;0*=3: 0*+ |
  1
/:-,*=:1+r><>;L036;W6,+0-&r>++-6= {rn rn {rn {rn {j n nnk nooooooooo noon |
  1
300/ {rn rn {rn {rn {f {j |
  1
,/361:r,*-9><: {rn rn {rn 90-(>-; $ :'><+@,/3@,*- mofoo 9*33 1*-=, m n =0+7 0/:1 0/:1 101: 101: l m 
  1
 oqkfffffffffffognhlkj m mqohohfilmihfkhjlnnh m lqiknjfmijljfokmkinn m 
  1
 oqnknffffffffffffki n nqnknffffffffffffki n 
  1
 rllqfglfofgiifihnihof mnfqngnfjijjgjhfolnj mgjqiffnmlfjlmlkingj n 
  1
 rkhqnkjkjffomomhmnfgn mnnqfgijifnoomgioinj mgjqiffnmlfjlmlkingj oqhohnoihgnngimhlkjgh 
  1
 rlfqfjoohmkklhmkong nfgqgmjonfoijmlnjklf mgjqiffnmlfjlmlkingj n 
  1
 rlmqhjkigkfgjkmogofog ngjqiilkifolonhhogln mgjqiffnmlfjlmlkingj oqhohnoihgnngimhlkjgh 
  1
 rnfqjflnlkfjolhnfogll nfmqgjggjikggkfokjff mgjqiffnmlfjlmlkingj n 
  1
 rllqfglfofgiifihnihof mnfqngnfjijjgjhfolnj mgiqiffnmlfjlmlkingj n 
  1
 rkhqnkjkjffomomhmnfgn mnnqfgijifnoomgioinj mgiqiffnmlfjlmlkingj oqhohnoihgnngimhlkjgh 
  1
 rlfqfjoohmkklhmkong nfgqgmjonfoijmlnjklf mgiqiffnmlfjlmlkingj n 
  1
 rlmqhjkigkfgjkmogofog ngjqiilkifolonhhogln mgiqiffnmlfjlmlkingj oqhohnoihgnngimhlkjgh 
  1
 rnfqjflnlkfjolhnfogll nfmqgjggjikggkfokjff mgiqiffnmlfjlmlkingj n 
  1
 o 
  1
 
  1
 o 
  1
 o 
  1
 o 
  1
 o 
  1
 o 
  1
 o 
  1
 Y Y oqkfffffffffffognhlkj Y lqiknjfmijljfokmkinn Y oqnknffffffffffffki Y nqnknffffffffffffki ZGKZQ[Z[@Xn " Y oqkfffffffffffognhlkj Y lqiknjfmijljfokmkinn Y oqnknffffffffffffki Y nqnknffffffffffffki |
  1
<0:;8: {rn rn {rn {no {nn {rn {nm 90-(>-; {h {nl |
  1
<0:;8: {rn rn {rn {nk {f {rn {nj -:):-,:; {h {ni |
  1
<0:;8: {rn rn {rn {f {nk {rn {nh 90-(>-; {h {ng |
  1
:;8: {nf rn {rn {mo ro {mn n {f {mm 90-(>-; _h *1410(1 |
  1
/<*-): {rn rn {rn o 90-(>-; $ :'/@/>-@<*- 1*=, n 0/:1 m 
  1
 o n n n 
  1
 oqkffffffffffffkmmigk nqnknffffffffffffki 
  1
 oqkfffffffffffognhlkj oqnknffffffffffffki 
  1
 o 
  1
 ,/361: 90-(>-; $ -:9 o " Y oqkfffffffffffognhlkj Y lqiknjfmijljfokmkinn Y oqnknffffffffffffki Y nqnknffffffffffffki 
  1
 " o o |
  1
<0:;8: {rn rn {rn {nn {no {rn {ml 90-(>-; {h {mk |
  1
:;8: {mj rn {rn {mi ro {mn khqnmlkgoiljonoogmjj {no {mh 90-(>-; _h *1410(1 |
  1
/<*-): {rn rn {rn o 90-(>-; $ :'/@/>-@<*- 1*=, n 0/:1 m 
  1
 rkhqnmlkgoiljommfhgf n o n 
  1
 oqkfffffffffffognhlkj oqnknffffffffffffki 
  1
 lqiknjfmijljgfjilohg oqnknffffffffffffki 
  1
 o 
  1
 ,/361: 90-(>-; $ -:9 o " Y oqkfffffffffffognhlkj Y lqiknjfmijljfokmkinn Y oqnknffffffffffffki Y nqnknffffffffffffki 
  1
 " o o |
  1
:;8: {mg rn {rn {mf rkhqnmlkgoiljonoogmjj {mo rnqmgfgmjfogjhinmmlkl:rnn {nn {lo 90-(>-; _h *1410(1 |
  1
/<*-): {rn rn {rn o 90-(>-; $ :'/@/>-@<*- 1*=, n 0/:1 m 
  1
 rkhqnmlkgoiljommfhgf n o n 
  1
 lqiknjfmijljfokmkinn nqnknffffffffffffki 
  1
 oqkffffffffffffkmmigk nqnknffffffffffffki 
  1
 o 
  1
 ,/361: 90-(>-; $ -:9 o " Y oqkfffffffffffognhlkj Y lqiknjfmijljfokmkinn Y oqnknffffffffffffki Y nqnknffffffffffffki 
  1
 " o o |
  1
/:-,*=:1+r><>;L036;W6,+0-&r>++-6= {rn rn {rn {rn {nm n nnk nooooooooo jnoon |
  1
):-+:' {rn rn {rn {nm o {ln |
  1
):-+:' {rn rn {rn {nm n {lm |
  1
,+->687+r<*-): {rn rn {rn rllqfglfofgiifgmkklhi mnfqngnfjijjgjhoikhn mgiqiffnmlfjlmlkingj o o rn V V |
  1
:;8: {ll rn {rn {mi o {mf n {nk {lk 90-(>-; _h *1410(1 |
  1
/<*-): {rn rn {rn o 90-(>-; $ :'/@/>-@<*- 1*=, n 0/:1 m 
  1
 rn n o n 
  1
 lqiknjfmijljgfjilohg oqnknffffffffffffki 
  1
 lqiknjfmijljfokmkinn nqnknffffffffffffki 
  1
 o 
  1
 ,/361: 90-(>-; $ -:9 o " Y oqkfffffffffffognhlkj Y lqiknjfmijljfokmkinn Y oqnknffffffffffffki Y nqnknffffffffffffki 
  1
 " o o |
  1
/:-,*=:1+r><>;L036;W6,+0-&r>++-6= {rn rn {rn {rn {nj n nnk nooooooooo njnoon |
  1
):-+:' {rn rn {rn {nj o {lj |
  1
61+<*-):r<*-): {rn rn {rn 90-(>-; $ :'><+@61+@<*- mofoo 9*33 1*-=, m 0/:1 l 
  1
 ro m mlqjinhkolnhjojomhoi m khqnmlkgoiljommfhgf m 
  1
 rnfqjflnlkfjolgmnnnhl nfmqgjggjikggkgkglmk mgjqiffnmlfjlmlkjinh oqffffffffffffihghonj 
  1
 rlmqhjkigkfgjkmilgigj ngjqiilkifolonghlnj mgjqiffnmlfjlmlkingj oqhohnoihgnngiklknohf 
  1
 rlfqfjoohmkklhmkong nfgqgmjonfoijmlnjklf mgjqiffnmlfjlmlkingj n 
  1
 rkhqnkjkjffomomhmnfgn mnnqfgijifnoomgioinj mgjqiffnmlfjlmlkingj oqhohnoihgnngimhlkjgh 
  1
 rllqfglfofgiifihnihof mnfqngnfjijjgjhfolnj mgjqiffnmlfjlmlkingj n 
  1
 o 
  1
 
  1
 1*33@,*-9><: 
  1
 1*33@,*-9><: 
  1
 1*33=, 
  1
 1*33=, 
  1
 V V 
  1
 o 
  1
 o 
  1
 o 
  1
 
  1
 o Y ro Y khqnmlkgoiljommfhgf JQZGKZQ[Z[ JQZGKZQ[Z[ " Y ro Y khqnmlkgoiljommfhgf |
  1
/:-,*=:1+r><>;L036;W6,+0-&r>++-6= {rn rn {rn {rn {nh n nnk nooooooooo ljnoon |
  1
):-+:' {rn rn {rn {ml n {li |
  1
61+<*-):r<*-): {rn rn {rn 90-(>-; $ :'><+@61+@<*- mofoo 9*33 1*-=, m 0/:1 l 
  1
 rkhqnmlkgoiljommfhgf m rmlqjinhkolnhjojolknh m o m 
  1
 rnfqjflnlkfjolhnfogll nfmqgjggjikggkfokjff mgiqiffnmlfjlmlkingj n 
  1
 rlmqhjkigkfgjkmogofog ngjqiilkifolonhhogln mgiqiffnmlfjlmlkingj oqhohnoihgnngimhlkjgh 
  1
 rlfqfjoohmkklhmkong nfgqgmjonfoijmlnjklf mgiqiffnmlfjlmlkingj n 
  1
 rkhqnkjkjffomomnikfni mnnqfgijifnoomhjgjgn mgiqiffnmlfjlmlkihjk oqhohnoihgnngikllggjf 
  1
 rllqfglfofgiifhhlhhjf mnfqngnfjijjgjhlkiog mgiqiffnmlfjlmlkingj oqffffffffffffihfnkjj 
  1
 o 
  1
 
  1
 1*33@,*-9><: 
  1
 1*33@,*-9><: 
  1
 1*33=, 
  1
 1*33=, 
  1
 V V 
  1
 o 
  1
 o 
  1
 o 
  1
 
  1
 o Y rkhqnmlkgoiljommfhgf Y o JQZGKZQ[Z[ JQZGKZQ[Z[ " Y rkhqnmlkgoiljommfhgf Y o |
  1
/061+ {rn rn {rn rllqfglfofgiifghjkjki mnfqngnfjijjgjihginh mgiqiffnmlfjlmlkingj |
  1
/061+ {rn rn {rn rllqfglfofgiifhhlkmoi mnfqngnfjijjgjhlklmk mgjqiffnmlfjlmlkingj |
  1
/:-,*=:1+r><>;L036;W6,+0-&r>++-6= {rn rn {rn {rn {ml n nnk nooooooooo mjnoon |
  1
,+->687+r<*-): {rn rn {rn rnfqjflnlkfjoliokkonh nfmqgjggjikggkfihknn mgjqiffnmlfjlmlkingj o o n V V |
  1
/061+ {rn rn {rn rnfqjflnlkfjoliokkonh nfmqgjggjikggkfihknn mgjqiffnmlfjlmlkingj |
  1
/061+ {rn rn {rn rnfqjflnlkfjolgmnmmlg nfmqgjggjikggkgkfnhh mgiqiffnmlfjlmlkingj |
100
AcDbSurface
 71
     6
 72
     6
1001
ACAD_STEPID
1071
      114
1001
ACAD_OBJECT_CHANGE_GUID
1070
     1
1071
222968896
1070
-23746
1070
-19896
1070
   147
1070
    26
1070
   248
1070
   239
1070
   255
1070
   201
1070
   209
1070
    38
  0
SURFACE
  5
2289
330
1F
100
AcDbEntity
  8
BASE
 62
     7
160
                 8
310
0800000000000000
100
AcDbModelerGeometry
 70
     1
  1
mnjoo lh m mk          
  1
ni ^ *+0;:,4 ^ *+0\^ [ mo ^ LR mlnqiqmqijjlj QK o  
  1
mjqlfffffffffffffgjg fqfffffffffffffffjkh:roh nqooooooooooooooooli:rno 
  1
>,27:>;:- {rn rn _nl mlnqiqmqijjlj |
  1
=0;& {rn rn {rn {m {rn {l |
  1
3*2/ {rn rn {rn {rn {k {n |
  1
+->1,90-2 {rn rn n o o o n o o o n kjmgqgolfnhmjjjiofng migfqmffgholkionjmig nihqklhjogmilhkihfmi n 10@-0+>+: 10@-:93:<+ 10@,7:>- |
  1
,7:33 {rn rn {rn {rn {rn {j {rn {m |
  1
9><: {i rn {rn {rn {h {k {rn {g 90-(>-; ;0*=3: 0*+ |
  1
/:-,*=:1+r><>;L036;W6,+0-&r>++-6= {rn rn {rn {rn {j n nnj nooooooooo noon |
  1
300/ {rn rn {rn {rn {f {j |
  1
,/361:r,*-9><: {rn rn {rn 90-(>-; $ :'><+@,/3@,*- mofoo 9*33 1*-=, m n =0+7 0/:1 0/:1 101: 101: l m 
  1
 oqkfffffffffffgjikkgm m mqohohfilmihfjnkolil m lqiknjfmijljfokmknih m 
  1
 oqnknffffffffffffki n nqnknffffffffffffki n 
  1
 rnfqjflnlkfjolgmnmmlg nfmqgjggjikggkgkfnhh mgjqiffnmlfjlmlkingj n 
  1
 riqklnjgkfnjllmhhokli mooqojkmklfkihgjllkm mgjqiffnmlfjlmlkingj oqhohnoihgnngiknoigmm 
  1
 rnlqimifhmlhlilgmihl mnlqmnjhflfgnglngflh mgjqiffnmlfjlmlkingj n 
  1
 rmoqgmmljfglnfklhihhm mmiqlhhlkkonighgkgni mgjqiffnmlfjlmlkingj oqhohnoihgnngiknoigmm 
  1
 rllqfglfofgiifghjkjki mnfqngnfjijjgjihginh mgjqiffnmlfjlmlkingj n 
  1
 rnfqjflnlkfjolgmnmmlg nfmqgjggjikggkgkfnhh mgiqiffnmlfjlmlkingj n 
  1
 riqklnjgkfnjllmhhokli mooqojkmklfkihgjllkm mgiqiffnmlfjlmlkingj oqhohnoihgnngiknoigmm 
  1
 rnlqimifhmlhlilgmihl mnlqmnjhflfgnglngflh mgiqiffnmlfjlmlkingj n 
  1
 rmoqgmmljfglnfklhihhm mmiqlhhlkkonighgkgni mgiqiffnmlfjlmlkingj oqhohnoihgnngiknoigmm 
  1
 rllqfglfofgiifghjkjki mnfqngnfjijjgjihginh mgiqiffnmlfjlmlkingj n 
  1
 o 
  1
 
  1
 o 
  1
 o 
  1
 o 
  1
 o 
  1
 o 
  1
 o 
  1
 Y Y oqkfffffffffffgjikkgm Y lqiknjfmijljfokmknih Y oqnknffffffffffffki Y nqnknffffffffffffki ZGKZQ[Z[@Xn " Y oqkfffffffffffgjikkgm Y lqiknjfmijljfokmknih Y oqnknffffffffffffki Y nqnknffffffffffffki |
  1
<0:;8: {rn rn {rn {no {nn {rn {nm -:):-,:; {h {nl |
  1
<0:;8: {rn rn {rn {nk {f {rn {nj -:):-,:; {h {ni |
  1
<0:;8: {rn rn {rn {f {nk {rn {nh -:):-,:; {h {ng |
  1
:;8: {nf rn {rn {mo ro {mn khqnmlkgoiljommfhgf {f {mm 90-(>-; _h *1410(1 |
  1
/<*-): {rn rn {rn o 90-(>-; $ :'/@/>-@<*- 1*=, n 0/:1 m 
  1
 rkhqnmlkgoiljommfhgf n o n 
  1
 lqiknjfmijljfokmknih nqnknffffffffffffki 
  1
 oqkfffffffffffgjikkgm nqnknffffffffffffki 
  1
 o 
  1
 ,/361: 90-(>-; $ -:9 o " Y oqkfffffffffffgjikkgm Y lqiknjfmijljfokmknih Y oqnknffffffffffffki Y nqnknffffffffffffki 
  1
 " o o |
  1
<0:;8: {rn rn {rn {nn {no {rn {ml -:):-,:; {h {mk |
  1
:;8: {mj rn {rn {mi o {mo n {no {mh 90-(>-; _h *1410(1 |
  1
/<*-): {rn rn {rn o 90-(>-; $ :'/@/>-@<*- 1*=, n 0/:1 m 
  1
 o n n n 
  1
 oqkfffffffffffgjikkgm nqnknffffffffffffki 
  1
 oqjooooooooooljnjhkll oqnknffffffffffffki 
  1
 o 
  1
 ,/361: 90-(>-; $ -:9 o " Y oqkfffffffffffgjikkgm Y lqiknjfmijljfokmknih Y oqnknffffffffffffki Y nqnknffffffffffffki 
  1
 " o o |
  1
:;8: {mg rn {rn {mn ro {mf n {nn {lo 90-(>-; _h *1410(1 |
  1
/<*-): {rn rn {rn o 90-(>-; $ :'/@/>-@<*- 1*=, n 0/:1 m 
  1
 rn n o n 
  1
 lqiknjfmijljgfjilohg oqnknffffffffffffki 
  1
 lqiknjfmijljfokmknih nqnknffffffffffffki 
  1
 o 
  1
 ,/361: 90-(>-; $ -:9 o " Y oqkfffffffffffgjikkgm Y lqiknjfmijljfokmknih Y oqnknffffffffffffki Y nqnknffffffffffffki 
  1
 " o o |
  1
/:-,*=:1+r><>;L036;W6,+0-&r>++-6= {rn rn {rn {rn {nm n nnj nooooooooo jnoon |
  1
):-+:' {rn rn {rn {nm o {ln |
  1
):-+:' {rn rn {rn {nm n {lm |
  1
61+<*-):r<*-): {rn rn {rn 90-(>-; $ :'><+@61+@<*- mofoo 9*33 1*-=, m 0/:1 l 
  1
 ro m mlqjinhkolnhjnnkgfkj m khqnmlkgoiljommfhgf m 
  1
 rnfqjflnlkfjolgmnmmlg nfmqgjggjikggkgkfnhh mgiqiffnmlfjlmlkingj n 
  1
 riqklnjgkfnjllmhhokli mooqojkmklfkihgjllkm mgiqiffnmlfjlmlkingj oqhohnoihgnngiknoigmm 
  1
 rnlqimifhmlhlilgmihl mnlqmnjhflfgnglngflh mgiqiffnmlfjlmlkingj n 
  1
 rmoqgmmljfglnfklhihhm mmiqlhhlkkonighgkgni mgiqiffnmlfjlmlkingj oqhohnoihgnngiknoigmm 
  1
 rllqfglfofgiifghjkjki mnfqngnfjijjgjihginh mgiqiffnmlfjlmlkingj n 
  1
 o 
  1
 
  1
 1*33@,*-9><: 
  1
 1*33@,*-9><: 
  1
 1*33=, 
  1
 1*33=, 
  1
 V V 
  1
 o 
  1
 o 
  1
 o 
  1
 
  1
 o Y ro Y khqnmlkgoiljommfhgf JQZGKZQ[Z[ JQZGKZQ[Z[ " Y ro Y khqnmlkgoiljommfhgf |
  1
:;8: {ll rn {rn {mf ro {mi khqnmlkgoilkfooghfmk {nk {lk 90-(>-; _h *1410(1 |
  1
/<*-): {rn rn {rn o 90-(>-; $ :'/@/>-@<*- 1*=, n 0/:1 m 
  1
 rkhqnmlkgoilkfooghfmk n o n 
  1
 oqjooooooooooljnjhkll oqnknffffffffffffki 
  1
 lqiknjfmijljgfjilohg oqnknffffffffffffki 
  1
 o 
  1
 ,/361: 90-(>-; $ -:9 o " Y oqkfffffffffffgjikkgm Y lqiknjfmijljfokmknih Y oqnknffffffffffffki Y nqnknffffffffffffki 
  1
 " o o |
  1
/:-,*=:1+r><>;L036;W6,+0-&r>++-6= {rn rn {rn {rn {nj n nnj nooooooooo njnoon |
  1
):-+:' {rn rn {rn {nj o {lj |
  1
,+->687+r<*-): {rn rn {rn rnfqjflnlkfjoliokkonh nfmqgjggjikggkfihknn mgjqiffnmlfjlmlkingj o o n V V |
  1
/:-,*=:1+r><>;L036;W6,+0-&r>++-6= {rn rn {rn {rn {nh n nnj nooooooooo ljnoon |
  1
):-+:' {rn rn {rn {ml o {li |
  1
,+->687+r<*-): {rn rn {rn rllqfglfofgiifgmkklhi mnfqngnfjijjgjhoikhn mgiqiffnmlfjlmlkingj o o rn V V |
  1
/061+ {rn rn {rn rnfqjflnlkfjolgmnmmlg nfmqgjggjikggkgkfnhh mgiqiffnmlfjlmlkingj |
  1
/061+ {rn rn {rn rllqfglfofgiifghjkjki mnfqngnfjijjgjihginh mgiqiffnmlfjlmlkingj |
  1
/:-,*=:1+r><>;L036;W6,+0-&r>++-6= {rn rn {rn {rn {ml n nnj nooooooooo mjnoon |
  1
61+<*-):r<*-): {rn rn {rn 90-(>-; $ :'><+@61+@<*- mofoo 9*33 1*-=, m 0/:1 l 
  1
 ro m mlqjinhkolnhkhnkmjj m khqnmlkgoilkfooghfmk m 
  1
 rllqfglfofgiifhhlkmoi mnfqngnfjijjgjhlklmk mgjqiffnmlfjlmlkingj oqffffffffffffihgfmlj 
  1
 rmoqgmmljfglnflgngffi mmiqlhhlkkonigigmhgm mgjqiffnmlfjlmlkingj oqhohnoihgnngijhnmmoj 
  1
 rnlqimifhmlhlilgmihl mnlqmnjhflfgnglngflh mgjqiffnmlfjlmlkingj n 
  1
 riqklnjgkfnjljikhjfng mooqojkmklfkigmgihhl mgjqiffnmlfjlmlkjinh oqhohnoihgnnghoflomjl 
  1
 rnfqjflnlkfjollghjhfi nfmqgjggjikggjogimnk mgjqiffnmlfjlmlkjinh oqfffffffffffgiljlnlf 
  1
 o 
  1
 
  1
 1*33@,*-9><: 
  1
 1*33@,*-9><: 
  1
 1*33=, 
  1
 1*33=, 
  1
 V V 
  1
 o 
  1
 o 
  1
 o 
  1
 
  1
 o Y ro Y khqnmlkgoilkfooghfmk JQZGKZQ[Z[ JQZGKZQ[Z[ " Y ro Y khqnmlkgoilkfooghfmk |
  1
/061+ {rn rn {rn rnfqjflnlkfjoliokkonh nfmqgjggjikggkfihknn mgjqiffnmlfjlmlkingj |
  1
/061+ {rn rn {rn rllqfglfofgiifhhlkmoi mnfqngnfjijjgjhlklmk mgjqiffnmlfjlmlkingj |
100
AcDbSurface
 71
     6
 72
     6
1001
ACAD_STEPID
1071
      115
1001
ACAD_OBJECT_CHANGE_GUID
1070
     1
1071
-966028449
1070
 -5766
1070
  8770
1070
   173
1070
   102
1070
    24
1070
   147
1070
    81
1070
   219
1070
   186
1070
   145
  0
REGION
  5
228A
330
1F
100
AcDbEntity
  8
BASE
 62
     7
100
AcDbModelerGeometry
 70
     1
  1
mnjoo ll m mk          
  1
ni ^ *+0;:,4 ^ *+0\^ [ mo ^ LR mlnqiqmqijjlj QK o  
  1
mjqlfffffffffffffgjg fqfffffffffffffffjkh:roh nqooooooooooooooooli:rno 
  1
>,27:>;:- {rn rn _nl mlnqiqmqijjlj |
  1
=0;& {rn rn {rn {m {rn {l |
  1
3*2/ {rn rn {rn {rn {k {n |
  1
+->1,90-2 {rn rn n o o o n o o o n kjmgqgolfnhmjjjiofng migfqmffgholkionjmig nihqklhjogmilhkihfmi n 10@-0+>+: 10@-:93:<+ 10@,7:>- |
  1
,7:33 {rn rn {rn {rn {rn {j {rn {m |
  1
9><: {rn rn {rn {rn {i {k {rn {h 90-(>-; ;0*=3: 0*+ |
  1
300/ {rn rn {rn {g {f {j |
  1
/3>1:r,*-9><: {rn rn {rn rnoqkhkkliojohlihlkih ngfqhnininnofkgmjmhj mgiqiffnmlfjlmlkingj o o n roqooolokmmloomnokhioklkf oqfffffffjlhmkngnlhgj o 90-(>-;@) V V V V |
  1
300/ {rn rn {rn {rn {no {j |
  1
<0:;8: {rn rn {rn {nn {nn {rn {nm -:):-,:; {i {nl |
  1
<0:;8: {rn rn {rn {nk {nk {rn {nj 90-(>-; {g {ni |
  1
<0:;8: {rn rn {rn {f {f {rn {nh 90-(>-; {i {ng |
  1
:;8: {rn rn {rn {nf rkhqnmlkgoiljonoogmjj {mo rnqmgfgmjfogjhinmmlkl:rnn {f {mn 90-(>-; _h *1410(1 |
  1
/<*-): {rn rn {rn o 90-(>-; $ :'/@/>-@<*- 1*-=, m 0/:1 l 
  1
 ro m mlqjinhkolnhjnnkgfkj m khqnmlkgoiljommfhgf m 
  1
 nlqnilhlgkmgljklmnmf hqnfnlglohfoighmkfgm n 
  1
 jqfhmljjlkfmgjimmoin moqljjnmnjohkmlojllh oqhohnoihgnngijkhljoh 
  1
 rhqnfnlglohfoighnklmk nlqnilhlgkmgljklmkgk n 
  1
 rmoqljjnmnjohkmloiokg jqfhmljjlkfmgjionill oqhohnoihgnngijkhljoh 
  1
 rnlqnilhlgkmgljkmikkk rhqnfnlglohfoighmnkmf n 
  1
 o 
  1
 /3>1: rnoqkhkkliojohlihlkih ngfqhnininnofkgmjmhj mgiqiffnmlfjlmlkingj o o n roqooolokmmloomnokhioklkf oqfffffffjlhmkngnlhgj o 90-(>-;@) V V V V 
  1
 " o o |
  1
<0:;8: {rn rn {rn {no {no {rn {mm 90-(>-; {g {ml |
  1
:;8: {rn rn {rn {mk rklqfgmogljnkgkfoofom {mj ro {no {mi 90-(>-; _h *1410(1 |
  1
/<*-): {rn rn {rn o 90-(>-; $ :'/@/>-@<*- 1*-=, m 0/:1 l 
  1
 rklqfgmogljnkgkfoofom m rmnqffnoknhjhkmkjokjn m o m 
  1
 rnmqmginjjgiijohhjjmi riqhnnfjhjkolgmiiijij n 
  1
 rngqffgnnlkoiggmmgmji jqjhknfglminnomoffll oqhohnoihgnngifhjhgjg 
  1
 riqhnnfjhjkolfhjhhlok nmqmginjjgiikffijnjm n 
  1
 jqjhknfglmioghnffooh ngqffgnnlkoiggfoflnn oqhohnoihgnngifhjhgjg 
  1
 nmqmginjjgiikfnjjkgf iqhnnfjhjkoknmkhlgll n 
  1
 o 
  1
 /3>1: rnoqkhkkliojohlihlkih ngfqhnininnofkgmjmhj mgiqiffnmlfjlmlkingj o o n roqooolokmmloomnokhioklkf oqfffffffjlhmkngnlhgj o 90-(>-;@) V V V V 
  1
 " o o |
  1
:;8: {rn rn {rn {nf ro {mo khqnmlkgoiljommfhgf {nn {mh 90-(>-; _h *1410(1 |
  1
/<*-): {rn rn {rn o 90-(>-; $ :'/@/>-@<*- 1*-=, m 0/:1 l 
  1
 o m mlqjinhkolnhjnnkgfkj m khqnmlkgoiljommfhgf m 
  1
 rnlqnilhlgkmgljkmikkk rhqnfnlglohfoighmgjlk n 
  1
 rjqfhmljjlkfmgjjhkn rmoqljjnmnjohkmloooog oqhohnoihgnngijkgmlgf 
  1
 hqnfnlglohfoighkmhkj rnlqnilhlgkmgljkmfnof n 
  1
 moqljjnmnjohkmlohkif rjqfhmljjlkfmgjjhihik oqhohnoihgnngijkgmlgf 
  1
 nlqnilhlgkmgljklkfhn hqnfnlglohfoighnhghi n 
  1
 o 
  1
 /3>1: rnoqkhkkliojohlihlkih ngfqhnininnofkgmjmhj mgiqiffnmlfjlmlkingj o o n roqooolokmmloomnokhioklkf oqfffffffjlhmkngnlhgj o 90-(>-;@) V V V V 
  1
 " o o |
  1
):-+:' {rn rn {rn {nm o {mg |
  1
):-+:' {rn rn {rn {nm n {mf |
  1
61+<*-):r<*-): {rn rn {rn 90-(>-; $ :'><+@61+@<*- mofoo 9*33 1*-=, m 0/:1 l 
  1
 rkhqnmlkgoiljommfhgf m rmlqjinhkolnhjojolknh m o m 
  1
 rnfqjflnlkfjolhnfogll nfmqgjggjikggkfokjff mgiqiffnmlfjlmlkingj n 
  1
 rlmqhjkigkfgjkmogofog ngjqiilkifolonhhogln mgiqiffnmlfjlmlkingj oqhohnoihgnngimhlkjgh 
  1
 rlfqfjoohmkklhmkong nfgqgmjonfoijmlnjklf mgiqiffnmlfjlmlkingj n 
  1
 rkhqnkjkjffomomnikfni mnnqfgijifnoomhjgjgn mgiqiffnmlfjlmlkihjk oqhohnoihgnngikllggjf 
  1
 rllqfglfofgiifhhlhhjf mnfqngnfjijjgjhlkiog mgiqiffnmlfjlmlkingj oqffffffffffffihfnkjj 
  1
 o 
  1
 
  1
 1*33@,*-9><: 
  1
 1*33@,*-9><: 
  1
 1*33=, 
  1
 1*33=, 
  1
 V V 
  1
 o 
  1
 o 
  1
 o 
  1
 
  1
 o Y rkhqnmlkgoiljommfhgf Y o JQZGKZQ[Z[ JQZGKZQ[Z[ " Y rkhqnmlkgoiljommfhgf Y o |
  1
:;8: {rn rn {rn {mj rklqfgmogljnkfjogijlm {mk ro {nk {lo 90-(>-; _h *1410(1 |
  1
/<*-): {rn rn {rn o 90-(>-; $ :'/@/>-@<*- 1*-=, m 0/:1 l 
  1
 rklqfgmogljnkfjogijlm m rmnqffnoknhjhkhjklmii m o m 
  1
 nmqmginjjgiikfnjmikh iqhnnfjhjkoknmkhlgll n 
  1
 ngqffgnnlkoifnmnfmgi rjqjhknfglmioflfnil oqhohnoihgnnginngkhnj 
  1
 iqhnnfjhjkolfhjhhlok rnmqmginjjgiikffikmik n 
  1
 rjqjhknfglminnifohigh rngqffgnnlkoifojlioff oqhohnoihgnnginngkhnj 
  1
 rnmqmginjjgiijohhglig riqhnnfjhjkolgmihonng n 
  1
 o 
  1
 /3>1: rnoqkhkkliojohlihlkih ngfqhnininnofkgmjmhj mgiqiffnmlfjlmlkingj o o n roqooolokmmloomnokhioklkf oqfffffffjlhmkngnlhgj o 90-(>-;@) V V V V 
  1
 " o o |
  1
):-+:' {rn rn {rn {nj o {ln |
  1
):-+:' {rn rn {rn {nj n {lm |
  1
61+<*-):r<*-): {rn rn {rn 90-(>-; $ :'><+@61+@<*- mofoo 9*33 1*-=, m 0/:1 l 
  1
 rklqfgmogljnkgkfoofom m rmnqffnoknhjhjolhmikh m ro m 
  1
 rmoqohmgmhkkhhnkofljj nflqhlimflnjhkmijjgg mgiqiffnmlfjlmlkingj oqfffffffffffjhhfjfgm 
  1
 rlmqljifkognlifgnofjf nghqomojfgnfijmjhjli mgiqiffnmlfjlmlkingj oqhohnoihgnnggkigmjgi 
  1
 rlfqohmiljhhkhnhjnnkg nffqlokhnnjimkkkflin mgiqiffnmlfjlmlkingj n 
  1
 rkjqhggllohljgojlmkkm mnnqjgggmkfmgkgfmghf mgiqiffnmlfjlmlkingj oqhohnoihgnngiljgojhh 
  1
 rllqjokmnhlifhjhlgkk mngqlokjnfggfjhojkmj mgiqiffnmlfjlmlkingj n 
  1
 o 
  1
 
  1
 1*33@,*-9><: 
  1
 1*33@,*-9><: 
  1
 1*33=, 
  1
 1*33=, 
  1
 V V 
  1
 o 
  1
 o 
  1
 o 
  1
 
  1
 o Y rklqfgmogljnkgkfoofom Y ro JQZGKZQ[Z[ JQZGKZQ[Z[ " Y rklqfgmogljnkgkfoofom Y ro |
  1
61+<*-):r<*-): {rn rn {rn 90-(>-; $ :'><+@61+@<*- mofoo 9*33 1*-=, m 0/:1 l 
  1
 ro m mlqjinhkolnhjnnkgfkj m khqnmlkgoiljommfhgf m 
  1
 rnfqjflnlkfjolgmnmmlg nfmqgjggjikggkgkfnhh mgiqiffnmlfjlmlkingj n 
  1
 riqklnjgkfnjllmhhokli mooqojkmklfkihgjllkm mgiqiffnmlfjlmlkingj oqhohnoihgnngiknoigmm 
  1
 rnlqimifhmlhlilgmihl mnlqmnjhflfgnglngflh mgiqiffnmlfjlmlkingj n 
  1
 rmoqgmmljfglnfklhihhm mmiqlhhlkkonighgkgni mgiqiffnmlfjlmlkingj oqhohnoihgnngiknoigmm 
  1
 rllqfglfofgiifghjkjki mnfqngnfjijjgjihginh mgiqiffnmlfjlmlkingj n 
  1
 o 
  1
 
  1
 1*33@,*-9><: 
  1
 1*33@,*-9><: 
  1
 1*33=, 
  1
 1*33=, 
  1
 V V 
  1
 o 
  1
 o 
  1
 o 
  1
 
  1
 o Y ro Y khqnmlkgoiljommfhgf JQZGKZQ[Z[ JQZGKZQ[Z[ " Y ro Y khqnmlkgoiljommfhgf |
  1
/061+ {rn rn {rn rnfqjflnlkfjolgmnmmlg nfmqgjggjikggkgkfnhh mgiqiffnmlfjlmlkingj |
  1
/061+ {rn rn {rn rllqfglfofgiifghjkjki mnfqngnfjijjgjihginh mgiqiffnmlfjlmlkingj |
  1
61+<*-):r<*-): {rn rn {rn 90-(>-; $ :'><+@61+@<*- mofoo 9*33 1*-=, m 0/:1 l 
  1
 rklqfgmogljnkfjogijlm m rmnqffnoknhjhkhjkmfnn m ro m 
  1
 rllqjokmnhlififooggf mngqlokjnfggfiohlhhn mgiqiffnmlfjlmlkingj n 
  1
 rmnqmmonokoolikjjkjmg mmjqomomnkgjojffloml mgiqiffnmlfjlmlkingj oqhohnoihgnnghjninlnl 
  1
 rnkqjokkofokminffklf mnmqhlinonkgkjhlnigg mgiqiffnmlfjlmlkingj n 
  1
 rhqhgghnkognjfkllgfhg mooqkjnfggnngjkholjk mgiqiffnmlfjlmlkingj oqhohnoihgnnghjninlnl 
  1
 rmoqohmgmhkkhiomogook nflqhlimflnjhkghhhfn mgiqiffnmlfjlmlkingj n 
  1
 o 
  1
 
  1
 1*33@,*-9><: 
  1
 1*33@,*-9><: 
  1
 1*33=, 
  1
 1*33=, 
  1
 V V 
  1
 o 
  1
 o 
  1
 o 
  1
 
  1
 o Y rklqfgmogljnkfjogijlm Y ro JQZGKZQ[Z[ JQZGKZQ[Z[ " Y rklqfgmogljnkfjogijlm Y ro |
  1
/061+ {rn rn {rn rmoqohmgmhkkhijnjnmj nflqhlimflnjhkiohjon mgiqiffnmlfjlmlkihjk |
  1
/061+ {rn rn {rn rllqjokmnhlifhjhlgkk mngqlokjnfggfjhojkmj mgiqiffnmlfjlmlkingj |
1001
ACAD_OBJECT_CHANGE_GUID
1070
     1
1071
496646926
1070
 32610
1070
 11599
1070
   184
1070
    93
1070
    12
1070
   159
1070
   150
1070
   180
1070
    72
1070
   109
  0
LINE
  5
228B
330
1F
100
AcDbEntity
  8
BASE
 62
     7
100
AcDbLine
 10
4495.299699885802
 20
2907.604390235586
 30
454.1366322169814
 11
4495.299699885802
 21
2907.604390235586
 31
560.9427293542883
1001
ACAD_STEPID
1071
      447
  0
LINE
  5
228C
330
1F
100
AcDbEntity
  8
BASE
 62
     7
100
AcDbLine
 10
4508.731089807907
 20
2883.036163503476
 30
569.6366322169812
 11
4508.731089807907
 21
2883.036163503476
 31
454.1366322169814
1001
ACAD_STEPID
1071
      447
  0
SPLINE
  5
228D
330
1F
100
AcDbEntity
  8
BASE
 62
     7
100
AcDbSpline
210
0.0
220
0.0
230
1.0
 70
    12
 71
     2
 72
     8
 73
     5
 74
     0
 42
0.000000001
 43
0.0000000001
 40
-43.98208351495086
 40
-43.98208351495086
 40
-43.98208351495086
 40
-21.99104175747543
 40
-21.99104175747543
 40
0.0
 40
0.0
 40
0.0
 10
4495.299699885872
 20
2907.604390235624
 30
454.1366322169814
 41
1.0
 10
4507.583813251915
 20
2914.320085196617
 30
454.1366322169814
 41
0.7071067811875161
 10
4514.299508212941
 20
2902.035971830589
 30
454.1366322169814
 41
1.0
 10
4521.015203173965
 20
2889.751858464562
 30
454.1366322169814
 41
0.7071067811875161
 10
4508.731089807958
 20
2883.036163503503
 30
454.1366322169814
 41
1.0
1001
ACAD_STEPID
1071
      447
  0
LINE
  5
228E
330
1F
100
AcDbEntity
  8
BASE
 62
     7
100
AcDbLine
 10
4508.731089807907
 20
2883.036163503476
 30
569.6366322169812
 11
4508.731089807907
 21
2883.036163503476
 31
454.1366322169814
1001
ACAD_STEPID
1071
      448
  0
LINE
  5
228F
330
1F
100
AcDbEntity
  8
BASE
 62
     7
100
AcDbLine
 10
4495.299699885802
 20
2907.604390235586
 30
454.1366322169814
 11
4495.299699885802
 21
2907.604390235586
 31
560.9427293542883
1001
ACAD_STEPID
1071
      448
  0
SPLINE
  5
2290
330
1F
100
AcDbEntity
  8
BASE
 62
     7
100
AcDbSpline
210
0.0000000000000036
220
0.0000000000000019
230
1.0
 70
    12
 71
     2
 72
     8
 73
     5
 74
     0
 42
0.000000001
 43
0.0000000001
 40
-43.98208351484901
 40
-43.98208351484901
 40
-43.98208351484901
 40
-21.99104175750373
 40
-21.99104175750373
 40
0.0
 40
0.0
 40
0.0
 10
4508.731089807845
 20
2883.036163503443
 30
454.1366322169814
 41
0.9999999999957795
 10
4496.446976441863
 20
2876.320468542542
 30
454.1366322169814
 41
0.7071067811884683
 10
4489.731281480842
 20
2888.60458190846
 30
454.1366322169814
 41
1.0
 10
4483.015586519754
 20
2900.888695274506
 30
454.1366322169814
 41
0.7071067811863581
 10
4495.299699885802
 20
2907.604390235586
 30
454.1366322169814
 41
1.0
1001
ACAD_STEPID
1071
      448
  0
LINE
  5
2291
330
1F
100
AcDbEntity
  8
BASE
 62
     7
100
AcDbLine
 10
4502.083579394642
 20
2671.193352050964
 30
660.726511151701
 11
4502.083579394642
 21
2671.193352050964
 31
660.726511151701
  0
LINE
  5
2292
330
1F
100
AcDbEntity
  8
BASE
 62
     7
100
AcDbLine
 10
4502.083579394642
 20
2671.193352050964
 30
660.726511151701
 11
4502.083579394642
 21
2671.193352050964
 31
660.726511151701
  0
LINE
  5
2293
330
1F
100
AcDbEntity
  8
BASE
 62
     7
100
AcDbLine
 10
4502.083579394642
 20
2671.193352050964
 30
660.726511151701
 11
4502.083579394642
 21
2671.193352050964
 31
660.726511151701
  0
LINE
  5
2294
330
1F
100
AcDbEntity
  8
BASE
 62
     7
100
AcDbLine
 10
4502.083579394642
 20
2671.193352050964
 30
660.726511151701
 11
4495.296357050711
 21
2663.085578432415
 31
757.6653019530655
  0
LINE
  5
2295
330
1F
100
AcDbEntity
  8
BASE
 62
     7
100
AcDbLine
 10
4508.91032177456
 20
2687.864949752034
 30
760.4825821416962
 11
4502.074805257981
 21
2700.034485681995
 31
663.7578365864825
  0
LINE
  5
229D
330
1F
100
AcDbEntity
  8
ASPIRATOR
 62
     7
100
AcDbLine
 10
2843.191753686135
 20
1960.431699482828
 30
495.4947261568246
 11
2843.191753686135
 21
1960.431699482828
 31
449.7227426218216
  0
LINE
  5
22A5
330
1F
100
AcDbEntity
  8
TOP - 400_1
 62
     7
100
AcDbLine
 10
2843.191753686135
 20
1560.431699482821
 30
495.4947261568246
 11
2780.652561202698
 21
1560.431699482821
 31
495.4947261568246
  0
ENDSEC
  0
SECTION
  2
OBJECTS
  0
DICTIONARY
  5
C
330
0
100
AcDbDictionary
281
     1
  3
ACAD_ASSOCPERSSUBENTMANAGER
350
27F
  3
ACAD_BACKGROUND
350
27B
  3
ACAD_CIP_PREVIOUS_PRODUCT_INFO
350
1A5
  3
ACAD_COLOR
350
73
  3
ACAD_DETAILVIEWSTYLE
350
1AB
  3
ACAD_GROUP
350
D
  3
ACAD_LAST_SAVED_VERSION_INFO
350
136C
  3
ACAD_LAYOUT
350
1A
  3
ACAD_MATERIAL
350
72
  3
ACAD_MLEADERSTYLE
350
D7
  3
ACAD_MLINESTYLE
350
17
  3
ACAD_PERSUBENTMGR
350
36B
  3
ACAD_PLOTSETTINGS
350
19
  3
ACAD_PLOTSTYLENAME
350
E
  3
ACAD_RENDER_ACTIVE_RAPIDRT_SETTINGS
350
261
  3
ACAD_RENDER_ACTIVE_SETTINGS
350
22F3
  3
ACAD_SCALELIST
350
B6
  3
ACAD_SECTIONVIEWSTYLE
350
1A8
  3
ACAD_TABLESTYLE
350
86
  3
ACAD_VISUALSTYLE
350
99
  3
ACDB_RECOMPOSE_DATA
350
22B5
  3
AcDbVariableDictionary
350
66
  3
AcDsDecomposeData
350
22BC
  0
DICTIONARY
  5
18E
330
2
100
AcDbDictionary
280
     1
281
     1
  3
ACAD_LAYERSTATES
360
18F
  0
DICTIONARY
  5
E6
330
10
100
AcDbDictionary
280
     1
281
     1
  0
DICTIONARY
  5
15D
330
1F
100
AcDbDictionary
280
     1
281
     1
  3
ACAD_SORTENTS
360
1324
  0
DICTIONARY
  5
1FDF
330
B31
100
AcDbDictionary
280
     1
281
     1
  0
DICTIONARY
  5
1FF6
330
1FE6
100
AcDbDictionary
280
     1
281
     1
  0
ACDBASSOCPERSSUBENTMANAGER
  5
27F
102
{ACAD_REACTORS
330
C
102
}
330
C
100
AcDbAssocPersSubentManager
 90
        1
 90
        3
 90
        0
 90
        2
 90
      123
 90
        2
 90
        5
 90
        0
 90
        4
 90
       75
 90
       16
 90
       16
 90
       16
 90
       21
 90
        0
 90
        0
 90
        0
 90
        0
 90
        1
 90
        3
 90
        1
 90
1000000000
 90
     1003
 90
        1
 90
1000000000
 90
     1005
 90
        1
 90
1000000000
 90
     1004
 90
        0
 90
   101000
 90
        0
 90
   101000
 90
        0
 90
   101000
 90
        0
 90
        5
 90
        0
 90
        4
 90
       76
 90
       24
 90
       24
 90
       24
 90
       21
 90
        0
 90
        0
 90
        0
 90
        0
 90
        1
 90
        3
 90
        1
 90
        1
 90
        0
 90
        1
 90
        1
 90
       10
 90
        1
 90
        1
 90
       22
 90
        0
 90
        0
 90
        0
 90
      900
 90
        0
 90
      900
 90
        0
 90
      117
 90
        1
 90
        2
 90
        3
 90
        4
 90
        6
 90
        7
 90
        8
 90
        9
 90
       10
 90
       11
 90
       12
 90
       13
 90
       14
 90
       15
 90
       16
 90
       17
 90
       18
 90
       19
 90
       20
 90
       22
 90
       23
 90
       24
 90
       25
 90
       26
 90
       27
 90
       28
 90
       29
 90
       30
 90
       31
 90
       32
 90
       33
 90
       34
 90
       35
 90
       36
 90
       37
 90
       38
 90
       39
 90
       40
 90
       41
 90
       42
 90
       43
 90
       44
 90
       45
 90
       46
 90
       47
 90
       48
 90
       49
 90
       50
 90
       51
 90
       52
 90
       53
 90
       54
 90
       55
 90
       56
 90
       57
 90
       58
 90
       59
 90
       60
 90
       61
 90
       62
 90
       63
 90
       64
 90
       65
 90
       66
 90
       67
 90
       68
 90
       69
 90
       70
 90
       71
 90
       72
 90
       73
 90
       74
 90
       75
 90
       76
 90
       77
 90
       78
 90
       80
 90
       81
 90
       82
 90
       84
 90
       86
 90
       88
 90
       89
 90
       90
 90
       91
 90
       92
 90
       93
 90
       94
 90
       95
 90
       96
 90
       97
 90
       98
 90
       99
 90
      100
 90
      101
 90
      102
 90
      103
 90
      104
 90
      105
 90
      106
 90
      107
 90
      108
 90
      109
 90
      110
 90
      111
 90
      112
 90
      113
 90
      114
 90
      115
 90
      116
 90
      117
 90
      118
 90
      119
 90
      120
 90
      121
 90
      122
 90
      123
 90
        0
290
     0
  0
DICTIONARY
  5
27B
102
{ACAD_REACTORS
330
C
102
}
330
C
100
AcDbDictionary
281
     1
  0
XRECORD
  5
1A5
102
{ACAD_REACTORS
330
C
102
}
330
C
100
AcDbXrecord
280
     1
300
ACD
300
2026
300

  0
DICTIONARY
  5
73
102
{ACAD_REACTORS
330
C
102
}
330
C
100
AcDbDictionary
281
     1
  0
DICTIONARY
  5
1AB
102
{ACAD_REACTORS
330
C
102
}
330
C
100
AcDbDictionary
281
     1
  3
Imperial24
350
1AC
  0
DICTIONARY
  5
D
102
{ACAD_REACTORS
330
C
102
}
330
C
100
AcDbDictionary
281
     1
  0
XRECORD
  5
136C
102
{ACAD_REACTORS
330
C
102
}
330
C
100
AcDbXrecord
280
     1
300
{F5684FA8-6C09-814D-BDCD-C294F12EA2B0}
301
{9F986A7D-FFDA-8A4D-8667-4C310D6DB7DD}
302
{F5684FA8-6C09-814D-BDCD-C294F12EA2B0}
303

  0
DICTIONARY
  5
1A
102
{ACAD_REACTORS
330
C
102
}
330
C
100
AcDbDictionary
281
     1
  3
Layout1
350
59
  3
Layout2
350
5E
  3
Model
350
22
  0
DICTIONARY
  5
72
102
{ACAD_REACTORS
330
C
102
}
330
C
100
AcDbDictionary
281
     1
  3
ByBlock
350
97
  3
ByLayer
350
96
  3
Global
350
98
  0
DICTIONARY
  5
D7
102
{ACAD_REACTORS
330
C
102
}
330
C
100
AcDbDictionary
281
     1
  3
Annotative
350
E5
  3
Standard
350
D8
  0
DICTIONARY
  5
17
102
{ACAD_REACTORS
330
C
102
}
330
C
100
AcDbDictionary
281
     1
  3
Standard
350
18
  0
ACDBPERSSUBENTMANAGER
  5
36B
102
{ACAD_REACTORS
330
C
102
}
330
C
100
AcDbPersSubentManager
 90
        2
 90
        0
 90
        2
 90
      123
 90
        0
 90
        0
  0
DICTIONARY
  5
19
102
{ACAD_REACTORS
330
C
102
}
330
C
100
AcDbDictionary
281
     1
  0
ACDBDICTIONARYWDFLT
  5
E
102
{ACAD_REACTORS
330
C
102
}
330
C
100
AcDbDictionary
281
     1
  3
Normal
350
F
100
AcDbDictionaryWithDefault
340
F
  0
RAPIDRTRENDERSETTINGS
  5
261
102
{ACAD_REACTORS
330
C
102
}
330
C
100
AcDbRenderSettings
 90
        2
  1
Medium
290
     1
290
     0
290
     1
290
     1
  1

  1
Applies 5 rendering levels
 90
        0
100
AcDbRapidRTRenderSettings
 90
        3
 70
     0
 90
        5
 90
        1
 70
     1
 70
     2
 40
3.0
 40
3.0
290
     1
  0
MENTALRAYRENDERSETTINGS
  5
22F3
102
{ACAD_XDICTIONARY
360
22F4
102
}
102
{ACAD_REACTORS
330
C
102
}
330
C
100
AcDbRenderSettings
 90
        2
  1
Medium
290
     1
290
     1
290
     1
290
     1
  1

  1

 90
        0
100
AcDbMentalRayRenderSettings
 90
        2
 90
        0
 90
        1
 70
     2
 40
3.0
 40
3.0
 40
0.0500000007450581
 40
0.0500000007450581
 40
0.0500000007450581
 40
0.0500000007450581
 70
     0
290
     0
290
     1
 90
        5
 90
        5
 90
        5
290
     0
 90
      500
290
     0
 40
1.0
 90
    10000
 90
        5
 90
        5
 90
        5
290
     0
 90
      200
290
     0
290
     0
290
     0
 40
1.0
 40
1.0
 40
1500.0
 70
     0
 70
     0
 40
10.0
 70
     0
 70
     0
290
     0
  1

 90
       32
 70
     0
 90
     1048
290
     0
 40
1.0
  0
DICTIONARY
  5
B6
102
{ACAD_REACTORS
330
C
102
}
330
C
100
AcDbDictionary
281
     1
  3
A0
350
B7
  3
A1
350
124
  3
A2
350
125
  3
A3
350
126
  3
A4
350
127
  3
A5
350
128
  3
A6
350
129
  3
A7
350
12A
  3
A8
350
12B
  3
A9
350
12C
  3
B0
350
12D
  3
B1
350
12E
  3
B2
350
12F
  3
B3
350
130
  3
B4
350
131
  3
B5
350
132
  3
B6
350
133
  3
B7
350
134
  3
B8
350
135
  3
B9
350
136
  3
C0
350
137
  3
C1
350
138
  3
C2
350
139
  3
C3
350
13A
  3
C4
350
13B
  3
C5
350
13C
  3
C6
350
13D
  3
C7
350
13E
  3
C8
350
13F
  3
C9
350
140
  3
D0
350
141
  3
D1
350
142
  3
D2
350
143
  0
DICTIONARY
  5
1A8
102
{ACAD_REACTORS
330
C
102
}
330
C
100
AcDbDictionary
281
     1
  3
Imperial24
350
1AA
  0
DICTIONARY
  5
86
102
{ACAD_REACTORS
330
C
102
}
330
C
100
AcDbDictionary
281
     1
  3
Standard
350
87
  0
DICTIONARY
  5
99
102
{ACAD_REACTORS
330
C
102
}
330
C
100
AcDbDictionary
281
     1
  3
2dWireframe
350
9F
  3
Basic
350
9E
  3
Brighten
350
A5
  3
ColorChange
350
A9
  3
Conceptual
350
A2
  3
Dim
350
A4
  3
EdgeColorOff
350
175
  3
Facepattern
350
A8
  3
Flat
350
9A
  3
FlatWithEdges
350
9B
  3
Gouraud
350
9C
  3
GouraudWithEdges
350
9D
  3
Hidden
350
A1
  3
JitterOff
350
173
  3
Linepattern
350
A7
  3
OverhangOff
350
174
  3
Realistic
350
A3
  3
Shaded
350
182
  3
Shaded with edges
350
181
  3
Shades of Gray
350
17E
  3
Sketchy
350
17F
  3
Thicken
350
A6
  3
Wireframe
350
A0
  3
X-Ray
350
180
  0
XRECORD
  5
22B5
102
{ACAD_REACTORS
330
C
102
}
330
C
100
AcDbXrecord
280
     1
 90
        1
330
87
330
EA3
  0
DICTIONARY
  5
66
102
{ACAD_REACTORS
330
C
102
}
330
C
100
AcDbDictionary
281
     1
  3
CANNOSCALE
350
F0
  3
CMLEADERSTYLE
350
EF
  3
CTABLESTYLE
350
89
  3
CVIEWDETAILSTYLE
350
1B7
  3
CVIEWSECTIONSTYLE
350
1B8
  3
DIMASSOC
350
67
  3
HIDETEXT
350
6B
  3
LAYEREVAL
350
14D
  3
LAYERNOTIFY
350
14E
  0
DICTIONARY
  5
22BC
102
{ACAD_REACTORS
330
C
102
}
330
C
100
AcDbDictionary
281
     1
  3
AcDsRecords
350
22BE
  3
AcDsSchemas
350
22BD
1001
ACAD
1070
     2
  0
DICTIONARY
  5
18F
102
{ACAD_REACTORS
330
18E
102
}
330
18E
100
AcDbDictionary
281
     1
  0
SORTENTSTABLE
  5
1324
102
{ACAD_REACTORS
330
15D
102
}
330
15D
100
AcDbSortentsTable
330
1F
331
6DA
  5
A85
331
6DB
  5
A88
331
6DF
  5
A89
331
6E1
  5
A8C
331
6E2
  5
A8D
331
8F4
  5
AC8
331
90C
  5
1352
331
90D
  5
1353
331
90E
  5
1354
331
90F
  5
1355
331
910
  5
1356
331
911
  5
1357
331
912
  5
1358
331
913
  5
1359
331
914
  5
135A
331
915
  5
135B
331
916
  5
135C
331
917
  5
135E
331
918
  5
135F
331
919
  5
1360
331
91A
  5
1361
331
91B
  5
1362
331
AFA
  5
1363
331
AFB
  5
1364
331
AFC
  5
1365
331
AFD
  5
1366
331
AFE
  5
1367
331
B29
  5
1369
331
B2A
  5
174E
331
B2B
  5
1751
331
B2C
  5
1752
331
B2D
  5
1ADE
331
B2E
  5
1AE0
331
B2F
  5
1AEA
331
B30
  5
1AEB
331
EA1
  5
1AEC
331
EA2
  5
1AF0
331
EA3
  5
1AF1
331
EA4
  5
1AF2
331
EA5
  5
1AF3
331
EA6
  5
1AF4
331
EF5
  5
1AF5
331
EF6
  5
1AF6
331
EF7
  5
1AF7
331
EF8
  5
1AF8
331
EF9
  5
1AF9
331
EFA
  5
1AFA
331
EFB
  5
1AFB
331
EFD
  5
1AFC
331
EFE
  5
1AFD
331
EFF
  5
1AFF
331
1321
  5
1B01
331
132A
  5
A8E
331
132C
  5
A8F
331
132D
  5
A91
331
132F
  5
A96
331
1332
  5
A9D
331
1333
  5
AA1
331
1334
  5
AA3
331
1337
  5
AA4
331
1338
  5
AA5
331
1339
  5
AA6
331
1341
  5
AA7
331
1342
  5
AA9
331
1346
  5
AAA
331
1347
  5
AAB
331
134A
  5
AAC
331
134B
  5
AAE
331
134C
  5
AB4
331
134D
  5
AB5
331
134E
  5
AB6
331
134F
  5
AB8
331
1352
  5
AB9
331
1353
  5
ABA
331
1355
  5
ABB
331
1357
  5
ABF
331
1360
  5
295
331
174E
  5
1B5D
331
174F
  5
1B5E
331
1750
  5
1B5F
331
1751
  5
1B60
331
1752
  5
1B61
331
1753
  5
1B63
331
1ADD
  5
1B15
331
1AE0
  5
1B19
331
1AE1
  5
1B1A
331
1AE4
  5
1B1B
331
1AF0
  5
1B64
331
1AF4
  5
1B66
331
1AF7
  5
1B67
331
1AF9
  5
1B68
331
1AFA
  5
1B69
331
1AFC
  5
1B6A
331
1AFD
  5
1B6B
331
1AFE
  5
1B6C
331
1AFF
  5
1B6D
331
1B00
  5
1B71
331
1B01
  5
1B75
331
1B02
  5
1B79
331
1B03
  5
1B7B
331
1B15
  5
1BC7
331
1B19
  5
1BC8
331
1B1C
  5
1BCA
331
1B28
  5
1BFF
331
1B2C
  5
1C00
331
1B2F
  5
1C02
331
1B3B
  5
1B1C
331
1B3C
  5
1B28
331
1B3D
  5
1B29
331
1B3E
  5
1B2C
331
1B41
  5
1B2D
331
1B42
  5
1B3B
331
1B43
  5
1B3C
331
1B44
  5
1B3D
331
1B45
  5
1B3E
331
1B46
  5
1B3F
331
1B47
  5
1B40
331
1B48
  5
1B41
331
1B49
  5
1B42
331
1B4A
  5
1B46
331
1B4B
  5
1B49
331
1B4C
  5
1B4B
331
1B4D
  5
1B4C
331
1B50
  5
1B4F
331
1B52
  5
1B50
331
1B56
  5
1B51
331
1B5A
  5
1B52
331
1B5B
  5
1B53
331
1B5C
  5
1B54
331
1B5D
  5
1B55
331
1B5E
  5
1B58
331
1B5F
  5
1B59
331
1B62
  5
1B5A
331
1B63
  5
1B5B
331
1B66
  5
1B5C
331
1B69
  5
1B7D
331
1B6A
  5
1B7E
331
1B6B
  5
1B83
331
1B6C
  5
1B84
331
1B6D
  5
1B8A
331
1B6E
  5
1B8E
331
1B6F
  5
1B9D
331
1B70
  5
1B9E
331
1B71
  5
1B9F
331
1B72
  5
1BA5
331
1B74
  5
1BA6
331
1B75
  5
1BA7
331
1B77
  5
1BA8
331
1B78
  5
1BA9
331
1B79
  5
1BAA
331
1B7A
  5
1BAC
331
1B7B
  5
1BAD
331
1B7C
  5
1BB1
331
1B7D
  5
1BB2
331
1B7E
  5
1BB3
331
1B82
  5
1BB4
331
1B86
  5
1BB5
331
1B8A
  5
1BB6
331
1B8C
  5
1BB7
331
1B8E
  5
1BB8
331
1B8F
  5
1BB9
331
1B94
  5
1BBA
331
1B95
  5
1BBB
331
1B9B
  5
1BBE
331
1B9F
  5
1BC2
331
1BAB
  5
1BCB
331
1BAC
  5
1BCC
331
1BAD
  5
1BCF
331
1BAE
  5
1BD3
331
1BAF
  5
1BD4
331
1BB0
  5
1BD5
331
1BB1
  5
1BD6
331
1BB2
  5
1BD7
331
1BB4
  5
1BDD
331
1BB5
  5
1BDE
331
1BB9
  5
1BE0
331
1BBA
  5
1BE1
331
1BBB
  5
1BE5
331
1BBC
  5
1BE6
331
1BBD
  5
1BE7
331
1BBE
  5
1BE8
331
1BBF
  5
1BE9
331
1BC0
  5
1BEA
331
1BC1
  5
1BEB
331
1BC2
  5
1BEC
331
1BC3
  5
1BED
331
1BC6
  5
1BEE
331
1BCA
  5
1BEF
331
1BCE
  5
1BF0
331
1BCF
  5
1BF1
331
1BD0
  5
1BF2
331
1BD1
  5
1BF3
331
1BD2
  5
1BF6
331
1BD3
  5
1BFA
331
1BD4
  5
1BFD
331
1BD7
  5
1BFE
331
1BDB
  5
1C07
331
1BDC
  5
1C0B
331
1BDD
  5
1C0C
331
1BDE
  5
1C0D
331
1BE0
  5
1C60
331
1BE1
  5
1C8A
331
1BE5
  5
1C8C
331
1BE6
  5
1C8D
331
1BE7
  5
1C8E
331
1BE8
  5
1C8F
331
1BE9
  5
1C91
331
1BEA
  5
1C95
331
1BEB
  5
1C96
331
1BEC
  5
1C97
331
1BED
  5
1C98
331
1BEE
  5
1C9C
331
1BEF
  5
1C9D
331
1BF0
  5
1C9E
331
1BF1
  5
1C9F
331
1BF2
  5
200D
331
1BF3
  5
200E
331
1BF6
  5
200F
331
1BFA
  5
2010
331
1BFE
  5
2011
331
1C01
  5
2012
331
1C02
  5
2013
331
1C03
  5
2014
331
1C06
  5
2015
331
1C07
  5
2016
331
1C0C
  5
2017
331
1C86
  5
2019
331
1C8A
  5
2018
331
1C8B
  5
201A
331
1C8C
  5
201B
331
1C8D
  5
201C
331
1C92
  5
1BC5
331
1C93
  5
1BC6
331
1C96
  5
201D
331
1C98
  5
201F
331
1C99
  5
2020
331
1C9E
  5
AC0
331
1C9F
  5
AC1
331
200D
  5
2021
331
200E
  5
2022
331
200F
  5
2023
331
2010
  5
2024
331
2011
  5
2025
331
2012
  5
2026
331
2013
  5
2027
331
2014
  5
2028
331
2015
  5
2029
331
2016
  5
202A
331
2017
  5
202B
331
2018
  5
202C
331
2019
  5
2081
331
201A
  5
20B8
331
201B
  5
20B9
331
201C
  5
20BA
331
201D
  5
20BB
331
201E
  5
20BC
331
201F
  5
20BD
331
2020
  5
20BE
331
2021
  5
ABC
331
2023
  5
ABD
331
2024
  5
ABE
331
2025
  5
90F
331
2026
  5
910
331
2027
  5
913
331
2029
  5
917
331
202A
  5
918
331
202B
  5
A82
331
202C
  5
A83
331
2081
  5
20BF
331
20B8
  5
20C0
331
20B9
  5
20C1
331
20BA
  5
134E
331
20BB
  5
134F
331
20BC
  5
1350
331
20BD
  5
1351
331
20BE
  5
AC3
331
20BF
  5
AC5
331
20C0
  5
AC6
331
20C1
  5
AC7
  0
ACDBDETAILVIEWSTYLE
  5
1AC
102
{ACAD_XDICTIONARY
360
22F1
102
}
102
{ACAD_REACTORS
330
1AB
102
}
330
1AB
100
AcDbModelDocViewStyle
 70
     0
  3
Imperial24
290
     0
100
AcDbDetailViewStyle
 70
     0
 71
     0
 90
        3
 71
     1
340
11
 62
   256
 40
0.24
340
0
 62
   256
 40
0.24
300

 40
0.36
280
     3
 71
     2
340
16
 90
       25
 62
   256
 71
     3
340
11
 62
   256
 40
0.24
 90
        1
 40
0.75
 90
        1
300
%<\AcVar ViewType \f "%tc1">% %<\AcVar ViewDetailId>%\PSCALE %<\AcVar ViewScale \f "%sn">%
 71
     4
340
16
 90
       25
 62
   256
340
16
 90
       25
 62
   256
280
     0
  0
LAYOUT
  5
59
102
{ACAD_REACTORS
330
1A
102
}
330
1A
100
AcDbPlotSettings
  1

  2
None
  4

  6

 40
0.0
 41
0.0
 42
0.0
 43
0.0
 44
0.0
 45
0.0
 46
0.0
 47
0.0
 48
0.0
 49
0.0
140
0.0
141
0.0
142
1.0
143
1.0
 70
   688
 72
     0
 73
     0
 74
     5
  7

 75
    16
147
1.0
 76
     0
 77
     2
 78
   300
148
0.0
149
0.0
100
AcDbLayout
  1
Layout1
 70
     1
 71
     1
 10
0.0
 20
0.0
 11
12.0
 21
9.0
 12
0.0
 22
0.0
 32
0.0
 14
0.0
 24
0.0
 34
0.0
 15
0.0
 25
0.0
 35
0.0
146
0.0
 13
0.0
 23
0.0
 33
0.0
 16
1.0
 26
0.0
 36
0.0
 17
0.0
 27
1.0
 37
0.0
 76
     0
330
58
  0
LAYOUT
  5
5E
102
{ACAD_REACTORS
330
1A
102
}
330
1A
100
AcDbPlotSettings
  1

  2
None
  4

  6

 40
0.0
 41
0.0
 42
0.0
 43
0.0
 44
0.0
 45
0.0
 46
0.0
 47
0.0
 48
0.0
 49
0.0
140
0.0
141
0.0
142
1.0
143
1.0
 70
   688
 72
     0
 73
     0
 74
     5
  7

 75
    16
147
1.0
 76
     0
 77
     2
 78
   300
148
0.0
149
0.0
100
AcDbLayout
  1
Layout2
 70
     1
 71
     2
 10
0.0
 20
0.0
 11
12.0
 21
9.0
 12
0.0
 22
0.0
 32
0.0
 14
0.0
 24
0.0
 34
0.0
 15
0.0
 25
0.0
 35
0.0
146
0.0
 13
0.0
 23
0.0
 33
0.0
 16
1.0
 26
0.0
 36
0.0
 17
0.0
 27
1.0
 37
0.0
 76
     0
330
5D
  0
LAYOUT
  5
22
102
{ACAD_XDICTIONARY
360
194
102
}
102
{ACAD_REACTORS
330
1A
102
}
330
1A
100
AcDbPlotSettings
  1

  2
none_device
  4
ANSI_A_(8.50_x_11.00_Inches)
  6

 40
6.349999904632568
 41
19.04999923706055
 42
6.350006103515625
 43
19.04998779296875
 44
215.8999938964844
 45
279.3999938964844
 46
0.0
 47
0.0
 48
0.0
 49
0.0
140
0.0
141
0.0
142
1.0
143
2.584895464708373
 70
 11952
 72
     0
 73
     1
 74
     0
  7

 75
     0
147
0.3868628397755418
 76
     0
 77
     2
 78
   300
148
0.0
149
0.0
100
AcDbLayout
  1
Model
 70
     1
 71
     0
 10
0.0
 20
0.0
 11
12.0
 21
9.0
 12
0.0
 22
0.0
 32
0.0
 14
0.0
 24
0.0
 34
0.0
 15
0.0
 25
0.0
 35
0.0
146
0.0
 13
0.0
 23
0.0
 33
0.0
 16
1.0
 26
0.0
 36
0.0
 17
0.0
 27
1.0
 37
0.0
 76
     0
330
1F
331
94
  0
MATERIAL
  5
97
102
{ACAD_XDICTIONARY
360
188
102
}
102
{ACAD_REACTORS
330
72
102
}
330
72
100
AcDbMaterial
  1
ByBlock
 94
       63
  0
MATERIAL
  5
96
102
{ACAD_XDICTIONARY
360
186
102
}
102
{ACAD_REACTORS
330
72
102
}
330
72
100
AcDbMaterial
  1
ByLayer
 94
       63
  0
MATERIAL
  5
98
102
{ACAD_XDICTIONARY
360
110
102
}
102
{ACAD_REACTORS
330
72
102
}
330
72
100
AcDbMaterial
  1
Global
 43
0.0208000000566244
 43
0.0
 43
0.0
 43
0.0
 43
0.0
 43
0.0208000000566244
 43
0.0
 43
0.0
 43
0.0
 43
0.0
 43
1.0
 43
0.0
 43
0.0
 43
0.0
 43
0.0
 43
1.0
 49
0.0208000000566244
 49
0.0
 49
0.0
 49
0.0
 49
0.0
 49
0.0208000000566244
 49
0.0
 49
0.0
 49
0.0
 49
0.0
 49
1.0
 49
0.0
 49
0.0
 49
0.0
 49
0.0
 49
1.0
142
0.0208000000566244
142
0.0
142
0.0
142
0.0
142
0.0
142
0.0208000000566244
142
0.0
142
0.0
142
0.0
142
0.0
142
1.0
142
0.0
142
0.0
142
0.0
142
0.0
142
1.0
144
0.0208000000566244
144
0.0
144
0.0
144
0.0
144
0.0
144
0.0208000000566244
144
0.0
144
0.0
144
0.0
144
0.0
144
1.0
144
0.0
144
0.0
144
0.0
144
0.0
144
1.0
 94
       63
1001
ACAD
1070
    -1
1070
     3
1070
     0
1000

1071
        0
1070
     0
  0
MLEADERSTYLE
  5
E5
102
{ACAD_REACTORS
330
D7
102
}
330
D7
100
AcDbMLeaderStyle
179
     2
170
     2
171
     1
172
     0
 90
        2
 40
0.0
 41
0.0
173
     1
 91
-1056964608
340
14
 92
       -2
290
     1
 42
0.09
291
     1
 43
0.36
  3
Standard
 44
0.18
300

342
11
174
     1
178
     1
175
     1
176
     0
 93
-1056964608
 45
0.18
292
     0
297
     0
 46
0.18
 94
-1056964608
 47
1.0
 49
1.0
140
1.0
293
     1
141
0.0
294
     1
177
     0
142
1.0
295
     0
296
     1
143
0.125
271
     0
272
     9
273
     9
  0
MLEADERSTYLE
  5
D8
102
{ACAD_REACTORS
330
D7
102
}
330
D7
100
AcDbMLeaderStyle
179
     2
170
     2
171
     1
172
     0
 90
        2
 40
0.0
 41
0.0
173
     1
 91
-1056964608
340
14
 92
       -2
290
     1
 42
0.09
291
     1
 43
0.36
  3
Standard
 44
0.18
300

342
11
174
     1
178
     1
175
     1
176
     0
 93
-1056964608
 45
0.18
292
     0
297
     0
 46
0.18
 94
-1056964608
 47
1.0
 49
1.0
140
1.0
293
     1
141
0.0
294
     1
177
     0
142
1.0
295
     0
296
     0
143
0.125
271
     0
272
     9
273
     9
  0
MLINESTYLE
  5
18
102
{ACAD_REACTORS
330
17
102
}
330
17
100
AcDbMlineStyle
  2
STANDARD
 70
     0
  3

 62
   256
 51
90.0
 52
90.0
 71
     2
 49
0.5
 62
   256
  6
BYLAYER
 49
-0.5
 62
   256
  6
BYLAYER
  0
ACDBPLACEHOLDER
  5
F
102
{ACAD_REACTORS
330
E
102
}
330
E
  0
DICTIONARY
  5
22F4
330
22F3
100
AcDbDictionary
280
     1
281
     1
  3
ADSK_XREC_MENTALRAYSETTINGSINFO
360
22F5
  0
SCALE
  5
B7
102
{ACAD_REACTORS
330
B6
102
}
330
B6
100
AcDbScale
 70
     0
300
1:1
140
1.0
141
1.0
290
     1
  0
SCALE
  5
124
102
{ACAD_REACTORS
330
B6
102
}
330
B6
100
AcDbScale
 70
     0
300
1:2
140
1.0
141
2.0
290
     0
  0
SCALE
  5
125
102
{ACAD_REACTORS
330
B6
102
}
330
B6
100
AcDbScale
 70
     0
300
1:4
140
1.0
141
4.0
290
     0
  0
SCALE
  5
126
102
{ACAD_REACTORS
330
B6
102
}
330
B6
100
AcDbScale
 70
     0
300
1:5
140
1.0
141
5.0
290
     0
  0
SCALE
  5
127
102
{ACAD_REACTORS
330
B6
102
}
330
B6
100
AcDbScale
 70
     0
300
1:8
140
1.0
141
8.0
290
     0
  0
SCALE
  5
128
102
{ACAD_REACTORS
330
B6
102
}
330
B6
100
AcDbScale
 70
     0
300
1:10
140
1.0
141
10.0
290
     0
  0
SCALE
  5
129
102
{ACAD_REACTORS
330
B6
102
}
330
B6
100
AcDbScale
 70
     0
300
1:16
140
1.0
141
16.0
290
     0
  0
SCALE
  5
12A
102
{ACAD_REACTORS
330
B6
102
}
330
B6
100
AcDbScale
 70
     0
300
1:20
140
1.0
141
20.0
290
     0
  0
SCALE
  5
12B
102
{ACAD_REACTORS
330
B6
102
}
330
B6
100
AcDbScale
 70
     0
300
1:30
140
1.0
141
30.0
290
     0
  0
SCALE
  5
12C
102
{ACAD_REACTORS
330
B6
102
}
330
B6
100
AcDbScale
 70
     0
300
1:40
140
1.0
141
40.0
290
     0
  0
SCALE
  5
12D
102
{ACAD_REACTORS
330
B6
102
}
330
B6
100
AcDbScale
 70
     0
300
1:50
140
1.0
141
50.0
290
     0
  0
SCALE
  5
12E
102
{ACAD_REACTORS
330
B6
102
}
330
B6
100
AcDbScale
 70
     0
300
1:100
140
1.0
141
100.0
290
     0
  0
SCALE
  5
12F
102
{ACAD_REACTORS
330
B6
102
}
330
B6
100
AcDbScale
 70
     0
300
2:1
140
2.0
141
1.0
290
     0
  0
SCALE
  5
130
102
{ACAD_REACTORS
330
B6
102
}
330
B6
100
AcDbScale
 70
     0
300
4:1
140
4.0
141
1.0
290
     0
  0
SCALE
  5
131
102
{ACAD_REACTORS
330
B6
102
}
330
B6
100
AcDbScale
 70
     0
300
8:1
140
8.0
141
1.0
290
     0
  0
SCALE
  5
132
102
{ACAD_REACTORS
330
B6
102
}
330
B6
100
AcDbScale
 70
     0
300
10:1
140
10.0
141
1.0
290
     0
  0
SCALE
  5
133
102
{ACAD_REACTORS
330
B6
102
}
330
B6
100
AcDbScale
 70
     0
300
100:1
140
100.0
141
1.0
290
     0
  0
SCALE
  5
134
102
{ACAD_REACTORS
330
B6
102
}
330
B6
100
AcDbScale
 70
     0
300
1/128" = 1'-0"
140
0.0078125
141
12.0
290
     0
  0
SCALE
  5
135
102
{ACAD_REACTORS
330
B6
102
}
330
B6
100
AcDbScale
 70
     0
300
1/64" = 1'-0"
140
0.015625
141
12.0
290
     0
  0
SCALE
  5
136
102
{ACAD_REACTORS
330
B6
102
}
330
B6
100
AcDbScale
 70
     0
300
1/32" = 1'-0"
140
0.03125
141
12.0
290
     0
  0
SCALE
  5
137
102
{ACAD_REACTORS
330
B6
102
}
330
B6
100
AcDbScale
 70
     0
300
1/16" = 1'-0"
140
0.0625
141
12.0
290
     0
  0
SCALE
  5
138
102
{ACAD_REACTORS
330
B6
102
}
330
B6
100
AcDbScale
 70
     0
300
3/32" = 1'-0"
140
0.09375
141
12.0
290
     0
  0
SCALE
  5
139
102
{ACAD_REACTORS
330
B6
102
}
330
B6
100
AcDbScale
 70
     0
300
1/8" = 1'-0"
140
0.125
141
12.0
290
     0
  0
SCALE
  5
13A
102
{ACAD_REACTORS
330
B6
102
}
330
B6
100
AcDbScale
 70
     0
300
3/16" = 1'-0"
140
0.1875
141
12.0
290
     0
  0
SCALE
  5
13B
102
{ACAD_REACTORS
330
B6
102
}
330
B6
100
AcDbScale
 70
     0
300
1/4" = 1'-0"
140
0.25
141
12.0
290
     0
  0
SCALE
  5
13C
102
{ACAD_REACTORS
330
B6
102
}
330
B6
100
AcDbScale
 70
     0
300
3/8" = 1'-0"
140
0.375
141
12.0
290
     0
  0
SCALE
  5
13D
102
{ACAD_REACTORS
330
B6
102
}
330
B6
100
AcDbScale
 70
     0
300
1/2" = 1'-0"
140
0.5
141
12.0
290
     0
  0
SCALE
  5
13E
102
{ACAD_REACTORS
330
B6
102
}
330
B6
100
AcDbScale
 70
     0
300
3/4" = 1'-0"
140
0.75
141
12.0
290
     0
  0
SCALE
  5
13F
102
{ACAD_REACTORS
330
B6
102
}
330
B6
100
AcDbScale
 70
     0
300
1" = 1'-0"
140
1.0
141
12.0
290
     0
  0
SCALE
  5
140
102
{ACAD_REACTORS
330
B6
102
}
330
B6
100
AcDbScale
 70
     0
300
1-1/2" = 1'-0"
140
1.5
141
12.0
290
     0
  0
SCALE
  5
141
102
{ACAD_REACTORS
330
B6
102
}
330
B6
100
AcDbScale
 70
     0
300
3" = 1'-0"
140
3.0
141
12.0
290
     0
  0
SCALE
  5
142
102
{ACAD_REACTORS
330
B6
102
}
330
B6
100
AcDbScale
 70
     0
300
6" = 1'-0"
140
6.0
141
12.0
290
     0
  0
SCALE
  5
143
102
{ACAD_REACTORS
330
B6
102
}
330
B6
100
AcDbScale
 70
     0
300
1'-0" = 1'-0"
140
12.0
141
12.0
290
     0
  0
ACDBSECTIONVIEWSTYLE
  5
1AA
102
{ACAD_XDICTIONARY
360
22EF
102
}
102
{ACAD_REACTORS
330
1A8
102
}
330
1A8
100
AcDbModelDocViewStyle
 70
     0
  3
Imperial24
290
     0
100
AcDbSectionViewStyle
 70
     0
 71
     0
 90
       78
 71
     1
340
11
 62
   256
 40
0.24
340
0
340
0
 62
   256
 40
0.24
300
I, O, Q, S, X, Z
 40
0.48
 90
        3
 40
0.18
 90
        1
 71
     2
340
16
 90
       25
 62
   256
340
16
 90
       50
 62
   256
 40
0.24
 40
0.0
 40
0.24
 71
     3
340
11
 62
   256
 40
0.24
 90
        1
 40
0.75
 90
        1
300
%<\AcVar ViewType \f "%tc1">% %<\AcVar ViewSectionStartId>%-%<\AcVar ViewSectionEndId>%\PSCALE %<\AcVar ViewScale \f "%sn">%
 71
     4
 62
   256
 62
   257
300
ANSI31
 40
1.0
 90
        0
290
     0
290
     0
 90
        6
 40
0.0
 40
1.570796326794896
 40
0.2617993877991494
 40
1.308996938995747
 40
-0.2617993877991494
 40
1.832595714594046
  0
TABLESTYLE
  5
87
102
{ACAD_XDICTIONARY
360
104
102
}
102
{ACAD_REACTORS
330
86
102
}
330
86
100
AcDbTableStyle
280
     0
  3
Standard
 70
     0
 71
     0
 40
0.06
 41
0.06
280
     0
281
     0
  7
Standard
140
0.18
170
     2
 62
     0
 63
     7
283
     0
 90
      512
 91
        0
  1

274
    -2
284
     1
 64
     0
275
    -2
285
     1
 65
     0
276
    -2
286
     1
 66
     0
277
    -2
287
     1
 67
     0
278
    -2
288
     1
 68
     0
279
    -2
289
     1
 69
     0
  7
Standard
140
0.25
170
     5
 62
     0
 63
     7
283
     0
 90
      512
 91
        0
  1

274
    -2
284
     1
 64
     0
275
    -2
285
     1
 65
     0
276
    -2
286
     1
 66
     0
277
    -2
287
     1
 67
     0
278
    -2
288
     1
 68
     0
279
    -2
289
     1
 69
     0
  7
Standard
140
0.18
170
     5
 62
     0
 63
     7
283
     0
 90
      512
 91
        0
  1

274
    -2
284
     1
 64
     0
275
    -2
285
     1
 65
     0
276
    -2
286
     1
 66
     0
277
    -2
287
     1
 67
     0
278
    -2
288
     1
 68
     0
279
    -2
289
     1
 69
     0
  0
VISUALSTYLE
  5
9F
102
{ACAD_XDICTIONARY
360
22C9
102
}
102
{ACAD_REACTORS
330
99
102
}
330
99
100
AcDbVisualStyle
  2
2dWireframe
 70
     4
177
     2
291
     0
 71
     0
176
     1
 72
     2
176
     1
 73
     1
176
     1
 90
        0
176
     1
 40
0.6
176
     1
 41
30.0
176
     1
 63
     7
421
 16777215
176
     1
 74
     1
176
     1
 91
        4
176
     1
 64
     7
176
     1
 65
   257
176
     1
 75
     1
176
     1
175
     1
176
     1
 42
1.0
176
     1
 92
        0
176
     1
 66
   257
176
     1
 43
1.0
176
     1
 76
     1
176
     1
 77
     6
176
     1
 78
     2
176
     1
 67
     7
176
     1
 79
     5
176
     1
170
     0
176
     1
171
     0
176
     1
290
     0
176
     1
 93
        1
176
     1
 44
0.0
176
     1
173
     0
176
     1
1001
ACAD
1000
AcDbSavedByObjectVersion
1070
     0
  0
VISUALSTYLE
  5
9E
102
{ACAD_XDICTIONARY
360
22C7
102
}
102
{ACAD_REACTORS
330
99
102
}
330
99
100
AcDbVisualStyle
  2
Basic
 70
     7
177
     2
291
     1
 71
     1
176
     1
 72
     0
176
     1
 73
     1
176
     1
 90
        0
176
     1
 40
0.6
176
     1
 41
30.0
176
     1
 63
     7
421
 16777215
176
     1
 74
     0
176
     1
 91
        4
176
     1
 64
     7
176
     1
 65
   257
176
     1
 75
     1
176
     1
175
     1
176
     1
 42
1.0
176
     1
 92
        8
176
     1
 66
     7
176
     1
 43
1.0
176
     1
 76
     1
176
     1
 77
     6
176
     1
 78
     2
176
     1
 67
     7
176
     1
 79
     5
176
     1
170
     0
176
     1
171
     0
176
     1
290
     0
176
     1
 93
        1
176
     1
 44
0.0
176
     1
173
     0
176
     1
1001
ACAD
1000
AcDbSavedByObjectVersion
1070
     0
  0
VISUALSTYLE
  5
A5
102
{ACAD_XDICTIONARY
360
22D5
102
}
102
{ACAD_REACTORS
330
99
102
}
330
99
100
AcDbVisualStyle
  2
Brighten
 70
    12
177
     2
291
     1
 71
     2
176
     1
 72
     2
176
     1
 73
     1
176
     1
 90
        0
176
     1
 40
0.6
176
     1
 41
30.0
176
     1
 63
     7
421
 16777215
176
     1
 74
     1
176
     1
 91
        4
176
     1
 64
     7
176
     1
 65
   257
176
     1
 75
     1
176
     1
175
     1
176
     1
 42
1.0
176
     1
 92
        8
176
     1
 66
     7
176
     1
 43
1.0
176
     1
 76
     1
176
     1
 77
     6
176
     1
 78
     2
176
     1
 67
     7
176
     1
 79
     5
176
     1
170
     0
176
     1
171
     0
176
     1
290
     0
176
     1
 93
        1
176
     1
 44
50.0
176
     1
173
     0
176
     1
1001
ACAD
1000
AcDbSavedByObjectVersion
1070
     0
  0
VISUALSTYLE
  5
A9
102
{ACAD_XDICTIONARY
360
22DD
102
}
102
{ACAD_REACTORS
330
99
102
}
330
99
100
AcDbVisualStyle
  2
ColorChange
 70
    16
177
     2
291
     1
 71
     2
176
     1
 72
     2
176
     1
 73
     3
176
     1
 90
        0
176
     1
 40
0.6
176
     1
 41
30.0
176
     1
 63
     8
421
  8421504
176
     1
 74
     1
176
     1
 91
        4
176
     1
 64
     7
176
     1
 65
   257
176
     1
 75
     1
176
     1
175
     1
176
     1
 42
1.0
176
     1
 92
        8
176
     1
 66
     8
424
  8421504
176
     1
 43
1.0
176
     1
 76
     1
176
     1
 77
     6
176
     1
 78
     2
176
     1
 67
     7
176
     1
 79
     5
176
     1
170
     0
176
     1
171
     0
176
     1
290
     0
176
     1
 93
        1
176
     1
 44
0.0
176
     1
173
     0
176
     1
1001
ACAD
1000
AcDbSavedByObjectVersion
1070
     0
  0
VISUALSTYLE
  5
A2
102
{ACAD_XDICTIONARY
360
22CF
102
}
102
{ACAD_REACTORS
330
99
102
}
330
99
100
AcDbVisualStyle
  2
Conceptual
 70
     9
177
     2
291
     0
 71
     3
176
     1
 72
     2
176
     1
 73
     1
176
     1
 90
        0
176
     1
 40
0.6
176
     1
 41
30.0
176
     1
 63
     7
421
 16777215
176
     1
 74
     2
176
     1
 91
        2
176
     1
 64
     7
176
     1
 65
   257
176
     1
 75
     1
176
     1
175
     1
176
     1
 42
40.0
176
     1
 92
        8
176
     1
 66
     7
176
     1
 43
1.0
176
     1
 76
     1
176
     1
 77
     6
176
     1
 78
     2
176
     1
 67
     7
176
     1
 79
     3
176
     1
170
     0
176
     1
171
     0
176
     1
290
     0
176
     1
 93
        1
176
     1
 44
0.0
176
     1
173
     0
176
     1
1001
ACAD
1000
AcDbSavedByObjectVersion
1070
     0
  0
VISUALSTYLE
  5
A4
102
{ACAD_XDICTIONARY
360
22D3
102
}
102
{ACAD_REACTORS
330
99
102
}
330
99
100
AcDbVisualStyle
  2
Dim
 70
    11
177
     2
291
     1
 71
     2
176
     1
 72
     2
176
     1
 73
     1
176
     1
 90
        0
176
     1
 40
0.6
176
     1
 41
30.0
176
     1
 63
     7
421
 16777215
176
     1
 74
     1
176
     1
 91
        4
176
     1
 64
     7
176
     1
 65
   257
176
     1
 75
     1
176
     1
175
     1
176
     1
 42
1.0
176
     1
 92
        8
176
     1
 66
     7
176
     1
 43
1.0
176
     1
 76
     1
176
     1
 77
     6
176
     1
 78
     2
176
     1
 67
     7
176
     1
 79
     5
176
     1
170
     0
176
     1
171
     0
176
     1
290
     0
176
     1
 93
        1
176
     1
 44
-50.0
176
     1
173
     0
176
     1
1001
ACAD
1000
AcDbSavedByObjectVersion
1070
     0
  0
VISUALSTYLE
  5
175
102
{ACAD_XDICTIONARY
360
22E3
102
}
102
{ACAD_REACTORS
330
99
102
}
330
99
100
AcDbVisualStyle
  2
EdgeColorOff
 70
    22
177
     2
291
     1
 71
     2
176
     0
 72
     2
176
     0
 73
     0
176
     0
 90
        0
176
     0
 40
0.6
176
     0
 41
30.0
176
     0
 63
     7
421
 16777215
176
     0
 74
     1
176
     0
 91
        4
176
     0
 64
     7
176
     0
 65
   257
176
     0
 75
     1
176
     0
175
     1
176
     0
 42
1.0
176
     0
 92
        8
176
     2
 66
     7
176
     0
 43
1.0
176
     0
 76
     1
176
     0
 77
     6
176
     0
 78
     2
176
     0
 67
     7
176
     0
 79
     5
176
     0
170
     0
176
     0
171
     0
176
     0
290
     0
176
     0
 93
        1
176
     0
 44
0.0
176
     0
173
     0
176
     0
1001
ACAD
1000
AcDbSavedByObjectVersion
1070
     0
  0
VISUALSTYLE
  5
A8
102
{ACAD_XDICTIONARY
360
22DB
102
}
102
{ACAD_REACTORS
330
99
102
}
330
99
100
AcDbVisualStyle
  2
Facepattern
 70
    15
177
     2
291
     1
 71
     2
176
     1
 72
     2
176
     1
 73
     1
176
     1
 90
        0
176
     1
 40
0.6
176
     1
 41
30.0
176
     1
 63
     7
421
 16777215
176
     1
 74
     1
176
     1
 91
        4
176
     1
 64
     7
176
     1
 65
   257
176
     1
 75
     1
176
     1
175
     1
176
     1
 42
1.0
176
     1
 92
        8
176
     1
 66
     7
176
     1
 43
1.0
176
     1
 76
     1
176
     1
 77
     6
176
     1
 78
     2
176
     1
 67
     7
176
     1
 79
     5
176
     1
170
     0
176
     1
171
     0
176
     1
290
     0
176
     1
 93
        1
176
     1
 44
0.0
176
     1
173
     0
176
     1
1001
ACAD
1000
AcDbSavedByObjectVersion
1070
     0
  0
VISUALSTYLE
  5
9A
102
{ACAD_XDICTIONARY
360
22BF
102
}
102
{ACAD_REACTORS
330
99
102
}
330
99
100
AcDbVisualStyle
  2
Flat
 70
     0
177
     2
291
     1
 71
     2
176
     1
 72
     1
176
     1
 73
     1
176
     1
 90
        2
176
     1
 40
0.6
176
     1
 41
30.0
176
     1
 63
     7
421
 16777215
176
     1
 74
     0
176
     1
 91
        0
176
     1
 64
     7
176
     1
 65
   257
176
     1
 75
     1
176
     1
175
     1
176
     1
 42
1.0
176
     1
 92
        8
176
     1
 66
     7
176
     1
 43
1.0
176
     1
 76
     1
176
     1
 77
     6
176
     1
 78
     2
176
     1
 67
     7
176
     1
 79
     5
176
     1
170
     0
176
     1
171
     0
176
     1
290
     0
176
     1
 93
       13
176
     1
 44
0.0
176
     1
173
     0
176
     1
1001
ACAD
1000
AcDbSavedByObjectVersion
1070
     0
  0
VISUALSTYLE
  5
9B
102
{ACAD_XDICTIONARY
360
22C1
102
}
102
{ACAD_REACTORS
330
99
102
}
330
99
100
AcDbVisualStyle
  2
FlatWithEdges
 70
     1
177
     2
291
     1
 71
     2
176
     1
 72
     1
176
     1
 73
     1
176
     1
 90
        2
176
     1
 40
0.6
176
     1
 41
30.0
176
     1
 63
     7
421
 16777215
176
     1
 74
     1
176
     1
 91
        0
176
     1
 64
     7
176
     1
 65
   257
176
     1
 75
     1
176
     1
175
     1
176
     1
 42
1.0
176
     1
 92
        0
176
     1
 66
   257
176
     1
 43
1.0
176
     1
 76
     1
176
     1
 77
     6
176
     1
 78
     2
176
     1
 67
     7
176
     1
 79
     5
176
     1
170
     0
176
     1
171
     0
176
     1
290
     0
176
     1
 93
       13
176
     1
 44
0.0
176
     1
173
     0
176
     1
1001
ACAD
1000
AcDbSavedByObjectVersion
1070
     0
  0
VISUALSTYLE
  5
9C
102
{ACAD_XDICTIONARY
360
22C3
102
}
102
{ACAD_REACTORS
330
99
102
}
330
99
100
AcDbVisualStyle
  2
Gouraud
 70
     2
177
     2
291
     1
 71
     2
176
     1
 72
     2
176
     1
 73
     1
176
     1
 90
        2
176
     1
 40
0.6
176
     1
 41
30.0
176
     1
 63
     7
421
 16777215
176
     1
 74
     0
176
     1
 91
        0
176
     1
 64
     7
176
     1
 65
   257
176
     1
 75
     1
176
     1
175
     1
176
     1
 42
1.0
176
     1
 92
        0
176
     1
 66
     7
176
     1
 43
1.0
176
     1
 76
     1
176
     1
 77
     6
176
     1
 78
     2
176
     1
 67
     7
176
     1
 79
     5
176
     1
170
     0
176
     1
171
     0
176
     1
290
     0
176
     1
 93
       13
176
     1
 44
0.0
176
     1
173
     0
176
     1
1001
ACAD
1000
AcDbSavedByObjectVersion
1070
     0
  0
VISUALSTYLE
  5
9D
102
{ACAD_XDICTIONARY
360
22C5
102
}
102
{ACAD_REACTORS
330
99
102
}
330
99
100
AcDbVisualStyle
  2
GouraudWithEdges
 70
     3
177
     2
291
     1
 71
     2
176
     1
 72
     2
176
     1
 73
     1
176
     1
 90
        2
176
     1
 40
0.6
176
     1
 41
30.0
176
     1
 63
     7
421
 16777215
176
     1
 74
     1
176
     1
 91
        0
176
     1
 64
     7
176
     1
 65
   257
176
     1
 75
     1
176
     1
175
     1
176
     1
 42
1.0
176
     1
 92
        0
176
     1
 66
   257
176
     1
 43
1.0
176
     1
 76
     1
176
     1
 77
     6
176
     1
 78
     2
176
     1
 67
     7
176
     1
 79
     5
176
     1
170
     0
176
     1
171
     0
176
     1
290
     0
176
     1
 93
       13
176
     1
 44
0.0
176
     1
173
     0
176
     1
1001
ACAD
1000
AcDbSavedByObjectVersion
1070
     0
  0
VISUALSTYLE
  5
A1
102
{ACAD_XDICTIONARY
360
22CD
102
}
102
{ACAD_REACTORS
330
99
102
}
330
99
100
AcDbVisualStyle
  2
Hidden
 70
     6
177
     2
291
     0
 71
     1
176
     1
 72
     2
176
     1
 73
     2
176
     1
 90
        0
176
     1
 40
0.6
176
     1
 41
30.0
176
     1
 63
     7
421
 16777215
176
     1
 74
     2
176
     1
 91
        2
176
     1
 64
     7
176
     1
 65
   257
176
     1
 75
     2
176
     1
175
     1
176
     1
 42
40.0
176
     1
 92
        0
176
     1
 66
   257
176
     1
 43
1.0
176
     1
 76
     1
176
     1
 77
     6
176
     1
 78
     2
176
     1
 67
     7
176
     1
 79
     3
176
     1
170
     0
176
     1
171
     0
176
     1
290
     0
176
     1
 93
        1
176
     1
 44
0.0
176
     1
173
     0
176
     1
1001
ACAD
1000
AcDbSavedByObjectVersion
1070
     0
  0
VISUALSTYLE
  5
173
102
{ACAD_XDICTIONARY
360
22DF
102
}
102
{ACAD_REACTORS
330
99
102
}
330
99
100
AcDbVisualStyle
  2
JitterOff
 70
    20
177
     2
291
     1
 71
     2
176
     0
 72
     2
176
     0
 73
     0
176
     0
 90
        0
176
     0
 40
0.6
176
     0
 41
30.0
176
     0
 63
     7
421
 16777215
176
     0
 74
     1
176
     0
 91
        4
176
     0
 64
     7
176
     0
 65
   257
176
     0
 75
     1
176
     0
175
     1
176
     0
 42
1.0
176
     0
 92
       10
176
     2
 66
     7
176
     0
 43
1.0
176
     0
 76
     1
176
     0
 77
     6
176
     0
 78
     2
176
     0
 67
     7
176
     0
 79
     5
176
     0
170
     0
176
     0
171
     0
176
     0
290
     0
176
     0
 93
        1
176
     0
 44
0.0
176
     0
173
     0
176
     0
1001
ACAD
1000
AcDbSavedByObjectVersion
1070
     0
  0
VISUALSTYLE
  5
A7
102
{ACAD_XDICTIONARY
360
22D9
102
}
102
{ACAD_REACTORS
330
99
102
}
330
99
100
AcDbVisualStyle
  2
Linepattern
 70
    14
177
     2
291
     1
 71
     2
176
     1
 72
     2
176
     1
 73
     1
176
     1
 90
        0
176
     1
 40
0.6
176
     1
 41
30.0
176
     1
 63
     7
421
 16777215
176
     1
 74
     1
176
     1
 91
        4
176
     1
 64
     7
176
     1
 65
   257
176
     1
 75
     7
176
     1
175
     7
176
     1
 42
1.0
176
     1
 92
        8
176
     1
 66
     7
176
     1
 43
1.0
176
     1
 76
     1
176
     1
 77
     6
176
     1
 78
     2
176
     1
 67
     7
176
     1
 79
     5
176
     1
170
     0
176
     1
171
     0
176
     1
290
     0
176
     1
 93
        1
176
     1
 44
0.0
176
     1
173
     0
176
     1
1001
ACAD
1000
AcDbSavedByObjectVersion
1070
     0
  0
VISUALSTYLE
  5
174
102
{ACAD_XDICTIONARY
360
22E1
102
}
102
{ACAD_REACTORS
330
99
102
}
330
99
100
AcDbVisualStyle
  2
OverhangOff
 70
    21
177
     2
291
     1
 71
     2
176
     0
 72
     2
176
     0
 73
     0
176
     0
 90
        0
176
     0
 40
0.6
176
     0
 41
30.0
176
     0
 63
     7
421
 16777215
176
     0
 74
     1
176
     0
 91
        4
176
     0
 64
     7
176
     0
 65
   257
176
     0
 75
     1
176
     0
175
     1
176
     0
 42
1.0
176
     0
 92
        9
176
     2
 66
     7
176
     0
 43
1.0
176
     0
 76
     1
176
     0
 77
     6
176
     0
 78
     2
176
     0
 67
     7
176
     0
 79
     5
176
     0
170
     0
176
     0
171
     0
176
     0
290
     0
176
     0
 93
        1
176
     0
 44
0.0
176
     0
173
     0
176
     0
1001
ACAD
1000
AcDbSavedByObjectVersion
1070
     0
  0
VISUALSTYLE
  5
A3
102
{ACAD_XDICTIONARY
360
22D1
102
}
102
{ACAD_REACTORS
330
99
102
}
330
99
100
AcDbVisualStyle
  2
Realistic
 70
     8
177
     2
291
     0
 71
     2
176
     1
 72
     3
176
     1
 73
     0
176
     1
 90
        2
176
     1
 40
0.6
176
     1
 41
30.0
176
     1
 63
     7
421
 16777215
176
     1
 74
     0
176
     1
 91
        0
176
     1
 64
     7
176
     1
 65
   257
176
     1
 75
     1
176
     1
175
     1
176
     1
 42
1.0
176
     1
 92
        8
176
     1
 66
   257
176
     1
 43
1.0
176
     1
 76
     1
176
     1
 77
     6
176
     1
 78
     2
176
     1
 67
     7
176
     1
 79
     3
176
     1
170
     0
176
     1
171
     0
176
     1
290
     0
176
     1
 93
       13
176
     1
 44
0.0
176
     1
173
     0
176
     1
1001
ACAD
1000
AcDbSavedByObjectVersion
1070
     0
  0
VISUALSTYLE
  5
182
102
{ACAD_XDICTIONARY
360
22ED
102
}
102
{ACAD_REACTORS
330
99
102
}
330
99
100
AcDbVisualStyle
  2
Shaded
 70
    27
177
     2
291
     0
 71
     2
176
     1
 72
     2
176
     1
 73
     1
176
     1
 90
        2
176
     1
 40
0.6
176
     1
 41
30.0
176
     1
 63
     7
421
 16777215
176
     1
 74
     0
176
     1
 91
        4
176
     1
 64
     7
176
     1
 65
   257
176
     1
 75
     1
176
     1
175
     1
176
     1
 42
1.0
176
     1
 92
        8
176
     1
 66
   257
176
     1
 43
1.0
176
     1
 76
     1
176
     1
 77
     6
176
     1
 78
     2
176
     1
 67
     8
425
  7895160
176
     1
 79
     3
176
     1
170
     0
176
     1
171
     0
176
     1
290
     0
176
     1
 93
        5
176
     1
 44
0.0
176
     1
173
     0
176
     1
1001
ACAD
1000
AcDbSavedByObjectVersion
1070
     0
  0
VISUALSTYLE
  5
181
102
{ACAD_XDICTIONARY
360
22EB
102
}
102
{ACAD_REACTORS
330
99
102
}
330
99
100
AcDbVisualStyle
  2
Shaded with edges
 70
    26
177
     2
291
     0
 71
     2
176
     1
 72
     2
176
     1
 73
     1
176
     1
 90
        2
176
     1
 40
0.6
176
     1
 41
30.0
176
     1
 63
     7
421
 16777215
176
     1
 74
     1
176
     1
 91
        2
176
     1
 64
     7
176
     1
 65
   257
176
     1
 75
     2
176
     1
175
     1
176
     1
 42
1.0
176
     1
 92
        8
176
     1
 66
   257
176
     1
 43
1.0
176
     1
 76
     1
176
     1
 77
     6
176
     1
 78
     2
176
     1
 67
     7
176
     1
 79
     3
176
     1
170
     0
176
     1
171
     0
176
     1
290
     0
176
     1
 93
        5
176
     1
 44
0.0
176
     1
173
     0
176
     1
1001
ACAD
1000
AcDbSavedByObjectVersion
1070
     0
  0
VISUALSTYLE
  5
17E
102
{ACAD_XDICTIONARY
360
22E5
102
}
102
{ACAD_REACTORS
330
99
102
}
330
99
100
AcDbVisualStyle
  2
Shades of Gray
 70
    23
177
     2
291
     0
 71
     2
176
     1
 72
     2
176
     1
 73
     3
176
     1
 90
        0
176
     1
 40
0.6
176
     1
 41
30.0
176
     1
 63
     7
421
 16777215
176
     1
 74
     2
176
     1
 91
        2
176
     1
 64
     7
176
     1
 65
     7
176
     1
 75
     1
176
     1
175
     1
176
     1
 42
40.0
176
     1
 92
        8
176
     1
 66
     7
176
     1
 43
1.0
176
     1
 76
     1
176
     1
 77
     6
176
     1
 78
     2
176
     1
 67
     7
176
     1
 79
     3
176
     1
170
     0
176
     1
171
     0
176
     1
290
     0
176
     1
 93
        1
176
     1
 44
0.0
176
     1
173
     0
176
     1
1001
ACAD
1000
AcDbSavedByObjectVersion
1070
     0
  0
VISUALSTYLE
  5
17F
102
{ACAD_XDICTIONARY
360
22E7
102
}
102
{ACAD_REACTORS
330
99
102
}
330
99
100
AcDbVisualStyle
  2
Sketchy
 70
    24
177
     2
291
     0
 71
     1
176
     1
 72
     2
176
     1
 73
     2
176
     1
 90
        0
176
     1
 40
0.6
176
     1
 41
30.0
176
     1
 63
     7
421
 16777215
176
     1
 74
     2
176
     1
 91
        2
176
     1
 64
     7
176
     1
 65
     7
176
     1
 75
     1
176
     1
175
     1
176
     1
 42
40.0
176
     1
 92
       11
176
     1
 66
     7
176
     1
 43
1.0
176
     1
 76
     1
176
     1
 77
     6
176
     1
 78
     2
176
     1
 67
     7
176
     1
 79
     6
176
     1
170
     0
176
     1
171
     0
176
     1
290
     0
176
     1
 93
        1
176
     1
 44
0.0
176
     1
173
     0
176
     1
1001
ACAD
1000
AcDbSavedByObjectVersion
1070
     0
  0
VISUALSTYLE
  5
A6
102
{ACAD_XDICTIONARY
360
22D7
102
}
102
{ACAD_REACTORS
330
99
102
}
330
99
100
AcDbVisualStyle
  2
Thicken
 70
    13
177
     2
291
     1
 71
     2
176
     1
 72
     2
176
     1
 73
     1
176
     1
 90
        0
176
     1
 40
0.6
176
     1
 41
30.0
176
     1
 63
     7
421
 16777215
176
     1
 74
     1
176
     1
 91
        4
176
     1
 64
     7
176
     1
 65
   257
176
     1
 75
     1
176
     1
175
     1
176
     1
 42
1.0
176
     1
 92
       12
176
     1
 66
     7
176
     1
 43
1.0
176
     1
 76
     1
176
     1
 77
     6
176
     1
 78
     2
176
     1
 67
     7
176
     1
 79
     5
176
     1
170
     0
176
     1
171
     0
176
     1
290
     0
176
     1
 93
        1
176
     1
 44
0.0
176
     1
173
     0
176
     1
1001
ACAD
1000
AcDbSavedByObjectVersion
1070
     0
  0
VISUALSTYLE
  5
A0
102
{ACAD_XDICTIONARY
360
22CB
102
}
102
{ACAD_REACTORS
330
99
102
}
330
99
100
AcDbVisualStyle
  2
Wireframe
 70
     5
177
     2
291
     0
 71
     0
176
     1
 72
     2
176
     1
 73
     0
176
     1
 90
        0
176
     1
 40
0.6
176
     1
 41
30.0
176
     1
 63
     7
421
 16777215
176
     1
 74
     1
176
     1
 91
        4
176
     1
 64
     7
176
     1
 65
   257
176
     1
 75
     1
176
     1
175
     1
176
     1
 42
1.0
176
     1
 92
        0
176
     1
 66
   257
176
     1
 43
1.0
176
     1
 76
     1
176
     1
 77
     6
176
     1
 78
     2
176
     1
 67
     7
176
     1
 79
     3
176
     1
170
     0
176
     1
171
     0
176
     1
290
     0
176
     1
 93
        1
176
     1
 44
0.0
176
     1
173
     0
176
     1
1001
ACAD
1000
AcDbSavedByObjectVersion
1070
     0
  0
VISUALSTYLE
  5
180
102
{ACAD_XDICTIONARY
360
22E9
102
}
102
{ACAD_REACTORS
330
99
102
}
330
99
100
AcDbVisualStyle
  2
X-Ray
 70
    25
177
     2
291
     0
 71
     2
176
     1
 72
     2
176
     1
 73
     1
176
     1
 90
        1
176
     1
 40
0.5
176
     1
 41
30.0
176
     1
 63
     7
421
 16777215
176
     1
 74
     1
176
     1
 91
        0
176
     1
 64
     7
176
     1
 65
   257
176
     1
 75
     1
176
     1
175
     1
176
     1
 42
1.0
176
     1
 92
        8
176
     1
 66
     7
176
     1
 43
1.0
176
     1
 76
     1
176
     1
 77
     6
176
     1
 78
     2
176
     1
 67
     7
176
     1
 79
     3
176
     1
170
     0
176
     1
171
     0
176
     1
290
     0
176
     1
 93
       13
176
     1
 44
0.0
176
     1
173
     0
176
     1
1001
ACAD
1000
AcDbSavedByObjectVersion
1070
     0
  0
DICTIONARYVAR
  5
F0
102
{ACAD_REACTORS
330
66
102
}
330
66
100
DictionaryVariables
280
     0
  1
1:1
  0
DICTIONARYVAR
  5
EF
102
{ACAD_REACTORS
330
66
102
}
330
66
100
DictionaryVariables
280
     0
  1
STANDARD
  0
DICTIONARYVAR
  5
89
102
{ACAD_REACTORS
330
66
102
}
330
66
100
DictionaryVariables
280
     0
  1
STANDARD
  0
DICTIONARYVAR
  5
1B7
102
{ACAD_REACTORS
330
66
102
}
330
66
100
DictionaryVariables
280
     0
  1
Imperial24
  0
DICTIONARYVAR
  5
1B8
102
{ACAD_REACTORS
330
66
102
}
330
66
100
DictionaryVariables
280
     0
  1
Imperial24
  0
DICTIONARYVAR
  5
67
102
{ACAD_REACTORS
330
66
102
}
330
66
100
DictionaryVariables
280
     0
  1
2
  0
DICTIONARYVAR
  5
6B
102
{ACAD_REACTORS
330
66
102
}
330
66
100
DictionaryVariables
280
     0
  1
1
  0
DICTIONARYVAR
  5
14D
102
{ACAD_REACTORS
330
66
102
}
330
66
100
DictionaryVariables
280
     0
  1
0
  0
DICTIONARYVAR
  5
14E
102
{ACAD_REACTORS
330
66
102
}
330
66
100
DictionaryVariables
280
     0
  1
0
  0
DICTIONARY
  5
22BE
102
{ACAD_REACTORS
330
22BC
102
}
330
22BC
100
AcDbDictionary
281
     1
  0
DICTIONARY
  5
22BD
102
{ACAD_REACTORS
330
22BC
102
}
330
22BC
100
AcDbDictionary
281
     1
  3
2528212553056
350
22B6
  3
2528212553072
350
22B7
  3
2528212553088
350
22B8
  3
2528212553104
350
22B9
  3
2528212553120
350
22BA
  3
2528212553136
350
22BB
  0
DICTIONARY
  5
22F1
330
1AC
100
AcDbDictionary
280
     1
281
     1
  3
ACAD_XREC_ROUNDTRIP
360
22F2
  0
DICTIONARY
  5
194
330
22
100
AcDbDictionary
280
     1
281
     1
  0
DICTIONARY
  5
188
330
97
100
AcDbDictionary
280
     1
281
     1
  3
FBXASSET
360
189
  0
DICTIONARY
  5
186
330
96
100
AcDbDictionary
280
     1
281
     1
  3
FBXASSET
360
187
  0
DICTIONARY
  5
110
330
98
100
AcDbDictionary
280
     1
281
     1
  3
BUMPTILE
360
112
  3
DIFFUSETILE
360
111
  3
FBXASSET
360
18A
  3
OPACITYTILE
360
113
  3
REFLECTIONTILE
360
114
  0
XRECORD
  5
22F5
102
{ACAD_REACTORS
330
22F4
102
}
330
22F4
100
AcDbXrecord
280
     1
 70
     2
 71
     3
 72
     0
  0
DICTIONARY
  5
22EF
330
1AA
100
AcDbDictionary
280
     1
281
     1
  3
ACAD_XREC_ROUNDTRIP
360
22F0
  0
DICTIONARY
  5
104
330
87
100
AcDbDictionary
280
     1
281
     1
  3
ACAD_ROUNDTRIP_2008_TABLESTYLE_CELLSTYLEMAP
360
22B4
  0
DICTIONARY
  5
22C9
330
9F
100
AcDbDictionary
280
     1
281
     1
  3
ACAD_XREC_ROUNDTRIP
360
22CA
  0
DICTIONARY
  5
22C7
330
9E
100
AcDbDictionary
280
     1
281
     1
  3
ACAD_XREC_ROUNDTRIP
360
22C8
  0
DICTIONARY
  5
22D5
330
A5
100
AcDbDictionary
280
     1
281
     1
  3
ACAD_XREC_ROUNDTRIP
360
22D6
  0
DICTIONARY
  5
22DD
330
A9
100
AcDbDictionary
280
     1
281
     1
  3
ACAD_XREC_ROUNDTRIP
360
22DE
  0
DICTIONARY
  5
22CF
330
A2
100
AcDbDictionary
280
     1
281
     1
  3
ACAD_XREC_ROUNDTRIP
360
22D0
  0
DICTIONARY
  5
22D3
330
A4
100
AcDbDictionary
280
     1
281
     1
  3
ACAD_XREC_ROUNDTRIP
360
22D4
  0
DICTIONARY
  5
22E3
330
175
100
AcDbDictionary
280
     1
281
     1
  3
ACAD_XREC_ROUNDTRIP
360
22E4
  0
DICTIONARY
  5
22DB
330
A8
100
AcDbDictionary
280
     1
281
     1
  3
ACAD_XREC_ROUNDTRIP
360
22DC
  0
DICTIONARY
  5
22BF
330
9A
100
AcDbDictionary
280
     1
281
     1
  3
ACAD_XREC_ROUNDTRIP
360
22C0
  0
DICTIONARY
  5
22C1
330
9B
100
AcDbDictionary
280
     1
281
     1
  3
ACAD_XREC_ROUNDTRIP
360
22C2
  0
DICTIONARY
  5
22C3
330
9C
100
AcDbDictionary
280
     1
281
     1
  3
ACAD_XREC_ROUNDTRIP
360
22C4
  0
DICTIONARY
  5
22C5
330
9D
100
AcDbDictionary
280
     1
281
     1
  3
ACAD_XREC_ROUNDTRIP
360
22C6
  0
DICTIONARY
  5
22CD
330
A1
100
AcDbDictionary
280
     1
281
     1
  3
ACAD_XREC_ROUNDTRIP
360
22CE
  0
DICTIONARY
  5
22DF
330
173
100
AcDbDictionary
280
     1
281
     1
  3
ACAD_XREC_ROUNDTRIP
360
22E0
  0
DICTIONARY
  5
22D9
330
A7
100
AcDbDictionary
280
     1
281
     1
  3
ACAD_XREC_ROUNDTRIP
360
22DA
  0
DICTIONARY
  5
22E1
330
174
100
AcDbDictionary
280
     1
281
     1
  3
ACAD_XREC_ROUNDTRIP
360
22E2
  0
DICTIONARY
  5
22D1
330
A3
100
AcDbDictionary
280
     1
281
     1
  3
ACAD_XREC_ROUNDTRIP
360
22D2
  0
DICTIONARY
  5
22ED
330
182
100
AcDbDictionary
280
     1
281
     1
  3
ACAD_XREC_ROUNDTRIP
360
22EE
  0
DICTIONARY
  5
22EB
330
181
100
AcDbDictionary
280
     1
281
     1
  3
ACAD_XREC_ROUNDTRIP
360
22EC
  0
DICTIONARY
  5
22E5
330
17E
100
AcDbDictionary
280
     1
281
     1
  3
ACAD_XREC_ROUNDTRIP
360
22E6
  0
DICTIONARY
  5
22E7
330
17F
100
AcDbDictionary
280
     1
281
     1
  3
ACAD_XREC_ROUNDTRIP
360
22E8
  0
DICTIONARY
  5
22D7
330
A6
100
AcDbDictionary
280
     1
281
     1
  3
ACAD_XREC_ROUNDTRIP
360
22D8
  0
DICTIONARY
  5
22CB
330
A0
100
AcDbDictionary
280
     1
281
     1
  3
ACAD_XREC_ROUNDTRIP
360
22CC
  0
DICTIONARY
  5
22E9
330
180
100
AcDbDictionary
280
     1
281
     1
  3
ACAD_XREC_ROUNDTRIP
360
22EA
  0
XRECORD
  5
22B6
102
{ACAD_REACTORS
330
22BD
102
}
330
22BD
100
AcDbXrecord
280
     1
  1
AcDb_Thumbnail_Schema
102
{ATTRRECORD
341
22B7
  2
AcDbDs::TreatedAsObjectData
280
     1
291
     1
102
ATTRRECORD}
102
{ATTRRECORD
341
22B8
  2
AcDbDs::Legacy
280
     1
291
     1
102
ATTRRECORD}
  2
AcDbDs::ID
280
    10
 91
        8
102
{ATTRRECORD
341
22B9
  2
AcDs:Indexable
280
     1
291
     1
102
ATTRRECORD}
102
{ATTRRECORD
341
22BA
  2
AcDbDs::HandleAttribute
280
     7
282
     1
102
ATTRRECORD}
  2
Thumbnail_Data
280
    15
 91
        0
  0
XRECORD
  5
22B7
102
{ACAD_REACTORS
330
22BD
102
}
330
22BD
100
AcDbXrecord
280
     1
  1
AcDbDs::TreatedAsObjectDataSchema
  2
AcDbDs::TreatedAsObjectData
280
     1
 91
        0
  0
XRECORD
  5
22B8
102
{ACAD_REACTORS
330
22BD
102
}
330
22BD
100
AcDbXrecord
280
     1
  1
AcDbDs::LegacySchema
  2
AcDbDs::Legacy
280
     1
 91
        0
  0
XRECORD
  5
22B9
102
{ACAD_REACTORS
330
22BD
102
}
330
22BD
100
AcDbXrecord
280
     1
  1
AcDbDs::IndexedPropertySchema
  2
AcDs:Indexable
280
     1
 91
        0
  0
XRECORD
  5
22BA
102
{ACAD_REACTORS
330
22BD
102
}
330
22BD
100
AcDbXrecord
280
     1
  1
AcDbDs::HandleAttributeSchema
  2
AcDbDs::HandleAttribute
280
     7
 91
        1
284
     1
  0
XRECORD
  5
22BB
102
{ACAD_REACTORS
330
22BD
102
}
330
22BD
100
AcDbXrecord
280
     1
  1
AcDb3DSolid_ASM_Data
102
{ATTRRECORD
341
22B7
  2
AcDbDs::TreatedAsObjectData
280
     1
291
     1
102
ATTRRECORD}
102
{ATTRRECORD
341
22B8
  2
AcDbDs::Legacy
280
     1
291
     1
102
ATTRRECORD}
  2
AcDbDs::ID
280
    10
 91
        8
102
{ATTRRECORD
341
22B9
  2
AcDs:Indexable
280
     1
291
     1
102
ATTRRECORD}
102
{ATTRRECORD
341
22BA
  2
AcDbDs::HandleAttribute
280
     7
282
     1
102
ATTRRECORD}
  2
ASM_Data
280
    15
 91
        0
  0
XRECORD
  5
22F2
102
{ACAD_REACTORS
330
22F1
102
}
330
22F1
100
AcDbXrecord
280
     1
102
DISPLAYNAME
  1
Imperial24
102
FLAGS
 90
        0
  0
XRECORD
  5
189
102
{ACAD_REACTORS
330
188
102
}
330
188
100
AcDbXrecord
280
     1
 70
     1
 90
429727718
  1
508B35C9-AEE7-456F-BE74-D52651303AC6
310
504B03040A0000080000B670623B3DEE336E79000000790000001B0000006175746F6465736B2D64657369676E2D7061636B6167652E786D6C3C3F786D6C2076657273696F6E3D22312E302220656E636F64696E673D227574662D3822203F3E3C666F726D6174733E3C666F726D61743E687474703A2F2F736368656D612E
310
6175746F6465736B2E636F6D2F64657369676E2D7061636B6167652F323030393C2F666F726D61743E3C2F666F726D6174733E504B0304140006080800B670623BD486FD9CA0000000F4000000130000005B436F6E74656E745F54797065735D2E786D6C7D8EC10E82300C865F65E91D8A1E8C310C0EEA1BF002731658846E
310
D98AC1B77784ABF1D8FE5FBFBF75BBCE937A534CCEB38643598122B6FEE978D0B0485F9C41B54DDD7D022595594E1A469170414C76A4D9A4D207E29CF43ECE46F218070CC6BECC4078ACAA135ACF422C856C0E68EA1BF5669944DDD7BCDE7B1F8E415D77AECB980613C2E4AC91FC167A2B244592486606FC29C8FD7F045B9A
310
EF7053A7E60B504B0304140006080800B670623B28ED286BEB0000007C01000008000000636F72652E786D6C8D90416EC3201045AF82665B6183218D6D61A254764FD00B204C5C94182C03558F5F9C3852BBEB6A467FFE9B197D71FA9E6FE8CBACC17AD7012D0820E3B41FAD9B3A48F1826B40272956EFE32F1B20A766D3C1
310
268314D3EAD3B24BDABB685CCCAAF3A3D94515828980F42D371D04FD696655A814B3235C8B45E9AB9A4C419F5D8653B2237A1CB163DE672FD6AC209BF3C08E0D1B30EB19C3FC9D72FCC6EB231EFA33EDE96BDD341517E5064B11EDFCBCAF57A3A2194156843498524CAA0FCA5B7268F9E185D42D21A2DCEC7FA0B48CFF8492
310
759155FBBB0F2C80A4F991FB408A72CB22977B50B96EB9C91F504B0304140006080800B670623B55019EA25F0000007C00000007000000636E782E786D6C4DCB3B0E80201045D1AD90E915ED2CF8AC45050C11660C8261F98AB1B07AC9C97D42D718D865D3E909258CFD00CCE24AC6E326A164D74DC0B4128928FF32603847
310
2BA13128B1252AC747C6BAB984FC68F0B87FE8960A5C09FE86CFB69FBA01504B0304140006080800B670623B7BC41AC871010000D40300000C0000006662782F636F72652E786D6CC553ED6E8320147D15C2DF4501B56B6D90A64BBB27D80B50A5CE54C120983EFEAE1F4DD7A56BBA5FF3879273EEE59E7310BE393735EA95
310
ED2AA333CC428A91D2B9292A5D66D8BB63B0C26823B835C67D2BC348CB46657880B1E0A535BE9DA1DC68A7B403549B42CDA0EC3AE530CA6B5864B8CB3F552343E91D5474A7B095F949962A6421D0502778E72C0840D390E18DC5F170E664C205F7BE2A66B62A605A75AC94C522DDEEE3651AEF837817C741F2CE92E02D592D
310
83FD6ECB76EC7595A651C2C9D02CB8AB9A8BBADC2AE954814544691A3016D0E883256BBA58278B17BA5A53CAC9507ED3E4DBE2C9265F691747B3DCA9ADC382819091F8E1162272A8933DE82182932144F88C09DF060D8140C84E1EEA8B8F1340BDCA9DB1093085F157AA97B557309586747CD0EF0B4EA64E983A6E0EAEEFCE
310
889E9EF17847386AA94B30211D2C0FDE0D3AF9A4610EAD5536E8DD1969631B593F67E381C33F5157F17725E5A636F6BF1491F980C8FC7B90E13E8A2F504B0304140006080800B670623B70102A487D0000009D0000000B0000006662782F636E782E786D6C4DCCD10A83201886E15B91FFDC95A5C30335ACCDFB886521330D
310
A76397BF1A1DECE883878F57749FD5A3B74D2F17830472A901D9F088930B8B849267CC01754AA418F3DF0D5018572BE160506249B16C274D761E8BCFBB7A179E27F65CB39A0F14D396184C9921B81F34C3ACA1B4B99ABB6E6F062A25AA5F69DF23ACBE504B0304140006080800B670623B3610CA3329010000120200003100
310
00006662782F42384135303843342D343331462D343546312D424341352D3532343432364645413344462F636F72652E786D6C8D515B6EC32010BC0AE22B55850D0E446E848992B43E412FE000495162B07854397EA176A4F62F3F2C9A9D991D58BEBB8F37F0AD7D30CE76905418026DA553C65E3A98E219B510EC04F7CEC5
310
3F3408EC30EA0E16180A7EF12E4D0B249D8DDAC68C5AA7F4020E21E80881BCE54B0783FCD2E3500D296646B856D320AFC34557A4CAEDCC133C449F0380794839A138B47B86DB2345744D7A44594FD0E1B867883594369BFE63BF7EEF793D0B054FC9A8456E548E63CE46FB674D8A58F068C6477CE9F510B582A2C1F80D1182
310
70F349E816B32D65AFB8DD62CCEB42FF274A937A52948C8DEB66893BCB021484D7734370E5D2E9F608A3EF93F3119479ABA0E50B14B8C298119A43CCC4FCFCECB8A18B6388CEE7EF5D5D4F994BD86CBBA182D76543B9FCAE2FD7B24DF103504B0304140006080800B670623B1B8617914E0100003303000030000000666278
310
2F42384135303843342D343331462D343546312D424341352D3532343432364645413344462F636E782E786D6CD593C16EC32010447F0571AD6CE3D489D20813A9877E410FBD62D82434182CC055F3F75D1292E692438FBD206B7698593D61BEFD1E2DF982108D773D6D6B460938E5B571FB9ECE6957AD29D90A1EBC4F7736
310
4A9C1CA1A759A682EF839FA72269D8C9D92654AD71C72206887E0E0A22CAF926B15E498B01E0AA19451807D01A34B919F16B070157417138917400F2F6FA41FCF0092A45DEE414C19BDC21783E4BD39D891265658C3D8DEA00A3ACE59CBC8678ACB54CB26EEB6BD7839D7E9348BE70AD9C8321B9BCA7F9A4A26C542347DEE0
310
50F09802D22BA6749A800A394DD62899107273365E3C82CFC6A55557BC06C10774B7ABE7AEC3B0F34CF06446280E154026D0542C187BA9DAB6628BF7B6DBB0E5A65B3EB1F58631DE64BBE083F7B65CC218087E22CABB042E51D1F2268F1FE12B3EA24D40D63E9CFE00120194D60B9D5BC67FE6D39CDF37E20AF817881F504B
310
0304140006080800B670623BBFEF2E3B690500003C100000340000006662782F42384135303843342D343331462D343546312D424341352D3532343432364645413344462F6F626A656374732E786D6CAD575D739B3814FD2B0CFB0C98D84E931D4227B6938EA793B6534F3BFB90198F0099B001899144EAECAFDF231018B0
310
D37A3FFC609090EEE7B94757C1FB7D915B2F54C88CB31BDB7727B64559CC938CA53776A576CE956DBD0F03C1B9EA2DB32D460A7A63EB693B0C52C1ABD24C257447AA5C8D66EF177F5832A68CDA569C13296F6C193FD182B8A4523CA1F2D94D88226EBADBBBBEDB2C1C8A4D05299F46424B222853B014F30C52ACC6287F389C
310
D85E1878FA7B18E87FB36AFAF62AAFF667A83F635211161F291B8999FAB3D5DDC5FCDA99CF6653677679E13B8BFBC5CAF1DF4D27CBCBE5F2FAF6EE1A8AA51290642C117467871F101B91C581D77CEA2C36869F3229E68CD1B8F61F1ED6361B89092D294B90C78C4A68EB793D190E7D1D9BDEE7A91E1B95FDE9F3BCEAEFE809
310
6A6D6F9F7D4B79F4275C90E7A04248AA51D5C4C738DAE06F72885AC4796EBE65D22A88A22223B995679120E2D50EB1542F098381188D4EA111AE3DB043FF20AF6F2B4AE3D7D83D65E5AECA730D4D3BAC91BD05FEA992B565D95F549CD6069B90AB2A63EACA38A45E4B6A87D781574F86817E4C2FCCC72690D62E2729520E37
310
9BAF234797BAF6D62B3BFC781FED37BA1E4F2B2F052FA9501A3E80569BB8F6A9A364D4FA67654E6F803383981F82F21591FF84F23D9882BC896C3FDBCF8C162508933B2E0AE4C69DD43F6BD2BE38DDDBF10BF86CB4FA784D37F3AF16075E67EC9030DECA1FC0A55373F5DFF3378C591FA9BDF485C10B0A8C8BA909E5262639
310
A8E72163488806A595734C81CB77D1DE0ED7604A303B76913CEC0272F412782FF88EFF4636D8AA56DF7B322474C4B767303F625997056C7B032C473C592B36CEBD15F3F9FF5233B7ABCDC74D257624A60F8658567497B14CE1EC3C80B76FD02011038F9EE9EB0F2E12387A9C844D3F09855125116D1D731DF8B43D2CF4E0A0
310
79A020C6BE946BCE0B7EA1E1219331CD73C228AF5A2DDD31A4B1DA918CE91350854D40A71723140BFA92E94E62B0626016CEFA5864A50E5977E8753CEDBEE1CBB7F52780D20E17AF0BA0F5F9B02A3AD07DCC732EB6D1EBB661421BE0C39E21BABF0FE16D22EA6929407C8DE596724C88B749B6DB5512BC7B228ADFD7CB7EA6
310
3A22397E690BA8D5D8D4E40CEC8CDA23C2C0B7D5898640101CEC9C6D331CE328CB93CAFBBAC70A642DF70DF95155945B52F08AA973C23469FD69ADEF84F7BB18F983A8F8C90E37F5D35980B2139A1C523540813E824EF83448CF7C72B598CE97D7CEEDDDDD3B6736BFBC771677EF66CE6A7E7139F7A793E9EDF2B2B3A8B624
310
0CDA13AA5F8388264EC4A0129909F3B7F5A16CEDF08128E97D680ACA4B9BE7B7B58BB638F0B00700EF36AE8B32A705658A68F83EE897FC2B41573190D1CCAF0B92D233A47CFEB019D9809933F67DD1A5467F8CF69AD9A5AE859342D45355448C64F968A371DC2D596ADC6E43D93D1B466F877A64E2893E54F23C4B40388995
310
525E5005DA3983ED45412510D3EFCA13737B3863F74BD30F2A12E5B4B5E489A025CE25500DB855B11ACE5BBFA185D35DD48D8DC3CE7DC69F2944DB42AA6F6CF09BCA622ADD08C7A36E7C6AE18000BAB08E040135C2D21C9D75B3A91B77BB746C403F38018DFE6EC939DD92F16B40BC05294B9CDA035AAD6D330AE27FE4786B
310
8E45145EA34A75BE1C263A676A35A8ACC6297337400BF16C54EF515F3F77CB77EB3583889C754FFA29081AA98E2222ADEF05DA3E63D2EDEA8B8756C05A7FB6CABC4A91CBF325398202CC952E70A008A830324BA200D5E5EF8F5F04C75DB4B0EE3340E071C98B823333B83577596BF3849B69F2085AA0FAFA212F26BEFF5877
310
FDE622B28D88A42E49E43326DA82D31E8CB006401E1DA726059ECEC168F97A6599036306A135688F9AD2E61A6EA178F4CD51974A9F2CCB9F36FE5EBD14601068D9C3BF01504B0304140006080000B670623B000000000000000000000000350000006662782F42384135303843342D343331462D343546312D424341352D35
310
32343432364645413344462F76657274696365732E62696E504B0304140006080800B670623BF270F1330600000004000000360000006662782F42384135303843342D343331462D343546312D424341352D3532343432364645413344462F747269616E676C65732E62696E636660600000504B0304140006080000B67062
310
3B000000000000000000000000370000006662782F42384135303843342D343331462D343546312D424341352D3532343432364645413344462F617474726962757465732E62696E504B0304140006080800B670623B08DA0BD19000000041010000360000006662782F42384135303843342D343331462D343546312D4243
310
41352D3532343432364645413344462F6469726563746F72792E786D6C858F410AC3201045AF22B36F53E9A60B35CBEEBAE80D244E44489C6234F4F835464A48035D0DF398FF9F8AF63D0E6CC63039F212F8F9020C7D47C6792B21C5FE7403D62A1188E2E60C98D7234A5830286103A55745067B9D86B8A3CF9C7F90C11DE6
310
07FB144396D7B6A82D282E9A152AD114D5EF2CB866EEE831B8EEA07A7BB5A8D7D61A2BAAEB7FD5F70921FF497D00504B0304140006080800B670623B3B4606F3FE000000A00100003B0000006662782F42384135303843342D343331462D343546312D424341352D3532343432364645413344462F7265736F75726365732F
310
636F72652E786D6C8D504B6E833010BD0A9A6D65B08134808CA354A427E8052C332156828DFCA97AFC9A40A576D7CDCCE87D344F8F9FBEE647F689CE6B6B7A6039850C8DB2A336530F315C4903D94970676DF82583CCC8197B5861107C72362E3BA4AC096842428D1D7107A5F71820538F74F4E0D50D6799CB1892C2DFF345
310
AABB9C306779A2934E701F5C0A906D4FD609C2A1B7D129F4BCD858C163D4E3AED163FAA9AF1A1D88F67CA98E6D35906AA82A52BFB39ABCD5CD915C86331BD86BD3B665CD8BD52C78D0F34F46E550061C419494B6843142CB0F5677F4D0D58717DA7494F26295FF31C565FCA7296A13AA728FBBD93C0896823C09C18BB5AFB4
310
9E65A6BD762BBE01504B010214000A0000080000B670623B3DEE336E79000000790000001B00000000000000000000000000000000006175746F6465736B2D64657369676E2D7061636B6167652E786D6C504B01021400140006080800B670623BD486FD9CA0000000F40000001300000000000000000000000000B2000000
310
5B436F6E74656E745F54797065735D2E786D6C504B01021400140006080800B670623B28ED286BEB0000007C010000080000000000000000000000000083010000636F72652E786D6C504B01021400140006080800B670623B55019EA25F0000007C000000070000000000000000000000000094020000636E782E786D6C50
310
4B01021400140006080800B670623B7BC41AC871010000D40300000C00000000000000000000000000180300006662782F636F72652E786D6C504B01021400140006080800B670623B70102A487D0000009D0000000B00000000000000000000000000B30400006662782F636E782E786D6C504B01021400140006080800B6
310
70623B3610CA3329010000120200003100000000000000000000000000590500006662782F42384135303843342D343331462D343546312D424341352D3532343432364645413344462F636F72652E786D6C504B01021400140006080800B670623B1B8617914E010000330300003000000000000000000000000000D10600
310
006662782F42384135303843342D343331462D343546312D424341352D3532343432364645413344462F636E782E786D6C504B01021400140006080800B670623BBFEF2E3B690500003C10000034000000000000000000000000006D0800006662782F42384135303843342D343331462D343546312D424341352D35323434
310
32364645413344462F6F626A656374732E786D6C504B01021400140006080000B670623B0000000000000000000000003500000000000000000000000000280E00006662782F42384135303843342D343331462D343546312D424341352D3532343432364645413344462F76657274696365732E62696E504B010214001400
310
06080800B670623BF270F133060000000400000036000000000000000000000000007B0E00006662782F42384135303843342D343331462D343546312D424341352D3532343432364645413344462F747269616E676C65732E62696E504B01021400140006080000B670623B00000000000000000000000037000000000000
310
00000000000000D50E00006662782F42384135303843342D343331462D343546312D424341352D3532343432364645413344462F617474726962757465732E62696E504B01021400140006080800B670623B08DA0BD1900000004101000036000000000000000000000000002A0F00006662782F42384135303843342D3433
310
31462D343546312D424341352D3532343432364645413344462F6469726563746F72792E786D6C504B01021400140006080800B670623B3B4606F3FE000000A00100003B000000000000000000000000000E1000006662782F42384135303843342D343331462D343546312D424341352D3532343432364645413344462F72
310
65736F75726365732F636F72652E786D6C504B0506000000000E000E0080040000651100000000
  0
XRECORD
  5
187
102
{ACAD_REACTORS
330
186
102
}
330
186
100
AcDbXrecord
280
     1
 70
     1
 90
429727718
  1
887D55A9-D0DD-414E-B741-A7DCD4DA2B4C
310
504B03040A0000080000B670623B3DEE336E79000000790000001B0000006175746F6465736B2D64657369676E2D7061636B6167652E786D6C3C3F786D6C2076657273696F6E3D22312E302220656E636F64696E673D227574662D3822203F3E3C666F726D6174733E3C666F726D61743E687474703A2F2F736368656D612E
310
6175746F6465736B2E636F6D2F64657369676E2D7061636B6167652F323030393C2F666F726D61743E3C2F666F726D6174733E504B0304140006080800B670623BD486FD9CA0000000F4000000130000005B436F6E74656E745F54797065735D2E786D6C7D8EC10E82300C865F65E91D8A1E8C310C0EEA1BF002731658846E
310
D98AC1B77784ABF1D8FE5FBFBF75BBCE937A534CCEB38643598122B6FEE978D0B0485F9C41B54DDD7D022595594E1A469170414C76A4D9A4D207E29CF43ECE46F218070CC6BECC4078ACAA135ACF422C856C0E68EA1BF5669944DDD7BCDE7B1F8E415D77AECB980613C2E4AC91FC167A2B244592486606FC29C8FD7F045B9A
310
EF7053A7E60B504B0304140006080800B670623BBC1638F5EC0000007C01000008000000636F72652E786D6C8D90416EC3201045AF82665B61836BE2D8C24471DB9CA01740401C94182C03558F5F9C3852BBEB6A467FFE9B197D7EF89E6EE8CB2CC17AD7032D0820E394D7D68D3DA478C67B4007C117EFE32F1B202727D3C3
310
2A83E0E3E2D3BC49CABB685CCCAAF3DA6CA20CC14440EA969B1E82BA98491632C5EC08D76296EA2A4753D06797E194AC468F2356E77DF66CCD02825543D50CACC62D39ED70FDC68EB8FD68F6F8787A6784342D1DDA1D2F5758F068A7E77DB518198D065111D2624A31A93E69DD11D6D5EC85EC3B4278B9DAFF4069D6FF8492
310
75F1B5DADE7D600104CD8FDC0782976B16B9DC83CA75CD4DFC00504B0304140006080800B670623B55019EA25F0000007C00000007000000636E782E786D6C4DCB3B0E80201045D1AD90E915ED2CF8AC45050C11660C8261F98AB1B07AC9C97D42D718D865D3E909258CFD00CCE24AC6E326A164D74DC0B4128928FF326038
310
472BA13128B1252AC747C6BAB984FC68F0B87FE8960A5C09FE86CFB69FBA01504B0304140006080800B670623B3586FFB671010000D40300000C0000006662782F636F72652E786D6CC553ED6E8320147D15C2DF4541A76D6D90A6DDD627D80B50A4CE54C120983EFEAE1F4DD7A55BBA5FF3879273EEE59E7310B6393735EA
310
95ED2AA3731C851423A5A5292A5DE6D8BB63B0C268C39935C67D29C3488B46E578803167A535BE9D2169B453DA01AA4DA16650749D7218C91A1639EEE4876A4428BC838AEE14B6429E44A9C228041AEA38EB9C0501681A32BC313F1ECE8C4C3867DE57C5CC56054CAB8E95B298A7F12E5EEED224C8E87E11242FE936C8DE96
310
AB60BB7F4D295D66D12E5B30323473E6AAE6A24E5A259C2A308F29CD82280A68FC1E256B9AAE93F489AED694323294DF34F9B678B0C957DA3DC7B3DCA9ADC33C022123F1CD2D44E450277AD04338234388F01913BE0D1A0281909D38D4171F27807A259DB1093085F157AA17B557309586747CD0CF0B46A64E983A6E0EAEEF
310
CE881F9EF1FB8E70D44297604238581EBC1B74B249C31C5AAB6CD0BB33D2C636A27ECCC62F0EFF445DC5DF95244D6DEC7F2922F30191F9F720C37DE49F504B0304140006080800B670623B4220A0FF7D0000009D0000000B0000006662782F636E782E786D6C4DCCD10A83201886E15B91FFDCE542CB0335D0EC3E6259C84A
310
C3E9D8E5AF46073BFAE0E1E315DD675BD1DBA5978F41C2FD4600B9F088930F8B849267CC01754AA418F3DF0D50183727E164506249B1EC174D6E1ECB9A0F5D7D785E68DB8151CD286E5A5363CA6B8A39E90D36D40E96B086F55A43A544F52B1D7B86D517504B0304140006080800B670623B2FA3FEDE290100001202000031
310
0000006662782F45374635344235342D363743322D343832342D383044432D4334454645303536354442422F636F72652E786D6C8D515B6EC32010BC0AE22B55850D2E386E848994D7097A0117488A1283C5A3CAF10BB523B57FF961D1ECCCECC0F2ED7DBC816FED8371B687A4C210682B9D32F6D2C314CFA883602BB8772E
310
FEA141608751F7B0C050F08B77695A20E96CD43666D43AA5177008414708E42D5F7A18E4971E876A483133C2B59A06791D2EBA22556E679EE021FA1C00CC43CA09C5717D6274C7286AD7FB06D1AEA1A8C3873DDAD3E3E98859CB0EBB1DAF67A1E02919B5C88DCA71CCD968FFAC49110B1ECDF8882FBD1EA256503418BF2342
310
106E3E08DD60B6A1EC15771B8C795DE8FF4469524F8A92B1F1AD59E2CEB20005E1F5DC105CB9F4797B84D1F7C9F908CABC55D0F2050A5C61CC1AD2F27A26E6E767C7962E8E213A9FBF7775FDCC5CC266DB960A5E970DE5F2BBBE5CCB36C50F504B0304140006080800B670623B1B8617914E01000033030000300000006662
310
782F45374635344235342D363743322D343832342D383044432D4334454645303536354442422F636E782E786D6CD593C16EC32010447F0571AD6CE3D489D20813A9877E410FBD62D82434182CC055F3F75D1292E692438FBD206B7698593D61BEFD1E2DF982108D773D6D6B460938E5B571FB9ECE6957AD29D90A1EBC4F77
310
364A9C1CA1A759A682EF839FA72269D8C9D92654AD71C72206887E0E0A22CAF926B15E498B01E0AA19451807D01A34B919F16B070157417138917400F2F6FA41FCF0092A45DEE414C19BDC21783E4BD39D891265658C3D8DEA00A3ACE59CBC8678ACB54CB26EEB6BD7839D7E9348BE70AD9C8321B9BCA7F9A4A26C542347DE
310
E050F09802D22BA6749A800A394DD62899107273365E3C82CFC6A55557BC06C10774B7ABE7AEC3B0F34CF06446280E154026D0542C187BA9DAB6628BF7B6DBB0E5A65B3EB1F58631DE64BBE083F7B65CC218087E22CABB042E51D1F2268F1FE12B3EA24D40D63E9CFE00120194D60B9D5BC67FE6D39CDF37E20AF817881F50
310
4B0304140006080800B670623B29652116630500003C100000340000006662782F45374635344235342D363743322D343832342D383044432D4334454645303536354442422F6F626A656374732E786D6CAD575D739B3814FD2B0CFB0C989834C90EA1639B24E3E9A6EDD4D3CE3E64C623834CD8006224913AFDF57B040203
310
B65BEF871F0C12D2FD3CF7E8CA7FBFCB33E3957291B2E2D674ED8969D02262715A24B76625B7D6B569BC0F7CCE98EC2D338D82E4F4D654D366E0279C55A59E8AE99654991CCDDECFFF3444440B6A1A514684B83545F44C7362934AB2988A173B2692D8C97667BB76B3702836E1A47C1E092D09A78584A5982F20C5688C7287
310
C389E904BEA3BE07BEFAD7ABA6A75739B53F43FD69212429A20365233153D70BEF2E2E6FAC4BCF9B5ADEBB0BD79ADFCF43CBBD9A4E16EF168B9BD9DD0D140BC921495BC2E9D60C1E101B9E46BED37CEA2CD6861F3329624541A3DA7F7858DBAC25C6B4A4458C3CA654405BCFEBC970E8AAD8F43E4FD558ABEC4F9FE7557F47
310
4F506B7BFBEC5BCA367FC105710E2AB8A00A554D7CB4A30DFE26FBA86D18CBF4B75418399194A72433B274C3097F33032C554B027F2046A1932B842B0FCCC0DDCBEBDB8AD2F835768F59B9ADB24C41D30C6A64AF817F2A456D59FA83F2E3DA60137255A585BCD60EC9B7929AC18DEFD49381AF1ED30BFDB109A4B1CD488294
310
C3CDE6EBC8D185AABD6568061FEE37BB95AAC7E3CA4BCE4ACAA5820FA0D526AE7DAA2869B5EE5999531BE0CC20E6FBA07C41E43FA27CF7A6206F3CDD793B4F6B919C1462CB788EDCD893FA674CDA17AB7B3B7C019F8D561FAEE966FED562DFE98C1D12C6A9FC015C2A35D7FF3D7FC398F591DA4B5FE0BFA2C0189FEA50AE22
310
92817A1ED3020951A03432862970F976B33383259812CC8E5D240BBA801CBCF8CE2BBEE3BF910DB6AAD5F79E05123AE2DB33981FB1ACCB02B69D00CB014FD68AB573A7627EF9BFD4CC2C5C7D58557C4B22FAA88925A4DBB44825CECE3D78FB060D1231F0E885BE7D673C86A3874958F593906B5502D1563157814FDAC3420D
310
F69A070A22EC4B98E23CFF171A1E5311D12C23056555ABA53B8614563B92D17D02AAB009E8F46284624E5F53D5490C560CCCC2591FF1B45421EB0EBD8EA7ED13BE7C5D7E0428CD60FEF60779EB13E6664FF711CB185F6FDED60D139A001FF60CD1FD6D086F1D51474901E26B2CB794A343BC8ED3EDB612E0DD2351FCB65CF4
310
33D511C9E14B5B40ADC6A6263DB0336A8F700DDF56271A024E70B0B3629DE21847591E55DED73D56206AB927E46FAABC5C939C55853C274C93D69FD6FA4E78BF8B11DF898C9ECD60553FAD39283BA6F18984AA23E8884F83F45C5F5F859797B31B2B9C84A1E5B9DE9D35BFF25C6B76152E422F9C5DCC3D847F5801ED09D5AF
310
41441327A25FF15487F9EB725FB666F048A4701E9A827292E6F97569A32DF61DEC01C0BB8DCBBCCC684E0B49147C1FD54BF685A0AB18C868E6973949E819523E3DAC463660E68C7D9F55A9D1EFA3BD7A76A16AE1A810F95CE59B82A4D968A376DC2E8B44BBDD86B27B368CDE0ED548C7137DA860591A83706223A12CA712B4
310
7306DBF39C0A20A6DF95C7FAF670C6EED7A61F946493D1D6926782963813403548A78AE470DEF80D2D9CEAA26E4D1C76F60BFE74219A06527D6B82DF641A51616F703CAAC6A7160E08A00BEB4810A0274592A1B36E3675E36E978A0DE80727A0D6DF2D39A75BD27E0D8837276589537B40ABB56D5A41F48F1C6FCD3188C4EB
310
A6929D2FFB89CE995A4D00AE813BDD032DC48B56BD437DFDDC2DD7AED70C2272D63DE9A72068A45A92F0A4BE17A8A06B9366E16707AD80B1FC649459952097E74BB23805982B55E0401150A165964402AA8BDF9F3E7386BB686EDCA780C0D382E5392BF460A6EFB2C6EA1937D3F809B440D5F5435C4C5CF7A9EEFAF54564BD
310
2182DA24162F98680B4E7930C21A0079709CEAEB99A372305ABE0C0D7D6078105A83F6A0296DAEE1068A47DD1C55A9F4C9B2FC69E3EFD44B81028E963DF81B504B0304140006080000B670623B000000000000000000000000350000006662782F45374635344235342D363743322D343832342D383044432D433445464530
310
3536354442422F76657274696365732E62696E504B0304140006080800B670623BF270F1330600000004000000360000006662782F45374635344235342D363743322D343832342D383044432D4334454645303536354442422F747269616E676C65732E62696E636660600000504B0304140006080000B670623B00000000
310
0000000000000000370000006662782F45374635344235342D363743322D343832342D383044432D4334454645303536354442422F617474726962757465732E62696E504B0304140006080800B670623B08DA0BD19000000041010000360000006662782F45374635344235342D363743322D343832342D383044432D4334
310
454645303536354442422F6469726563746F72792E786D6C858F410AC3201045AF22B36F53E9A60B35CBEEBAE80D244E44489C6234F4F835464A48035D0DF398FF9F8AF63D0E6CC63039F212F8F9020C7D47C6792B21C5FE7403D62A1188E2E60C98D7234A5830286103A55745067B9D86B8A3CF9C7F90C11DE607FB144396
310
D7B6A82D282E9A152AD114D5EF2CB866EEE831B8EEA07A7BB5A8D7D61A2BAAEB7FD5F70921FF497D00504B0304140006080800B670623B6378F24DFF000000A00100003B0000006662782F45374635344235342D363743322D343832342D383044432D4334454645303536354442422F7265736F75726365732F636F72652E
310
786D6C8D504B6E833010BD0A9A6D65B0094E42641C85B639412F6099496225D8C89FAAC7AF09546A77DDCC8CDE47F3F4C4F16B7C149FE88371B603565228D06A37187BED20C50BD9437194C23B177FC9A0B06AC40E6618A4B87A97A615D2CE46B431A3D60DB8822A048C50E8473E3A08FA86A32A558A5911EEE5A4F45D5DB1
310
6465A6B34E8A107D0E502C4FE609D26370C96B0CA25A58295232C3AA3143FE692E063D485EF7F5AEE71BD2D2F39634AFFC44DAF7DD9E9CCE6F9CD25DCBFA762BAAD92C4534E34F46ED51451C40D694B6843142EB0FD61C283F34FC85EE0F948A6A96FF31A569F8A729191B37F51A77B105902C0779125254735F793DCBCC7B
310
EE567E03504B010214000A0000080000B670623B3DEE336E79000000790000001B00000000000000000000000000000000006175746F6465736B2D64657369676E2D7061636B6167652E786D6C504B01021400140006080800B670623BD486FD9CA0000000F40000001300000000000000000000000000B20000005B436F6E
310
74656E745F54797065735D2E786D6C504B01021400140006080800B670623BBC1638F5EC0000007C010000080000000000000000000000000083010000636F72652E786D6C504B01021400140006080800B670623B55019EA25F0000007C000000070000000000000000000000000095020000636E782E786D6C504B010214
310
00140006080800B670623B3586FFB671010000D40300000C00000000000000000000000000190300006662782F636F72652E786D6C504B01021400140006080800B670623B4220A0FF7D0000009D0000000B00000000000000000000000000B40400006662782F636E782E786D6C504B01021400140006080800B670623B2F
310
A3FEDE290100001202000031000000000000000000000000005A0500006662782F45374635344235342D363743322D343832342D383044432D4334454645303536354442422F636F72652E786D6C504B01021400140006080800B670623B1B8617914E010000330300003000000000000000000000000000D2060000666278
310
2F45374635344235342D363743322D343832342D383044432D4334454645303536354442422F636E782E786D6C504B01021400140006080800B670623B29652116630500003C10000034000000000000000000000000006E0800006662782F45374635344235342D363743322D343832342D383044432D4334454645303536
310
354442422F6F626A656374732E786D6C504B01021400140006080000B670623B0000000000000000000000003500000000000000000000000000230E00006662782F45374635344235342D363743322D343832342D383044432D4334454645303536354442422F76657274696365732E62696E504B01021400140006080800
310
B670623BF270F13306000000040000003600000000000000000000000000760E00006662782F45374635344235342D363743322D343832342D383044432D4334454645303536354442422F747269616E676C65732E62696E504B01021400140006080000B670623B0000000000000000000000003700000000000000000000
310
000000D00E00006662782F45374635344235342D363743322D343832342D383044432D4334454645303536354442422F617474726962757465732E62696E504B01021400140006080800B670623B08DA0BD190000000410100003600000000000000000000000000250F00006662782F45374635344235342D363743322D34
310
3832342D383044432D4334454645303536354442422F6469726563746F72792E786D6C504B01021400140006080800B670623B6378F24DFF000000A00100003B00000000000000000000000000091000006662782F45374635344235342D363743322D343832342D383044432D4334454645303536354442422F7265736F75
310
726365732F636F72652E786D6C504B0506000000000E000E0080040000611100000000
  0
XRECORD
  5
112
102
{ACAD_REACTORS
330
110
102
}
330
110
100
AcDbXrecord
280
     1
270
     1
271
     1
  0
XRECORD
  5
111
102
{ACAD_REACTORS
330
110
102
}
330
110
100
AcDbXrecord
280
     1
270
     1
271
     1
  0
XRECORD
  5
18A
102
{ACAD_REACTORS
330
110
102
}
330
110
100
AcDbXrecord
280
     1
 70
     0
 90
1778669749
  1
9BF507EE-FAF7-4A99-A33D-4EE51894BC40
310
504B03040A0000080000B670623B3DEE336E79000000790000001B0000006175746F6465736B2D64657369676E2D7061636B6167652E786D6C3C3F786D6C2076657273696F6E3D22312E302220656E636F64696E673D227574662D3822203F3E3C666F726D6174733E3C666F726D61743E687474703A2F2F736368656D612E
310
6175746F6465736B2E636F6D2F64657369676E2D7061636B6167652F323030393C2F666F726D61743E3C2F666F726D6174733E504B0304140006080800B670623BD486FD9CA0000000F4000000130000005B436F6E74656E745F54797065735D2E786D6C7D8EC10E82300C865F65E91D8A1E8C310C0EEA1BF002731658846E
310
D98AC1B77784ABF1D8FE5FBFBF75BBCE937A534CCEB38643598122B6FEE978D0B0485F9C41B54DDD7D022595594E1A469170414C76A4D9A4D207E29CF43ECE46F218070CC6BECC4078ACAA135ACF422C856C0E68EA1BF5669944DDD7BCDE7B1F8E415D77AECB980613C2E4AC91FC167A2B244592486606FC29C8FD7F045B9A
310
EF7053A7E60B504B0304140006080800B670623BCA089DFFEC0000007C01000008000000636F72652E786D6C8D90416E83301045AF62CDB632D8402020E32882F604BD80653BC44AB011B6AB1EBF262152BBEB6A467FFE9B197D76FA9EEFE84BAFDE38DB03CD08206DA553C64E3DC470C1474027CE56E7C22F1B202B66DDC3
310
260367D3EAE2B24BD2D9A06D48AA754AEFA2F05E0740F29E9A1EBCBCEA59642286E4F0B76C11F226269DD15797E0188D42CF2346A57DE662F40ABCAEC77628C6120F654571D50C04B7F5B9C1E3997CD4F550BE3745C3F20DE62C98F9755FAE5A04AD801784B498524C8A4F5A75E4D055873772EC0861F966FF03C545FD138A
310
C686B2D8DF7D621E384D8F3C069CE55B16A93C824A75CB8DFF00504B0304140006080800B670623B55019EA25F0000007C00000007000000636E782E786D6C4DCB3B0E80201045D1AD90E915ED2CF8AC45050C11660C8261F98AB1B07AC9C97D42D718D865D3E909258CFD00CCE24AC6E326A164D74DC0B4128928FF326038
310
472BA13128B1252AC747C6BAB984FC68F0B87FE8960A5C09FE86CFB69FBA01504B0304140006080800B670623B68FC0B7272010000D40300000C0000006662782F636F72652E786D6CC5535B6E833010BC8AE5DF0A6C1E8124328E22D29EA01770C0A128602363A31CBFCB234A53A555FA553EC09AD9F5CE8C31DB5DDA060D
310
D2F4B556190E7C8A9154852E6B5565D8D993B7C668C799D1DA7E29C3488956667884316795D1AE5BA0422B2B950554E9522EA0E87B69312A1A5864B82F3E642B7CE12C54F467BF13C55954D20F7CA0A18EB3DE1A1080E621E31BF3D3F1C2C88C73E65C5D2E6C5DC2B4FA544B8379921C36797888BC3C8A032F4E73EA6D927D
310
EA1DF6F42D49F2E8350D5346C666CE6CDD5ED515460A2B4BCC434A375E1078347C0FE22D5D6DE3D50B5D6F2965642CBF6B725DF96493AB958DC245EEDCD6631E809089F8E61622B2A81703E8219C913144F84C09DF070D8140C8561C9BAB8F3340832CAC363130A576376A108D933095FA747AD0CF0B46E64E983A6D0EAE1F
310
CE089F9EF1FB8E70D44255604258581E9D1D75B259C3125A278D37D80B52DAB4A279CEC62F0EFF44DDC43F9454E8469BFF5244960322CBEF41C6FBC83F01504B0304140006080800B670623B0F71DDB67E0000009D0000000B0000006662782F636E782E786D6C4DCCD10A83201886E15B91FFDCA54DB73F502386BB8F5816
310
32D3703976F9ABD1C18E3E78F87855FB990379BBFCF2296AE02706C4C5471A7C9C349475A408A4352AA7B4FEDD80C47E761A7606A3A69CCA72D0E0C6BE8475D3E0E3F3409428EA6B27A84079A782899AA2EC1A7AE3ECCC2FD858CB2D544655BFD2B67BD87C01504B0304140006080800B670623BE134B4FB28010000120200
310
00310000006662782F38353834323741342D343835462D343034322D383541392D4331303331363839454531452F636F72652E786D6C8D515B6EC32010BC0AE22B55850D0EA424C24451959EA0172086A42831583CAA1CBF503B52FB971F16CDCECC0EACD8DFC71BF836215AEF7A481A0C817183D7D65D7A98D3197108F652
310
04EFD31F1A044E8DA6871586525C82CFD3020DDE25E352419DD76601558C264130DCCAA58771F832A36A544E8511AFCDA486ABBA988634A55D7852C4144A00300FA927949C71DABD1D28A29C7D208A6987383B6CD13BC16BB2E1DBE3911C453B0BA5C8D9EA456E758963CFD684674DAA588A64C747FC2118958C86B2C3788B
310
0841B8FB247487D98EB257CC77188BB6D2FF89F2A49F1465EBD2BA5BE2CEB2082511EDDC9042FB7CBA3DC298FBE4430275DE2A9AE1054ADC60CC08E3A29D89E5F9C5714317C7987C28DFBBBA9E0A97B0D97643A568EB864AF95D5FA9759BF207504B0304140006080800B670623B1B8617914E010000330300003000000066
310
62782F38353834323741342D343835462D343034322D383541392D4331303331363839454531452F636E782E786D6CD593C16EC32010447F0571AD6CE3D489D20813A9877E410FBD62D82434182CC055F3F75D1292E692438FBD206B7698593D61BEFD1E2DF982108D773D6D6B460938E5B571FB9ECE6957AD29D90A1EBC4F
310
77364A9C1CA1A759A682EF839FA72269D8C9D92654AD71C72206887E0E0A22CAF926B15E498B01E0AA19451807D01A34B919F16B070157417138917400F2F6FA41FCF0092A45DEE414C19BDC21783E4BD39D891265658C3D8DEA00A3ACE59CBC8678ACB54CB26EEB6BD7839D7E9348BE70AD9C8321B9BCA7F9A4A26C542347
310
DEE050F09802D22BA6749A800A394DD62899107273365E3C82CFC6A55557BC06C10774B7ABE7AEC3B0F34CF06446280E154026D0542C187BA9DAB6628BF7B6DBB0E5A65B3EB1F58631DE64BBE083F7B65CC218087E22CABB042E51D1F2268F1FE12B3EA24D40D63E9CFE00120194D60B9D5BC67FE6D39CDF37E20AF817881F
310
504B0304140006080800B670623B5933D422630500003B100000340000006662782F38353834323741342D343835462D343034322D383541392D4331303331363839454531452F6F626A656374732E786D6CAD575B6FA33814FE2B887D0642934E9B156594264D158D3A534DD4D13E548A0C38942D60649B4EBABF7E3F8321
310
40924EF6928780CDF1B97EE762EFF32E4B8D37CA45C2F21BD3B547A641F39045491EDF98A5DC5AD7A6F1D9F73863B243661A39C9E88DA9B64DDF8B392B0BBD15D12D295339D85DDEFE618890E6D434C2940871638AF08566C426A5641115AF764424B1E3EDCE76ED9AB0CF36E6A47819302D08A7B984A6D8CFC1C5A89572FB
310
CB91E9F89EA3BEFB9EFAD754E3D3544E654F5F7E920B49F2F040D880CDD89D2CEE2E2EA7D6E56432B6269F2E5CEB7679BBB0DCABF168FE693E9FCEEEA6102C240727AD09A75BD3BF876F78127A4EFDA9D5582B7E4CA590E5390D2BFB6161A5B3E618D182E611E2985001691DAB47FDA5AB7CD3F93C566B2DB2BB7D9E55DD13
310
1D468DEECDB3AB290BFE8409E21C54704115AA6AFF68436BFC8DF65E0B184BF5B74418199194272435D224E084BF9B3E481589EFF5D828747285706581E9BB7B7E5D5D911ABFC6EE312DB7659A2A689A7E85EC0DF04FA5A8344BFEA2FCB834E8845895492EAFB541F2BDA0A63FF59C6AD3F7D4637CA13FD68E34B629891172
310
98597F1D183A57B9B75A98FE9765B05BAB7C3C2EBCE0ACA05C2AF8005A4DE09AA7F29216EB9E15397500C6F47CBE77CA7778FE2BD277AF0AE2C693DD6437D1522427B9D8329E2136F6A8FA19A3E6C56ADF0E5F50CF06D48734EDCEBF22F69C56D97EC138153F804B85E6FABFC7AFEFB32E523BE1F3BD372418E363EDCA7548
310
52949E8724474014288D94610BB57C1BEC4C7F854A89CA8E5324F55B871CBC78CE1BBEE3BFE68D6A5589EF3C730474506FCFA8FCF0659516D0ED04580EEA6425581B77CAE797FF4BCECC16EB2FEB926F49481F746159D06D922712BD730FDEAE42BD40F42C7AA5EF3F198F60E86110D6DD20645A9480B795CF95E3E3A659A8
310
C55E724F408873315335CFFB8584874484344D494E59D94869DB90C26A5B64F49C802CAC1D3ABE18A098D3B7444D123D8A9E5AE8F5214F0AE5B2B6E9B575DA3E61CBD3EA2B4009FA940524DD1305FB6A1FB294F14DF0BEA90BA109ECE1481FDC3FFAE8D60E75141700BE82725371B4873751B2DD960265F788137FACE6DD40
310
B575E4F0A5C99F46629D92131467A41EE11ABD8D4CCC039CA0AFB37C93A08B232B8F0AEFCA1E0A1015DF13FC83322B362463652ECF71D3A8B1A7D1BE65DE1D62C44F22C317D35F574FEB16153BA2D13E543D10A80E74C4A65E78A6B7CBCBD1D5DD9DB59C2DAFACC96C3AB566E3F1C29ADCDD5DBAD7D3C9ED7C822ED74F80A6
310
41755310DE4443F44A9E68373FADF6596BFA0F440AE7BECE2727AE9F4F2B1B53B1E7E00CF0DD1E5C65454A339A4BA2D0FBA05ED2EF0443458F47BDBFCA484CCFE0F2ED7E3DD0013B679C7B5499467F0ECEEADDB9CA85A34CE44B99053949D2C1416DB85DE4B136BB7165FBAC0B7AB3542BED4F8CA182A549847A1319316519
310
95A83A67147B9E5101C47487F2485F1ECE38FD568F839204296D3479219888530154036E6528FBFBC66F98E0D4107563A2D7D9AFF8D389681A08F58D89F22693900A3B407754734FC51C10C010D6D640809EE4718AC1BA3ED4AEDB53CA37283F68805A7E4B72CEB0A4EDEAD5DD8C14059A76AFAA56BA6901E13F32BC51C720
310
12AF41295B5BF61BAD3195181FB506E6B40F4C10AF5AF40EF9F5B159AE5DD1F43C72D635E94310D45C2D49785C5D0B94D3B54AB3C5A38349C0587D338AB48C11CBF339599C02CCA54A70A008A8D03C0B2201D5F9EFCF8F9CE12A9A19CB0410789EB32C63B95ECCF455D658BFE0621A3DA32C5075FB101723D77DAE867E7D0F
310
D90444509B44E2151B4DC2290B065803200FBAA9BE9D392A0603F2D5C2D00D6302A615680F66D2FA166E2079D4C551A54AB758161FCEFD4E450A14704CECFEDF504B0304140006080000B670623B000000000000000000000000350000006662782F38353834323741342D343835462D343034322D383541392D4331303331
310
363839454531452F76657274696365732E62696E504B0304140006080800B670623BF270F1330600000004000000360000006662782F38353834323741342D343835462D343034322D383541392D4331303331363839454531452F747269616E676C65732E62696E636660600000504B0304140006080000B670623B000000
310
000000000000000000370000006662782F38353834323741342D343835462D343034322D383541392D4331303331363839454531452F617474726962757465732E62696E504B0304140006080800B670623B08DA0BD19000000041010000360000006662782F38353834323741342D343835462D343034322D383541392D43
310
31303331363839454531452F6469726563746F72792E786D6C858F410AC3201045AF22B36F53E9A60B35CBEEBAE80D244E44489C6234F4F835464A48035D0DF398FF9F8AF63D0E6CC63039F212F8F9020C7D47C6792B21C5FE7403D62A1188E2E60C98D7234A5830286103A55745067B9D86B8A3CF9C7F90C11DE607FB1443
310
96D7B6A82D282E9A152AD114D5EF2CB866EEE831B8EEA07A7BB5A8D7D61A2BAAEB7FD5F70921FF497D00504B0304140006080800B670623BD9A3B367FE000000A00100003B0000006662782F38353834323741342D343835462D343034322D383541392D4331303331363839454531452F7265736F75726365732F636F7265
310
2E786D6C8D504B6E833010BD0A9A6D65B01D0201194711694FD00B586642AD043BF2A7EAF16B122AB5BB6E6646EFA3797AE2F8B5DC8A4FF4C1383B002B291468B59B8C9D0748F1420E501CA5F0CEC55F3228AC5A708015062966EFD27D83B4B3116DCCA875136EA00A012314FA968F0182FEC045952AC5AC08D7F2AEF455CD
310
58B232D3592745883E07289E4FD609D26370C96B0CA27AB252A464A64D63A6FCD35C0C7A904D73EE467EE664DCD58CD4ED4849D79C5A723ED1B7A61977AF2D6F45B59AA58866F9C9A83DAA8813484E6947182394BFB3BAA7FBBEDEBFD0434FA9A856F91F53BA4FFF342563E38E6F719FB60092E5200F428A6AED2BAF479979
310
AFDDCA6F504B010214000A0000080000B670623B3DEE336E79000000790000001B00000000000000000000000000000000006175746F6465736B2D64657369676E2D7061636B6167652E786D6C504B01021400140006080800B670623BD486FD9CA0000000F40000001300000000000000000000000000B20000005B436F6E
310
74656E745F54797065735D2E786D6C504B01021400140006080800B670623BCA089DFFEC0000007C010000080000000000000000000000000083010000636F72652E786D6C504B01021400140006080800B670623B55019EA25F0000007C000000070000000000000000000000000095020000636E782E786D6C504B010214
310
00140006080800B670623B68FC0B7272010000D40300000C00000000000000000000000000190300006662782F636F72652E786D6C504B01021400140006080800B670623B0F71DDB67E0000009D0000000B00000000000000000000000000B50400006662782F636E782E786D6C504B01021400140006080800B670623BE1
310
34B4FB280100001202000031000000000000000000000000005C0500006662782F38353834323741342D343835462D343034322D383541392D4331303331363839454531452F636F72652E786D6C504B01021400140006080800B670623B1B8617914E010000330300003000000000000000000000000000D3060000666278
310
2F38353834323741342D343835462D343034322D383541392D4331303331363839454531452F636E782E786D6C504B01021400140006080800B670623B5933D422630500003B10000034000000000000000000000000006F0800006662782F38353834323741342D343835462D343034322D383541392D4331303331363839
310
454531452F6F626A656374732E786D6C504B01021400140006080000B670623B0000000000000000000000003500000000000000000000000000240E00006662782F38353834323741342D343835462D343034322D383541392D4331303331363839454531452F76657274696365732E62696E504B01021400140006080800
310
B670623BF270F13306000000040000003600000000000000000000000000770E00006662782F38353834323741342D343835462D343034322D383541392D4331303331363839454531452F747269616E676C65732E62696E504B01021400140006080000B670623B0000000000000000000000003700000000000000000000
310
000000D10E00006662782F38353834323741342D343835462D343034322D383541392D4331303331363839454531452F617474726962757465732E62696E504B01021400140006080800B670623B08DA0BD190000000410100003600000000000000000000000000260F00006662782F38353834323741342D343835462D34
310
3034322D383541392D4331303331363839454531452F6469726563746F72792E786D6C504B01021400140006080800B670623BD9A3B367FE000000A00100003B000000000000000000000000000A1000006662782F38353834323741342D343835462D343034322D383541392D4331303331363839454531452F7265736F75
310
726365732F636F72652E786D6C504B0506000000000E000E0080040000611100000000
  0
XRECORD
  5
113
102
{ACAD_REACTORS
330
110
102
}
330
110
100
AcDbXrecord
280
     1
270
     1
271
     1
  0
XRECORD
  5
114
102
{ACAD_REACTORS
330
110
102
}
330
110
100
AcDbXrecord
280
     1
270
     1
271
     1
  0
XRECORD
  5
22F0
102
{ACAD_REACTORS
330
22EF
102
}
330
22EF
100
AcDbXrecord
280
     1
102
DISPLAYNAME
  1
Imperial24
102
FLAGS
 90
        0
  0
CELLSTYLEMAP
  5
22B4
102
{ACAD_REACTORS
330
104
102
}
330
104
100
AcDbCellStyleMap
 90
        3
300
CELLSTYLE
  1
TABLEFORMAT_BEGIN
 90
        5
170
     1
 91
        0
 92
    32768
 62
   257
 93
        1
300
CONTENTFORMAT
  1
CONTENTFORMAT_BEGIN
 90
        0
 91
        0
 92
      512
 93
        0
300

 40
0.0
140
1.0
 94
        5
 62
     0
340
11
144
0.25
309
CONTENTFORMAT_END
171
     1
301
MARGIN
  1
CELLMARGIN_BEGIN
 40
0.06
 40
0.06
 40
0.06
 40
0.06
 40
0.18
 40
0.18
309
CELLMARGIN_END
 94
        6
 95
        1
302
GRIDFORMAT
  1
GRIDFORMAT_BEGIN
 90
        0
 91
        1
 62
     0
 92
       -2
340
0
 93
        0
 40
0.045
309
GRIDFORMAT_END
 95
        2
302
GRIDFORMAT
  1
GRIDFORMAT_BEGIN
 90
        0
 91
        1
 62
     0
 92
       -2
340
0
 93
        0
 40
0.045
309
GRIDFORMAT_END
 95
        4
302
GRIDFORMAT
  1
GRIDFORMAT_BEGIN
 90
        0
 91
        1
 62
     0
 92
       -2
340
0
 93
        0
 40
0.045
309
GRIDFORMAT_END
 95
        8
302
GRIDFORMAT
  1
GRIDFORMAT_BEGIN
 90
        0
 91
        1
 62
     0
 92
       -2
340
0
 93
        0
 40
0.045
309
GRIDFORMAT_END
 95
       16
302
GRIDFORMAT
  1
GRIDFORMAT_BEGIN
 90
        0
 91
        1
 62
     0
 92
       -2
340
0
 93
        0
 40
0.045
309
GRIDFORMAT_END
 95
       32
302
GRIDFORMAT
  1
GRIDFORMAT_BEGIN
 90
        0
 91
        1
 62
     0
 92
       -2
340
0
 93
        0
 40
0.045
309
GRIDFORMAT_END
309
TABLEFORMAT_END
  1
CELLSTYLE_BEGIN
 90
        1
 91
        1
300
_TITLE
309
CELLSTYLE_END
300
CELLSTYLE
  1
TABLEFORMAT_BEGIN
 90
        5
170
     1
 91
        0
 92
        0
 62
   257
 93
        1
300
CONTENTFORMAT
  1
CONTENTFORMAT_BEGIN
 90
        0
 91
        0
 92
      512
 93
        0
300

 40
0.0
140
1.0
 94
        5
 62
     0
340
11
144
0.18
309
CONTENTFORMAT_END
171
     1
301
MARGIN
  1
CELLMARGIN_BEGIN
 40
0.06
 40
0.06
 40
0.06
 40
0.06
 40
0.18
 40
0.18
309
CELLMARGIN_END
 94
        6
 95
        1
302
GRIDFORMAT
  1
GRIDFORMAT_BEGIN
 90
        0
 91
        1
 62
     0
 92
       -2
340
0
 93
        0
 40
0.045
309
GRIDFORMAT_END
 95
        2
302
GRIDFORMAT
  1
GRIDFORMAT_BEGIN
 90
        0
 91
        1
 62
     0
 92
       -2
340
0
 93
        0
 40
0.045
309
GRIDFORMAT_END
 95
        4
302
GRIDFORMAT
  1
GRIDFORMAT_BEGIN
 90
        0
 91
        1
 62
     0
 92
       -2
340
0
 93
        0
 40
0.045
309
GRIDFORMAT_END
 95
        8
302
GRIDFORMAT
  1
GRIDFORMAT_BEGIN
 90
        0
 91
        1
 62
     0
 92
       -2
340
0
 93
        0
 40
0.045
309
GRIDFORMAT_END
 95
       16
302
GRIDFORMAT
  1
GRIDFORMAT_BEGIN
 90
        0
 91
        1
 62
     0
 92
       -2
340
0
 93
        0
 40
0.045
309
GRIDFORMAT_END
 95
       32
302
GRIDFORMAT
  1
GRIDFORMAT_BEGIN
 90
        0
 91
        1
 62
     0
 92
       -2
340
0
 93
        0
 40
0.045
309
GRIDFORMAT_END
309
TABLEFORMAT_END
  1
CELLSTYLE_BEGIN
 90
        2
 91
        1
300
_HEADER
309
CELLSTYLE_END
300
CELLSTYLE
  1
TABLEFORMAT_BEGIN
 90
        5
170
     1
 91
        0
 92
        0
 62
   257
 93
        1
300
CONTENTFORMAT
  1
CONTENTFORMAT_BEGIN
 90
        0
 91
        0
 92
      512
 93
        0
300

 40
0.0
140
1.0
 94
        2
 62
     0
340
11
144
0.18
309
CONTENTFORMAT_END
171
     1
301
MARGIN
  1
CELLMARGIN_BEGIN
 40
0.06
 40
0.06
 40
0.06
 40
0.06
 40
0.18
 40
0.18
309
CELLMARGIN_END
 94
        6
 95
        1
302
GRIDFORMAT
  1
GRIDFORMAT_BEGIN
 90
        0
 91
        1
 62
     0
 92
       -2
340
0
 93
        0
 40
0.045
309
GRIDFORMAT_END
 95
        2
302
GRIDFORMAT
  1
GRIDFORMAT_BEGIN
 90
        0
 91
        1
 62
     0
 92
       -2
340
0
 93
        0
 40
0.045
309
GRIDFORMAT_END
 95
        4
302
GRIDFORMAT
  1
GRIDFORMAT_BEGIN
 90
        0
 91
        1
 62
     0
 92
       -2
340
0
 93
        0
 40
0.045
309
GRIDFORMAT_END
 95
        8
302
GRIDFORMAT
  1
GRIDFORMAT_BEGIN
 90
        0
 91
        1
 62
     0
 92
       -2
340
0
 93
        0
 40
0.045
309
GRIDFORMAT_END
 95
       16
302
GRIDFORMAT
  1
GRIDFORMAT_BEGIN
 90
        0
 91
        1
 62
     0
 92
       -2
340
0
 93
        0
 40
0.045
309
GRIDFORMAT_END
 95
       32
302
GRIDFORMAT
  1
GRIDFORMAT_BEGIN
 90
        0
 91
        1
 62
     0
 92
       -2
340
0
 93
        0
 40
0.045
309
GRIDFORMAT_END
309
TABLEFORMAT_END
  1
CELLSTYLE_BEGIN
 90
        3
 91
        2
300
_DATA
309
CELLSTYLE_END
  0
XRECORD
  5
22CA
102
{ACAD_REACTORS
330
22C9
102
}
330
22C9
100
AcDbXrecord
280
     1
102
RTVSPost2010Prop28
280
     1
102
RTVSPost2010PropOp28
 70
     1
102
RTVSPost2010Prop29
280
     1
102
RTVSPost2010PropOp29
 70
     1
102
RTVSPost2010Prop30
280
     0
102
RTVSPost2010PropOp30
 70
     1
102
RTVSPost2010Prop31
280
     0
102
RTVSPost2010PropOp31
 70
     1
102
RTVSPost2010Prop32
280
     0
102
RTVSPost2010PropOp32
 70
     1
102
RTVSPost2010Prop33
280
     0
102
RTVSPost2010PropOp33
 70
     1
102
RTVSPost2010Prop34
280
     0
102
RTVSPost2010PropOp34
 70
     1
102
RTVSPost2010Prop35
280
     0
102
RTVSPost2010PropOp35
 70
     1
102
RTVSPost2010Prop36
280
     0
102
RTVSPost2010PropOp36
 70
     1
102
RTVSPost2010Prop37
 90
       50
102
RTVSPost2010PropOp37
 70
     1
102
RTVSPost2010Prop38
140
0.0
102
RTVSPost2010PropOp38
 70
     1
102
RTVSPost2010Prop39
140
1.0
102
RTVSPost2010PropOp39
 70
     1
102
RTVSPost2010Prop40
 90
        0
102
RTVSPost2010PropOp40
 70
     1
102
RTVSPost2010Prop41ColorIndex
 90
       18
102
RTVSPost2010Prop41ColorRGB
 90
        0
102
RTVSPost2010PropOp41
 70
     1
102
RTVSPost2010Prop42
 90
       50
102
RTVSPost2010PropOp42
 70
     1
102
RTVSPost2010Prop43
 90
        3
102
RTVSPost2010PropOp43
 70
     1
102
RTVSPost2010Prop44ColorIndex
 90
        5
102
RTVSPost2010Prop44ColorRGB
 90
      255
102
RTVSPost2010PropOp44
 70
     1
102
RTVSPost2010Prop45
280
     0
102
RTVSPost2010PropOp45
 70
     1
102
RTVSPost2010Prop46
 90
       50
102
RTVSPost2010PropOp46
 70
     1
102
RTVSPost2010Prop47
 90
       50
102
RTVSPost2010PropOp47
 70
     1
102
RTVSPost2010Prop48
 90
       50
102
RTVSPost2010PropOp48
 70
     1
102
RTVSPost2010Prop49
280
     0
102
RTVSPost2010PropOp49
 70
     1
102
RTVSPost2010Prop50
 90
       50
102
RTVSPost2010PropOp50
 70
     1
102
RTVSPost2010Prop51ColorIndex
 90
      256
102
RTVSPost2010Prop51ColorRGB
 90
-16777216
102
RTVSPost2010PropOp51
 70
     0
102
RTVSPost2010Prop52
140
1.0
102
RTVSPost2010PropOp52
 70
     0
102
RTVSPost2010Prop53
 90
        2
102
RTVSPost2010PropOp53
 70
     1
102
RTVSPost2010Prop54
  1
strokes_ogs.tif
102
RTVSPost2010PropOp54
 70
     1
102
RTVSPost2010Prop55
280
     0
102
RTVSPost2010PropOp55
 70
     1
102
RTVSPost2010Prop56
140
1.0
102
RTVSPost2010PropOp56
 70
     1
102
RTVSPost2010Prop57
140
1.0
102
RTVSPost2010PropOp57
 70
     1
  0
XRECORD
  5
22C8
102
{ACAD_REACTORS
330
22C7
102
}
330
22C7
100
AcDbXrecord
280
     1
102
RTVSPost2010Prop28
280
     0
102
RTVSPost2010PropOp28
 70
     1
102
RTVSPost2010Prop29
280
     1
102
RTVSPost2010PropOp29
 70
     1
102
RTVSPost2010Prop30
280
     1
102
RTVSPost2010PropOp30
 70
     1
102
RTVSPost2010Prop31
280
     0
102
RTVSPost2010PropOp31
 70
     1
102
RTVSPost2010Prop32
280
     0
102
RTVSPost2010PropOp32
 70
     1
102
RTVSPost2010Prop33
280
     0
102
RTVSPost2010PropOp33
 70
     1
102
RTVSPost2010Prop34
280
     0
102
RTVSPost2010PropOp34
 70
     1
102
RTVSPost2010Prop35
280
     0
102
RTVSPost2010PropOp35
 70
     1
102
RTVSPost2010Prop36
280
     0
102
RTVSPost2010PropOp36
 70
     1
102
RTVSPost2010Prop37
 90
       50
102
RTVSPost2010PropOp37
 70
     1
102
RTVSPost2010Prop38
140
0.0
102
RTVSPost2010PropOp38
 70
     1
102
RTVSPost2010Prop39
140
1.0
102
RTVSPost2010PropOp39
 70
     1
102
RTVSPost2010Prop40
 90
        0
102
RTVSPost2010PropOp40
 70
     1
102
RTVSPost2010Prop41ColorIndex
 90
       18
102
RTVSPost2010Prop41ColorRGB
 90
        0
102
RTVSPost2010PropOp41
 70
     1
102
RTVSPost2010Prop42
 90
       50
102
RTVSPost2010PropOp42
 70
     1
102
RTVSPost2010Prop43
 90
        3
102
RTVSPost2010PropOp43
 70
     1
102
RTVSPost2010Prop44ColorIndex
 90
        5
102
RTVSPost2010Prop44ColorRGB
 90
      255
102
RTVSPost2010PropOp44
 70
     1
102
RTVSPost2010Prop45
280
     0
102
RTVSPost2010PropOp45
 70
     1
102
RTVSPost2010Prop46
 90
       50
102
RTVSPost2010PropOp46
 70
     1
102
RTVSPost2010Prop47
 90
       50
102
RTVSPost2010PropOp47
 70
     1
102
RTVSPost2010Prop48
 90
       50
102
RTVSPost2010PropOp48
 70
     1
102
RTVSPost2010Prop49
280
     0
102
RTVSPost2010PropOp49
 70
     1
102
RTVSPost2010Prop50
 90
       50
102
RTVSPost2010PropOp50
 70
     1
102
RTVSPost2010Prop51ColorIndex
 90
      256
102
RTVSPost2010Prop51ColorRGB
 90
-16777216
102
RTVSPost2010PropOp51
 70
     0
102
RTVSPost2010Prop52
140
1.0
102
RTVSPost2010PropOp52
 70
     0
102
RTVSPost2010Prop53
 90
        2
102
RTVSPost2010PropOp53
 70
     1
102
RTVSPost2010Prop54
  1
strokes_ogs.tif
102
RTVSPost2010PropOp54
 70
     1
102
RTVSPost2010Prop55
280
     0
102
RTVSPost2010PropOp55
 70
     1
102
RTVSPost2010Prop56
140
1.0
102
RTVSPost2010PropOp56
 70
     1
102
RTVSPost2010Prop57
140
1.0
102
RTVSPost2010PropOp57
 70
     1
  0
XRECORD
  5
22D6
102
{ACAD_REACTORS
330
22D5
102
}
330
22D5
100
AcDbXrecord
280
     1
102
RTVSPost2010Prop28
280
     0
102
RTVSPost2010PropOp28
 70
     1
102
RTVSPost2010Prop29
280
     1
102
RTVSPost2010PropOp29
 70
     1
102
RTVSPost2010Prop30
280
     1
102
RTVSPost2010PropOp30
 70
     1
102
RTVSPost2010Prop31
280
     0
102
RTVSPost2010PropOp31
 70
     1
102
RTVSPost2010Prop32
280
     0
102
RTVSPost2010PropOp32
 70
     1
102
RTVSPost2010Prop33
280
     0
102
RTVSPost2010PropOp33
 70
     1
102
RTVSPost2010Prop34
280
     0
102
RTVSPost2010PropOp34
 70
     1
102
RTVSPost2010Prop35
280
     0
102
RTVSPost2010PropOp35
 70
     1
102
RTVSPost2010Prop36
280
     0
102
RTVSPost2010PropOp36
 70
     1
102
RTVSPost2010Prop37
 90
       50
102
RTVSPost2010PropOp37
 70
     1
102
RTVSPost2010Prop38
140
0.0
102
RTVSPost2010PropOp38
 70
     1
102
RTVSPost2010Prop39
140
1.0
102
RTVSPost2010PropOp39
 70
     1
102
RTVSPost2010Prop40
 90
        0
102
RTVSPost2010PropOp40
 70
     1
102
RTVSPost2010Prop41ColorIndex
 90
       18
102
RTVSPost2010Prop41ColorRGB
 90
        0
102
RTVSPost2010PropOp41
 70
     1
102
RTVSPost2010Prop42
 90
       50
102
RTVSPost2010PropOp42
 70
     1
102
RTVSPost2010Prop43
 90
        3
102
RTVSPost2010PropOp43
 70
     1
102
RTVSPost2010Prop44ColorIndex
 90
        5
102
RTVSPost2010Prop44ColorRGB
 90
      255
102
RTVSPost2010PropOp44
 70
     1
102
RTVSPost2010Prop45
280
     0
102
RTVSPost2010PropOp45
 70
     1
102
RTVSPost2010Prop46
 90
       50
102
RTVSPost2010PropOp46
 70
     1
102
RTVSPost2010Prop47
 90
       50
102
RTVSPost2010PropOp47
 70
     1
102
RTVSPost2010Prop48
 90
       50
102
RTVSPost2010PropOp48
 70
     1
102
RTVSPost2010Prop49
280
     0
102
RTVSPost2010PropOp49
 70
     1
102
RTVSPost2010Prop50
 90
       50
102
RTVSPost2010PropOp50
 70
     1
102
RTVSPost2010Prop51ColorIndex
 90
      256
102
RTVSPost2010Prop51ColorRGB
 90
-16777216
102
RTVSPost2010PropOp51
 70
     0
102
RTVSPost2010Prop52
140
1.0
102
RTVSPost2010PropOp52
 70
     0
102
RTVSPost2010Prop53
 90
        2
102
RTVSPost2010PropOp53
 70
     1
102
RTVSPost2010Prop54
  1
strokes_ogs.tif
102
RTVSPost2010PropOp54
 70
     1
102
RTVSPost2010Prop55
280
     0
102
RTVSPost2010PropOp55
 70
     1
102
RTVSPost2010Prop56
140
1.0
102
RTVSPost2010PropOp56
 70
     1
102
RTVSPost2010Prop57
140
1.0
102
RTVSPost2010PropOp57
 70
     1
  0
XRECORD
  5
22DE
102
{ACAD_REACTORS
330
22DD
102
}
330
22DD
100
AcDbXrecord
280
     1
102
RTVSPost2010Prop28
280
     0
102
RTVSPost2010PropOp28
 70
     1
102
RTVSPost2010Prop29
280
     1
102
RTVSPost2010PropOp29
 70
     1
102
RTVSPost2010Prop30
280
     1
102
RTVSPost2010PropOp30
 70
     1
102
RTVSPost2010Prop31
280
     0
102
RTVSPost2010PropOp31
 70
     1
102
RTVSPost2010Prop32
280
     0
102
RTVSPost2010PropOp32
 70
     1
102
RTVSPost2010Prop33
280
     0
102
RTVSPost2010PropOp33
 70
     1
102
RTVSPost2010Prop34
280
     0
102
RTVSPost2010PropOp34
 70
     1
102
RTVSPost2010Prop35
280
     0
102
RTVSPost2010PropOp35
 70
     1
102
RTVSPost2010Prop36
280
     0
102
RTVSPost2010PropOp36
 70
     1
102
RTVSPost2010Prop37
 90
       50
102
RTVSPost2010PropOp37
 70
     1
102
RTVSPost2010Prop38
140
0.0
102
RTVSPost2010PropOp38
 70
     1
102
RTVSPost2010Prop39
140
1.0
102
RTVSPost2010PropOp39
 70
     1
102
RTVSPost2010Prop40
 90
        0
102
RTVSPost2010PropOp40
 70
     1
102
RTVSPost2010Prop41ColorIndex
 90
       18
102
RTVSPost2010Prop41ColorRGB
 90
        0
102
RTVSPost2010PropOp41
 70
     1
102
RTVSPost2010Prop42
 90
       50
102
RTVSPost2010PropOp42
 70
     1
102
RTVSPost2010Prop43
 90
        3
102
RTVSPost2010PropOp43
 70
     1
102
RTVSPost2010Prop44ColorIndex
 90
        5
102
RTVSPost2010Prop44ColorRGB
 90
      255
102
RTVSPost2010PropOp44
 70
     1
102
RTVSPost2010Prop45
280
     0
102
RTVSPost2010PropOp45
 70
     1
102
RTVSPost2010Prop46
 90
       50
102
RTVSPost2010PropOp46
 70
     1
102
RTVSPost2010Prop47
 90
       50
102
RTVSPost2010PropOp47
 70
     1
102
RTVSPost2010Prop48
 90
       50
102
RTVSPost2010PropOp48
 70
     1
102
RTVSPost2010Prop49
280
     0
102
RTVSPost2010PropOp49
 70
     1
102
RTVSPost2010Prop50
 90
       50
102
RTVSPost2010PropOp50
 70
     1
102
RTVSPost2010Prop51ColorIndex
 90
      256
102
RTVSPost2010Prop51ColorRGB
 90
-16777216
102
RTVSPost2010PropOp51
 70
     0
102
RTVSPost2010Prop52
140
1.0
102
RTVSPost2010PropOp52
 70
     0
102
RTVSPost2010Prop53
 90
        2
102
RTVSPost2010PropOp53
 70
     1
102
RTVSPost2010Prop54
  1
strokes_ogs.tif
102
RTVSPost2010PropOp54
 70
     1
102
RTVSPost2010Prop55
280
     0
102
RTVSPost2010PropOp55
 70
     1
102
RTVSPost2010Prop56
140
1.0
102
RTVSPost2010PropOp56
 70
     1
102
RTVSPost2010Prop57
140
1.0
102
RTVSPost2010PropOp57
 70
     1
  0
XRECORD
  5
22D0
102
{ACAD_REACTORS
330
22CF
102
}
330
22CF
100
AcDbXrecord
280
     1
102
RTVSPost2010Prop28
280
     0
102
RTVSPost2010PropOp28
 70
     1
102
RTVSPost2010Prop29
280
     1
102
RTVSPost2010PropOp29
 70
     1
102
RTVSPost2010Prop30
280
     1
102
RTVSPost2010PropOp30
 70
     1
102
RTVSPost2010Prop31
280
     0
102
RTVSPost2010PropOp31
 70
     1
102
RTVSPost2010Prop32
280
     0
102
RTVSPost2010PropOp32
 70
     1
102
RTVSPost2010Prop33
280
     0
102
RTVSPost2010PropOp33
 70
     1
102
RTVSPost2010Prop34
280
     0
102
RTVSPost2010PropOp34
 70
     1
102
RTVSPost2010Prop35
280
     0
102
RTVSPost2010PropOp35
 70
     1
102
RTVSPost2010Prop36
280
     0
102
RTVSPost2010PropOp36
 70
     1
102
RTVSPost2010Prop37
 90
       50
102
RTVSPost2010PropOp37
 70
     1
102
RTVSPost2010Prop38
140
0.0
102
RTVSPost2010PropOp38
 70
     1
102
RTVSPost2010Prop39
140
1.0
102
RTVSPost2010PropOp39
 70
     1
102
RTVSPost2010Prop40
 90
        0
102
RTVSPost2010PropOp40
 70
     1
102
RTVSPost2010Prop41ColorIndex
 90
       18
102
RTVSPost2010Prop41ColorRGB
 90
        0
102
RTVSPost2010PropOp41
 70
     1
102
RTVSPost2010Prop42
 90
       50
102
RTVSPost2010PropOp42
 70
     1
102
RTVSPost2010Prop43
 90
        3
102
RTVSPost2010PropOp43
 70
     1
102
RTVSPost2010Prop44ColorIndex
 90
        5
102
RTVSPost2010Prop44ColorRGB
 90
      255
102
RTVSPost2010PropOp44
 70
     1
102
RTVSPost2010Prop45
280
     0
102
RTVSPost2010PropOp45
 70
     1
102
RTVSPost2010Prop46
 90
       50
102
RTVSPost2010PropOp46
 70
     1
102
RTVSPost2010Prop47
 90
       50
102
RTVSPost2010PropOp47
 70
     1
102
RTVSPost2010Prop48
 90
       50
102
RTVSPost2010PropOp48
 70
     1
102
RTVSPost2010Prop49
280
     0
102
RTVSPost2010PropOp49
 70
     1
102
RTVSPost2010Prop50
 90
       50
102
RTVSPost2010PropOp50
 70
     1
102
RTVSPost2010Prop51ColorIndex
 90
      256
102
RTVSPost2010Prop51ColorRGB
 90
-16777216
102
RTVSPost2010PropOp51
 70
     0
102
RTVSPost2010Prop52
140
1.0
102
RTVSPost2010PropOp52
 70
     0
102
RTVSPost2010Prop53
 90
        2
102
RTVSPost2010PropOp53
 70
     1
102
RTVSPost2010Prop54
  1
strokes_ogs.tif
102
RTVSPost2010PropOp54
 70
     1
102
RTVSPost2010Prop55
280
     0
102
RTVSPost2010PropOp55
 70
     1
102
RTVSPost2010Prop56
140
1.0
102
RTVSPost2010PropOp56
 70
     1
102
RTVSPost2010Prop57
140
1.0
102
RTVSPost2010PropOp57
 70
     1
  0
XRECORD
  5
22D4
102
{ACAD_REACTORS
330
22D3
102
}
330
22D3
100
AcDbXrecord
280
     1
102
RTVSPost2010Prop28
280
     0
102
RTVSPost2010PropOp28
 70
     1
102
RTVSPost2010Prop29
280
     1
102
RTVSPost2010PropOp29
 70
     1
102
RTVSPost2010Prop30
280
     1
102
RTVSPost2010PropOp30
 70
     1
102
RTVSPost2010Prop31
280
     0
102
RTVSPost2010PropOp31
 70
     1
102
RTVSPost2010Prop32
280
     0
102
RTVSPost2010PropOp32
 70
     1
102
RTVSPost2010Prop33
280
     0
102
RTVSPost2010PropOp33
 70
     1
102
RTVSPost2010Prop34
280
     0
102
RTVSPost2010PropOp34
 70
     1
102
RTVSPost2010Prop35
280
     0
102
RTVSPost2010PropOp35
 70
     1
102
RTVSPost2010Prop36
280
     0
102
RTVSPost2010PropOp36
 70
     1
102
RTVSPost2010Prop37
 90
       50
102
RTVSPost2010PropOp37
 70
     1
102
RTVSPost2010Prop38
140
0.0
102
RTVSPost2010PropOp38
 70
     1
102
RTVSPost2010Prop39
140
1.0
102
RTVSPost2010PropOp39
 70
     1
102
RTVSPost2010Prop40
 90
        0
102
RTVSPost2010PropOp40
 70
     1
102
RTVSPost2010Prop41ColorIndex
 90
       18
102
RTVSPost2010Prop41ColorRGB
 90
        0
102
RTVSPost2010PropOp41
 70
     1
102
RTVSPost2010Prop42
 90
       50
102
RTVSPost2010PropOp42
 70
     1
102
RTVSPost2010Prop43
 90
        3
102
RTVSPost2010PropOp43
 70
     1
102
RTVSPost2010Prop44ColorIndex
 90
        5
102
RTVSPost2010Prop44ColorRGB
 90
      255
102
RTVSPost2010PropOp44
 70
     1
102
RTVSPost2010Prop45
280
     0
102
RTVSPost2010PropOp45
 70
     1
102
RTVSPost2010Prop46
 90
       50
102
RTVSPost2010PropOp46
 70
     1
102
RTVSPost2010Prop47
 90
       50
102
RTVSPost2010PropOp47
 70
     1
102
RTVSPost2010Prop48
 90
       50
102
RTVSPost2010PropOp48
 70
     1
102
RTVSPost2010Prop49
280
     0
102
RTVSPost2010PropOp49
 70
     1
102
RTVSPost2010Prop50
 90
       50
102
RTVSPost2010PropOp50
 70
     1
102
RTVSPost2010Prop51ColorIndex
 90
      256
102
RTVSPost2010Prop51ColorRGB
 90
-16777216
102
RTVSPost2010PropOp51
 70
     0
102
RTVSPost2010Prop52
140
1.0
102
RTVSPost2010PropOp52
 70
     0
102
RTVSPost2010Prop53
 90
        2
102
RTVSPost2010PropOp53
 70
     1
102
RTVSPost2010Prop54
  1
strokes_ogs.tif
102
RTVSPost2010PropOp54
 70
     1
102
RTVSPost2010Prop55
280
     0
102
RTVSPost2010PropOp55
 70
     1
102
RTVSPost2010Prop56
140
1.0
102
RTVSPost2010PropOp56
 70
     1
102
RTVSPost2010Prop57
140
1.0
102
RTVSPost2010PropOp57
 70
     1
  0
XRECORD
  5
22E4
102
{ACAD_REACTORS
330
22E3
102
}
330
22E3
100
AcDbXrecord
280
     1
102
RTVSPost2010Prop28
280
     0
102
RTVSPost2010PropOp28
 70
     1
102
RTVSPost2010Prop29
280
     1
102
RTVSPost2010PropOp29
 70
     1
102
RTVSPost2010Prop30
280
     1
102
RTVSPost2010PropOp30
 70
     1
102
RTVSPost2010Prop31
280
     0
102
RTVSPost2010PropOp31
 70
     1
102
RTVSPost2010Prop32
280
     0
102
RTVSPost2010PropOp32
 70
     1
102
RTVSPost2010Prop33
280
     0
102
RTVSPost2010PropOp33
 70
     1
102
RTVSPost2010Prop34
280
     0
102
RTVSPost2010PropOp34
 70
     1
102
RTVSPost2010Prop35
280
     0
102
RTVSPost2010PropOp35
 70
     1
102
RTVSPost2010Prop36
280
     0
102
RTVSPost2010PropOp36
 70
     1
102
RTVSPost2010Prop37
 90
       50
102
RTVSPost2010PropOp37
 70
     1
102
RTVSPost2010Prop38
140
0.0
102
RTVSPost2010PropOp38
 70
     1
102
RTVSPost2010Prop39
140
1.0
102
RTVSPost2010PropOp39
 70
     1
102
RTVSPost2010Prop40
 90
        0
102
RTVSPost2010PropOp40
 70
     1
102
RTVSPost2010Prop41ColorIndex
 90
       18
102
RTVSPost2010Prop41ColorRGB
 90
        0
102
RTVSPost2010PropOp41
 70
     1
102
RTVSPost2010Prop42
 90
       50
102
RTVSPost2010PropOp42
 70
     1
102
RTVSPost2010Prop43
 90
        3
102
RTVSPost2010PropOp43
 70
     1
102
RTVSPost2010Prop44ColorIndex
 90
        5
102
RTVSPost2010Prop44ColorRGB
 90
      255
102
RTVSPost2010PropOp44
 70
     1
102
RTVSPost2010Prop45
280
     0
102
RTVSPost2010PropOp45
 70
     1
102
RTVSPost2010Prop46
 90
       50
102
RTVSPost2010PropOp46
 70
     1
102
RTVSPost2010Prop47
 90
       50
102
RTVSPost2010PropOp47
 70
     1
102
RTVSPost2010Prop48
 90
       50
102
RTVSPost2010PropOp48
 70
     1
102
RTVSPost2010Prop49
280
     0
102
RTVSPost2010PropOp49
 70
     1
102
RTVSPost2010Prop50
 90
       50
102
RTVSPost2010PropOp50
 70
     1
102
RTVSPost2010Prop51ColorIndex
 90
      256
102
RTVSPost2010Prop51ColorRGB
 90
-16777216
102
RTVSPost2010PropOp51
 70
     0
102
RTVSPost2010Prop52
140
1.0
102
RTVSPost2010PropOp52
 70
     0
102
RTVSPost2010Prop53
 90
        2
102
RTVSPost2010PropOp53
 70
     1
102
RTVSPost2010Prop54
  1
strokes_ogs.tif
102
RTVSPost2010PropOp54
 70
     1
102
RTVSPost2010Prop55
280
     0
102
RTVSPost2010PropOp55
 70
     1
102
RTVSPost2010Prop56
140
1.0
102
RTVSPost2010PropOp56
 70
     1
102
RTVSPost2010Prop57
140
1.0
102
RTVSPost2010PropOp57
 70
     1
  0
XRECORD
  5
22DC
102
{ACAD_REACTORS
330
22DB
102
}
330
22DB
100
AcDbXrecord
280
     1
102
RTVSPost2010Prop28
280
     0
102
RTVSPost2010PropOp28
 70
     1
102
RTVSPost2010Prop29
280
     1
102
RTVSPost2010PropOp29
 70
     1
102
RTVSPost2010Prop30
280
     1
102
RTVSPost2010PropOp30
 70
     1
102
RTVSPost2010Prop31
280
     0
102
RTVSPost2010PropOp31
 70
     1
102
RTVSPost2010Prop32
280
     0
102
RTVSPost2010PropOp32
 70
     1
102
RTVSPost2010Prop33
280
     0
102
RTVSPost2010PropOp33
 70
     1
102
RTVSPost2010Prop34
280
     0
102
RTVSPost2010PropOp34
 70
     1
102
RTVSPost2010Prop35
280
     0
102
RTVSPost2010PropOp35
 70
     1
102
RTVSPost2010Prop36
280
     0
102
RTVSPost2010PropOp36
 70
     1
102
RTVSPost2010Prop37
 90
       50
102
RTVSPost2010PropOp37
 70
     1
102
RTVSPost2010Prop38
140
0.0
102
RTVSPost2010PropOp38
 70
     1
102
RTVSPost2010Prop39
140
1.0
102
RTVSPost2010PropOp39
 70
     1
102
RTVSPost2010Prop40
 90
        0
102
RTVSPost2010PropOp40
 70
     1
102
RTVSPost2010Prop41ColorIndex
 90
       18
102
RTVSPost2010Prop41ColorRGB
 90
        0
102
RTVSPost2010PropOp41
 70
     1
102
RTVSPost2010Prop42
 90
       50
102
RTVSPost2010PropOp42
 70
     1
102
RTVSPost2010Prop43
 90
        3
102
RTVSPost2010PropOp43
 70
     1
102
RTVSPost2010Prop44ColorIndex
 90
        5
102
RTVSPost2010Prop44ColorRGB
 90
      255
102
RTVSPost2010PropOp44
 70
     1
102
RTVSPost2010Prop45
280
     0
102
RTVSPost2010PropOp45
 70
     1
102
RTVSPost2010Prop46
 90
       50
102
RTVSPost2010PropOp46
 70
     1
102
RTVSPost2010Prop47
 90
       50
102
RTVSPost2010PropOp47
 70
     1
102
RTVSPost2010Prop48
 90
       50
102
RTVSPost2010PropOp48
 70
     1
102
RTVSPost2010Prop49
280
     0
102
RTVSPost2010PropOp49
 70
     1
102
RTVSPost2010Prop50
 90
       50
102
RTVSPost2010PropOp50
 70
     1
102
RTVSPost2010Prop51ColorIndex
 90
      256
102
RTVSPost2010Prop51ColorRGB
 90
-16777216
102
RTVSPost2010PropOp51
 70
     0
102
RTVSPost2010Prop52
140
1.0
102
RTVSPost2010PropOp52
 70
     0
102
RTVSPost2010Prop53
 90
        2
102
RTVSPost2010PropOp53
 70
     1
102
RTVSPost2010Prop54
  1
strokes_ogs.tif
102
RTVSPost2010PropOp54
 70
     1
102
RTVSPost2010Prop55
280
     0
102
RTVSPost2010PropOp55
 70
     1
102
RTVSPost2010Prop56
140
1.0
102
RTVSPost2010PropOp56
 70
     1
102
RTVSPost2010Prop57
140
1.0
102
RTVSPost2010PropOp57
 70
     1
  0
XRECORD
  5
22C0
102
{ACAD_REACTORS
330
22BF
102
}
330
22BF
100
AcDbXrecord
280
     1
102
RTVSPost2010Prop28
280
     0
102
RTVSPost2010PropOp28
 70
     1
102
RTVSPost2010Prop29
280
     1
102
RTVSPost2010PropOp29
 70
     1
102
RTVSPost2010Prop30
280
     1
102
RTVSPost2010PropOp30
 70
     1
102
RTVSPost2010Prop31
280
     0
102
RTVSPost2010PropOp31
 70
     1
102
RTVSPost2010Prop32
280
     0
102
RTVSPost2010PropOp32
 70
     1
102
RTVSPost2010Prop33
280
     0
102
RTVSPost2010PropOp33
 70
     1
102
RTVSPost2010Prop34
280
     0
102
RTVSPost2010PropOp34
 70
     1
102
RTVSPost2010Prop35
280
     0
102
RTVSPost2010PropOp35
 70
     1
102
RTVSPost2010Prop36
280
     0
102
RTVSPost2010PropOp36
 70
     1
102
RTVSPost2010Prop37
 90
       50
102
RTVSPost2010PropOp37
 70
     1
102
RTVSPost2010Prop38
140
0.0
102
RTVSPost2010PropOp38
 70
     1
102
RTVSPost2010Prop39
140
1.0
102
RTVSPost2010PropOp39
 70
     1
102
RTVSPost2010Prop40
 90
        0
102
RTVSPost2010PropOp40
 70
     1
102
RTVSPost2010Prop41ColorIndex
 90
       18
102
RTVSPost2010Prop41ColorRGB
 90
        0
102
RTVSPost2010PropOp41
 70
     1
102
RTVSPost2010Prop42
 90
       50
102
RTVSPost2010PropOp42
 70
     1
102
RTVSPost2010Prop43
 90
        3
102
RTVSPost2010PropOp43
 70
     1
102
RTVSPost2010Prop44ColorIndex
 90
        5
102
RTVSPost2010Prop44ColorRGB
 90
      255
102
RTVSPost2010PropOp44
 70
     1
102
RTVSPost2010Prop45
280
     0
102
RTVSPost2010PropOp45
 70
     1
102
RTVSPost2010Prop46
 90
       50
102
RTVSPost2010PropOp46
 70
     1
102
RTVSPost2010Prop47
 90
       50
102
RTVSPost2010PropOp47
 70
     1
102
RTVSPost2010Prop48
 90
       50
102
RTVSPost2010PropOp48
 70
     1
102
RTVSPost2010Prop49
280
     0
102
RTVSPost2010PropOp49
 70
     1
102
RTVSPost2010Prop50
 90
       50
102
RTVSPost2010PropOp50
 70
     1
102
RTVSPost2010Prop51ColorIndex
 90
      256
102
RTVSPost2010Prop51ColorRGB
 90
-16777216
102
RTVSPost2010PropOp51
 70
     0
102
RTVSPost2010Prop52
140
1.0
102
RTVSPost2010PropOp52
 70
     0
102
RTVSPost2010Prop53
 90
        2
102
RTVSPost2010PropOp53
 70
     1
102
RTVSPost2010Prop54
  1
strokes_ogs.tif
102
RTVSPost2010PropOp54
 70
     1
102
RTVSPost2010Prop55
280
     0
102
RTVSPost2010PropOp55
 70
     1
102
RTVSPost2010Prop56
140
1.0
102
RTVSPost2010PropOp56
 70
     1
102
RTVSPost2010Prop57
140
1.0
102
RTVSPost2010PropOp57
 70
     1
  0
XRECORD
  5
22C2
102
{ACAD_REACTORS
330
22C1
102
}
330
22C1
100
AcDbXrecord
280
     1
102
RTVSPost2010Prop28
280
     0
102
RTVSPost2010PropOp28
 70
     1
102
RTVSPost2010Prop29
280
     1
102
RTVSPost2010PropOp29
 70
     1
102
RTVSPost2010Prop30
280
     1
102
RTVSPost2010PropOp30
 70
     1
102
RTVSPost2010Prop31
280
     0
102
RTVSPost2010PropOp31
 70
     1
102
RTVSPost2010Prop32
280
     0
102
RTVSPost2010PropOp32
 70
     1
102
RTVSPost2010Prop33
280
     0
102
RTVSPost2010PropOp33
 70
     1
102
RTVSPost2010Prop34
280
     0
102
RTVSPost2010PropOp34
 70
     1
102
RTVSPost2010Prop35
280
     0
102
RTVSPost2010PropOp35
 70
     1
102
RTVSPost2010Prop36
280
     0
102
RTVSPost2010PropOp36
 70
     1
102
RTVSPost2010Prop37
 90
       50
102
RTVSPost2010PropOp37
 70
     1
102
RTVSPost2010Prop38
140
0.0
102
RTVSPost2010PropOp38
 70
     1
102
RTVSPost2010Prop39
140
1.0
102
RTVSPost2010PropOp39
 70
     1
102
RTVSPost2010Prop40
 90
        0
102
RTVSPost2010PropOp40
 70
     1
102
RTVSPost2010Prop41ColorIndex
 90
       18
102
RTVSPost2010Prop41ColorRGB
 90
        0
102
RTVSPost2010PropOp41
 70
     1
102
RTVSPost2010Prop42
 90
       50
102
RTVSPost2010PropOp42
 70
     1
102
RTVSPost2010Prop43
 90
        3
102
RTVSPost2010PropOp43
 70
     1
102
RTVSPost2010Prop44ColorIndex
 90
        5
102
RTVSPost2010Prop44ColorRGB
 90
      255
102
RTVSPost2010PropOp44
 70
     1
102
RTVSPost2010Prop45
280
     0
102
RTVSPost2010PropOp45
 70
     1
102
RTVSPost2010Prop46
 90
       50
102
RTVSPost2010PropOp46
 70
     1
102
RTVSPost2010Prop47
 90
       50
102
RTVSPost2010PropOp47
 70
     1
102
RTVSPost2010Prop48
 90
       50
102
RTVSPost2010PropOp48
 70
     1
102
RTVSPost2010Prop49
280
     0
102
RTVSPost2010PropOp49
 70
     1
102
RTVSPost2010Prop50
 90
       50
102
RTVSPost2010PropOp50
 70
     1
102
RTVSPost2010Prop51ColorIndex
 90
      256
102
RTVSPost2010Prop51ColorRGB
 90
-16777216
102
RTVSPost2010PropOp51
 70
     0
102
RTVSPost2010Prop52
140
1.0
102
RTVSPost2010PropOp52
 70
     0
102
RTVSPost2010Prop53
 90
        2
102
RTVSPost2010PropOp53
 70
     1
102
RTVSPost2010Prop54
  1
strokes_ogs.tif
102
RTVSPost2010PropOp54
 70
     1
102
RTVSPost2010Prop55
280
     0
102
RTVSPost2010PropOp55
 70
     1
102
RTVSPost2010Prop56
140
1.0
102
RTVSPost2010PropOp56
 70
     1
102
RTVSPost2010Prop57
140
1.0
102
RTVSPost2010PropOp57
 70
     1
  0
XRECORD
  5
22C4
102
{ACAD_REACTORS
330
22C3
102
}
330
22C3
100
AcDbXrecord
280
     1
102
RTVSPost2010Prop28
280
     0
102
RTVSPost2010PropOp28
 70
     1
102
RTVSPost2010Prop29
280
     1
102
RTVSPost2010PropOp29
 70
     1
102
RTVSPost2010Prop30
280
     1
102
RTVSPost2010PropOp30
 70
     1
102
RTVSPost2010Prop31
280
     0
102
RTVSPost2010PropOp31
 70
     1
102
RTVSPost2010Prop32
280
     0
102
RTVSPost2010PropOp32
 70
     1
102
RTVSPost2010Prop33
280
     0
102
RTVSPost2010PropOp33
 70
     1
102
RTVSPost2010Prop34
280
     0
102
RTVSPost2010PropOp34
 70
     1
102
RTVSPost2010Prop35
280
     0
102
RTVSPost2010PropOp35
 70
     1
102
RTVSPost2010Prop36
280
     0
102
RTVSPost2010PropOp36
 70
     1
102
RTVSPost2010Prop37
 90
       50
102
RTVSPost2010PropOp37
 70
     1
102
RTVSPost2010Prop38
140
0.0
102
RTVSPost2010PropOp38
 70
     1
102
RTVSPost2010Prop39
140
1.0
102
RTVSPost2010PropOp39
 70
     1
102
RTVSPost2010Prop40
 90
        0
102
RTVSPost2010PropOp40
 70
     1
102
RTVSPost2010Prop41ColorIndex
 90
       18
102
RTVSPost2010Prop41ColorRGB
 90
        0
102
RTVSPost2010PropOp41
 70
     1
102
RTVSPost2010Prop42
 90
       50
102
RTVSPost2010PropOp42
 70
     1
102
RTVSPost2010Prop43
 90
        3
102
RTVSPost2010PropOp43
 70
     1
102
RTVSPost2010Prop44ColorIndex
 90
        5
102
RTVSPost2010Prop44ColorRGB
 90
      255
102
RTVSPost2010PropOp44
 70
     1
102
RTVSPost2010Prop45
280
     0
102
RTVSPost2010PropOp45
 70
     1
102
RTVSPost2010Prop46
 90
       50
102
RTVSPost2010PropOp46
 70
     1
102
RTVSPost2010Prop47
 90
       50
102
RTVSPost2010PropOp47
 70
     1
102
RTVSPost2010Prop48
 90
       50
102
RTVSPost2010PropOp48
 70
     1
102
RTVSPost2010Prop49
280
     0
102
RTVSPost2010PropOp49
 70
     1
102
RTVSPost2010Prop50
 90
       50
102
RTVSPost2010PropOp50
 70
     1
102
RTVSPost2010Prop51ColorIndex
 90
      256
102
RTVSPost2010Prop51ColorRGB
 90
-16777216
102
RTVSPost2010PropOp51
 70
     0
102
RTVSPost2010Prop52
140
1.0
102
RTVSPost2010PropOp52
 70
     0
102
RTVSPost2010Prop53
 90
        2
102
RTVSPost2010PropOp53
 70
     1
102
RTVSPost2010Prop54
  1
strokes_ogs.tif
102
RTVSPost2010PropOp54
 70
     1
102
RTVSPost2010Prop55
280
     0
102
RTVSPost2010PropOp55
 70
     1
102
RTVSPost2010Prop56
140
1.0
102
RTVSPost2010PropOp56
 70
     1
102
RTVSPost2010Prop57
140
1.0
102
RTVSPost2010PropOp57
 70
     1
  0
XRECORD
  5
22C6
102
{ACAD_REACTORS
330
22C5
102
}
330
22C5
100
AcDbXrecord
280
     1
102
RTVSPost2010Prop28
280
     0
102
RTVSPost2010PropOp28
 70
     1
102
RTVSPost2010Prop29
280
     1
102
RTVSPost2010PropOp29
 70
     1
102
RTVSPost2010Prop30
280
     1
102
RTVSPost2010PropOp30
 70
     1
102
RTVSPost2010Prop31
280
     0
102
RTVSPost2010PropOp31
 70
     1
102
RTVSPost2010Prop32
280
     0
102
RTVSPost2010PropOp32
 70
     1
102
RTVSPost2010Prop33
280
     0
102
RTVSPost2010PropOp33
 70
     1
102
RTVSPost2010Prop34
280
     0
102
RTVSPost2010PropOp34
 70
     1
102
RTVSPost2010Prop35
280
     0
102
RTVSPost2010PropOp35
 70
     1
102
RTVSPost2010Prop36
280
     0
102
RTVSPost2010PropOp36
 70
     1
102
RTVSPost2010Prop37
 90
       50
102
RTVSPost2010PropOp37
 70
     1
102
RTVSPost2010Prop38
140
0.0
102
RTVSPost2010PropOp38
 70
     1
102
RTVSPost2010Prop39
140
1.0
102
RTVSPost2010PropOp39
 70
     1
102
RTVSPost2010Prop40
 90
        0
102
RTVSPost2010PropOp40
 70
     1
102
RTVSPost2010Prop41ColorIndex
 90
       18
102
RTVSPost2010Prop41ColorRGB
 90
        0
102
RTVSPost2010PropOp41
 70
     1
102
RTVSPost2010Prop42
 90
       50
102
RTVSPost2010PropOp42
 70
     1
102
RTVSPost2010Prop43
 90
        3
102
RTVSPost2010PropOp43
 70
     1
102
RTVSPost2010Prop44ColorIndex
 90
        5
102
RTVSPost2010Prop44ColorRGB
 90
      255
102
RTVSPost2010PropOp44
 70
     1
102
RTVSPost2010Prop45
280
     0
102
RTVSPost2010PropOp45
 70
     1
102
RTVSPost2010Prop46
 90
       50
102
RTVSPost2010PropOp46
 70
     1
102
RTVSPost2010Prop47
 90
       50
102
RTVSPost2010PropOp47
 70
     1
102
RTVSPost2010Prop48
 90
       50
102
RTVSPost2010PropOp48
 70
     1
102
RTVSPost2010Prop49
280
     0
102
RTVSPost2010PropOp49
 70
     1
102
RTVSPost2010Prop50
 90
       50
102
RTVSPost2010PropOp50
 70
     1
102
RTVSPost2010Prop51ColorIndex
 90
      256
102
RTVSPost2010Prop51ColorRGB
 90
-16777216
102
RTVSPost2010PropOp51
 70
     0
102
RTVSPost2010Prop52
140
1.0
102
RTVSPost2010PropOp52
 70
     0
102
RTVSPost2010Prop53
 90
        2
102
RTVSPost2010PropOp53
 70
     1
102
RTVSPost2010Prop54
  1
strokes_ogs.tif
102
RTVSPost2010PropOp54
 70
     1
102
RTVSPost2010Prop55
280
     0
102
RTVSPost2010PropOp55
 70
     1
102
RTVSPost2010Prop56
140
1.0
102
RTVSPost2010PropOp56
 70
     1
102
RTVSPost2010Prop57
140
1.0
102
RTVSPost2010PropOp57
 70
     1
  0
XRECORD
  5
22CE
102
{ACAD_REACTORS
330
22CD
102
}
330
22CD
100
AcDbXrecord
280
     1
102
RTVSPost2010Prop28
280
     0
102
RTVSPost2010PropOp28
 70
     1
102
RTVSPost2010Prop29
280
     1
102
RTVSPost2010PropOp29
 70
     1
102
RTVSPost2010Prop30
280
     1
102
RTVSPost2010PropOp30
 70
     1
102
RTVSPost2010Prop31
280
     0
102
RTVSPost2010PropOp31
 70
     1
102
RTVSPost2010Prop32
280
     0
102
RTVSPost2010PropOp32
 70
     1
102
RTVSPost2010Prop33
280
     0
102
RTVSPost2010PropOp33
 70
     1
102
RTVSPost2010Prop34
280
     0
102
RTVSPost2010PropOp34
 70
     1
102
RTVSPost2010Prop35
280
     0
102
RTVSPost2010PropOp35
 70
     1
102
RTVSPost2010Prop36
280
     0
102
RTVSPost2010PropOp36
 70
     1
102
RTVSPost2010Prop37
 90
       50
102
RTVSPost2010PropOp37
 70
     1
102
RTVSPost2010Prop38
140
0.0
102
RTVSPost2010PropOp38
 70
     1
102
RTVSPost2010Prop39
140
1.0
102
RTVSPost2010PropOp39
 70
     1
102
RTVSPost2010Prop40
 90
        0
102
RTVSPost2010PropOp40
 70
     1
102
RTVSPost2010Prop41ColorIndex
 90
       18
102
RTVSPost2010Prop41ColorRGB
 90
        0
102
RTVSPost2010PropOp41
 70
     1
102
RTVSPost2010Prop42
 90
       50
102
RTVSPost2010PropOp42
 70
     1
102
RTVSPost2010Prop43
 90
        3
102
RTVSPost2010PropOp43
 70
     1
102
RTVSPost2010Prop44ColorIndex
 90
        5
102
RTVSPost2010Prop44ColorRGB
 90
      255
102
RTVSPost2010PropOp44
 70
     1
102
RTVSPost2010Prop45
280
     0
102
RTVSPost2010PropOp45
 70
     1
102
RTVSPost2010Prop46
 90
       50
102
RTVSPost2010PropOp46
 70
     1
102
RTVSPost2010Prop47
 90
       50
102
RTVSPost2010PropOp47
 70
     1
102
RTVSPost2010Prop48
 90
       50
102
RTVSPost2010PropOp48
 70
     1
102
RTVSPost2010Prop49
280
     0
102
RTVSPost2010PropOp49
 70
     1
102
RTVSPost2010Prop50
 90
       50
102
RTVSPost2010PropOp50
 70
     1
102
RTVSPost2010Prop51ColorIndex
 90
      256
102
RTVSPost2010Prop51ColorRGB
 90
-16777216
102
RTVSPost2010PropOp51
 70
     0
102
RTVSPost2010Prop52
140
1.0
102
RTVSPost2010PropOp52
 70
     0
102
RTVSPost2010Prop53
 90
        2
102
RTVSPost2010PropOp53
 70
     1
102
RTVSPost2010Prop54
  1
strokes_ogs.tif
102
RTVSPost2010PropOp54
 70
     1
102
RTVSPost2010Prop55
280
     0
102
RTVSPost2010PropOp55
 70
     1
102
RTVSPost2010Prop56
140
1.0
102
RTVSPost2010PropOp56
 70
     1
102
RTVSPost2010Prop57
140
1.0
102
RTVSPost2010PropOp57
 70
     1
  0
XRECORD
  5
22E0
102
{ACAD_REACTORS
330
22DF
102
}
330
22DF
100
AcDbXrecord
280
     1
102
RTVSPost2010Prop28
280
     0
102
RTVSPost2010PropOp28
 70
     1
102
RTVSPost2010Prop29
280
     1
102
RTVSPost2010PropOp29
 70
     1
102
RTVSPost2010Prop30
280
     1
102
RTVSPost2010PropOp30
 70
     1
102
RTVSPost2010Prop31
280
     0
102
RTVSPost2010PropOp31
 70
     1
102
RTVSPost2010Prop32
280
     0
102
RTVSPost2010PropOp32
 70
     1
102
RTVSPost2010Prop33
280
     0
102
RTVSPost2010PropOp33
 70
     1
102
RTVSPost2010Prop34
280
     0
102
RTVSPost2010PropOp34
 70
     1
102
RTVSPost2010Prop35
280
     0
102
RTVSPost2010PropOp35
 70
     1
102
RTVSPost2010Prop36
280
     0
102
RTVSPost2010PropOp36
 70
     1
102
RTVSPost2010Prop37
 90
       50
102
RTVSPost2010PropOp37
 70
     1
102
RTVSPost2010Prop38
140
0.0
102
RTVSPost2010PropOp38
 70
     1
102
RTVSPost2010Prop39
140
1.0
102
RTVSPost2010PropOp39
 70
     1
102
RTVSPost2010Prop40
 90
        0
102
RTVSPost2010PropOp40
 70
     1
102
RTVSPost2010Prop41ColorIndex
 90
       18
102
RTVSPost2010Prop41ColorRGB
 90
        0
102
RTVSPost2010PropOp41
 70
     1
102
RTVSPost2010Prop42
 90
       50
102
RTVSPost2010PropOp42
 70
     1
102
RTVSPost2010Prop43
 90
        3
102
RTVSPost2010PropOp43
 70
     1
102
RTVSPost2010Prop44ColorIndex
 90
        5
102
RTVSPost2010Prop44ColorRGB
 90
      255
102
RTVSPost2010PropOp44
 70
     1
102
RTVSPost2010Prop45
280
     0
102
RTVSPost2010PropOp45
 70
     1
102
RTVSPost2010Prop46
 90
       50
102
RTVSPost2010PropOp46
 70
     1
102
RTVSPost2010Prop47
 90
       50
102
RTVSPost2010PropOp47
 70
     1
102
RTVSPost2010Prop48
 90
       50
102
RTVSPost2010PropOp48
 70
     1
102
RTVSPost2010Prop49
280
     0
102
RTVSPost2010PropOp49
 70
     1
102
RTVSPost2010Prop50
 90
       50
102
RTVSPost2010PropOp50
 70
     1
102
RTVSPost2010Prop51ColorIndex
 90
      256
102
RTVSPost2010Prop51ColorRGB
 90
-16777216
102
RTVSPost2010PropOp51
 70
     0
102
RTVSPost2010Prop52
140
1.0
102
RTVSPost2010PropOp52
 70
     0
102
RTVSPost2010Prop53
 90
        2
102
RTVSPost2010PropOp53
 70
     1
102
RTVSPost2010Prop54
  1
strokes_ogs.tif
102
RTVSPost2010PropOp54
 70
     1
102
RTVSPost2010Prop55
280
     0
102
RTVSPost2010PropOp55
 70
     1
102
RTVSPost2010Prop56
140
1.0
102
RTVSPost2010PropOp56
 70
     1
102
RTVSPost2010Prop57
140
1.0
102
RTVSPost2010PropOp57
 70
     1
  0
XRECORD
  5
22DA
102
{ACAD_REACTORS
330
22D9
102
}
330
22D9
100
AcDbXrecord
280
     1
102
RTVSPost2010Prop28
280
     0
102
RTVSPost2010PropOp28
 70
     1
102
RTVSPost2010Prop29
280
     1
102
RTVSPost2010PropOp29
 70
     1
102
RTVSPost2010Prop30
280
     1
102
RTVSPost2010PropOp30
 70
     1
102
RTVSPost2010Prop31
280
     0
102
RTVSPost2010PropOp31
 70
     1
102
RTVSPost2010Prop32
280
     0
102
RTVSPost2010PropOp32
 70
     1
102
RTVSPost2010Prop33
280
     0
102
RTVSPost2010PropOp33
 70
     1
102
RTVSPost2010Prop34
280
     0
102
RTVSPost2010PropOp34
 70
     1
102
RTVSPost2010Prop35
280
     0
102
RTVSPost2010PropOp35
 70
     1
102
RTVSPost2010Prop36
280
     0
102
RTVSPost2010PropOp36
 70
     1
102
RTVSPost2010Prop37
 90
       50
102
RTVSPost2010PropOp37
 70
     1
102
RTVSPost2010Prop38
140
0.0
102
RTVSPost2010PropOp38
 70
     1
102
RTVSPost2010Prop39
140
1.0
102
RTVSPost2010PropOp39
 70
     1
102
RTVSPost2010Prop40
 90
        0
102
RTVSPost2010PropOp40
 70
     1
102
RTVSPost2010Prop41ColorIndex
 90
       18
102
RTVSPost2010Prop41ColorRGB
 90
        0
102
RTVSPost2010PropOp41
 70
     1
102
RTVSPost2010Prop42
 90
       50
102
RTVSPost2010PropOp42
 70
     1
102
RTVSPost2010Prop43
 90
        3
102
RTVSPost2010PropOp43
 70
     1
102
RTVSPost2010Prop44ColorIndex
 90
        5
102
RTVSPost2010Prop44ColorRGB
 90
      255
102
RTVSPost2010PropOp44
 70
     1
102
RTVSPost2010Prop45
280
     0
102
RTVSPost2010PropOp45
 70
     1
102
RTVSPost2010Prop46
 90
       50
102
RTVSPost2010PropOp46
 70
     1
102
RTVSPost2010Prop47
 90
       50
102
RTVSPost2010PropOp47
 70
     1
102
RTVSPost2010Prop48
 90
       50
102
RTVSPost2010PropOp48
 70
     1
102
RTVSPost2010Prop49
280
     0
102
RTVSPost2010PropOp49
 70
     1
102
RTVSPost2010Prop50
 90
       50
102
RTVSPost2010PropOp50
 70
     1
102
RTVSPost2010Prop51ColorIndex
 90
      256
102
RTVSPost2010Prop51ColorRGB
 90
-16777216
102
RTVSPost2010PropOp51
 70
     0
102
RTVSPost2010Prop52
140
1.0
102
RTVSPost2010PropOp52
 70
     0
102
RTVSPost2010Prop53
 90
        2
102
RTVSPost2010PropOp53
 70
     1
102
RTVSPost2010Prop54
  1
strokes_ogs.tif
102
RTVSPost2010PropOp54
 70
     1
102
RTVSPost2010Prop55
280
     0
102
RTVSPost2010PropOp55
 70
     1
102
RTVSPost2010Prop56
140
1.0
102
RTVSPost2010PropOp56
 70
     1
102
RTVSPost2010Prop57
140
1.0
102
RTVSPost2010PropOp57
 70
     1
  0
XRECORD
  5
22E2
102
{ACAD_REACTORS
330
22E1
102
}
330
22E1
100
AcDbXrecord
280
     1
102
RTVSPost2010Prop28
280
     0
102
RTVSPost2010PropOp28
 70
     1
102
RTVSPost2010Prop29
280
     1
102
RTVSPost2010PropOp29
 70
     1
102
RTVSPost2010Prop30
280
     1
102
RTVSPost2010PropOp30
 70
     1
102
RTVSPost2010Prop31
280
     0
102
RTVSPost2010PropOp31
 70
     1
102
RTVSPost2010Prop32
280
     0
102
RTVSPost2010PropOp32
 70
     1
102
RTVSPost2010Prop33
280
     0
102
RTVSPost2010PropOp33
 70
     1
102
RTVSPost2010Prop34
280
     0
102
RTVSPost2010PropOp34
 70
     1
102
RTVSPost2010Prop35
280
     0
102
RTVSPost2010PropOp35
 70
     1
102
RTVSPost2010Prop36
280
     0
102
RTVSPost2010PropOp36
 70
     1
102
RTVSPost2010Prop37
 90
       50
102
RTVSPost2010PropOp37
 70
     1
102
RTVSPost2010Prop38
140
0.0
102
RTVSPost2010PropOp38
 70
     1
102
RTVSPost2010Prop39
140
1.0
102
RTVSPost2010PropOp39
 70
     1
102
RTVSPost2010Prop40
 90
        0
102
RTVSPost2010PropOp40
 70
     1
102
RTVSPost2010Prop41ColorIndex
 90
       18
102
RTVSPost2010Prop41ColorRGB
 90
        0
102
RTVSPost2010PropOp41
 70
     1
102
RTVSPost2010Prop42
 90
       50
102
RTVSPost2010PropOp42
 70
     1
102
RTVSPost2010Prop43
 90
        3
102
RTVSPost2010PropOp43
 70
     1
102
RTVSPost2010Prop44ColorIndex
 90
        5
102
RTVSPost2010Prop44ColorRGB
 90
      255
102
RTVSPost2010PropOp44
 70
     1
102
RTVSPost2010Prop45
280
     0
102
RTVSPost2010PropOp45
 70
     1
102
RTVSPost2010Prop46
 90
       50
102
RTVSPost2010PropOp46
 70
     1
102
RTVSPost2010Prop47
 90
       50
102
RTVSPost2010PropOp47
 70
     1
102
RTVSPost2010Prop48
 90
       50
102
RTVSPost2010PropOp48
 70
     1
102
RTVSPost2010Prop49
280
     0
102
RTVSPost2010PropOp49
 70
     1
102
RTVSPost2010Prop50
 90
       50
102
RTVSPost2010PropOp50
 70
     1
102
RTVSPost2010Prop51ColorIndex
 90
      256
102
RTVSPost2010Prop51ColorRGB
 90
-16777216
102
RTVSPost2010PropOp51
 70
     0
102
RTVSPost2010Prop52
140
1.0
102
RTVSPost2010PropOp52
 70
     0
102
RTVSPost2010Prop53
 90
        2
102
RTVSPost2010PropOp53
 70
     1
102
RTVSPost2010Prop54
  1
strokes_ogs.tif
102
RTVSPost2010PropOp54
 70
     1
102
RTVSPost2010Prop55
280
     0
102
RTVSPost2010PropOp55
 70
     1
102
RTVSPost2010Prop56
140
1.0
102
RTVSPost2010PropOp56
 70
     1
102
RTVSPost2010Prop57
140
1.0
102
RTVSPost2010PropOp57
 70
     1
  0
XRECORD
  5
22D2
102
{ACAD_REACTORS
330
22D1
102
}
330
22D1
100
AcDbXrecord
280
     1
102
RTVSPost2010Prop28
280
     0
102
RTVSPost2010PropOp28
 70
     1
102
RTVSPost2010Prop29
280
     1
102
RTVSPost2010PropOp29
 70
     1
102
RTVSPost2010Prop30
280
     1
102
RTVSPost2010PropOp30
 70
     1
102
RTVSPost2010Prop31
280
     0
102
RTVSPost2010PropOp31
 70
     1
102
RTVSPost2010Prop32
280
     0
102
RTVSPost2010PropOp32
 70
     1
102
RTVSPost2010Prop33
280
     0
102
RTVSPost2010PropOp33
 70
     1
102
RTVSPost2010Prop34
280
     0
102
RTVSPost2010PropOp34
 70
     1
102
RTVSPost2010Prop35
280
     0
102
RTVSPost2010PropOp35
 70
     1
102
RTVSPost2010Prop36
280
     0
102
RTVSPost2010PropOp36
 70
     1
102
RTVSPost2010Prop37
 90
       50
102
RTVSPost2010PropOp37
 70
     1
102
RTVSPost2010Prop38
140
0.0
102
RTVSPost2010PropOp38
 70
     1
102
RTVSPost2010Prop39
140
1.0
102
RTVSPost2010PropOp39
 70
     1
102
RTVSPost2010Prop40
 90
        0
102
RTVSPost2010PropOp40
 70
     1
102
RTVSPost2010Prop41ColorIndex
 90
       18
102
RTVSPost2010Prop41ColorRGB
 90
        0
102
RTVSPost2010PropOp41
 70
     1
102
RTVSPost2010Prop42
 90
       50
102
RTVSPost2010PropOp42
 70
     1
102
RTVSPost2010Prop43
 90
        3
102
RTVSPost2010PropOp43
 70
     1
102
RTVSPost2010Prop44ColorIndex
 90
        5
102
RTVSPost2010Prop44ColorRGB
 90
      255
102
RTVSPost2010PropOp44
 70
     1
102
RTVSPost2010Prop45
280
     0
102
RTVSPost2010PropOp45
 70
     1
102
RTVSPost2010Prop46
 90
       50
102
RTVSPost2010PropOp46
 70
     1
102
RTVSPost2010Prop47
 90
       50
102
RTVSPost2010PropOp47
 70
     1
102
RTVSPost2010Prop48
 90
       50
102
RTVSPost2010PropOp48
 70
     1
102
RTVSPost2010Prop49
280
     0
102
RTVSPost2010PropOp49
 70
     1
102
RTVSPost2010Prop50
 90
       50
102
RTVSPost2010PropOp50
 70
     1
102
RTVSPost2010Prop51ColorIndex
 90
      256
102
RTVSPost2010Prop51ColorRGB
 90
-16777216
102
RTVSPost2010PropOp51
 70
     0
102
RTVSPost2010Prop52
140
1.0
102
RTVSPost2010PropOp52
 70
     0
102
RTVSPost2010Prop53
 90
        2
102
RTVSPost2010PropOp53
 70
     1
102
RTVSPost2010Prop54
  1
strokes_ogs.tif
102
RTVSPost2010PropOp54
 70
     1
102
RTVSPost2010Prop55
280
     0
102
RTVSPost2010PropOp55
 70
     1
102
RTVSPost2010Prop56
140
1.0
102
RTVSPost2010PropOp56
 70
     1
102
RTVSPost2010Prop57
140
1.0
102
RTVSPost2010PropOp57
 70
     1
  0
XRECORD
  5
22EE
102
{ACAD_REACTORS
330
22ED
102
}
330
22ED
100
AcDbXrecord
280
     1
102
RTVSPost2010Prop28
280
     0
102
RTVSPost2010PropOp28
 70
     1
102
RTVSPost2010Prop29
280
     1
102
RTVSPost2010PropOp29
 70
     1
102
RTVSPost2010Prop30
280
     1
102
RTVSPost2010PropOp30
 70
     1
102
RTVSPost2010Prop31
280
     0
102
RTVSPost2010PropOp31
 70
     1
102
RTVSPost2010Prop32
280
     0
102
RTVSPost2010PropOp32
 70
     1
102
RTVSPost2010Prop33
280
     0
102
RTVSPost2010PropOp33
 70
     1
102
RTVSPost2010Prop34
280
     0
102
RTVSPost2010PropOp34
 70
     1
102
RTVSPost2010Prop35
280
     0
102
RTVSPost2010PropOp35
 70
     1
102
RTVSPost2010Prop36
280
     0
102
RTVSPost2010PropOp36
 70
     1
102
RTVSPost2010Prop37
 90
       50
102
RTVSPost2010PropOp37
 70
     1
102
RTVSPost2010Prop38
140
0.0
102
RTVSPost2010PropOp38
 70
     1
102
RTVSPost2010Prop39
140
1.0
102
RTVSPost2010PropOp39
 70
     1
102
RTVSPost2010Prop40
 90
        0
102
RTVSPost2010PropOp40
 70
     1
102
RTVSPost2010Prop41ColorIndex
 90
       18
102
RTVSPost2010Prop41ColorRGB
 90
        0
102
RTVSPost2010PropOp41
 70
     1
102
RTVSPost2010Prop42
 90
       50
102
RTVSPost2010PropOp42
 70
     1
102
RTVSPost2010Prop43
 90
        3
102
RTVSPost2010PropOp43
 70
     1
102
RTVSPost2010Prop44ColorIndex
 90
        5
102
RTVSPost2010Prop44ColorRGB
 90
      255
102
RTVSPost2010PropOp44
 70
     1
102
RTVSPost2010Prop45
280
     0
102
RTVSPost2010PropOp45
 70
     1
102
RTVSPost2010Prop46
 90
       50
102
RTVSPost2010PropOp46
 70
     1
102
RTVSPost2010Prop47
 90
       50
102
RTVSPost2010PropOp47
 70
     1
102
RTVSPost2010Prop48
 90
       50
102
RTVSPost2010PropOp48
 70
     1
102
RTVSPost2010Prop49
280
     0
102
RTVSPost2010PropOp49
 70
     1
102
RTVSPost2010Prop50
 90
       50
102
RTVSPost2010PropOp50
 70
     1
102
RTVSPost2010Prop51ColorIndex
 90
      256
102
RTVSPost2010Prop51ColorRGB
 90
-16777216
102
RTVSPost2010PropOp51
 70
     0
102
RTVSPost2010Prop52
140
1.0
102
RTVSPost2010PropOp52
 70
     0
102
RTVSPost2010Prop53
 90
        2
102
RTVSPost2010PropOp53
 70
     1
102
RTVSPost2010Prop54
  1
strokes_ogs.tif
102
RTVSPost2010PropOp54
 70
     1
102
RTVSPost2010Prop55
280
     0
102
RTVSPost2010PropOp55
 70
     1
102
RTVSPost2010Prop56
140
1.0
102
RTVSPost2010PropOp56
 70
     1
102
RTVSPost2010Prop57
140
1.0
102
RTVSPost2010PropOp57
 70
     1
  0
XRECORD
  5
22EC
102
{ACAD_REACTORS
330
22EB
102
}
330
22EB
100
AcDbXrecord
280
     1
102
RTVSPost2010Prop28
280
     0
102
RTVSPost2010PropOp28
 70
     1
102
RTVSPost2010Prop29
280
     1
102
RTVSPost2010PropOp29
 70
     1
102
RTVSPost2010Prop30
280
     1
102
RTVSPost2010PropOp30
 70
     1
102
RTVSPost2010Prop31
280
     0
102
RTVSPost2010PropOp31
 70
     1
102
RTVSPost2010Prop32
280
     0
102
RTVSPost2010PropOp32
 70
     1
102
RTVSPost2010Prop33
280
     0
102
RTVSPost2010PropOp33
 70
     1
102
RTVSPost2010Prop34
280
     0
102
RTVSPost2010PropOp34
 70
     1
102
RTVSPost2010Prop35
280
     0
102
RTVSPost2010PropOp35
 70
     1
102
RTVSPost2010Prop36
280
     0
102
RTVSPost2010PropOp36
 70
     1
102
RTVSPost2010Prop37
 90
       50
102
RTVSPost2010PropOp37
 70
     1
102
RTVSPost2010Prop38
140
0.0
102
RTVSPost2010PropOp38
 70
     1
102
RTVSPost2010Prop39
140
1.0
102
RTVSPost2010PropOp39
 70
     1
102
RTVSPost2010Prop40
 90
        0
102
RTVSPost2010PropOp40
 70
     1
102
RTVSPost2010Prop41ColorIndex
 90
       18
102
RTVSPost2010Prop41ColorRGB
 90
        0
102
RTVSPost2010PropOp41
 70
     1
102
RTVSPost2010Prop42
 90
       50
102
RTVSPost2010PropOp42
 70
     1
102
RTVSPost2010Prop43
 90
        3
102
RTVSPost2010PropOp43
 70
     1
102
RTVSPost2010Prop44ColorIndex
 90
        5
102
RTVSPost2010Prop44ColorRGB
 90
      255
102
RTVSPost2010PropOp44
 70
     1
102
RTVSPost2010Prop45
280
     0
102
RTVSPost2010PropOp45
 70
     1
102
RTVSPost2010Prop46
 90
       50
102
RTVSPost2010PropOp46
 70
     1
102
RTVSPost2010Prop47
 90
       50
102
RTVSPost2010PropOp47
 70
     1
102
RTVSPost2010Prop48
 90
       50
102
RTVSPost2010PropOp48
 70
     1
102
RTVSPost2010Prop49
280
     0
102
RTVSPost2010PropOp49
 70
     1
102
RTVSPost2010Prop50
 90
       50
102
RTVSPost2010PropOp50
 70
     1
102
RTVSPost2010Prop51ColorIndex
 90
      256
102
RTVSPost2010Prop51ColorRGB
 90
-16777216
102
RTVSPost2010PropOp51
 70
     0
102
RTVSPost2010Prop52
140
1.0
102
RTVSPost2010PropOp52
 70
     0
102
RTVSPost2010Prop53
 90
        2
102
RTVSPost2010PropOp53
 70
     1
102
RTVSPost2010Prop54
  1
strokes_ogs.tif
102
RTVSPost2010PropOp54
 70
     1
102
RTVSPost2010Prop55
280
     0
102
RTVSPost2010PropOp55
 70
     1
102
RTVSPost2010Prop56
140
1.0
102
RTVSPost2010PropOp56
 70
     1
102
RTVSPost2010Prop57
140
1.0
102
RTVSPost2010PropOp57
 70
     1
  0
XRECORD
  5
22E6
102
{ACAD_REACTORS
330
22E5
102
}
330
22E5
100
AcDbXrecord
280
     1
102
RTVSPost2010Prop28
280
     0
102
RTVSPost2010PropOp28
 70
     1
102
RTVSPost2010Prop29
280
     1
102
RTVSPost2010PropOp29
 70
     1
102
RTVSPost2010Prop30
280
     1
102
RTVSPost2010PropOp30
 70
     1
102
RTVSPost2010Prop31
280
     0
102
RTVSPost2010PropOp31
 70
     1
102
RTVSPost2010Prop32
280
     0
102
RTVSPost2010PropOp32
 70
     1
102
RTVSPost2010Prop33
280
     0
102
RTVSPost2010PropOp33
 70
     1
102
RTVSPost2010Prop34
280
     0
102
RTVSPost2010PropOp34
 70
     1
102
RTVSPost2010Prop35
280
     0
102
RTVSPost2010PropOp35
 70
     1
102
RTVSPost2010Prop36
280
     0
102
RTVSPost2010PropOp36
 70
     1
102
RTVSPost2010Prop37
 90
       50
102
RTVSPost2010PropOp37
 70
     1
102
RTVSPost2010Prop38
140
0.0
102
RTVSPost2010PropOp38
 70
     1
102
RTVSPost2010Prop39
140
1.0
102
RTVSPost2010PropOp39
 70
     1
102
RTVSPost2010Prop40
 90
        0
102
RTVSPost2010PropOp40
 70
     1
102
RTVSPost2010Prop41ColorIndex
 90
       18
102
RTVSPost2010Prop41ColorRGB
 90
        0
102
RTVSPost2010PropOp41
 70
     1
102
RTVSPost2010Prop42
 90
       50
102
RTVSPost2010PropOp42
 70
     1
102
RTVSPost2010Prop43
 90
        3
102
RTVSPost2010PropOp43
 70
     1
102
RTVSPost2010Prop44ColorIndex
 90
        5
102
RTVSPost2010Prop44ColorRGB
 90
      255
102
RTVSPost2010PropOp44
 70
     1
102
RTVSPost2010Prop45
280
     0
102
RTVSPost2010PropOp45
 70
     1
102
RTVSPost2010Prop46
 90
       50
102
RTVSPost2010PropOp46
 70
     1
102
RTVSPost2010Prop47
 90
       50
102
RTVSPost2010PropOp47
 70
     1
102
RTVSPost2010Prop48
 90
       50
102
RTVSPost2010PropOp48
 70
     1
102
RTVSPost2010Prop49
280
     0
102
RTVSPost2010PropOp49
 70
     1
102
RTVSPost2010Prop50
 90
       50
102
RTVSPost2010PropOp50
 70
     1
102
RTVSPost2010Prop51ColorIndex
 90
      256
102
RTVSPost2010Prop51ColorRGB
 90
-16777216
102
RTVSPost2010PropOp51
 70
     0
102
RTVSPost2010Prop52
140
1.0
102
RTVSPost2010PropOp52
 70
     0
102
RTVSPost2010Prop53
 90
        2
102
RTVSPost2010PropOp53
 70
     1
102
RTVSPost2010Prop54
  1
strokes_ogs.tif
102
RTVSPost2010PropOp54
 70
     1
102
RTVSPost2010Prop55
280
     0
102
RTVSPost2010PropOp55
 70
     1
102
RTVSPost2010Prop56
140
1.0
102
RTVSPost2010PropOp56
 70
     1
102
RTVSPost2010Prop57
140
1.0
102
RTVSPost2010PropOp57
 70
     1
  0
XRECORD
  5
22E8
102
{ACAD_REACTORS
330
22E7
102
}
330
22E7
100
AcDbXrecord
280
     1
102
RTVSPost2010Prop28
280
     0
102
RTVSPost2010PropOp28
 70
     1
102
RTVSPost2010Prop29
280
     1
102
RTVSPost2010PropOp29
 70
     1
102
RTVSPost2010Prop30
280
     1
102
RTVSPost2010PropOp30
 70
     1
102
RTVSPost2010Prop31
280
     0
102
RTVSPost2010PropOp31
 70
     1
102
RTVSPost2010Prop32
280
     0
102
RTVSPost2010PropOp32
 70
     1
102
RTVSPost2010Prop33
280
     0
102
RTVSPost2010PropOp33
 70
     1
102
RTVSPost2010Prop34
280
     0
102
RTVSPost2010PropOp34
 70
     1
102
RTVSPost2010Prop35
280
     0
102
RTVSPost2010PropOp35
 70
     1
102
RTVSPost2010Prop36
280
     0
102
RTVSPost2010PropOp36
 70
     1
102
RTVSPost2010Prop37
 90
       50
102
RTVSPost2010PropOp37
 70
     1
102
RTVSPost2010Prop38
140
0.0
102
RTVSPost2010PropOp38
 70
     1
102
RTVSPost2010Prop39
140
1.0
102
RTVSPost2010PropOp39
 70
     1
102
RTVSPost2010Prop40
 90
        0
102
RTVSPost2010PropOp40
 70
     1
102
RTVSPost2010Prop41ColorIndex
 90
       18
102
RTVSPost2010Prop41ColorRGB
 90
        0
102
RTVSPost2010PropOp41
 70
     1
102
RTVSPost2010Prop42
 90
       50
102
RTVSPost2010PropOp42
 70
     1
102
RTVSPost2010Prop43
 90
        3
102
RTVSPost2010PropOp43
 70
     1
102
RTVSPost2010Prop44ColorIndex
 90
        5
102
RTVSPost2010Prop44ColorRGB
 90
      255
102
RTVSPost2010PropOp44
 70
     1
102
RTVSPost2010Prop45
280
     0
102
RTVSPost2010PropOp45
 70
     1
102
RTVSPost2010Prop46
 90
       50
102
RTVSPost2010PropOp46
 70
     1
102
RTVSPost2010Prop47
 90
       50
102
RTVSPost2010PropOp47
 70
     1
102
RTVSPost2010Prop48
 90
       50
102
RTVSPost2010PropOp48
 70
     1
102
RTVSPost2010Prop49
280
     0
102
RTVSPost2010PropOp49
 70
     1
102
RTVSPost2010Prop50
 90
       50
102
RTVSPost2010PropOp50
 70
     1
102
RTVSPost2010Prop51ColorIndex
 90
      256
102
RTVSPost2010Prop51ColorRGB
 90
-16777216
102
RTVSPost2010PropOp51
 70
     0
102
RTVSPost2010Prop52
140
1.0
102
RTVSPost2010PropOp52
 70
     0
102
RTVSPost2010Prop53
 90
        2
102
RTVSPost2010PropOp53
 70
     1
102
RTVSPost2010Prop54
  1
strokes_ogs.tif
102
RTVSPost2010PropOp54
 70
     1
102
RTVSPost2010Prop55
280
     0
102
RTVSPost2010PropOp55
 70
     1
102
RTVSPost2010Prop56
140
1.0
102
RTVSPost2010PropOp56
 70
     1
102
RTVSPost2010Prop57
140
1.0
102
RTVSPost2010PropOp57
 70
     1
  0
XRECORD
  5
22D8
102
{ACAD_REACTORS
330
22D7
102
}
330
22D7
100
AcDbXrecord
280
     1
102
RTVSPost2010Prop28
280
     0
102
RTVSPost2010PropOp28
 70
     1
102
RTVSPost2010Prop29
280
     1
102
RTVSPost2010PropOp29
 70
     1
102
RTVSPost2010Prop30
280
     1
102
RTVSPost2010PropOp30
 70
     1
102
RTVSPost2010Prop31
280
     0
102
RTVSPost2010PropOp31
 70
     1
102
RTVSPost2010Prop32
280
     0
102
RTVSPost2010PropOp32
 70
     1
102
RTVSPost2010Prop33
280
     0
102
RTVSPost2010PropOp33
 70
     1
102
RTVSPost2010Prop34
280
     0
102
RTVSPost2010PropOp34
 70
     1
102
RTVSPost2010Prop35
280
     0
102
RTVSPost2010PropOp35
 70
     1
102
RTVSPost2010Prop36
280
     0
102
RTVSPost2010PropOp36
 70
     1
102
RTVSPost2010Prop37
 90
       50
102
RTVSPost2010PropOp37
 70
     1
102
RTVSPost2010Prop38
140
0.0
102
RTVSPost2010PropOp38
 70
     1
102
RTVSPost2010Prop39
140
1.0
102
RTVSPost2010PropOp39
 70
     1
102
RTVSPost2010Prop40
 90
        0
102
RTVSPost2010PropOp40
 70
     1
102
RTVSPost2010Prop41ColorIndex
 90
       18
102
RTVSPost2010Prop41ColorRGB
 90
        0
102
RTVSPost2010PropOp41
 70
     1
102
RTVSPost2010Prop42
 90
       50
102
RTVSPost2010PropOp42
 70
     1
102
RTVSPost2010Prop43
 90
        3
102
RTVSPost2010PropOp43
 70
     1
102
RTVSPost2010Prop44ColorIndex
 90
        5
102
RTVSPost2010Prop44ColorRGB
 90
      255
102
RTVSPost2010PropOp44
 70
     1
102
RTVSPost2010Prop45
280
     0
102
RTVSPost2010PropOp45
 70
     1
102
RTVSPost2010Prop46
 90
       50
102
RTVSPost2010PropOp46
 70
     1
102
RTVSPost2010Prop47
 90
       50
102
RTVSPost2010PropOp47
 70
     1
102
RTVSPost2010Prop48
 90
       50
102
RTVSPost2010PropOp48
 70
     1
102
RTVSPost2010Prop49
280
     0
102
RTVSPost2010PropOp49
 70
     1
102
RTVSPost2010Prop50
 90
       50
102
RTVSPost2010PropOp50
 70
     1
102
RTVSPost2010Prop51ColorIndex
 90
      256
102
RTVSPost2010Prop51ColorRGB
 90
-16777216
102
RTVSPost2010PropOp51
 70
     0
102
RTVSPost2010Prop52
140
1.0
102
RTVSPost2010PropOp52
 70
     0
102
RTVSPost2010Prop53
 90
        2
102
RTVSPost2010PropOp53
 70
     1
102
RTVSPost2010Prop54
  1
strokes_ogs.tif
102
RTVSPost2010PropOp54
 70
     1
102
RTVSPost2010Prop55
280
     0
102
RTVSPost2010PropOp55
 70
     1
102
RTVSPost2010Prop56
140
1.0
102
RTVSPost2010PropOp56
 70
     1
102
RTVSPost2010Prop57
140
1.0
102
RTVSPost2010PropOp57
 70
     1
  0
XRECORD
  5
22CC
102
{ACAD_REACTORS
330
22CB
102
}
330
22CB
100
AcDbXrecord
280
     1
102
RTVSPost2010Prop28
280
     0
102
RTVSPost2010PropOp28
 70
     1
102
RTVSPost2010Prop29
280
     1
102
RTVSPost2010PropOp29
 70
     1
102
RTVSPost2010Prop30
280
     1
102
RTVSPost2010PropOp30
 70
     1
102
RTVSPost2010Prop31
280
     0
102
RTVSPost2010PropOp31
 70
     1
102
RTVSPost2010Prop32
280
     0
102
RTVSPost2010PropOp32
 70
     1
102
RTVSPost2010Prop33
280
     0
102
RTVSPost2010PropOp33
 70
     1
102
RTVSPost2010Prop34
280
     0
102
RTVSPost2010PropOp34
 70
     1
102
RTVSPost2010Prop35
280
     0
102
RTVSPost2010PropOp35
 70
     1
102
RTVSPost2010Prop36
280
     0
102
RTVSPost2010PropOp36
 70
     1
102
RTVSPost2010Prop37
 90
       50
102
RTVSPost2010PropOp37
 70
     1
102
RTVSPost2010Prop38
140
0.0
102
RTVSPost2010PropOp38
 70
     1
102
RTVSPost2010Prop39
140
1.0
102
RTVSPost2010PropOp39
 70
     1
102
RTVSPost2010Prop40
 90
        0
102
RTVSPost2010PropOp40
 70
     1
102
RTVSPost2010Prop41ColorIndex
 90
       18
102
RTVSPost2010Prop41ColorRGB
 90
        0
102
RTVSPost2010PropOp41
 70
     1
102
RTVSPost2010Prop42
 90
       50
102
RTVSPost2010PropOp42
 70
     1
102
RTVSPost2010Prop43
 90
        3
102
RTVSPost2010PropOp43
 70
     1
102
RTVSPost2010Prop44ColorIndex
 90
        5
102
RTVSPost2010Prop44ColorRGB
 90
      255
102
RTVSPost2010PropOp44
 70
     1
102
RTVSPost2010Prop45
280
     0
102
RTVSPost2010PropOp45
 70
     1
102
RTVSPost2010Prop46
 90
       50
102
RTVSPost2010PropOp46
 70
     1
102
RTVSPost2010Prop47
 90
       50
102
RTVSPost2010PropOp47
 70
     1
102
RTVSPost2010Prop48
 90
       50
102
RTVSPost2010PropOp48
 70
     1
102
RTVSPost2010Prop49
280
     0
102
RTVSPost2010PropOp49
 70
     1
102
RTVSPost2010Prop50
 90
       50
102
RTVSPost2010PropOp50
 70
     1
102
RTVSPost2010Prop51ColorIndex
 90
      256
102
RTVSPost2010Prop51ColorRGB
 90
-16777216
102
RTVSPost2010PropOp51
 70
     0
102
RTVSPost2010Prop52
140
1.0
102
RTVSPost2010PropOp52
 70
     0
102
RTVSPost2010Prop53
 90
        2
102
RTVSPost2010PropOp53
 70
     1
102
RTVSPost2010Prop54
  1
strokes_ogs.tif
102
RTVSPost2010PropOp54
 70
     1
102
RTVSPost2010Prop55
280
     0
102
RTVSPost2010PropOp55
 70
     1
102
RTVSPost2010Prop56
140
1.0
102
RTVSPost2010PropOp56
 70
     1
102
RTVSPost2010Prop57
140
1.0
102
RTVSPost2010PropOp57
 70
     1
  0
XRECORD
  5
22EA
102
{ACAD_REACTORS
330
22E9
102
}
330
22E9
100
AcDbXrecord
280
     1
102
RTVSPost2010Prop28
280
     0
102
RTVSPost2010PropOp28
 70
     1
102
RTVSPost2010Prop29
280
     1
102
RTVSPost2010PropOp29
 70
     1
102
RTVSPost2010Prop30
280
     1
102
RTVSPost2010PropOp30
 70
     1
102
RTVSPost2010Prop31
280
     0
102
RTVSPost2010PropOp31
 70
     1
102
RTVSPost2010Prop32
280
     0
102
RTVSPost2010PropOp32
 70
     1
102
RTVSPost2010Prop33
280
     0
102
RTVSPost2010PropOp33
 70
     1
102
RTVSPost2010Prop34
280
     0
102
RTVSPost2010PropOp34
 70
     1
102
RTVSPost2010Prop35
280
     0
102
RTVSPost2010PropOp35
 70
     1
102
RTVSPost2010Prop36
280
     0
102
RTVSPost2010PropOp36
 70
     1
102
RTVSPost2010Prop37
 90
       50
102
RTVSPost2010PropOp37
 70
     1
102
RTVSPost2010Prop38
140
0.0
102
RTVSPost2010PropOp38
 70
     1
102
RTVSPost2010Prop39
140
1.0
102
RTVSPost2010PropOp39
 70
     1
102
RTVSPost2010Prop40
 90
        0
102
RTVSPost2010PropOp40
 70
     1
102
RTVSPost2010Prop41ColorIndex
 90
       18
102
RTVSPost2010Prop41ColorRGB
 90
        0
102
RTVSPost2010PropOp41
 70
     1
102
RTVSPost2010Prop42
 90
       50
102
RTVSPost2010PropOp42
 70
     1
102
RTVSPost2010Prop43
 90
        3
102
RTVSPost2010PropOp43
 70
     1
102
RTVSPost2010Prop44ColorIndex
 90
        5
102
RTVSPost2010Prop44ColorRGB
 90
      255
102
RTVSPost2010PropOp44
 70
     1
102
RTVSPost2010Prop45
280
     0
102
RTVSPost2010PropOp45
 70
     1
102
RTVSPost2010Prop46
 90
       50
102
RTVSPost2010PropOp46
 70
     1
102
RTVSPost2010Prop47
 90
       50
102
RTVSPost2010PropOp47
 70
     1
102
RTVSPost2010Prop48
 90
       50
102
RTVSPost2010PropOp48
 70
     1
102
RTVSPost2010Prop49
280
     0
102
RTVSPost2010PropOp49
 70
     1
102
RTVSPost2010Prop50
 90
       50
102
RTVSPost2010PropOp50
 70
     1
102
RTVSPost2010Prop51ColorIndex
 90
      256
102
RTVSPost2010Prop51ColorRGB
 90
-16777216
102
RTVSPost2010PropOp51
 70
     0
102
RTVSPost2010Prop52
140
1.0
102
RTVSPost2010PropOp52
 70
     0
102
RTVSPost2010Prop53
 90
        2
102
RTVSPost2010PropOp53
 70
     1
102
RTVSPost2010Prop54
  1
strokes_ogs.tif
102
RTVSPost2010PropOp54
 70
     1
102
RTVSPost2010Prop55
280
     0
102
RTVSPost2010PropOp55
 70
     1
102
RTVSPost2010Prop56
140
1.0
102
RTVSPost2010PropOp56
 70
     1
102
RTVSPost2010Prop57
140
1.0
102
RTVSPost2010PropOp57
 70
     1
  0
ENDSEC
  0
EOF
